solid CATIA STL
  facet normal  0.000000e+000  0.000000e+000  1.000000e+000
    outer loop
      vertex  2.423604e+003  5.614280e+001  4.314576e+002
      vertex  2.453604e+003  5.614280e+001  4.314576e+002
      vertex  2.423604e+003  1.061428e+002  4.314576e+002
    endloop
  endfacet
  facet normal  0.000000e+000  -0.000000e+000  1.000000e+000
    outer loop
      vertex  2.423604e+003  1.061428e+002  4.314576e+002
      vertex  2.453604e+003  5.614280e+001  4.314576e+002
      vertex  2.453604e+003  1.061428e+002  4.314576e+002
    endloop
  endfacet
  facet normal -1.000000e+000  0.000000e+000  0.000000e+000
    outer loop
      vertex  2.423604e+003  1.061428e+002  4.314576e+002
      vertex  2.423604e+003  1.061428e+002  2.604576e+002
      vertex  2.423604e+003  1.030816e+002  2.604576e+002
    endloop
  endfacet
  facet normal -1.000000e+000  0.000000e+000  0.000000e+000
    outer loop
      vertex  2.423604e+003  1.061428e+002  4.314576e+002
      vertex  2.423604e+003  1.030816e+002  2.604576e+002
      vertex  2.423604e+003  1.030816e+002  4.140000e+002
    endloop
  endfacet
  facet normal -1.000000e+000  0.000000e+000  0.000000e+000
    outer loop
      vertex  2.423604e+003  1.061428e+002  4.314576e+002
      vertex  2.423604e+003  1.030816e+002  4.140000e+002
      vertex  2.423604e+003  7.000000e+001  4.140000e+002
    endloop
  endfacet
  facet normal -1.000000e+000  0.000000e+000  0.000000e+000
    outer loop
      vertex  2.423604e+003  1.061428e+002  4.314576e+002
      vertex  2.423604e+003  7.000000e+001  4.140000e+002
      vertex  2.423604e+003  7.000000e+001  4.244576e+002
    endloop
  endfacet
  facet normal -1.000000e+000  0.000000e+000  0.000000e+000
    outer loop
      vertex  2.423604e+003  1.061428e+002  4.314576e+002
      vertex  2.423604e+003  7.000000e+001  4.244576e+002
      vertex  2.423604e+003  5.614280e+001  4.244576e+002
    endloop
  endfacet
  facet normal -1.000000e+000  0.000000e+000  0.000000e+000
    outer loop
      vertex  2.423604e+003  1.061428e+002  4.314576e+002
      vertex  2.423604e+003  5.614280e+001  4.244576e+002
      vertex  2.423604e+003  5.614280e+001  4.314576e+002
    endloop
  endfacet
  facet normal  0.000000e+000 -1.000000e+000  -0.000000e+000
    outer loop
      vertex  2.453604e+003  5.614280e+001  4.244576e+002
      vertex  2.453604e+003  5.614280e+001  4.314576e+002
      vertex  2.423604e+003  5.614280e+001  4.244576e+002
    endloop
  endfacet
  facet normal  0.000000e+000 -1.000000e+000  0.000000e+000
    outer loop
      vertex  2.453604e+003  5.614280e+001  4.314576e+002
      vertex  2.423604e+003  5.614280e+001  4.314576e+002
      vertex  2.423604e+003  5.614280e+001  4.244576e+002
    endloop
  endfacet
  facet normal  1.000000e+000  0.000000e+000  0.000000e+000
    outer loop
      vertex  2.453604e+003  5.614280e+001  4.314576e+002
      vertex  2.453604e+003  5.614280e+001  4.244576e+002
      vertex  2.453604e+003  1.061428e+002  4.314576e+002
    endloop
  endfacet
  facet normal  1.000000e+000  0.000000e+000  0.000000e+000
    outer loop
      vertex  2.453604e+003  1.061428e+002  4.314576e+002
      vertex  2.453604e+003  5.614280e+001  4.244576e+002
      vertex  2.453604e+003  7.000000e+001  4.244576e+002
    endloop
  endfacet
  facet normal  1.000000e+000  0.000000e+000  0.000000e+000
    outer loop
      vertex  2.453604e+003  9.216248e+001  4.140000e+002
      vertex  2.453604e+003  9.216248e+001  2.604576e+002
      vertex  2.453604e+003  1.061428e+002  2.604576e+002
    endloop
  endfacet
  facet normal  1.000000e+000  0.000000e+000  -0.000000e+000
    outer loop
      vertex  2.453604e+003  9.216248e+001  4.140000e+002
      vertex  2.453604e+003  1.061428e+002  2.604576e+002
      vertex  2.453604e+003  1.061428e+002  4.314576e+002
    endloop
  endfacet
  facet normal  1.000000e+000  0.000000e+000  0.000000e+000
    outer loop
      vertex  2.453604e+003  9.216248e+001  4.140000e+002
      vertex  2.453604e+003  1.061428e+002  4.314576e+002
      vertex  2.453604e+003  7.000000e+001  4.244576e+002
    endloop
  endfacet
  facet normal  9.999999e-001  0.000000e+000  0.000000e+000
    outer loop
      vertex  2.453604e+003  9.216248e+001  4.140000e+002
      vertex  2.453604e+003  7.000000e+001  4.244576e+002
      vertex  2.453604e+003  7.000000e+001  4.140000e+002
    endloop
  endfacet
  facet normal  0.000000e+000  1.000000e+000  0.000000e+000
    outer loop
      vertex  2.423604e+003  1.061428e+002  2.604576e+002
      vertex  2.423604e+003  1.061428e+002  4.314576e+002
      vertex  2.453604e+003  1.061428e+002  2.604576e+002
    endloop
  endfacet
  facet normal  0.000000e+000  1.000000e+000  0.000000e+000
    outer loop
      vertex  2.423604e+003  1.061428e+002  4.314576e+002
      vertex  2.453604e+003  1.061428e+002  4.314576e+002
      vertex  2.453604e+003  1.061428e+002  2.604576e+002
    endloop
  endfacet
  facet normal  0.000000e+000  0.000000e+000 -1.000000e+000
    outer loop
      vertex  2.423604e+003  1.030816e+002  2.604576e+002
      vertex  2.423604e+003  1.061428e+002  2.604576e+002
      vertex  2.453604e+003  9.216248e+001  2.604576e+002
    endloop
  endfacet
  facet normal  -0.000000e+000  -0.000000e+000 -1.000000e+000
    outer loop
      vertex  2.423604e+003  1.061428e+002  2.604576e+002
      vertex  2.453604e+003  1.061428e+002  2.604576e+002
      vertex  2.453604e+003  9.216248e+001  2.604576e+002
    endloop
  endfacet
  facet normal  0.000000e+000  0.000000e+000  1.000000e+000
    outer loop
      vertex  2.415193e+003  1.061428e+002  4.140000e+002
      vertex  2.415193e+003  7.000000e+001  4.140000e+002
      vertex  2.423604e+003  1.030816e+002  4.140000e+002
    endloop
  endfacet
  facet normal  0.000000e+000  -0.000000e+000  1.000000e+000
    outer loop
      vertex  2.415193e+003  7.000000e+001  4.140000e+002
      vertex  2.423604e+003  7.000000e+001  4.140000e+002
      vertex  2.423604e+003  1.030816e+002  4.140000e+002
    endloop
  endfacet
  facet normal  0.000000e+000  0.000000e+000  9.999999e-001
    outer loop
      vertex  2.423604e+003  5.614280e+001  4.244576e+002
      vertex  2.423604e+003 -5.614280e+001  4.244576e+002
      vertex  2.453604e+003  5.614280e+001  4.244576e+002
    endloop
  endfacet
  facet normal  0.000000e+000  0.000000e+000  9.999999e-001
    outer loop
      vertex  2.453604e+003  5.614280e+001  4.244576e+002
      vertex  2.423604e+003 -5.614280e+001  4.244576e+002
      vertex  2.453604e+003 -5.614280e+001  4.244576e+002
    endloop
  endfacet
  facet normal  -0.000000e+000  0.000000e+000  1.000000e+000
    outer loop
      vertex  2.509000e+003  7.000000e+001  4.244576e+002
      vertex  2.453604e+003  7.000000e+001  4.244576e+002
      vertex  2.453604e+003  5.614280e+001  4.244576e+002
    endloop
  endfacet
  facet normal  -0.000000e+000  0.000000e+000  1.000000e+000
    outer loop
      vertex  2.509000e+003  7.000000e+001  4.244576e+002
      vertex  2.453604e+003  5.614280e+001  4.244576e+002
      vertex  2.453604e+003 -5.614280e+001  4.244576e+002
    endloop
  endfacet
  facet normal  -0.000000e+000  0.000000e+000  1.000000e+000
    outer loop
      vertex  2.509000e+003  7.000000e+001  4.244576e+002
      vertex  2.453604e+003 -5.614280e+001  4.244576e+002
      vertex  2.453604e+003 -7.000000e+001  4.244576e+002
    endloop
  endfacet
  facet normal  0.000000e+000  0.000000e+000  1.000000e+000
    outer loop
      vertex  2.509000e+003  7.000000e+001  4.244576e+002
      vertex  2.453604e+003 -7.000000e+001  4.244576e+002
      vertex  2.509000e+003 -7.000000e+001  4.244576e+002
    endloop
  endfacet
  facet normal  0.000000e+000  1.000000e+000  0.000000e+000
    outer loop
      vertex  3.841316e+003  7.000000e+001  3.907443e+002
      vertex  4.457000e+003  7.000000e+001  3.684789e+002
      vertex  3.976715e+003  7.000000e+001  2.483596e+002
    endloop
  endfacet
  facet normal  0.000000e+000  1.000000e+000  0.000000e+000
    outer loop
      vertex  3.976715e+003  7.000000e+001  2.483596e+002
      vertex  4.457000e+003  7.000000e+001  3.684789e+002
      vertex  4.457000e+003  7.000000e+001  2.584576e+002
    endloop
  endfacet
  facet normal  0.000000e+000  1.000000e+000  0.000000e+000
    outer loop
      vertex  3.976715e+003  7.000000e+001  2.483596e+002
      vertex  4.457000e+003  7.000000e+001  2.584576e+002
      vertex  4.671557e+003  7.000000e+001  2.362311e+002
    endloop
  endfacet
  facet normal  -0.000000e+000  1.000000e+000  0.000000e+000
    outer loop
      vertex  4.671557e+003  7.000000e+001  2.362311e+002
      vertex  4.457000e+003  7.000000e+001  2.584576e+002
      vertex  4.631000e+003  7.000000e+001  2.584576e+002
    endloop
  endfacet
  facet normal  0.000000e+000  1.000000e+000  -0.000000e+000
    outer loop
      vertex  4.674000e+003  7.000000e+001  3.762098e+002
      vertex  4.671557e+003  7.000000e+001  2.362311e+002
      vertex  4.631000e+003  7.000000e+001  2.584576e+002
    endloop
  endfacet
  facet normal  0.000000e+000  1.000000e+000  0.000000e+000
    outer loop
      vertex  4.674000e+003  7.000000e+001  3.762098e+002
      vertex  4.631000e+003  7.000000e+001  2.584576e+002
      vertex  4.631000e+003  7.000000e+001  3.684789e+002
    endloop
  endfacet
  facet normal  0.000000e+000  9.999999e-001  -0.000000e+000
    outer loop
      vertex  4.674000e+003  7.000000e+001  3.762098e+002
      vertex  4.631000e+003  7.000000e+001  3.684789e+002
      vertex  4.457000e+003  7.000000e+001  3.684789e+002
    endloop
  endfacet
  facet normal  0.000000e+000  1.000000e+000  -0.000000e+000
    outer loop
      vertex  4.674000e+003  7.000000e+001  3.762098e+002
      vertex  4.457000e+003  7.000000e+001  3.684789e+002
      vertex  3.841316e+003  7.000000e+001  3.907443e+002
    endloop
  endfacet
  facet normal  0.000000e+000  1.000000e+000  0.000000e+000
    outer loop
      vertex  3.008632e+003  7.000000e+001  4.052789e+002
      vertex  3.841316e+003  7.000000e+001  3.907443e+002
      vertex  3.281872e+003  7.000000e+001  2.604881e+002
    endloop
  endfacet
  facet normal  0.000000e+000  1.000000e+000  0.000000e+000
    outer loop
      vertex  3.008632e+003  7.000000e+001  4.052789e+002
      vertex  3.281872e+003  7.000000e+001  2.604881e+002
      vertex  2.587030e+003  7.000000e+001  2.726166e+002
    endloop
  endfacet
  facet normal  0.000000e+000  9.999999e-001  -0.000000e+000
    outer loop
      vertex  3.008632e+003  7.000000e+001  4.052789e+002
      vertex  2.587030e+003  7.000000e+001  2.726166e+002
      vertex  2.559000e+003  7.000000e+001  3.016428e+002
    endloop
  endfacet
  facet normal  0.000000e+000  9.999999e-001  -0.000000e+000
    outer loop
      vertex  3.008632e+003  7.000000e+001  4.052789e+002
      vertex  2.559000e+003  7.000000e+001  3.016428e+002
      vertex  2.509000e+003  7.000000e+001  3.016428e+002
    endloop
  endfacet
  facet normal  0.000000e+000  1.000000e+000  0.000000e+000
    outer loop
      vertex  3.008632e+003  7.000000e+001  4.052789e+002
      vertex  2.509000e+003  7.000000e+001  3.016428e+002
      vertex  2.509000e+003  7.000000e+001  4.140000e+002
    endloop
  endfacet
  facet normal  -0.000000e+000  1.000000e+000  -0.000000e+000
    outer loop
      vertex  3.008632e+003  7.000000e+001  4.052789e+002
      vertex  2.509000e+003  7.000000e+001  4.140000e+002
      vertex  2.453604e+003  7.000000e+001  4.244576e+002
    endloop
  endfacet
  facet normal  -0.000000e+000  1.000000e+000  0.000000e+000
    outer loop
      vertex  3.008632e+003  7.000000e+001  4.052789e+002
      vertex  2.453604e+003  7.000000e+001  4.244576e+002
      vertex  2.509000e+003  7.000000e+001  4.244576e+002
    endloop
  endfacet
  facet normal  -0.000000e+000  1.000000e+000  0.000000e+000
    outer loop
      vertex  3.976715e+003  7.000000e+001  2.483596e+002
      vertex  3.281872e+003  7.000000e+001  2.604881e+002
      vertex  3.841316e+003  7.000000e+001  3.907443e+002
    endloop
  endfacet
  facet normal  0.000000e+000  1.000000e+000  0.000000e+000
    outer loop
      vertex  2.453604e+003  7.000000e+001  4.140000e+002
      vertex  2.453604e+003  7.000000e+001  4.244576e+002
      vertex  2.509000e+003  7.000000e+001  4.140000e+002
    endloop
  endfacet
  facet normal -3.420203e-001  0.000000e+000  9.396925e-001
    outer loop
      vertex  2.269577e+003  7.000000e+001  3.610000e+002
      vertex  2.415193e+003  7.000000e+001  4.140000e+002
      vertex  2.269577e+003  1.591428e+002  3.610000e+002
    endloop
  endfacet
  facet normal -3.420203e-001  0.000000e+000  9.396926e-001
    outer loop
      vertex  2.269577e+003  1.591428e+002  3.610000e+002
      vertex  2.415193e+003  7.000000e+001  4.140000e+002
      vertex  2.415193e+003  1.061428e+002  4.140000e+002
    endloop
  endfacet
  facet normal  0.000000e+000  1.000000e+000  0.000000e+000
    outer loop
      vertex  2.423604e+003 -5.614280e+001  4.244576e+002
      vertex  2.423604e+003 -5.614280e+001  4.314576e+002
      vertex  2.453604e+003 -5.614280e+001  4.244576e+002
    endloop
  endfacet
  facet normal  0.000000e+000  1.000000e+000  0.000000e+000
    outer loop
      vertex  2.423604e+003 -5.614280e+001  4.314576e+002
      vertex  2.453604e+003 -5.614280e+001  4.314576e+002
      vertex  2.453604e+003 -5.614280e+001  4.244576e+002
    endloop
  endfacet
  facet normal  0.000000e+000 -1.000000e+000  0.000000e+000
    outer loop
      vertex  3.841316e+003 -7.000000e+001  3.907443e+002
      vertex  3.976715e+003 -7.000000e+001  2.483596e+002
      vertex  4.482004e+003 -7.000000e+001  3.684789e+002
    endloop
  endfacet
  facet normal  -0.000000e+000 -1.000000e+000  0.000000e+000
    outer loop
      vertex  3.976715e+003 -7.000000e+001  2.483596e+002
      vertex  4.480083e+003 -7.000000e+001  2.584576e+002
      vertex  4.482004e+003 -7.000000e+001  3.684789e+002
    endloop
  endfacet
  facet normal  0.000000e+000 -1.000000e+000  0.000000e+000
    outer loop
      vertex  3.976715e+003 -7.000000e+001  2.483596e+002
      vertex  4.671557e+003 -7.000000e+001  2.362311e+002
      vertex  4.480083e+003 -7.000000e+001  2.584576e+002
    endloop
  endfacet
  facet normal  -0.000000e+000 -1.000000e+000  -0.000000e+000
    outer loop
      vertex  4.671557e+003 -7.000000e+001  2.362311e+002
      vertex  4.603928e+003 -7.000000e+001  2.584576e+002
      vertex  4.480083e+003 -7.000000e+001  2.584576e+002
    endloop
  endfacet
  facet normal  0.000000e+000 -1.000000e+000  0.000000e+000
    outer loop
      vertex  4.674000e+003 -7.000000e+001  3.762098e+002
      vertex  4.603928e+003 -7.000000e+001  2.584576e+002
      vertex  4.671557e+003 -7.000000e+001  2.362311e+002
    endloop
  endfacet
  facet normal  0.000000e+000 -9.999999e-001  -0.000000e+000
    outer loop
      vertex  4.674000e+003 -7.000000e+001  3.762098e+002
      vertex  4.605848e+003 -7.000000e+001  3.684789e+002
      vertex  4.603928e+003 -7.000000e+001  2.584576e+002
    endloop
  endfacet
  facet normal  0.000000e+000 -1.000000e+000  0.000000e+000
    outer loop
      vertex  4.674000e+003 -7.000000e+001  3.762098e+002
      vertex  4.482004e+003 -7.000000e+001  3.684789e+002
      vertex  4.605848e+003 -7.000000e+001  3.684789e+002
    endloop
  endfacet
  facet normal  0.000000e+000 -9.999999e-001  0.000000e+000
    outer loop
      vertex  4.674000e+003 -7.000000e+001  3.762098e+002
      vertex  3.841316e+003 -7.000000e+001  3.907443e+002
      vertex  4.482004e+003 -7.000000e+001  3.684789e+002
    endloop
  endfacet
  facet normal  0.000000e+000 -1.000000e+000  0.000000e+000
    outer loop
      vertex  3.008632e+003 -7.000000e+001  4.052789e+002
      vertex  3.281872e+003 -7.000000e+001  2.604881e+002
      vertex  3.841316e+003 -7.000000e+001  3.907443e+002
    endloop
  endfacet
  facet normal  0.000000e+000 -1.000000e+000  0.000000e+000
    outer loop
      vertex  3.008632e+003 -7.000000e+001  4.052789e+002
      vertex  2.587030e+003 -7.000000e+001  2.726166e+002
      vertex  3.281872e+003 -7.000000e+001  2.604881e+002
    endloop
  endfacet
  facet normal  0.000000e+000 -9.999999e-001  0.000000e+000
    outer loop
      vertex  3.008632e+003 -7.000000e+001  4.052789e+002
      vertex  2.559000e+003 -7.000000e+001  3.016428e+002
      vertex  2.587030e+003 -7.000000e+001  2.726166e+002
    endloop
  endfacet
  facet normal  0.000000e+000 -9.999999e-001  0.000000e+000
    outer loop
      vertex  3.008632e+003 -7.000000e+001  4.052789e+002
      vertex  2.509000e+003 -7.000000e+001  3.016428e+002
      vertex  2.559000e+003 -7.000000e+001  3.016428e+002
    endloop
  endfacet
  facet normal  0.000000e+000 -1.000000e+000  0.000000e+000
    outer loop
      vertex  3.008632e+003 -7.000000e+001  4.052789e+002
      vertex  2.509000e+003 -7.000000e+001  4.140000e+002
      vertex  2.509000e+003 -7.000000e+001  3.016428e+002
    endloop
  endfacet
  facet normal  0.000000e+000 -1.000000e+000  0.000000e+000
    outer loop
      vertex  3.008632e+003 -7.000000e+001  4.052789e+002
      vertex  2.453604e+003 -7.000000e+001  4.244576e+002
      vertex  2.509000e+003 -7.000000e+001  4.140000e+002
    endloop
  endfacet
  facet normal  -0.000000e+000 -1.000000e+000  -0.000000e+000
    outer loop
      vertex  3.008632e+003 -7.000000e+001  4.052789e+002
      vertex  2.509000e+003 -7.000000e+001  4.244576e+002
      vertex  2.453604e+003 -7.000000e+001  4.244576e+002
    endloop
  endfacet
  facet normal  0.000000e+000 -1.000000e+000  -0.000000e+000
    outer loop
      vertex  3.976715e+003 -7.000000e+001  2.483596e+002
      vertex  3.841316e+003 -7.000000e+001  3.907443e+002
      vertex  3.281872e+003 -7.000000e+001  2.604881e+002
    endloop
  endfacet
  facet normal  0.000000e+000 -1.000000e+000  0.000000e+000
    outer loop
      vertex  2.453604e+003 -7.000000e+001  4.140000e+002
      vertex  2.509000e+003 -7.000000e+001  4.140000e+002
      vertex  2.453604e+003 -7.000000e+001  4.244576e+002
    endloop
  endfacet
  facet normal  3.835742e-002  -0.000000e+000  9.992641e-001
    outer loop
      vertex  2.509000e+003  7.000000e+001  4.244576e+002
      vertex  2.509000e+003 -7.000000e+001  4.244576e+002
      vertex  3.008632e+003  7.000000e+001  4.052789e+002
    endloop
  endfacet
  facet normal  3.835742e-002  0.000000e+000  9.992641e-001
    outer loop
      vertex  3.008632e+003  7.000000e+001  4.052789e+002
      vertex  2.509000e+003 -7.000000e+001  4.244576e+002
      vertex  3.008632e+003 -7.000000e+001  4.052789e+002
    endloop
  endfacet
  facet normal  1.745244e-002  0.000000e+000  9.998477e-001
    outer loop
      vertex  3.008632e+003 -7.000000e+001  4.052789e+002
      vertex  3.841316e+003 -7.000000e+001  3.907443e+002
      vertex  3.008632e+003  7.000000e+001  4.052789e+002
    endloop
  endfacet
  facet normal  1.745244e-002  0.000000e+000  9.998477e-001
    outer loop
      vertex  3.841316e+003 -7.000000e+001  3.907443e+002
      vertex  3.841316e+003  7.000000e+001  3.907443e+002
      vertex  3.008632e+003  7.000000e+001  4.052789e+002
    endloop
  endfacet
  facet normal  1.745240e-002  0.000000e+000  9.998477e-001
    outer loop
      vertex  3.841316e+003 -7.000000e+001  3.907443e+002
      vertex  4.674000e+003 -7.000000e+001  3.762098e+002
      vertex  3.841316e+003  7.000000e+001  3.907443e+002
    endloop
  endfacet
  facet normal  1.745240e-002  0.000000e+000  9.998477e-001
    outer loop
      vertex  4.674000e+003 -7.000000e+001  3.762098e+002
      vertex  4.674000e+003  7.000000e+001  3.762098e+002
      vertex  3.841316e+003  7.000000e+001  3.907443e+002
    endloop
  endfacet
  facet normal -1.745239e-002  0.000000e+000 -9.998477e-001
    outer loop
      vertex  6.143659e+003 -7.000000e+001  2.105355e+002
      vertex  5.607544e+003 -7.000000e+001  2.198934e+002
      vertex  6.143659e+003  7.000000e+001  2.105355e+002
    endloop
  endfacet
  facet normal -1.745239e-002  -0.000000e+000 -9.998477e-001
    outer loop
      vertex  5.607544e+003 -7.000000e+001  2.198934e+002
      vertex  5.607544e+003  7.000000e+001  2.198934e+002
      vertex  6.143659e+003  7.000000e+001  2.105355e+002
    endloop
  endfacet
  facet normal -1.745244e-002  0.000000e+000 -9.998477e-001
    outer loop
      vertex  5.607544e+003 -7.000000e+001  2.198934e+002
      vertex  5.071430e+003 -7.000000e+001  2.292513e+002
      vertex  5.607544e+003  7.000000e+001  2.198934e+002
    endloop
  endfacet
  facet normal -1.745244e-002  -0.000000e+000 -9.998477e-001
    outer loop
      vertex  5.071430e+003 -7.000000e+001  2.292513e+002
      vertex  5.071430e+003  7.000000e+001  2.292513e+002
      vertex  5.607544e+003  7.000000e+001  2.198934e+002
    endloop
  endfacet
  facet normal -1.745240e-002  0.000000e+000 -9.998477e-001
    outer loop
      vertex  4.671557e+003 -7.000000e+001  2.362311e+002
      vertex  3.976715e+003 -7.000000e+001  2.483596e+002
      vertex  4.671557e+003  7.000000e+001  2.362311e+002
    endloop
  endfacet
  facet normal -1.745240e-002  -0.000000e+000 -9.998477e-001
    outer loop
      vertex  3.976715e+003 -7.000000e+001  2.483596e+002
      vertex  3.976715e+003  7.000000e+001  2.483596e+002
      vertex  4.671557e+003  7.000000e+001  2.362311e+002
    endloop
  endfacet
  facet normal -1.745239e-002  0.000000e+000 -9.998477e-001
    outer loop
      vertex  3.976715e+003 -7.000000e+001  2.483596e+002
      vertex  3.281872e+003 -7.000000e+001  2.604881e+002
      vertex  3.976715e+003  7.000000e+001  2.483596e+002
    endloop
  endfacet
  facet normal -1.745239e-002  -0.000000e+000 -9.998477e-001
    outer loop
      vertex  3.281872e+003 -7.000000e+001  2.604881e+002
      vertex  3.281872e+003  7.000000e+001  2.604881e+002
      vertex  3.976715e+003  7.000000e+001  2.483596e+002
    endloop
  endfacet
  facet normal -1.745240e-002  0.000000e+000 -9.998477e-001
    outer loop
      vertex  3.281872e+003 -7.000000e+001  2.604881e+002
      vertex  2.587030e+003 -7.000000e+001  2.726166e+002
      vertex  3.281872e+003  7.000000e+001  2.604881e+002
    endloop
  endfacet
  facet normal -1.745240e-002  -0.000000e+000 -9.998477e-001
    outer loop
      vertex  2.587030e+003 -7.000000e+001  2.726166e+002
      vertex  2.587030e+003  7.000000e+001  2.726166e+002
      vertex  3.281872e+003  7.000000e+001  2.604881e+002
    endloop
  endfacet
  facet normal -1.745240e-002  0.000000e+000 -9.998477e-001
    outer loop
      vertex  6.554000e+003 -1.050000e+002  2.033729e+002
      vertex  6.143659e+003  1.050000e+002  2.105355e+002
      vertex  6.554000e+003  1.050000e+002  2.033729e+002
    endloop
  endfacet
  facet normal -1.745240e-002  0.000000e+000 -9.998477e-001
    outer loop
      vertex  6.554000e+003 -1.050000e+002  2.033729e+002
      vertex  6.143659e+003  7.000000e+001  2.105355e+002
      vertex  6.143659e+003  1.050000e+002  2.105355e+002
    endloop
  endfacet
  facet normal -1.745240e-002  0.000000e+000 -9.998477e-001
    outer loop
      vertex  6.554000e+003 -1.050000e+002  2.033729e+002
      vertex  6.143659e+003 -7.000000e+001  2.105355e+002
      vertex  6.143659e+003  7.000000e+001  2.105355e+002
    endloop
  endfacet
  facet normal -1.745240e-002  0.000000e+000 -9.998477e-001
    outer loop
      vertex  6.554000e+003 -1.050000e+002  2.033729e+002
      vertex  6.143659e+003 -1.050000e+002  2.105355e+002
      vertex  6.143659e+003 -7.000000e+001  2.105355e+002
    endloop
  endfacet
  facet normal -1.745239e-002  0.000000e+000 -9.998477e-001
    outer loop
      vertex  5.071430e+003 -1.050000e+002  2.292513e+002
      vertex  4.671557e+003  7.000000e+001  2.362311e+002
      vertex  4.671557e+003  1.050000e+002  2.362311e+002
    endloop
  endfacet
  facet normal -1.745239e-002  0.000000e+000 -9.998477e-001
    outer loop
      vertex  5.071430e+003 -1.050000e+002  2.292513e+002
      vertex  4.671557e+003 -7.000000e+001  2.362311e+002
      vertex  4.671557e+003  7.000000e+001  2.362311e+002
    endloop
  endfacet
  facet normal -1.745239e-002  0.000000e+000 -9.998477e-001
    outer loop
      vertex  5.071430e+003 -1.050000e+002  2.292513e+002
      vertex  4.671557e+003 -1.050000e+002  2.362311e+002
      vertex  4.671557e+003 -7.000000e+001  2.362311e+002
    endloop
  endfacet
  facet normal -1.745239e-002  -0.000000e+000 -9.998477e-001
    outer loop
      vertex  4.671557e+003  1.050000e+002  2.362311e+002
      vertex  5.071430e+003 -7.000000e+001  2.292513e+002
      vertex  5.071430e+003 -1.050000e+002  2.292513e+002
    endloop
  endfacet
  facet normal -1.745239e-002  -0.000000e+000 -9.998477e-001
    outer loop
      vertex  4.671557e+003  1.050000e+002  2.362311e+002
      vertex  5.071430e+003  7.000000e+001  2.292513e+002
      vertex  5.071430e+003 -7.000000e+001  2.292513e+002
    endloop
  endfacet
  facet normal -1.745239e-002  -0.000000e+000 -9.998477e-001
    outer loop
      vertex  4.671557e+003  1.050000e+002  2.362311e+002
      vertex  5.071430e+003  1.050000e+002  2.292513e+002
      vertex  5.071430e+003  7.000000e+001  2.292513e+002
    endloop
  endfacet
  facet normal -7.193393e-001  -0.000000e+000 -6.946589e-001
    outer loop
      vertex  2.559000e+003 -7.000000e+001  3.016428e+002
      vertex  2.559000e+003  7.000000e+001  3.016428e+002
      vertex  2.587030e+003 -7.000000e+001  2.726166e+002
    endloop
  endfacet
  facet normal -7.193393e-001  -0.000000e+000 -6.946589e-001
    outer loop
      vertex  2.559000e+003  7.000000e+001  3.016428e+002
      vertex  2.587030e+003  7.000000e+001  2.726166e+002
      vertex  2.587030e+003 -7.000000e+001  2.726166e+002
    endloop
  endfacet
  facet normal  0.000000e+000  0.000000e+000 -1.000000e+000
    outer loop
      vertex  2.509000e+003 -7.000000e+001  3.016428e+002
      vertex  2.509000e+003  7.000000e+001  3.016428e+002
      vertex  2.559000e+003 -7.000000e+001  3.016428e+002
    endloop
  endfacet
  facet normal  -0.000000e+000  -0.000000e+000 -1.000000e+000
    outer loop
      vertex  2.509000e+003  7.000000e+001  3.016428e+002
      vertex  2.559000e+003  7.000000e+001  3.016428e+002
      vertex  2.559000e+003 -7.000000e+001  3.016428e+002
    endloop
  endfacet
  facet normal  1.000000e+000  -0.000000e+000  0.000000e+000
    outer loop
      vertex  2.509000e+003  7.200000e+001  4.140000e+002
      vertex  2.509000e+003  7.000000e+001  4.140000e+002
      vertex  2.509000e+003  7.200000e+001  2.716428e+002
    endloop
  endfacet
  facet normal  9.999999e-001  0.000000e+000  0.000000e+000
    outer loop
      vertex  2.509000e+003  7.200000e+001  2.716428e+002
      vertex  2.509000e+003  7.000000e+001  4.140000e+002
      vertex  2.509000e+003  7.000000e+001  3.016428e+002
    endloop
  endfacet
  facet normal  1.000000e+000  0.000000e+000  0.000000e+000
    outer loop
      vertex  2.509000e+003  7.200000e+001  2.716428e+002
      vertex  2.509000e+003  7.000000e+001  3.016428e+002
      vertex  2.509000e+003 -7.200000e+001  2.716428e+002
    endloop
  endfacet
  facet normal  1.000000e+000  0.000000e+000  0.000000e+000
    outer loop
      vertex  2.509000e+003 -7.200000e+001  2.716428e+002
      vertex  2.509000e+003  7.000000e+001  3.016428e+002
      vertex  2.509000e+003 -7.000000e+001  3.016428e+002
    endloop
  endfacet
  facet normal  1.000000e+000  0.000000e+000  0.000000e+000
    outer loop
      vertex  2.509000e+003 -7.200000e+001  2.716428e+002
      vertex  2.509000e+003 -7.000000e+001  3.016428e+002
      vertex  2.509000e+003 -7.200000e+001  4.140000e+002
    endloop
  endfacet
  facet normal  9.999999e-001  0.000000e+000  -0.000000e+000
    outer loop
      vertex  2.509000e+003 -7.200000e+001  4.140000e+002
      vertex  2.509000e+003 -7.000000e+001  3.016428e+002
      vertex  2.509000e+003 -7.000000e+001  4.140000e+002
    endloop
  endfacet
  facet normal  0.000000e+000 -7.900305e-001  6.130674e-001
    outer loop
      vertex  4.631000e+003  7.000000e+001  3.684789e+002
      vertex  4.631000e+003  1.600000e+002  4.844576e+002
      vertex  4.457000e+003  7.000000e+001  3.684789e+002
    endloop
  endfacet
  facet normal  0.000000e+000 -7.900305e-001  6.130674e-001
    outer loop
      vertex  4.457000e+003  7.000000e+001  3.684789e+002
      vertex  4.631000e+003  1.600000e+002  4.844576e+002
      vertex  4.457000e+003  1.600000e+002  4.844576e+002
    endloop
  endfacet
  facet normal  1.000000e+000  0.000000e+000  0.000000e+000
    outer loop
      vertex  4.631000e+003  3.030000e+002  3.973535e+002
      vertex  4.631000e+003  1.600000e+002  4.844576e+002
      vertex  4.631000e+003  7.000000e+001  2.584576e+002
    endloop
  endfacet
  facet normal  1.000000e+000  -0.000000e+000  0.000000e+000
    outer loop
      vertex  4.631000e+003  1.600000e+002  4.844576e+002
      vertex  4.631000e+003  7.000000e+001  3.684789e+002
      vertex  4.631000e+003  7.000000e+001  2.584576e+002
    endloop
  endfacet
  facet normal -9.998477e-001  0.000000e+000  1.745257e-002
    outer loop
      vertex  4.671557e+003 -1.050000e+002  2.362311e+002
      vertex  4.674000e+003 -1.050000e+002  3.762098e+002
      vertex  4.671557e+003 -7.000000e+001  2.362311e+002
    endloop
  endfacet
  facet normal -9.998477e-001  0.000000e+000  1.745257e-002
    outer loop
      vertex  4.671557e+003 -7.000000e+001  2.362311e+002
      vertex  4.674000e+003 -1.050000e+002  3.762098e+002
      vertex  4.674000e+003 -7.000000e+001  3.762098e+002
    endloop
  endfacet
  facet normal  0.000000e+000  0.000000e+000  1.000000e+000
    outer loop
      vertex  2.453604e+003 -7.000000e+001  4.140000e+002
      vertex  2.453604e+003 -9.216248e+001  4.140000e+002
      vertex  2.509000e+003 -7.000000e+001  4.140000e+002
    endloop
  endfacet
  facet normal  0.000000e+000  -0.000000e+000  1.000000e+000
    outer loop
      vertex  2.453604e+003 -9.216248e+001  4.140000e+002
      vertex  2.509000e+003 -7.200000e+001  4.140000e+002
      vertex  2.509000e+003 -7.000000e+001  4.140000e+002
    endloop
  endfacet
  facet normal  0.000000e+000 -5.120429e-001 -8.589599e-001
    outer loop
      vertex  4.457000e+003 -3.030000e+002  3.973535e+002
      vertex  4.480083e+003 -7.000000e+001  2.584576e+002
      vertex  4.631000e+003 -3.030000e+002  3.973535e+002
    endloop
  endfacet
  facet normal  -0.000000e+000 -5.120428e-001 -8.589599e-001
    outer loop
      vertex  4.480083e+003 -7.000000e+001  2.584576e+002
      vertex  4.603928e+003 -7.000000e+001  2.584576e+002
      vertex  4.631000e+003 -3.030000e+002  3.973535e+002
    endloop
  endfacet
  facet normal  9.943016e-001  1.051808e-001 -1.735543e-002
    outer loop
      vertex  4.605848e+003 -7.000000e+001  3.684789e+002
      vertex  4.617393e+003 -1.600000e+002  4.844576e+002
      vertex  4.603928e+003 -7.000000e+001  2.584576e+002
    endloop
  endfacet
  facet normal  9.943015e-001  1.051823e-001 -1.735483e-002
    outer loop
      vertex  4.603928e+003 -7.000000e+001  2.584576e+002
      vertex  4.617393e+003 -1.600000e+002  4.844576e+002
      vertex  4.631000e+003 -3.030000e+002  3.973535e+002
    endloop
  endfacet
  facet normal -2.341309e-001  0.000000e+000  9.722051e-001
    outer loop
      vertex  4.809533e+003  1.050000e+002  4.088494e+002
      vertex  4.674000e+003  1.050000e+002  3.762098e+002
      vertex  4.809533e+003 -1.050000e+002  4.088494e+002
    endloop
  endfacet
  facet normal -2.341309e-001  0.000000e+000  9.722051e-001
    outer loop
      vertex  4.809533e+003 -1.050000e+002  4.088494e+002
      vertex  4.674000e+003  1.050000e+002  3.762098e+002
      vertex  4.674000e+003  7.000000e+001  3.762098e+002
    endloop
  endfacet
  facet normal -2.341309e-001  0.000000e+000  9.722051e-001
    outer loop
      vertex  4.809533e+003 -1.050000e+002  4.088494e+002
      vertex  4.674000e+003  7.000000e+001  3.762098e+002
      vertex  4.674000e+003 -7.000000e+001  3.762098e+002
    endloop
  endfacet
  facet normal -2.341309e-001  0.000000e+000  9.722051e-001
    outer loop
      vertex  4.674000e+003 -7.000000e+001  3.762098e+002
      vertex  4.674000e+003 -1.050000e+002  3.762098e+002
      vertex  4.809533e+003 -1.050000e+002  4.088494e+002
    endloop
  endfacet
  facet normal  0.000000e+000 -1.000000e+000  0.000000e+000
    outer loop
      vertex  4.809533e+003 -1.050000e+002  4.088494e+002
      vertex  4.674000e+003 -1.050000e+002  3.762098e+002
      vertex  5.010231e+003 -1.050000e+002  4.053462e+002
    endloop
  endfacet
  facet normal  -0.000000e+000 -1.000000e+000  0.000000e+000
    outer loop
      vertex  4.674000e+003 -1.050000e+002  3.762098e+002
      vertex  5.074000e+003 -1.050000e+002  3.764740e+002
      vertex  5.010231e+003 -1.050000e+002  4.053462e+002
    endloop
  endfacet
  facet normal  0.000000e+000 -1.000000e+000  0.000000e+000
    outer loop
      vertex  4.674000e+003 -1.050000e+002  3.762098e+002
      vertex  4.671557e+003 -1.050000e+002  2.362311e+002
      vertex  5.074000e+003 -1.050000e+002  3.764740e+002
    endloop
  endfacet
  facet normal  0.000000e+000 -1.000000e+000  0.000000e+000
    outer loop
      vertex  4.671557e+003 -1.050000e+002  2.362311e+002
      vertex  5.071430e+003 -1.050000e+002  2.292513e+002
      vertex  5.074000e+003 -1.050000e+002  3.764740e+002
    endloop
  endfacet
  facet normal  0.000000e+000 -9.999999e-001  0.000000e+000
    outer loop
      vertex  5.071430e+003 -7.000000e+001  2.292513e+002
      vertex  5.607544e+003 -7.000000e+001  2.198934e+002
      vertex  5.073874e+003 -7.000000e+001  3.692300e+002
    endloop
  endfacet
  facet normal  -0.000000e+000 -9.999999e-001  0.000000e+000
    outer loop
      vertex  5.607544e+003 -7.000000e+001  2.198934e+002
      vertex  5.609988e+003 -7.000000e+001  3.598720e+002
      vertex  5.073874e+003 -7.000000e+001  3.692300e+002
    endloop
  endfacet
  facet normal  0.000000e+000 -1.000000e+000  0.000000e+000
    outer loop
      vertex  5.607544e+003 -7.000000e+001  2.198934e+002
      vertex  6.143659e+003 -7.000000e+001  2.105355e+002
      vertex  5.609988e+003 -7.000000e+001  3.598720e+002
    endloop
  endfacet
  facet normal  -0.000000e+000 -1.000000e+000  0.000000e+000
    outer loop
      vertex  6.143659e+003 -7.000000e+001  2.105355e+002
      vertex  6.146103e+003 -7.000000e+001  3.505141e+002
      vertex  5.609988e+003 -7.000000e+001  3.598720e+002
    endloop
  endfacet
  facet normal -9.998477e-001  0.000000e+000  1.745257e-002
    outer loop
      vertex  6.143659e+003 -1.050000e+002  2.105355e+002
      vertex  6.146103e+003 -1.050000e+002  3.505141e+002
      vertex  6.143659e+003 -7.000000e+001  2.105355e+002
    endloop
  endfacet
  facet normal -9.998477e-001  0.000000e+000  1.745257e-002
    outer loop
      vertex  6.143659e+003 -7.000000e+001  2.105355e+002
      vertex  6.146103e+003 -1.050000e+002  3.505141e+002
      vertex  6.146103e+003 -7.000000e+001  3.505141e+002
    endloop
  endfacet
  facet normal  0.000000e+000 -1.000000e+000  0.000000e+000
    outer loop
      vertex  6.374000e+003 -1.050000e+002  3.815415e+002
      vertex  6.146103e+003 -1.050000e+002  3.505141e+002
      vertex  6.554000e+003 -1.050000e+002  3.783996e+002
    endloop
  endfacet
  facet normal  0.000000e+000 -1.000000e+000  0.000000e+000
    outer loop
      vertex  6.146103e+003 -1.050000e+002  3.505141e+002
      vertex  6.554000e+003 -1.050000e+002  3.433943e+002
      vertex  6.554000e+003 -1.050000e+002  3.783996e+002
    endloop
  endfacet
  facet normal  0.000000e+000 -9.999999e-001  0.000000e+000
    outer loop
      vertex  6.146103e+003 -1.050000e+002  3.505141e+002
      vertex  6.143659e+003 -1.050000e+002  2.105355e+002
      vertex  6.554000e+003 -1.050000e+002  3.433943e+002
    endloop
  endfacet
  facet normal  0.000000e+000 -1.000000e+000  0.000000e+000
    outer loop
      vertex  6.143659e+003 -1.050000e+002  2.105355e+002
      vertex  6.554000e+003 -1.050000e+002  2.033729e+002
      vertex  6.554000e+003 -1.050000e+002  3.433943e+002
    endloop
  endfacet
  facet normal -9.998477e-001  0.000000e+000  1.745257e-002
    outer loop
      vertex  6.143659e+003  7.000000e+001  2.105355e+002
      vertex  6.146103e+003  7.000000e+001  3.505141e+002
      vertex  6.143659e+003  1.050000e+002  2.105355e+002
    endloop
  endfacet
  facet normal -9.998477e-001  0.000000e+000  1.745257e-002
    outer loop
      vertex  6.143659e+003  1.050000e+002  2.105355e+002
      vertex  6.146103e+003  7.000000e+001  3.505141e+002
      vertex  6.146103e+003  1.050000e+002  3.505141e+002
    endloop
  endfacet
  facet normal  3.420199e-001 -9.396927e-001  0.000000e+000
    outer loop
      vertex  2.509000e+003 -7.200000e+001  4.140000e+002
      vertex  2.453604e+003 -9.216248e+001  4.140000e+002
      vertex  2.509000e+003 -7.200000e+001  2.716428e+002
    endloop
  endfacet
  facet normal  3.420199e-001 -9.396927e-001  0.000000e+000
    outer loop
      vertex  2.509000e+003 -7.200000e+001  2.716428e+002
      vertex  2.453604e+003 -9.216248e+001  4.140000e+002
      vertex  2.453604e+003 -9.216248e+001  2.604576e+002
    endloop
  endfacet
  facet normal  3.420194e-001 -9.396929e-001  2.771674e-006
    outer loop
      vertex  2.509000e+003 -7.200000e+001  2.716428e+002
      vertex  2.453604e+003 -9.216248e+001  2.604576e+002
      vertex  2.296937e+003 -1.491846e+002  1.944581e+002
    endloop
  endfacet
  facet normal  3.420202e-001 -9.396926e-001  0.000000e+000
    outer loop
      vertex  2.269577e+003 -1.591428e+002  2.070000e+002
      vertex  2.423604e+003 -1.030816e+002  2.604576e+002
      vertex  2.269577e+003 -1.591428e+002  3.610000e+002
    endloop
  endfacet
  facet normal  3.420203e-001 -9.396926e-001  0.000000e+000
    outer loop
      vertex  2.269577e+003 -1.591428e+002  3.610000e+002
      vertex  2.423604e+003 -1.030816e+002  2.604576e+002
      vertex  2.423604e+003 -1.030816e+002  4.140000e+002
    endloop
  endfacet
  facet normal  3.420196e-001 -9.396929e-001  2.315972e-006
    outer loop
      vertex  2.269577e+003 -1.591428e+002  3.610000e+002
      vertex  2.423604e+003 -1.030816e+002  4.140000e+002
      vertex  2.415193e+003 -1.061428e+002  4.140000e+002
    endloop
  endfacet
  facet normal  3.420191e-001 -9.396930e-001  3.450843e-006
    outer loop
      vertex  2.296937e+003 -1.491846e+002  2.070000e+002
      vertex  2.423604e+003 -1.030816e+002  2.604576e+002
      vertex  2.269577e+003 -1.591428e+002  2.070000e+002
    endloop
  endfacet
  facet normal  3.420205e-001 -9.396925e-001  0.000000e+000
    outer loop
      vertex  2.296937e+003 -1.491846e+002  2.070000e+002
      vertex  2.296937e+003 -1.491846e+002  1.944581e+002
      vertex  2.423604e+003 -1.030816e+002  2.604576e+002
    endloop
  endfacet
  facet normal  3.420201e-001 -9.396926e-001  8.110773e-007
    outer loop
      vertex  2.296937e+003 -1.491846e+002  1.944581e+002
      vertex  2.453604e+003 -9.216248e+001  2.604576e+002
      vertex  2.423604e+003 -1.030816e+002  2.604576e+002
    endloop
  endfacet
  facet normal  3.420202e-001  0.000000e+000 -9.396926e-001
    outer loop
      vertex  1.660374e+003  4.597318e+002 -3.723184e+001
      vertex  2.256252e+003  2.428500e+002  1.796500e+002
      vertex  1.786748e+003  0.000000e+000  8.764542e+000
    endloop
  endfacet
  facet normal  3.420196e-001  1.106206e-006 -9.396929e-001
    outer loop
      vertex  1.786748e+003  0.000000e+000  8.764542e+000
      vertex  2.256252e+003  2.428500e+002  1.796500e+002
      vertex  2.205011e+003  1.916094e+002  1.610000e+002
    endloop
  endfacet
  facet normal  3.420201e-001  0.000000e+000 -9.396926e-001
    outer loop
      vertex  1.786748e+003  0.000000e+000  8.764542e+000
      vertex  2.205011e+003  1.916094e+002  1.610000e+002
      vertex  2.205011e+003  8.754786e+001  1.610000e+002
    endloop
  endfacet
  facet normal  3.420201e-001  0.000000e+000 -9.396926e-001
    outer loop
      vertex  1.786748e+003  0.000000e+000  8.764542e+000
      vertex  2.256252e+003 -2.428500e+002  1.796500e+002
      vertex  1.542000e+003 -7.750000e+001 -8.031642e+001
    endloop
  endfacet
  facet normal  3.420202e-001  0.000000e+000 -9.396926e-001
    outer loop
      vertex  1.542000e+003 -7.750000e+001 -8.031642e+001
      vertex  2.256252e+003 -2.428500e+002  1.796500e+002
      vertex  1.660374e+003 -4.597318e+002 -3.723184e+001
    endloop
  endfacet
  facet normal  3.420201e-001 -1.951884e-008 -9.396927e-001
    outer loop
      vertex  1.542000e+003 -7.750000e+001 -8.031642e+001
      vertex  1.660374e+003 -4.597318e+002 -3.723184e+001
      vertex  1.419000e+003 -7.750000e+001 -1.250848e+002
    endloop
  endfacet
  facet normal  3.420202e-001  0.000000e+000 -9.396927e-001
    outer loop
      vertex  1.419000e+003 -7.750000e+001 -1.250848e+002
      vertex  1.660374e+003 -4.597318e+002 -3.723184e+001
      vertex  1.064496e+003 -6.766137e+002 -2.541137e+002
    endloop
  endfacet
  facet normal  3.420202e-001  0.000000e+000 -9.396926e-001
    outer loop
      vertex  1.419000e+003 -7.750000e+001 -1.250848e+002
      vertex  1.064496e+003 -6.766137e+002 -2.541137e+002
      vertex  1.419000e+003  7.750000e+001 -1.250848e+002
    endloop
  endfacet
  facet normal  3.420202e-001  0.000000e+000 -9.396926e-001
    outer loop
      vertex  1.419000e+003  7.750000e+001 -1.250848e+002
      vertex  1.064496e+003 -6.766137e+002 -2.541137e+002
      vertex  1.064496e+003  2.273737e-013 -2.541137e+002
    endloop
  endfacet
  facet normal  3.420202e-001  0.000000e+000 -9.396926e-001
    outer loop
      vertex  1.419000e+003  7.750000e+001 -1.250848e+002
      vertex  1.064496e+003  2.273737e-013 -2.541137e+002
      vertex  1.064496e+003  6.766137e+002 -2.541137e+002
    endloop
  endfacet
  facet normal  3.420201e-001 -3.735879e-008 -9.396927e-001
    outer loop
      vertex  1.542000e+003  7.750000e+001 -8.031642e+001
      vertex  1.419000e+003  7.750000e+001 -1.250848e+002
      vertex  1.064496e+003  6.766137e+002 -2.541137e+002
    endloop
  endfacet
  facet normal  3.420202e-001  0.000000e+000 -9.396926e-001
    outer loop
      vertex  1.542000e+003  7.750000e+001 -8.031642e+001
      vertex  1.064496e+003  6.766137e+002 -2.541137e+002
      vertex  1.660374e+003  4.597318e+002 -3.723184e+001
    endloop
  endfacet
  facet normal  3.420202e-001  0.000000e+000 -9.396926e-001
    outer loop
      vertex  1.542000e+003  7.750000e+001 -8.031642e+001
      vertex  1.660374e+003  4.597318e+002 -3.723184e+001
      vertex  1.786748e+003  0.000000e+000  8.764542e+000
    endloop
  endfacet
  facet normal  3.420201e-001  0.000000e+000 -9.396926e-001
    outer loop
      vertex  1.542000e+003  7.750000e+001 -8.031642e+001
      vertex  1.786748e+003  0.000000e+000  8.764542e+000
      vertex  1.542000e+003 -7.750000e+001 -8.031642e+001
    endloop
  endfacet
  facet normal  3.420201e-001  0.000000e+000 -9.396926e-001
    outer loop
      vertex  2.509000e+003  7.200000e+001  2.716428e+002
      vertex  2.509000e+003 -7.200000e+001  2.716428e+002
      vertex  2.220156e+003 -7.240350e+001  1.665121e+002
    endloop
  endfacet
  facet normal  3.420202e-001 -8.792146e-008 -9.396927e-001
    outer loop
      vertex  2.509000e+003  7.200000e+001  2.716428e+002
      vertex  2.220156e+003 -7.240350e+001  1.665121e+002
      vertex  1.786748e+003  0.000000e+000  8.764542e+000
    endloop
  endfacet
  facet normal  3.420201e-001  6.962515e-007 -9.396927e-001
    outer loop
      vertex  2.509000e+003  7.200000e+001  2.716428e+002
      vertex  1.786748e+003  0.000000e+000  8.764542e+000
      vertex  2.220156e+003  7.240350e+001  1.665121e+002
    endloop
  endfacet
  facet normal  3.420201e-001 -4.958412e-007 -9.396927e-001
    outer loop
      vertex  2.509000e+003  7.200000e+001  2.716428e+002
      vertex  2.220156e+003  7.240350e+001  1.665121e+002
      vertex  2.296937e+003  1.491846e+002  1.944581e+002
    endloop
  endfacet
  facet normal  3.420204e-001  1.916755e-006 -9.396926e-001
    outer loop
      vertex  2.205011e+003 -8.754786e+001  1.610000e+002
      vertex  1.786748e+003  0.000000e+000  8.764542e+000
      vertex  2.220156e+003 -7.240350e+001  1.665121e+002
    endloop
  endfacet
  facet normal  3.420201e-001  0.000000e+000 -9.396926e-001
    outer loop
      vertex  2.205011e+003 -8.754786e+001  1.610000e+002
      vertex  2.205011e+003 -1.916094e+002  1.610000e+002
      vertex  1.786748e+003  0.000000e+000  8.764542e+000
    endloop
  endfacet
  facet normal  3.420204e-001 -1.617262e-006 -9.396926e-001
    outer loop
      vertex  2.205011e+003  8.754786e+001  1.610000e+002
      vertex  2.220156e+003  7.240350e+001  1.665121e+002
      vertex  1.786748e+003  0.000000e+000  8.764542e+000
    endloop
  endfacet
  facet normal  3.420201e-001  4.958412e-007 -9.396927e-001
    outer loop
      vertex  2.220156e+003 -7.240350e+001  1.665121e+002
      vertex  2.509000e+003 -7.200000e+001  2.716428e+002
      vertex  2.296937e+003 -1.491846e+002  1.944581e+002
    endloop
  endfacet
  facet normal  3.420196e-001 -6.321181e-007 -9.396929e-001
    outer loop
      vertex  2.256252e+003 -2.428500e+002  1.796500e+002
      vertex  1.786748e+003  0.000000e+000  8.764542e+000
      vertex  2.205011e+003 -1.916094e+002  1.610000e+002
    endloop
  endfacet
  facet normal -4.009717e-007  5.202112e-001  8.540376e-001
    outer loop
      vertex  4.631000e+003  3.030000e+002  3.973535e+002
      vertex  4.601000e+003  2.901894e+002  4.051566e+002
      vertex  4.631000e+003  1.600000e+002  4.844576e+002
    endloop
  endfacet
  facet normal  2.368459e-007  5.202113e-001  8.540376e-001
    outer loop
      vertex  4.631000e+003  1.600000e+002  4.844576e+002
      vertex  4.601000e+003  2.901894e+002  4.051566e+002
      vertex  4.601000e+003  1.728106e+002  4.766544e+002
    endloop
  endfacet
  facet normal  0.000000e+000  5.202110e-001  8.540378e-001
    outer loop
      vertex  4.631000e+003  1.600000e+002  4.844576e+002
      vertex  4.601000e+003  1.728106e+002  4.766544e+002
      vertex  4.457000e+003  1.600000e+002  4.844576e+002
    endloop
  endfacet
  facet normal  0.000000e+000  5.202110e-001  8.540378e-001
    outer loop
      vertex  4.457000e+003  1.600000e+002  4.844576e+002
      vertex  4.601000e+003  1.728106e+002  4.766544e+002
      vertex  4.487000e+003  1.728106e+002  4.766544e+002
    endloop
  endfacet
  facet normal -1.458079e-007  5.202112e-001  8.540376e-001
    outer loop
      vertex  4.457000e+003  1.600000e+002  4.844576e+002
      vertex  4.487000e+003  1.728106e+002  4.766544e+002
      vertex  4.457000e+003  3.030000e+002  3.973535e+002
    endloop
  endfacet
  facet normal  4.736918e-007  5.202113e-001  8.540376e-001
    outer loop
      vertex  4.457000e+003  3.030000e+002  3.973535e+002
      vertex  4.487000e+003  1.728106e+002  4.766544e+002
      vertex  4.487000e+003  2.901894e+002  4.051566e+002
    endloop
  endfacet
  facet normal  0.000000e+000  5.202106e-001  8.540381e-001
    outer loop
      vertex  4.457000e+003  3.030000e+002  3.973535e+002
      vertex  4.487000e+003  2.901894e+002  4.051566e+002
      vertex  4.631000e+003  3.030000e+002  3.973535e+002
    endloop
  endfacet
  facet normal  -0.000000e+000  5.202105e-001  8.540380e-001
    outer loop
      vertex  4.631000e+003  3.030000e+002  3.973535e+002
      vertex  4.487000e+003  2.901894e+002  4.051566e+002
      vertex  4.601000e+003  2.901894e+002  4.051566e+002
    endloop
  endfacet
  facet normal  0.000000e+000 -5.202106e-001  8.540381e-001
    outer loop
      vertex  4.457000e+003 -3.030000e+002  3.973535e+002
      vertex  4.631000e+003 -3.030000e+002  3.973535e+002
      vertex  4.487000e+003 -2.901894e+002  4.051566e+002
    endloop
  endfacet
  facet normal  0.000000e+000 -5.202105e-001  8.540380e-001
    outer loop
      vertex  4.631000e+003 -3.030000e+002  3.973535e+002
      vertex  4.601000e+003 -2.901894e+002  4.051566e+002
      vertex  4.487000e+003 -2.901894e+002  4.051566e+002
    endloop
  endfacet
  facet normal -4.052889e-007 -5.202113e-001  8.540376e-001
    outer loop
      vertex  4.631000e+003 -3.030000e+002  3.973535e+002
      vertex  4.617393e+003 -1.600000e+002  4.844576e+002
      vertex  4.601000e+003 -2.901894e+002  4.051566e+002
    endloop
  endfacet
  facet normal  3.792582e-007 -5.202113e-001  8.540376e-001
    outer loop
      vertex  4.617393e+003 -1.600000e+002  4.844576e+002
      vertex  4.601000e+003 -1.728106e+002  4.766544e+002
      vertex  4.601000e+003 -2.901894e+002  4.051566e+002
    endloop
  endfacet
  facet normal  0.000000e+000 -5.202109e-001  8.540378e-001
    outer loop
      vertex  4.474175e+003 -1.600000e+002  4.844576e+002
      vertex  4.601000e+003 -1.728106e+002  4.766544e+002
      vertex  4.617393e+003 -1.600000e+002  4.844576e+002
    endloop
  endfacet
  facet normal  0.000000e+000 -5.202110e-001  8.540378e-001
    outer loop
      vertex  4.474175e+003 -1.600000e+002  4.844576e+002
      vertex  4.487000e+003 -1.728106e+002  4.766544e+002
      vertex  4.601000e+003 -1.728106e+002  4.766544e+002
    endloop
  endfacet
  facet normal -5.540382e-007 -5.202113e-001  8.540376e-001
    outer loop
      vertex  4.474175e+003 -1.600000e+002  4.844576e+002
      vertex  4.487000e+003 -2.901894e+002  4.051566e+002
      vertex  4.487000e+003 -1.728106e+002  4.766544e+002
    endloop
  endfacet
  facet normal  4.354560e-007 -5.202113e-001  8.540376e-001
    outer loop
      vertex  4.474175e+003 -1.600000e+002  4.844576e+002
      vertex  4.457000e+003 -3.030000e+002  3.973535e+002
      vertex  4.487000e+003 -2.901894e+002  4.051566e+002
    endloop
  endfacet
  facet normal  1.745253e-002  -0.000000e+000  9.998477e-001
    outer loop
      vertex  4.809533e+003  1.050000e+002  4.088494e+002
      vertex  4.809533e+003 -1.050000e+002  4.088494e+002
      vertex  5.010231e+003  1.050000e+002  4.053462e+002
    endloop
  endfacet
  facet normal  1.745253e-002  0.000000e+000  9.998477e-001
    outer loop
      vertex  5.010231e+003  1.050000e+002  4.053462e+002
      vertex  4.809533e+003 -1.050000e+002  4.088494e+002
      vertex  5.010231e+003 -1.050000e+002  4.053462e+002
    endloop
  endfacet
  facet normal -1.349017e-001  0.000000e+000  9.908590e-001
    outer loop
      vertex  6.374000e+003 -1.050000e+002  3.815415e+002
      vertex  6.374000e+003  1.050000e+002  3.815415e+002
      vertex  6.146103e+003  1.050000e+002  3.505141e+002
    endloop
  endfacet
  facet normal -1.349017e-001  0.000000e+000  9.908590e-001
    outer loop
      vertex  6.374000e+003 -1.050000e+002  3.815415e+002
      vertex  6.146103e+003  1.050000e+002  3.505141e+002
      vertex  6.146103e+003  7.000000e+001  3.505141e+002
    endloop
  endfacet
  facet normal -1.349017e-001  0.000000e+000  9.908590e-001
    outer loop
      vertex  6.374000e+003 -1.050000e+002  3.815415e+002
      vertex  6.146103e+003  7.000000e+001  3.505141e+002
      vertex  6.146103e+003 -7.000000e+001  3.505141e+002
    endloop
  endfacet
  facet normal -1.349017e-001  0.000000e+000  9.908590e-001
    outer loop
      vertex  6.374000e+003 -1.050000e+002  3.815415e+002
      vertex  6.146103e+003 -7.000000e+001  3.505141e+002
      vertex  6.146103e+003 -1.050000e+002  3.505141e+002
    endloop
  endfacet
  facet normal  0.000000e+000  0.000000e+000  1.000000e+000
    outer loop
      vertex  2.415193e+003 -7.000000e+001  4.140000e+002
      vertex  2.415193e+003 -1.061428e+002  4.140000e+002
      vertex  2.423604e+003 -7.000000e+001  4.140000e+002
    endloop
  endfacet
  facet normal  0.000000e+000  -0.000000e+000  1.000000e+000
    outer loop
      vertex  2.415193e+003 -1.061428e+002  4.140000e+002
      vertex  2.423604e+003 -1.030816e+002  4.140000e+002
      vertex  2.423604e+003 -7.000000e+001  4.140000e+002
    endloop
  endfacet
  facet normal  1.000000e+000  -0.000000e+000  0.000000e+000
    outer loop
      vertex  2.269577e+003 -1.591428e+002  3.610000e+002
      vertex  2.269577e+003 -1.775000e+002  3.610000e+002
      vertex  2.269577e+003 -1.591428e+002  2.070000e+002
    endloop
  endfacet
  facet normal  1.000000e+000  0.000000e+000  0.000000e+000
    outer loop
      vertex  2.269577e+003 -1.775000e+002  3.610000e+002
      vertex  2.269577e+003 -2.561751e+002  2.070000e+002
      vertex  2.269577e+003 -1.591428e+002  2.070000e+002
    endloop
  endfacet
  facet normal  1.000000e+000  -0.000000e+000  0.000000e+000
    outer loop
      vertex  2.269577e+003 -1.775000e+002  3.610000e+002
      vertex  2.269577e+003 -2.960000e+002  2.425000e+002
      vertex  2.269577e+003 -2.561751e+002  2.070000e+002
    endloop
  endfacet
  facet normal  1.000000e+000  0.000000e+000  -0.000000e+000
    outer loop
      vertex  2.269577e+003 -2.960000e+002  2.425000e+002
      vertex  2.269577e+003 -2.561751e+002  2.026751e+002
      vertex  2.269577e+003 -2.561751e+002  2.070000e+002
    endloop
  endfacet
  facet normal  0.000000e+000  0.000000e+000  9.999999e-001
    outer loop
      vertex  2.294402e+003 -2.810000e+002  2.070000e+002
      vertex  2.361577e+003 -2.138249e+002  2.070000e+002
      vertex  2.269577e+003 -2.561751e+002  2.070000e+002
    endloop
  endfacet
  facet normal  0.000000e+000  0.000000e+000  1.000000e+000
    outer loop
      vertex  2.361577e+003 -2.138249e+002  2.070000e+002
      vertex  2.269577e+003 -1.591428e+002  2.070000e+002
      vertex  2.269577e+003 -2.561751e+002  2.070000e+002
    endloop
  endfacet
  facet normal  0.000000e+000  0.000000e+000  1.000000e+000
    outer loop
      vertex  2.361577e+003 -2.138249e+002  2.070000e+002
      vertex  2.296937e+003 -1.491846e+002  2.070000e+002
      vertex  2.269577e+003 -1.591428e+002  2.070000e+002
    endloop
  endfacet
  facet normal -7.071086e-001  7.071050e-001  0.000000e+000
    outer loop
      vertex  2.220156e+003 -7.240350e+001  1.665121e+002
      vertex  2.220156e+003 -7.240350e+001  1.610000e+002
      vertex  2.205011e+003 -8.754786e+001  1.610000e+002
    endloop
  endfacet
  facet normal  4.576616e-001  6.287074e-001 -6.287074e-001
    outer loop
      vertex  1.031029e+003  7.009753e+002 -2.541137e+002
      vertex  1.562789e+003  5.532500e+002 -1.475000e+001
      vertex  1.064496e+003  6.766137e+002 -2.541137e+002
    endloop
  endfacet
  facet normal  4.576615e-001  6.287073e-001 -6.287074e-001
    outer loop
      vertex  1.562789e+003  5.532500e+002 -1.475000e+001
      vertex  1.660374e+003  4.597318e+002 -3.723184e+001
      vertex  1.064496e+003  6.766137e+002 -2.541137e+002
    endloop
  endfacet
  facet normal  4.576615e-001  6.287073e-001 -6.287073e-001
    outer loop
      vertex  1.562789e+003  5.532500e+002 -1.475000e+001
      vertex  2.269577e+003  2.960000e+002  2.425000e+002
      vertex  1.660374e+003  4.597318e+002 -3.723184e+001
    endloop
  endfacet
  facet normal  4.576615e-001  6.287072e-001 -6.287075e-001
    outer loop
      vertex  2.269577e+003  2.960000e+002  2.425000e+002
      vertex  2.256252e+003  2.428500e+002  1.796500e+002
      vertex  1.660374e+003  4.597318e+002 -3.723184e+001
    endloop
  endfacet
  facet normal  4.576605e-001  6.287078e-001 -6.287078e-001
    outer loop
      vertex  2.269577e+003  2.960000e+002  2.425000e+002
      vertex  2.269577e+003  2.561751e+002  2.026751e+002
      vertex  2.256252e+003  2.428500e+002  1.796500e+002
    endloop
  endfacet
  facet normal  4.576598e-001  6.287083e-001 -6.287076e-001
    outer loop
      vertex  8.499352e+002  8.105000e+002 -2.764148e+002
      vertex  8.560000e+002  8.105000e+002 -2.720000e+002
      vertex  8.503538e+002  7.665073e+002 -3.201028e+002
    endloop
  endfacet
  facet normal  4.576617e-001  6.287075e-001 -6.287072e-001
    outer loop
      vertex  8.560000e+002  8.105000e+002 -2.720000e+002
      vertex  1.031029e+003  7.009753e+002 -2.541137e+002
      vertex  8.503538e+002  7.665073e+002 -3.201028e+002
    endloop
  endfacet
  facet normal  4.576615e-001  6.287072e-001 -6.287076e-001
    outer loop
      vertex  8.560000e+002  8.105000e+002 -2.720000e+002
      vertex  1.562789e+003  5.532500e+002 -1.475000e+001
      vertex  1.031029e+003  7.009753e+002 -2.541137e+002
    endloop
  endfacet
  facet normal -7.071055e-001  7.071081e-001  0.000000e+000
    outer loop
      vertex  2.294402e+003  2.810000e+002  1.610000e+002
      vertex  2.269577e+003  2.561751e+002  2.070000e+002
      vertex  2.294402e+003  2.810000e+002  2.070000e+002
    endloop
  endfacet
  facet normal -7.071055e-001  7.071080e-001  0.000000e+000
    outer loop
      vertex  2.294402e+003  2.810000e+002  1.610000e+002
      vertex  2.269577e+003  2.561751e+002  2.026751e+002
      vertex  2.269577e+003  2.561751e+002  2.070000e+002
    endloop
  endfacet
  facet normal -7.071059e-001  7.071076e-001 -5.361645e-007
    outer loop
      vertex  2.294402e+003  2.810000e+002  1.610000e+002
      vertex  2.256252e+003  2.428500e+002  1.796500e+002
      vertex  2.269577e+003  2.561751e+002  2.026751e+002
    endloop
  endfacet
  facet normal -7.071066e-001  7.071069e-001 -3.313625e-006
    outer loop
      vertex  2.294402e+003  2.810000e+002  1.610000e+002
      vertex  2.205011e+003  1.916094e+002  1.610000e+002
      vertex  2.256252e+003  2.428500e+002  1.796500e+002
    endloop
  endfacet
  facet normal  0.000000e+000  1.000000e+000  0.000000e+000
    outer loop
      vertex  1.542000e+003  7.750000e+001 -3.600000e+002
      vertex  1.419000e+003  7.750000e+001 -3.600000e+002
      vertex  1.542000e+003  7.750000e+001 -8.031642e+001
    endloop
  endfacet
  facet normal  0.000000e+000  1.000000e+000  0.000000e+000
    outer loop
      vertex  1.542000e+003  7.750000e+001 -8.031642e+001
      vertex  1.419000e+003  7.750000e+001 -3.600000e+002
      vertex  1.419000e+003  7.750000e+001 -1.250848e+002
    endloop
  endfacet
  facet normal -1.000000e+000  0.000000e+000  0.000000e+000
    outer loop
      vertex  1.419000e+003  7.750000e+001 -3.600000e+002
      vertex  1.419000e+003 -7.750000e+001 -3.600000e+002
      vertex  1.419000e+003  7.750000e+001 -1.250848e+002
    endloop
  endfacet
  facet normal -1.000000e+000  0.000000e+000  0.000000e+000
    outer loop
      vertex  1.419000e+003  7.750000e+001 -1.250848e+002
      vertex  1.419000e+003 -7.750000e+001 -3.600000e+002
      vertex  1.419000e+003 -7.750000e+001 -1.250848e+002
    endloop
  endfacet
  facet normal  0.000000e+000  8.540376e-001 -5.202112e-001
    outer loop
      vertex  4.487000e+003  1.624063e+002  4.595737e+002
      vertex  4.487000e+003  1.728106e+002  4.766544e+002
      vertex  4.601000e+003  1.624063e+002  4.595737e+002
    endloop
  endfacet
  facet normal  0.000000e+000  8.540376e-001 -5.202112e-001
    outer loop
      vertex  4.601000e+003  1.624063e+002  4.595737e+002
      vertex  4.487000e+003  1.728106e+002  4.766544e+002
      vertex  4.601000e+003  1.728106e+002  4.766544e+002
    endloop
  endfacet
  facet normal  1.000000e+000  0.000000e+000  0.000000e+000
    outer loop
      vertex  4.487000e+003  2.797852e+002  3.880759e+002
      vertex  4.487000e+003  2.901894e+002  4.051566e+002
      vertex  4.487000e+003  1.624063e+002  4.595737e+002
    endloop
  endfacet
  facet normal  1.000000e+000  0.000000e+000  0.000000e+000
    outer loop
      vertex  4.487000e+003  1.624063e+002  4.595737e+002
      vertex  4.487000e+003  2.901894e+002  4.051566e+002
      vertex  4.487000e+003  1.728106e+002  4.766544e+002
    endloop
  endfacet
  facet normal  0.000000e+000 -8.540380e-001  5.202106e-001
    outer loop
      vertex  4.601000e+003  2.797852e+002  3.880759e+002
      vertex  4.601000e+003  2.901894e+002  4.051566e+002
      vertex  4.487000e+003  2.797852e+002  3.880759e+002
    endloop
  endfacet
  facet normal  0.000000e+000 -8.540380e-001  5.202106e-001
    outer loop
      vertex  4.487000e+003  2.797852e+002  3.880759e+002
      vertex  4.601000e+003  2.901894e+002  4.051566e+002
      vertex  4.487000e+003  2.901894e+002  4.051566e+002
    endloop
  endfacet
  facet normal -1.000000e+000  0.000000e+000  0.000000e+000
    outer loop
      vertex  4.601000e+003  2.797852e+002  3.880759e+002
      vertex  4.601000e+003  1.624063e+002  4.595737e+002
      vertex  4.601000e+003  2.901894e+002  4.051566e+002
    endloop
  endfacet
  facet normal -1.000000e+000  0.000000e+000  0.000000e+000
    outer loop
      vertex  4.601000e+003  2.901894e+002  4.051566e+002
      vertex  4.601000e+003  1.624063e+002  4.595737e+002
      vertex  4.601000e+003  1.728106e+002  4.766544e+002
    endloop
  endfacet
  facet normal  0.000000e+000 -7.071068e-001  7.071068e-001
    outer loop
      vertex  1.459862e+003 -4.940000e+002  4.450000e+001
      vertex  1.562789e+003 -5.532500e+002 -1.475000e+001
      vertex  1.459862e+003 -2.782627e+002  2.602373e+002
    endloop
  endfacet
  facet normal  0.000000e+000 -7.071068e-001  7.071068e-001
    outer loop
      vertex  1.459862e+003 -2.782627e+002  2.602373e+002
      vertex  1.562789e+003 -5.532500e+002 -1.475000e+001
      vertex  2.269577e+003 -2.960000e+002  2.425000e+002
    endloop
  endfacet
  facet normal  0.000000e+000 -7.071068e-001  7.071068e-001
    outer loop
      vertex  1.459862e+003 -2.782627e+002  2.602373e+002
      vertex  2.269577e+003 -2.960000e+002  2.425000e+002
      vertex  2.219577e+003 -1.775000e+002  3.610000e+002
    endloop
  endfacet
  facet normal  0.000000e+000 -7.071068e-001  7.071068e-001
    outer loop
      vertex  2.219577e+003 -1.775000e+002  3.610000e+002
      vertex  2.269577e+003 -2.960000e+002  2.425000e+002
      vertex  2.269577e+003 -1.775000e+002  3.610000e+002
    endloop
  endfacet
  facet normal  0.000000e+000 -7.071067e-001  7.071067e-001
    outer loop
      vertex  6.501463e+002 -4.940000e+002  4.450000e+001
      vertex  1.459862e+003 -4.940000e+002  4.450000e+001
      vertex  6.501463e+002 -2.782627e+002  2.602373e+002
    endloop
  endfacet
  facet normal  0.000000e+000 -7.071067e-001  7.071067e-001
    outer loop
      vertex  6.501463e+002 -2.782627e+002  2.602373e+002
      vertex  1.459862e+003 -4.940000e+002  4.450000e+001
      vertex  1.459862e+003 -2.782627e+002  2.602373e+002
    endloop
  endfacet
  facet normal  0.000000e+000 -7.071068e-001  7.071068e-001
    outer loop
      vertex  6.501463e+002 -2.782627e+002  2.602373e+002
      vertex  1.459862e+003 -2.782627e+002  2.602373e+002
      vertex  1.416789e+003 -1.775000e+002  3.610000e+002
    endloop
  endfacet
  facet normal  0.000000e+000 -7.071068e-001  7.071068e-001
    outer loop
      vertex -9.700000e+001 -3.365990e+002  2.019010e+002
      vertex -3.170000e+002 -3.365990e+002  2.019010e+002
      vertex -1.595692e+002 -4.940000e+002  4.450000e+001
    endloop
  endfacet
  facet normal  0.000000e+000 -7.071068e-001  7.071068e-001
    outer loop
      vertex -9.700000e+001 -3.365990e+002  2.019010e+002
      vertex -1.595692e+002 -4.940000e+002  4.450000e+001
      vertex  6.501463e+002 -4.940000e+002  4.450000e+001
    endloop
  endfacet
  facet normal  0.000000e+000 -7.071068e-001  7.071068e-001
    outer loop
      vertex -9.700000e+001 -3.365990e+002  2.019010e+002
      vertex  6.501463e+002 -4.940000e+002  4.450000e+001
      vertex  6.501463e+002 -2.782627e+002  2.602373e+002
    endloop
  endfacet
  facet normal -7.921556e-009 -7.071068e-001  7.071068e-001
    outer loop
      vertex -9.700000e+001 -3.365990e+002  2.019010e+002
      vertex  6.501463e+002 -2.782627e+002  2.602373e+002
      vertex -9.700000e+001 -2.199264e+002  3.185736e+002
    endloop
  endfacet
  facet normal  0.000000e+000 -7.071068e-001  7.071068e-001
    outer loop
      vertex  8.560000e+002 -8.105000e+002 -2.720000e+002
      vertex  1.562789e+003 -5.532500e+002 -1.475000e+001
      vertex  1.459862e+003 -4.940000e+002  4.450000e+001
    endloop
  endfacet
  facet normal  0.000000e+000 -7.071068e-001  7.071068e-001
    outer loop
      vertex  8.560000e+002 -8.105000e+002 -2.720000e+002
      vertex  1.459862e+003 -4.940000e+002  4.450000e+001
      vertex  6.501463e+002 -4.940000e+002  4.450000e+001
    endloop
  endfacet
  facet normal  0.000000e+000 -7.071068e-001  7.071068e-001
    outer loop
      vertex  8.560000e+002 -8.105000e+002 -2.720000e+002
      vertex  6.501463e+002 -4.940000e+002  4.450000e+001
      vertex  5.500000e+001 -8.105000e+002 -2.720000e+002
    endloop
  endfacet
  facet normal -1.415495e-008 -7.071067e-001  7.071067e-001
    outer loop
      vertex -9.700000e+001 -2.199264e+002  3.185736e+002
      vertex  6.501463e+002 -2.782627e+002  2.602373e+002
      vertex  6.140000e+002 -1.775000e+002  3.610000e+002
    endloop
  endfacet
  facet normal  0.000000e+000 -7.071069e-001  7.071066e-001
    outer loop
      vertex -9.700000e+001 -2.199264e+002  3.185736e+002
      vertex  6.140000e+002 -1.775000e+002  3.610000e+002
      vertex  4.440000e+002 -1.775000e+002  3.610000e+002
    endloop
  endfacet
  facet normal  0.000000e+000 -7.071069e-001  7.071066e-001
    outer loop
      vertex -9.700000e+001 -2.199264e+002  3.185736e+002
      vertex  4.440000e+002 -1.775000e+002  3.610000e+002
      vertex  3.100000e+002 -1.775000e+002  3.610000e+002
    endloop
  endfacet
  facet normal  0.000000e+000 -7.071069e-001  7.071066e-001
    outer loop
      vertex -9.700000e+001 -2.199264e+002  3.185736e+002
      vertex  3.100000e+002 -1.775000e+002  3.610000e+002
      vertex  1.700000e+002 -1.775000e+002  3.610000e+002
    endloop
  endfacet
  facet normal  0.000000e+000 -7.071069e-001  7.071066e-001
    outer loop
      vertex -9.700000e+001 -2.199264e+002  3.185736e+002
      vertex  1.700000e+002 -1.775000e+002  3.610000e+002
      vertex -5.585000e+002 -1.775000e+002  3.610000e+002
    endloop
  endfacet
  facet normal  0.000000e+000 -7.071069e-001  7.071066e-001
    outer loop
      vertex -9.700000e+001 -2.199264e+002  3.185736e+002
      vertex -5.585000e+002 -1.775000e+002  3.610000e+002
      vertex -3.170000e+002 -2.199264e+002  3.185736e+002
    endloop
  endfacet
  facet normal -1.213385e-008 -7.071066e-001  7.071068e-001
    outer loop
      vertex -9.692845e+002 -4.940000e+002  4.450000e+001
      vertex -1.651871e+003 -5.243637e+002  1.413629e+001
      vertex -1.642475e+003 -5.500000e+002 -1.150000e+001
    endloop
  endfacet
  facet normal  0.000000e+000 -7.071067e-001  7.071067e-001
    outer loop
      vertex -9.692845e+002 -4.940000e+002  4.450000e+001
      vertex -1.642475e+003 -5.500000e+002 -1.150000e+001
      vertex -1.547000e+003 -8.105000e+002 -2.720000e+002
    endloop
  endfacet
  facet normal  0.000000e+000 -7.071068e-001  7.071068e-001
    outer loop
      vertex -9.692845e+002 -4.940000e+002  4.450000e+001
      vertex -1.547000e+003 -8.105000e+002 -2.720000e+002
      vertex -7.460000e+002 -8.105000e+002 -2.720000e+002
    endloop
  endfacet
  facet normal  0.000000e+000 -7.071068e-001  7.071068e-001
    outer loop
      vertex -9.692845e+002 -4.940000e+002  4.450000e+001
      vertex -7.460000e+002 -8.105000e+002 -2.720000e+002
      vertex -1.595692e+002 -4.940000e+002  4.450000e+001
    endloop
  endfacet
  facet normal  0.000000e+000 -7.071068e-001  7.071068e-001
    outer loop
      vertex -9.692845e+002 -4.940000e+002  4.450000e+001
      vertex -1.595692e+002 -4.940000e+002  4.450000e+001
      vertex -3.170000e+002 -3.365990e+002  2.019010e+002
    endloop
  endfacet
  facet normal -3.629435e-008 -7.071068e-001  7.071068e-001
    outer loop
      vertex -9.692845e+002 -4.940000e+002  4.450000e+001
      vertex -3.170000e+002 -3.365990e+002  2.019010e+002
      vertex -3.170000e+002 -2.199264e+002  3.185736e+002
    endloop
  endfacet
  facet normal  9.814151e-009 -7.071067e-001  7.071068e-001
    outer loop
      vertex -9.692845e+002 -4.940000e+002  4.450000e+001
      vertex -3.170000e+002 -2.199264e+002  3.185736e+002
      vertex -9.692845e+002 -2.782627e+002  2.602373e+002
    endloop
  endfacet
  facet normal  0.000000e+000 -7.071068e-001  7.071068e-001
    outer loop
      vertex -9.692845e+002 -4.940000e+002  4.450000e+001
      vertex -9.692845e+002 -2.782627e+002  2.602373e+002
      vertex -1.779000e+003 -1.775000e+002  3.610000e+002
    endloop
  endfacet
  facet normal  0.000000e+000 -7.071068e-001  7.071068e-001
    outer loop
      vertex -9.692845e+002 -4.940000e+002  4.450000e+001
      vertex -1.779000e+003 -1.775000e+002  3.610000e+002
      vertex -1.651871e+003 -5.243637e+002  1.413629e+001
    endloop
  endfacet
  facet normal  0.000000e+000 -7.071068e-001  7.071068e-001
    outer loop
      vertex  6.140000e+002 -1.775000e+002  3.610000e+002
      vertex  6.501463e+002 -2.782627e+002  2.602373e+002
      vertex  1.416789e+003 -1.775000e+002  3.610000e+002
    endloop
  endfacet
  facet normal  0.000000e+000 -7.071068e-001  7.071068e-001
    outer loop
      vertex -1.287000e+003 -1.775000e+002  3.610000e+002
      vertex -9.692845e+002 -2.782627e+002  2.602373e+002
      vertex -5.585000e+002 -1.775000e+002  3.610000e+002
    endloop
  endfacet
  facet normal  0.000000e+000 -7.071068e-001  7.071068e-001
    outer loop
      vertex -1.287000e+003 -1.775000e+002  3.610000e+002
      vertex -1.337000e+003 -1.775000e+002  3.610000e+002
      vertex -9.692845e+002 -2.782627e+002  2.602373e+002
    endloop
  endfacet
  facet normal  0.000000e+000 -7.071068e-001  7.071068e-001
    outer loop
      vertex -1.779000e+003 -1.775000e+002  3.610000e+002
      vertex -9.692845e+002 -2.782627e+002  2.602373e+002
      vertex -1.337000e+003 -1.775000e+002  3.610000e+002
    endloop
  endfacet
  facet normal  2.480229e-008 -7.071068e-001  7.071066e-001
    outer loop
      vertex -3.170000e+002 -2.199264e+002  3.185736e+002
      vertex -5.585000e+002 -1.775000e+002  3.610000e+002
      vertex -9.692845e+002 -2.782627e+002  2.602373e+002
    endloop
  endfacet
  facet normal  0.000000e+000 -7.071068e-001  7.071068e-001
    outer loop
      vertex  6.501463e+002 -4.940000e+002  4.450000e+001
      vertex -1.595692e+002 -4.940000e+002  4.450000e+001
      vertex  5.500000e+001 -8.105000e+002 -2.720000e+002
    endloop
  endfacet
  facet normal  0.000000e+000 -7.071068e-001  7.071068e-001
    outer loop
      vertex -7.460000e+002 -8.105000e+002 -2.720000e+002
      vertex  5.500000e+001 -8.105000e+002 -2.720000e+002
      vertex -1.595692e+002 -4.940000e+002  4.450000e+001
    endloop
  endfacet
  facet normal  0.000000e+000 -7.071068e-001  7.071068e-001
    outer loop
      vertex  2.219577e+003 -1.775000e+002  3.610000e+002
      vertex  1.416789e+003 -1.775000e+002  3.610000e+002
      vertex  1.459862e+003 -2.782627e+002  2.602373e+002
    endloop
  endfacet
  facet normal  1.000000e+000  0.000000e+000  0.000000e+000
    outer loop
      vertex  2.269577e+003  1.591428e+002  2.070000e+002
      vertex  2.269577e+003  2.561751e+002  2.070000e+002
      vertex  2.269577e+003  1.591428e+002  3.610000e+002
    endloop
  endfacet
  facet normal  1.000000e+000  0.000000e+000  0.000000e+000
    outer loop
      vertex  2.269577e+003  2.561751e+002  2.070000e+002
      vertex  2.269577e+003  1.775000e+002  3.610000e+002
      vertex  2.269577e+003  1.591428e+002  3.610000e+002
    endloop
  endfacet
  facet normal  1.000000e+000  0.000000e+000  0.000000e+000
    outer loop
      vertex  2.269577e+003  2.561751e+002  2.070000e+002
      vertex  2.269577e+003  2.960000e+002  2.425000e+002
      vertex  2.269577e+003  1.775000e+002  3.610000e+002
    endloop
  endfacet
  facet normal  1.000000e+000  -0.000000e+000  0.000000e+000
    outer loop
      vertex  2.269577e+003  2.960000e+002  2.425000e+002
      vertex  2.269577e+003  2.561751e+002  2.070000e+002
      vertex  2.269577e+003  2.561751e+002  2.026751e+002
    endloop
  endfacet
  facet normal  0.000000e+000  0.000000e+000 -1.000000e+000
    outer loop
      vertex  1.542000e+003 -7.750000e+001 -3.600000e+002
      vertex  1.419000e+003 -7.750000e+001 -3.600000e+002
      vertex  1.530000e+003 -5.800000e+001 -3.600000e+002
    endloop
  endfacet
  facet normal  0.000000e+000  -0.000000e+000 -1.000000e+000
    outer loop
      vertex  1.419000e+003 -7.750000e+001 -3.600000e+002
      vertex  1.427000e+003 -5.800000e+001 -3.600000e+002
      vertex  1.530000e+003 -5.800000e+001 -3.600000e+002
    endloop
  endfacet
  facet normal  0.000000e+000  0.000000e+000 -1.000000e+000
    outer loop
      vertex  1.419000e+003 -7.750000e+001 -3.600000e+002
      vertex  1.419000e+003  7.750000e+001 -3.600000e+002
      vertex  1.427000e+003 -5.800000e+001 -3.600000e+002
    endloop
  endfacet
  facet normal  -0.000000e+000  -0.000000e+000 -1.000000e+000
    outer loop
      vertex  1.419000e+003  7.750000e+001 -3.600000e+002
      vertex  1.427000e+003  5.800000e+001 -3.600000e+002
      vertex  1.427000e+003 -5.800000e+001 -3.600000e+002
    endloop
  endfacet
  facet normal  -0.000000e+000  0.000000e+000 -1.000000e+000
    outer loop
      vertex  1.419000e+003  7.750000e+001 -3.600000e+002
      vertex  1.542000e+003  7.750000e+001 -3.600000e+002
      vertex  1.427000e+003  5.800000e+001 -3.600000e+002
    endloop
  endfacet
  facet normal  0.000000e+000  0.000000e+000 -1.000000e+000
    outer loop
      vertex  1.542000e+003  7.750000e+001 -3.600000e+002
      vertex  1.530000e+003  5.800000e+001 -3.600000e+002
      vertex  1.427000e+003  5.800000e+001 -3.600000e+002
    endloop
  endfacet
  facet normal  0.000000e+000  0.000000e+000 -1.000000e+000
    outer loop
      vertex  1.542000e+003  7.750000e+001 -3.600000e+002
      vertex  1.542000e+003 -7.750000e+001 -3.600000e+002
      vertex  1.530000e+003  5.800000e+001 -3.600000e+002
    endloop
  endfacet
  facet normal  0.000000e+000  0.000000e+000 -1.000000e+000
    outer loop
      vertex  1.542000e+003 -7.750000e+001 -3.600000e+002
      vertex  1.530000e+003 -5.800000e+001 -3.600000e+002
      vertex  1.530000e+003  5.800000e+001 -3.600000e+002
    endloop
  endfacet
  facet normal  0.000000e+000  5.202113e-001  8.540376e-001
    outer loop
      vertex  4.487000e+003  2.797852e+002  3.880759e+002
      vertex  4.487000e+003  1.624063e+002  4.595737e+002
      vertex  4.601000e+003  2.797852e+002  3.880759e+002
    endloop
  endfacet
  facet normal  0.000000e+000  5.202113e-001  8.540376e-001
    outer loop
      vertex  4.487000e+003  1.624063e+002  4.595737e+002
      vertex  4.601000e+003  1.624063e+002  4.595737e+002
      vertex  4.601000e+003  2.797852e+002  3.880759e+002
    endloop
  endfacet
  facet normal -9.389257e-001 -3.441198e-001  0.000000e+000
    outer loop
      vertex -1.642475e+003 -5.500000e+002 -1.409794e+001
      vertex -1.547000e+003 -8.105000e+002 -2.764148e+002
      vertex -1.642475e+003 -5.500000e+002 -1.150000e+001
    endloop
  endfacet
  facet normal -9.389243e-001 -3.441237e-001  -0.000000e+000
    outer loop
      vertex -1.547000e+003 -8.105000e+002 -2.764148e+002
      vertex -1.547000e+003 -8.105000e+002 -2.720000e+002
      vertex -1.642475e+003 -5.500000e+002 -1.150000e+001
    endloop
  endfacet
  facet normal  0.000000e+000 -1.000000e+000  0.000000e+000
    outer loop
      vertex  8.560000e+002 -8.105000e+002 -2.720000e+002
      vertex  5.500000e+001 -8.105000e+002 -2.720000e+002
      vertex  8.499352e+002 -8.105000e+002 -2.764148e+002
    endloop
  endfacet
  facet normal  0.000000e+000 -1.000000e+000  0.000000e+000
    outer loop
      vertex  5.500000e+001 -8.105000e+002 -2.720000e+002
      vertex  5.095685e+001 -8.105000e+002 -2.764148e+002
      vertex  8.499352e+002 -8.105000e+002 -2.764148e+002
    endloop
  endfacet
  facet normal  0.000000e+000 -1.000000e+000  0.000000e+000
    outer loop
      vertex  5.500000e+001 -8.105000e+002 -2.720000e+002
      vertex -7.460000e+002 -8.105000e+002 -2.720000e+002
      vertex  5.095685e+001 -8.105000e+002 -2.764148e+002
    endloop
  endfacet
  facet normal  0.000000e+000 -1.000000e+000  0.000000e+000
    outer loop
      vertex -7.460000e+002 -8.105000e+002 -2.720000e+002
      vertex -7.480216e+002 -8.105000e+002 -2.764148e+002
      vertex  5.095685e+001 -8.105000e+002 -2.764148e+002
    endloop
  endfacet
  facet normal  0.000000e+000 -1.000000e+000  0.000000e+000
    outer loop
      vertex -7.460000e+002 -8.105000e+002 -2.720000e+002
      vertex -1.547000e+003 -8.105000e+002 -2.720000e+002
      vertex -7.480216e+002 -8.105000e+002 -2.764148e+002
    endloop
  endfacet
  facet normal  0.000000e+000 -1.000000e+000  0.000000e+000
    outer loop
      vertex -1.547000e+003 -8.105000e+002 -2.720000e+002
      vertex -1.547000e+003 -8.105000e+002 -2.764148e+002
      vertex -7.480216e+002 -8.105000e+002 -2.764148e+002
    endloop
  endfacet
  facet normal -9.389254e-001 -3.441208e-001 -3.472942e-006
    outer loop
      vertex -1.652752e+003 -5.219613e+002  1.413629e+001
      vertex -1.651871e+003 -5.243637e+002  1.413629e+001
      vertex -1.779000e+003 -1.775000e+002  3.610000e+002
    endloop
  endfacet
  facet normal  9.680195e-001  1.773952e-001  1.773952e-001
    outer loop
      vertex -1.651871e+003 -5.243637e+002  1.413629e+001
      vertex -1.647173e+003 -5.500000e+002  1.413629e+001
      vertex -1.642475e+003 -5.500000e+002 -1.150000e+001
    endloop
  endfacet
  facet normal -9.396923e-001  9.157475e-008 -3.420210e-001
    outer loop
      vertex -1.705440e+003 -9.192388e+001  1.588946e+002
      vertex -1.731289e+003 -4.949747e+001  2.299153e+002
      vertex -1.718462e+003 -7.960204e-015  1.946744e+002
    endloop
  endfacet
  facet normal -9.396929e-001  1.323765e-006 -3.420195e-001
    outer loop
      vertex -1.718462e+003 -7.960204e-015  1.946744e+002
      vertex -1.731289e+003 -4.949747e+001  2.299153e+002
      vertex -1.724277e+003  1.372038e-013  2.106492e+002
    endloop
  endfacet
  facet normal -9.396929e-001  5.663317e-007 -3.420195e-001
    outer loop
      vertex -1.718462e+003 -7.960204e-015  1.946744e+002
      vertex -1.724277e+003  1.372038e-013  2.106492e+002
      vertex -1.705440e+003  9.192388e+001  1.588946e+002
    endloop
  endfacet
  facet normal -9.396921e-001 -5.361157e-007 -3.420212e-001
    outer loop
      vertex -1.705440e+003  9.192388e+001  1.588946e+002
      vertex -1.724277e+003  1.372038e-013  2.106492e+002
      vertex -1.731289e+003  4.949747e+001  2.299153e+002
    endloop
  endfacet
  facet normal -9.396927e-001  2.073777e-006 -3.420199e-001
    outer loop
      vertex -1.705440e+003  9.192388e+001  1.588946e+002
      vertex -1.731289e+003  4.949747e+001  2.299153e+002
      vertex -1.748218e+003  7.000000e+001  2.764277e+002
    endloop
  endfacet
  facet normal -9.396926e-001  2.188335e-007 -3.420200e-001
    outer loop
      vertex -1.531099e+003  7.665073e+002 -3.201028e+002
      vertex -1.555117e+003  7.009753e+002 -2.541137e+002
      vertex -1.547000e+003  8.105000e+002 -2.764148e+002
    endloop
  endfacet
  facet normal -9.396930e-001  4.822348e-007 -3.420189e-001
    outer loop
      vertex -1.547000e+003  8.105000e+002 -2.764148e+002
      vertex -1.555117e+003  7.009753e+002 -2.541137e+002
      vertex -1.571859e+003  7.177179e+002 -2.081137e+002
    endloop
  endfacet
  facet normal -9.396922e-001 -1.542092e-006 -3.420213e-001
    outer loop
      vertex -1.547000e+003  8.105000e+002 -2.764148e+002
      vertex -1.571859e+003  7.177179e+002 -2.081137e+002
      vertex -1.642475e+003  5.500000e+002 -1.409794e+001
    endloop
  endfacet
  facet normal -9.396930e-001  1.157333e-006 -3.420193e-001
    outer loop
      vertex -1.642475e+003  5.500000e+002 -1.409794e+001
      vertex -1.571859e+003  7.177179e+002 -2.081137e+002
      vertex -1.626989e+003  5.500000e+002 -5.664708e+001
    endloop
  endfacet
  facet normal -9.396930e-001 -4.822348e-007 -3.420189e-001
    outer loop
      vertex -1.571859e+003 -7.177179e+002 -2.081137e+002
      vertex -1.555117e+003 -7.009753e+002 -2.541137e+002
      vertex -1.547000e+003 -8.105000e+002 -2.764148e+002
    endloop
  endfacet
  facet normal -9.396926e-001 -2.188335e-007 -3.420200e-001
    outer loop
      vertex -1.547000e+003 -8.105000e+002 -2.764148e+002
      vertex -1.555117e+003 -7.009753e+002 -2.541137e+002
      vertex -1.531099e+003 -7.665073e+002 -3.201028e+002
    endloop
  endfacet
  facet normal -9.396927e-001 -2.073777e-006 -3.420199e-001
    outer loop
      vertex -1.748218e+003 -7.000000e+001  2.764277e+002
      vertex -1.731289e+003 -4.949747e+001  2.299153e+002
      vertex -1.705440e+003 -9.192388e+001  1.588946e+002
    endloop
  endfacet
  facet normal -9.396926e-001  3.554904e-007 -3.420203e-001
    outer loop
      vertex -1.748218e+003 -7.000000e+001  2.764277e+002
      vertex -1.705440e+003 -9.192388e+001  1.588946e+002
      vertex -1.674000e+003 -1.300000e+002  7.251437e+001
    endloop
  endfacet
  facet normal -9.396926e-001  2.161383e-007 -3.420203e-001
    outer loop
      vertex -1.748218e+003 -7.000000e+001  2.764277e+002
      vertex -1.674000e+003 -1.300000e+002  7.251437e+001
      vertex -1.652752e+003 -5.219613e+002  1.413629e+001
    endloop
  endfacet
  facet normal -9.396926e-001  2.763241e-007 -3.420204e-001
    outer loop
      vertex -1.748218e+003 -7.000000e+001  2.764277e+002
      vertex -1.652752e+003 -5.219613e+002  1.413629e+001
      vertex -1.779000e+003 -1.775000e+002  3.610000e+002
    endloop
  endfacet
  facet normal -9.396926e-001  -0.000000e+000 -3.420200e-001
    outer loop
      vertex -1.626989e+003  5.000000e+002 -5.664708e+001
      vertex -1.626989e+003  5.500000e+002 -5.664708e+001
      vertex -1.555117e+003  5.669753e+002 -2.541137e+002
    endloop
  endfacet
  facet normal -9.396926e-001  -0.000000e+000 -3.420200e-001
    outer loop
      vertex -1.626989e+003  5.000000e+002 -5.664708e+001
      vertex -1.555117e+003  5.669753e+002 -2.541137e+002
      vertex -1.555117e+003  3.410605e-013 -2.541137e+002
    endloop
  endfacet
  facet normal -9.396927e-001  7.180926e-008 -3.420202e-001
    outer loop
      vertex -1.626989e+003  5.000000e+002 -5.664708e+001
      vertex -1.555117e+003  3.410605e-013 -2.541137e+002
      vertex -1.629537e+003  2.388061e-014 -4.964568e+001
    endloop
  endfacet
  facet normal -9.396933e-001  1.032832e-007 -3.420182e-001
    outer loop
      vertex -1.626989e+003  5.000000e+002 -5.664708e+001
      vertex -1.629537e+003  2.388061e-014 -4.964568e+001
      vertex -1.642560e+003  9.192388e+001 -1.386583e+001
    endloop
  endfacet
  facet normal -9.396926e-001 -1.244174e-007 -3.420201e-001
    outer loop
      vertex -1.626989e+003  5.000000e+002 -5.664708e+001
      vertex -1.642560e+003  9.192388e+001 -1.386583e+001
      vertex -1.674000e+003  1.300000e+002  7.251437e+001
    endloop
  endfacet
  facet normal -9.396925e-001 -2.627933e-007 -3.420205e-001
    outer loop
      vertex -1.626989e+003  5.000000e+002 -5.664708e+001
      vertex -1.674000e+003  1.300000e+002  7.251437e+001
      vertex -1.652752e+003  5.000000e+002  1.413629e+001
    endloop
  endfacet
  facet normal -9.396926e-001  -0.000000e+000 -3.420201e-001
    outer loop
      vertex -1.779000e+003  1.775000e+002  3.610000e+002
      vertex -1.652752e+003  5.219613e+002  1.413629e+001
      vertex -1.652752e+003  5.000000e+002  1.413629e+001
    endloop
  endfacet
  facet normal -9.396926e-001 -2.304381e-007 -3.420203e-001
    outer loop
      vertex -1.779000e+003  1.775000e+002  3.610000e+002
      vertex -1.652752e+003  5.000000e+002  1.413629e+001
      vertex -1.674000e+003  1.300000e+002  7.251437e+001
    endloop
  endfacet
  facet normal -9.396926e-001 -2.719520e-007 -3.420203e-001
    outer loop
      vertex -1.779000e+003  1.775000e+002  3.610000e+002
      vertex -1.674000e+003  1.300000e+002  7.251437e+001
      vertex -1.748218e+003  7.000000e+001  2.764277e+002
    endloop
  endfacet
  facet normal -9.396923e-001  5.450932e-007 -3.420213e-001
    outer loop
      vertex -1.779000e+003  1.775000e+002  3.610000e+002
      vertex -1.748218e+003  7.000000e+001  2.764277e+002
      vertex -1.765147e+003  4.949747e+001  3.229401e+002
    endloop
  endfacet
  facet normal -9.396935e-001 -5.076214e-007 -3.420182e-001
    outer loop
      vertex -1.779000e+003  1.775000e+002  3.610000e+002
      vertex -1.765147e+003  4.949747e+001  3.229401e+002
      vertex -1.772160e+003 -4.286264e-015  3.422061e+002
    endloop
  endfacet
  facet normal -9.396926e-001  0.000000e+000 -3.420200e-001
    outer loop
      vertex -1.555117e+003  3.410605e-013 -2.541137e+002
      vertex -1.555117e+003 -5.669753e+002 -2.541137e+002
      vertex -1.626989e+003 -5.500000e+002 -5.664708e+001
    endloop
  endfacet
  facet normal -9.396926e-001  0.000000e+000 -3.420200e-001
    outer loop
      vertex -1.555117e+003  3.410605e-013 -2.541137e+002
      vertex -1.626989e+003 -5.500000e+002 -5.664708e+001
      vertex -1.626989e+003 -5.000000e+002 -5.664708e+001
    endloop
  endfacet
  facet normal -9.396926e-001 -1.685381e-007 -3.420204e-001
    outer loop
      vertex -1.555117e+003  3.410605e-013 -2.541137e+002
      vertex -1.626989e+003 -5.000000e+002 -5.664708e+001
      vertex -1.652752e+003 -5.000000e+002  1.413629e+001
    endloop
  endfacet
  facet normal -9.396928e-001  1.571821e-007 -3.420199e-001
    outer loop
      vertex -1.555117e+003  3.410605e-013 -2.541137e+002
      vertex -1.652752e+003 -5.000000e+002  1.413629e+001
      vertex -1.674000e+003 -1.300000e+002  7.251437e+001
    endloop
  endfacet
  facet normal -9.396933e-001  6.080785e-006 -3.420181e-001
    outer loop
      vertex -1.555117e+003  3.410605e-013 -2.541137e+002
      vertex -1.674000e+003 -1.300000e+002  7.251437e+001
      vertex -1.642560e+003 -9.192388e+001 -1.386583e+001
    endloop
  endfacet
  facet normal -9.396926e-001 -9.764771e-007 -3.420202e-001
    outer loop
      vertex -1.555117e+003  3.410605e-013 -2.541137e+002
      vertex -1.642560e+003 -9.192388e+001 -1.386583e+001
      vertex -1.629537e+003  2.388061e-014 -4.964568e+001
    endloop
  endfacet
  facet normal -9.396918e-001  -0.000000e+000 -3.420224e-001
    outer loop
      vertex -1.779000e+003 -1.775000e+002  3.610000e+002
      vertex -1.779000e+003  1.775000e+002  3.610000e+002
      vertex -1.772160e+003 -4.286264e-015  3.422061e+002
    endloop
  endfacet
  facet normal -9.396935e-001  5.109176e-007 -3.420182e-001
    outer loop
      vertex -1.779000e+003 -1.775000e+002  3.610000e+002
      vertex -1.772160e+003 -4.286264e-015  3.422061e+002
      vertex -1.765147e+003 -4.949747e+001  3.229401e+002
    endloop
  endfacet
  facet normal -9.396923e-001 -5.365761e-007 -3.420213e-001
    outer loop
      vertex -1.779000e+003 -1.775000e+002  3.610000e+002
      vertex -1.765147e+003 -4.949747e+001  3.229401e+002
      vertex -1.748218e+003 -7.000000e+001  2.764277e+002
    endloop
  endfacet
  facet normal -9.396929e-001 -1.016408e-005 -3.420192e-001
    outer loop
      vertex -1.642475e+003 -5.500000e+002 -1.409794e+001
      vertex -1.626989e+003 -5.500000e+002 -5.664708e+001
      vertex -1.555117e+003 -5.669753e+002 -2.541137e+002
    endloop
  endfacet
  facet normal -9.396927e-001 -2.963704e-006 -3.420197e-001
    outer loop
      vertex -1.642475e+003 -5.500000e+002 -1.409794e+001
      vertex -1.555117e+003 -5.669753e+002 -2.541137e+002
      vertex -1.571859e+003 -5.837179e+002 -2.081137e+002
    endloop
  endfacet
  facet normal -9.396926e-001  -0.000000e+000 -3.420201e-001
    outer loop
      vertex -1.642475e+003 -5.500000e+002 -1.409794e+001
      vertex -1.571859e+003 -5.837179e+002 -2.081137e+002
      vertex -1.571859e+003 -7.177179e+002 -2.081137e+002
    endloop
  endfacet
  facet normal -9.396922e-001  1.542092e-006 -3.420213e-001
    outer loop
      vertex -1.642475e+003 -5.500000e+002 -1.409794e+001
      vertex -1.571859e+003 -7.177179e+002 -2.081137e+002
      vertex -1.547000e+003 -8.105000e+002 -2.764148e+002
    endloop
  endfacet
  facet normal -9.396925e-001  0.000000e+000 -3.420204e-001
    outer loop
      vertex -1.571859e+003  5.837179e+002 -2.081137e+002
      vertex -1.626989e+003  5.500000e+002 -5.664708e+001
      vertex -1.571859e+003  7.177179e+002 -2.081137e+002
    endloop
  endfacet
  facet normal -9.396928e-001  3.199626e-006 -3.420198e-001
    outer loop
      vertex -1.571859e+003  5.837179e+002 -2.081137e+002
      vertex -1.555117e+003  5.669753e+002 -2.541137e+002
      vertex -1.626989e+003  5.500000e+002 -5.664708e+001
    endloop
  endfacet
  facet normal -9.396926e-001 -5.332357e-007 -3.420203e-001
    outer loop
      vertex -1.748218e+003  7.000000e+001  2.764277e+002
      vertex -1.674000e+003  1.300000e+002  7.251437e+001
      vertex -1.705440e+003  9.192388e+001  1.588946e+002
    endloop
  endfacet
  facet normal -9.396931e-001  -0.000000e+000 -3.420190e-001
    outer loop
      vertex -1.674000e+003 -1.300000e+002  7.251437e+001
      vertex -1.652752e+003 -5.000000e+002  1.413629e+001
      vertex -1.652752e+003 -5.219613e+002  1.413629e+001
    endloop
  endfacet
  facet normal -9.389243e-001  3.441237e-001  0.000000e+000
    outer loop
      vertex -1.547000e+003  8.105000e+002 -2.720000e+002
      vertex -1.547000e+003  8.105000e+002 -2.764148e+002
      vertex -1.642475e+003  5.500000e+002 -1.150000e+001
    endloop
  endfacet
  facet normal -9.389243e-001  3.441237e-001  0.000000e+000
    outer loop
      vertex -1.547000e+003  8.105000e+002 -2.764148e+002
      vertex -1.642475e+003  5.500000e+002 -1.409794e+001
      vertex -1.642475e+003  5.500000e+002 -1.150000e+001
    endloop
  endfacet
  facet normal  0.000000e+000 -7.095597e-001 -7.046455e-001
    outer loop
      vertex -1.555117e+003  7.009753e+002 -2.541137e+002
      vertex -1.531099e+003  7.665073e+002 -3.201028e+002
      vertex -7.921335e+002  7.009753e+002 -2.541137e+002
    endloop
  endfacet
  facet normal  0.000000e+000 -7.095597e-001 -7.046453e-001
    outer loop
      vertex -7.921335e+002  7.009753e+002 -2.541137e+002
      vertex -1.531099e+003  7.665073e+002 -3.201028e+002
      vertex -7.801245e+002  7.665073e+002 -3.201028e+002
    endloop
  endfacet
  facet normal  0.000000e+000 -7.095596e-001 -7.046453e-001
    outer loop
      vertex -7.921335e+002  7.009753e+002 -2.541137e+002
      vertex -7.801245e+002  7.665073e+002 -3.201028e+002
      vertex -2.915000e+001  7.009753e+002 -2.541137e+002
    endloop
  endfacet
  facet normal  0.000000e+000 -7.095597e-001 -7.046453e-001
    outer loop
      vertex -2.915000e+001  7.009753e+002 -2.541137e+002
      vertex -7.801245e+002  7.665073e+002 -3.201028e+002
      vertex -2.915000e+001  7.665073e+002 -3.201028e+002
    endloop
  endfacet
  facet normal -7.071068e-001 -7.071068e-001  8.599476e-007
    outer loop
      vertex -1.571859e+003  5.837179e+002 -2.081137e+002
      vertex -1.659142e+003  6.710000e+002 -2.081137e+002
      vertex -1.555117e+003  5.669753e+002 -2.541137e+002
    endloop
  endfacet
  facet normal -7.071070e-001 -7.071066e-001  0.000000e+000
    outer loop
      vertex -1.659142e+003  6.710000e+002 -2.081137e+002
      vertex -1.659142e+003  6.710000e+002 -2.541137e+002
      vertex -1.555117e+003  5.669753e+002 -2.541137e+002
    endloop
  endfacet
  facet normal  7.071068e-001 -7.071068e-001  0.000000e+000
    outer loop
      vertex -1.592142e+003 -7.380000e+002 -2.081137e+002
      vertex -1.592142e+003 -7.380000e+002 -2.541137e+002
      vertex -1.571859e+003 -7.177179e+002 -2.081137e+002
    endloop
  endfacet
  facet normal  7.071074e-001 -7.071062e-001 -5.068107e-007
    outer loop
      vertex -1.571859e+003 -7.177179e+002 -2.081137e+002
      vertex -1.592142e+003 -7.380000e+002 -2.541137e+002
      vertex -1.555117e+003 -7.009753e+002 -2.541137e+002
    endloop
  endfacet
  facet normal -9.389254e-001  3.441208e-001 -3.472942e-006
    outer loop
      vertex -1.651871e+003  5.243637e+002  1.413629e+001
      vertex -1.652752e+003  5.219613e+002  1.413629e+001
      vertex -1.779000e+003  1.775000e+002  3.610000e+002
    endloop
  endfacet
  facet normal  0.000000e+000 -1.000000e+000  0.000000e+000
    outer loop
      vertex -1.673250e+003  5.000000e+002 -3.911372e+001
      vertex -1.626989e+003  5.000000e+002 -5.664708e+001
      vertex -1.673250e+003  5.000000e+002  1.413629e+001
    endloop
  endfacet
  facet normal  0.000000e+000 -1.000000e+000  0.000000e+000
    outer loop
      vertex -1.673250e+003  5.000000e+002  1.413629e+001
      vertex -1.626989e+003  5.000000e+002 -5.664708e+001
      vertex -1.652752e+003  5.000000e+002  1.413629e+001
    endloop
  endfacet
  facet normal  0.000000e+000 -1.000000e+000  -0.000000e+000
    outer loop
      vertex  2.453604e+003 -1.061428e+002  2.604576e+002
      vertex  2.453604e+003 -1.061428e+002  4.314576e+002
      vertex  2.423604e+003 -1.061428e+002  2.604576e+002
    endloop
  endfacet
  facet normal  0.000000e+000 -1.000000e+000  0.000000e+000
    outer loop
      vertex  2.453604e+003 -1.061428e+002  4.314576e+002
      vertex  2.423604e+003 -1.061428e+002  4.314576e+002
      vertex  2.423604e+003 -1.061428e+002  2.604576e+002
    endloop
  endfacet
  facet normal  0.000000e+000  7.095597e-001 -7.046453e-001
    outer loop
      vertex  2.915000e+001 -7.009753e+002 -2.541137e+002
      vertex  5.300897e+002 -7.009753e+002 -2.541137e+002
      vertex  2.915000e+001 -7.665073e+002 -3.201028e+002
    endloop
  endfacet
  facet normal  0.000000e+000  7.095597e-001 -7.046454e-001
    outer loop
      vertex  5.300897e+002 -7.009753e+002 -2.541137e+002
      vertex  8.503538e+002 -7.665073e+002 -3.201028e+002
      vertex  2.915000e+001 -7.665073e+002 -3.201028e+002
    endloop
  endfacet
  facet normal  0.000000e+000  7.095596e-001 -7.046453e-001
    outer loop
      vertex  5.300897e+002 -7.009753e+002 -2.541137e+002
      vertex  1.031029e+003 -7.009753e+002 -2.541137e+002
      vertex  8.503538e+002 -7.665073e+002 -3.201028e+002
    endloop
  endfacet
  facet normal  0.000000e+000 -9.999999e-001  0.000000e+000
    outer loop
      vertex -2.915000e+001  4.820000e+002 -2.541137e+002
      vertex -2.915000e+001  4.820000e+002 -2.710852e+002
      vertex  2.915000e+001  4.820000e+002 -2.541137e+002
    endloop
  endfacet
  facet normal  0.000000e+000 -9.999999e-001  0.000000e+000
    outer loop
      vertex  2.915000e+001  4.820000e+002 -2.541137e+002
      vertex -2.915000e+001  4.820000e+002 -2.710852e+002
      vertex  2.915000e+001  4.820000e+002 -2.710852e+002
    endloop
  endfacet
  facet normal  0.000000e+000  1.000000e+000  0.000000e+000
    outer loop
      vertex -8.322000e+002  4.848000e+002 -2.541137e+002
      vertex -7.722000e+002  4.848000e+002 -2.541137e+002
      vertex -7.722000e+002  4.848000e+002 -2.741137e+002
    endloop
  endfacet
  facet normal  0.000000e+000 -1.000000e+000  0.000000e+000
    outer loop
      vertex -9.832000e+002  4.848000e+002 -2.341137e+002
      vertex -9.832000e+002  4.848000e+002 -2.541137e+002
      vertex -8.922000e+002  4.848000e+002 -2.341137e+002
    endloop
  endfacet
  facet normal  0.000000e+000 -1.000000e+000  0.000000e+000
    outer loop
      vertex -8.922000e+002  4.848000e+002 -2.341137e+002
      vertex -9.832000e+002  4.848000e+002 -2.541137e+002
      vertex -8.322000e+002  4.848000e+002 -2.541137e+002
    endloop
  endfacet
  facet normal  1.000000e+000  0.000000e+000  0.000000e+000
    outer loop
      vertex -9.832000e+002  3.748000e+002 -2.341137e+002
      vertex -9.832000e+002  3.748000e+002 -2.541137e+002
      vertex -9.832000e+002  4.848000e+002 -2.341137e+002
    endloop
  endfacet
  facet normal  1.000000e+000  0.000000e+000  0.000000e+000
    outer loop
      vertex -9.832000e+002  4.848000e+002 -2.341137e+002
      vertex -9.832000e+002  3.748000e+002 -2.541137e+002
      vertex -9.832000e+002  4.848000e+002 -2.541137e+002
    endloop
  endfacet
  facet normal  0.000000e+000  1.000000e+000  0.000000e+000
    outer loop
      vertex -8.922000e+002  3.748000e+002 -2.341137e+002
      vertex -8.322000e+002  3.748000e+002 -2.541137e+002
      vertex -9.832000e+002  3.748000e+002 -2.341137e+002
    endloop
  endfacet
  facet normal  0.000000e+000  1.000000e+000  0.000000e+000
    outer loop
      vertex -9.832000e+002  3.748000e+002 -2.341137e+002
      vertex -8.322000e+002  3.748000e+002 -2.541137e+002
      vertex -9.832000e+002  3.748000e+002 -2.541137e+002
    endloop
  endfacet
  facet normal  0.000000e+000 -1.000000e+000  0.000000e+000
    outer loop
      vertex -7.722000e+002  3.748000e+002 -2.541137e+002
      vertex -8.322000e+002  3.748000e+002 -2.541137e+002
      vertex -7.722000e+002  3.748000e+002 -2.741137e+002
    endloop
  endfacet
  facet normal  1.000000e+000  -0.000000e+000  0.000000e+000
    outer loop
      vertex -7.722000e+002  4.848000e+002 -2.541137e+002
      vertex -7.722000e+002  3.748000e+002 -2.541137e+002
      vertex -7.722000e+002  4.848000e+002 -2.741137e+002
    endloop
  endfacet
  facet normal  1.000000e+000  0.000000e+000  0.000000e+000
    outer loop
      vertex -7.722000e+002  3.748000e+002 -2.541137e+002
      vertex -7.722000e+002  3.748000e+002 -2.741137e+002
      vertex -7.722000e+002  4.848000e+002 -2.741137e+002
    endloop
  endfacet
  facet normal  0.000000e+000  1.000000e+000  0.000000e+000
    outer loop
      vertex  2.326000e+002  4.848000e+002 -2.541137e+002
      vertex  2.926000e+002  4.848000e+002 -2.541137e+002
      vertex  2.926000e+002  4.848000e+002 -2.741137e+002
    endloop
  endfacet
  facet normal  0.000000e+000 -1.000000e+000  0.000000e+000
    outer loop
      vertex  8.160000e+001  4.848000e+002 -2.341137e+002
      vertex  8.160000e+001  4.848000e+002 -2.541137e+002
      vertex  1.726000e+002  4.848000e+002 -2.341137e+002
    endloop
  endfacet
  facet normal  0.000000e+000 -1.000000e+000  0.000000e+000
    outer loop
      vertex  1.726000e+002  4.848000e+002 -2.341137e+002
      vertex  8.160000e+001  4.848000e+002 -2.541137e+002
      vertex  2.326000e+002  4.848000e+002 -2.541137e+002
    endloop
  endfacet
  facet normal  1.000000e+000  0.000000e+000  0.000000e+000
    outer loop
      vertex  8.160000e+001  3.748000e+002 -2.341137e+002
      vertex  8.160000e+001  3.748000e+002 -2.541137e+002
      vertex  8.160000e+001  4.848000e+002 -2.341137e+002
    endloop
  endfacet
  facet normal  1.000000e+000  0.000000e+000  0.000000e+000
    outer loop
      vertex  8.160000e+001  4.848000e+002 -2.341137e+002
      vertex  8.160000e+001  3.748000e+002 -2.541137e+002
      vertex  8.160000e+001  4.848000e+002 -2.541137e+002
    endloop
  endfacet
  facet normal  0.000000e+000  1.000000e+000  0.000000e+000
    outer loop
      vertex  1.726000e+002  3.748000e+002 -2.341137e+002
      vertex  2.326000e+002  3.748000e+002 -2.541137e+002
      vertex  8.160000e+001  3.748000e+002 -2.341137e+002
    endloop
  endfacet
  facet normal  0.000000e+000  1.000000e+000  0.000000e+000
    outer loop
      vertex  8.160000e+001  3.748000e+002 -2.341137e+002
      vertex  2.326000e+002  3.748000e+002 -2.541137e+002
      vertex  8.160000e+001  3.748000e+002 -2.541137e+002
    endloop
  endfacet
  facet normal  0.000000e+000 -1.000000e+000  0.000000e+000
    outer loop
      vertex  2.926000e+002  3.748000e+002 -2.541137e+002
      vertex  2.326000e+002  3.748000e+002 -2.541137e+002
      vertex  2.926000e+002  3.748000e+002 -2.741137e+002
    endloop
  endfacet
  facet normal  1.000000e+000  -0.000000e+000  0.000000e+000
    outer loop
      vertex  2.926000e+002  4.848000e+002 -2.541137e+002
      vertex  2.926000e+002  3.748000e+002 -2.541137e+002
      vertex  2.926000e+002  4.848000e+002 -2.741137e+002
    endloop
  endfacet
  facet normal  1.000000e+000  0.000000e+000  0.000000e+000
    outer loop
      vertex  2.926000e+002  3.748000e+002 -2.541137e+002
      vertex  2.926000e+002  3.748000e+002 -2.741137e+002
      vertex  2.926000e+002  4.848000e+002 -2.741137e+002
    endloop
  endfacet
  facet normal  0.000000e+000 -5.000001e-001 -8.660253e-001
    outer loop
      vertex  2.915000e+001  6.413981e+002 -3.631137e+002
      vertex  2.915000e+001  4.820000e+002 -2.710852e+002
      vertex -2.915000e+001  6.413981e+002 -3.631137e+002
    endloop
  endfacet
  facet normal  0.000000e+000 -5.000001e-001 -8.660253e-001
    outer loop
      vertex  2.915000e+001  4.820000e+002 -2.710852e+002
      vertex -2.915000e+001  4.820000e+002 -2.710852e+002
      vertex -2.915000e+001  6.413981e+002 -3.631137e+002
    endloop
  endfacet
  facet normal  -0.000000e+000  0.000000e+000 -1.000000e+000
    outer loop
      vertex -9.832000e+002  4.848000e+002 -2.341137e+002
      vertex -8.922000e+002  4.848000e+002 -2.341137e+002
      vertex -9.832000e+002  3.748000e+002 -2.341137e+002
    endloop
  endfacet
  facet normal  0.000000e+000  -0.000000e+000 -1.000000e+000
    outer loop
      vertex -9.832000e+002  3.748000e+002 -2.341137e+002
      vertex -8.922000e+002  4.848000e+002 -2.341137e+002
      vertex -8.922000e+002  3.748000e+002 -2.341137e+002
    endloop
  endfacet
  facet normal  -0.000000e+000  0.000000e+000 -1.000000e+000
    outer loop
      vertex  8.160000e+001  4.848000e+002 -2.341137e+002
      vertex  1.726000e+002  4.848000e+002 -2.341137e+002
      vertex  8.160000e+001  3.748000e+002 -2.341137e+002
    endloop
  endfacet
  facet normal  0.000000e+000  -0.000000e+000 -1.000000e+000
    outer loop
      vertex  8.160000e+001  3.748000e+002 -2.341137e+002
      vertex  1.726000e+002  4.848000e+002 -2.341137e+002
      vertex  1.726000e+002  3.748000e+002 -2.341137e+002
    endloop
  endfacet
  facet normal  0.000000e+000  0.000000e+000 -1.000000e+000
    outer loop
      vertex  2.915000e+001  8.390000e+002 -3.631137e+002
      vertex  2.915000e+001  6.413981e+002 -3.631137e+002
      vertex  1.250000e+001  8.240000e+002 -3.631137e+002
    endloop
  endfacet
  facet normal  0.000000e+000  0.000000e+000 -1.000000e+000
    outer loop
      vertex  2.915000e+001  8.390000e+002 -3.631137e+002
      vertex  1.250000e+001  8.240000e+002 -3.631137e+002
      vertex  8.838835e+000  8.328388e+002 -3.631137e+002
    endloop
  endfacet
  facet normal  0.000000e+000  0.000000e+000 -1.000000e+000
    outer loop
      vertex  2.915000e+001  8.390000e+002 -3.631137e+002
      vertex  8.838835e+000  8.328388e+002 -3.631137e+002
      vertex -5.726152e-015  8.365000e+002 -3.631137e+002
    endloop
  endfacet
  facet normal  0.000000e+000  0.000000e+000 -1.000000e+000
    outer loop
      vertex  2.915000e+001  8.390000e+002 -3.631137e+002
      vertex -5.726152e-015  8.365000e+002 -3.631137e+002
      vertex -2.915000e+001  8.390000e+002 -3.631137e+002
    endloop
  endfacet
  facet normal  0.000000e+000  -0.000000e+000 -1.000000e+000
    outer loop
      vertex -2.915000e+001  6.413981e+002 -3.631137e+002
      vertex -1.250000e+001  8.240000e+002 -3.631137e+002
      vertex -8.838835e+000  8.151612e+002 -3.631137e+002
    endloop
  endfacet
  facet normal  0.000000e+000  -0.000000e+000 -1.000000e+000
    outer loop
      vertex -2.915000e+001  6.413981e+002 -3.631137e+002
      vertex -8.838835e+000  8.151612e+002 -3.631137e+002
      vertex -1.133727e-015  8.115000e+002 -3.631137e+002
    endloop
  endfacet
  facet normal  0.000000e+000  -0.000000e+000 -1.000000e+000
    outer loop
      vertex -2.915000e+001  6.413981e+002 -3.631137e+002
      vertex -1.133727e-015  8.115000e+002 -3.631137e+002
      vertex  2.915000e+001  6.413981e+002 -3.631137e+002
    endloop
  endfacet
  facet normal  -0.000000e+000  0.000000e+000 -1.000000e+000
    outer loop
      vertex -2.915000e+001  8.390000e+002 -3.631137e+002
      vertex -5.726152e-015  8.365000e+002 -3.631137e+002
      vertex -8.838835e+000  8.328388e+002 -3.631137e+002
    endloop
  endfacet
  facet normal  -0.000000e+000  0.000000e+000 -1.000000e+000
    outer loop
      vertex -2.915000e+001  8.390000e+002 -3.631137e+002
      vertex -8.838835e+000  8.328388e+002 -3.631137e+002
      vertex -1.250000e+001  8.240000e+002 -3.631137e+002
    endloop
  endfacet
  facet normal  -0.000000e+000  0.000000e+000 -1.000000e+000
    outer loop
      vertex -2.915000e+001  8.390000e+002 -3.631137e+002
      vertex -1.250000e+001  8.240000e+002 -3.631137e+002
      vertex -2.915000e+001  6.413981e+002 -3.631137e+002
    endloop
  endfacet
  facet normal  0.000000e+000  0.000000e+000 -1.000000e+000
    outer loop
      vertex  2.915000e+001  6.413981e+002 -3.631137e+002
      vertex  8.838835e+000  8.151612e+002 -3.631137e+002
      vertex  1.250000e+001  8.240000e+002 -3.631137e+002
    endloop
  endfacet
  facet normal  0.000000e+000  0.000000e+000 -1.000000e+000
    outer loop
      vertex  2.915000e+001  6.413981e+002 -3.631137e+002
      vertex -1.133727e-015  8.115000e+002 -3.631137e+002
      vertex  8.838835e+000  8.151612e+002 -3.631137e+002
    endloop
  endfacet
  facet normal  0.000000e+000  1.000000e+000  0.000000e+000
    outer loop
      vertex -2.915000e+001  8.390000e+002 -3.631137e+002
      vertex -2.915000e+001  8.390000e+002 -3.201028e+002
      vertex  2.915000e+001  8.390000e+002 -3.631137e+002
    endloop
  endfacet
  facet normal  -0.000000e+000  1.000000e+000  0.000000e+000
    outer loop
      vertex  2.915000e+001  8.390000e+002 -3.631137e+002
      vertex -2.915000e+001  8.390000e+002 -3.201028e+002
      vertex  2.915000e+001  8.390000e+002 -3.201028e+002
    endloop
  endfacet
  facet normal  0.000000e+000  -0.000000e+000  1.000000e+000
    outer loop
      vertex -2.915000e+001  7.665073e+002 -3.201028e+002
      vertex  2.915000e+001  7.665073e+002 -3.201028e+002
      vertex  2.915000e+001  8.390000e+002 -3.201028e+002
    endloop
  endfacet
  facet normal  0.000000e+000  0.000000e+000  1.000000e+000
    outer loop
      vertex -2.915000e+001  7.665073e+002 -3.201028e+002
      vertex  2.915000e+001  8.390000e+002 -3.201028e+002
      vertex  8.838835e+000  8.151612e+002 -3.201028e+002
    endloop
  endfacet
  facet normal  0.000000e+000  0.000000e+000  1.000000e+000
    outer loop
      vertex -2.915000e+001  7.665073e+002 -3.201028e+002
      vertex  8.838835e+000  8.151612e+002 -3.201028e+002
      vertex -1.339844e-014  8.115000e+002 -3.201028e+002
    endloop
  endfacet
  facet normal  0.000000e+000  0.000000e+000  1.000000e+000
    outer loop
      vertex -2.915000e+001  7.665073e+002 -3.201028e+002
      vertex -1.339844e-014  8.115000e+002 -3.201028e+002
      vertex -8.838835e+000  8.151612e+002 -3.201028e+002
    endloop
  endfacet
  facet normal  0.000000e+000  0.000000e+000  1.000000e+000
    outer loop
      vertex -2.915000e+001  7.665073e+002 -3.201028e+002
      vertex -8.838835e+000  8.151612e+002 -3.201028e+002
      vertex -2.915000e+001  8.390000e+002 -3.201028e+002
    endloop
  endfacet
  facet normal  0.000000e+000  0.000000e+000  1.000000e+000
    outer loop
      vertex -2.915000e+001  8.390000e+002 -3.201028e+002
      vertex -8.838835e+000  8.151612e+002 -3.201028e+002
      vertex -1.250000e+001  8.240000e+002 -3.201028e+002
    endloop
  endfacet
  facet normal  0.000000e+000  -0.000000e+000  1.000000e+000
    outer loop
      vertex -2.915000e+001  8.390000e+002 -3.201028e+002
      vertex -1.250000e+001  8.240000e+002 -3.201028e+002
      vertex -8.838835e+000  8.328388e+002 -3.201028e+002
    endloop
  endfacet
  facet normal  0.000000e+000  -0.000000e+000  1.000000e+000
    outer loop
      vertex -2.915000e+001  8.390000e+002 -3.201028e+002
      vertex -8.838835e+000  8.328388e+002 -3.201028e+002
      vertex -7.321156e-012  8.365000e+002 -3.201028e+002
    endloop
  endfacet
  facet normal  0.000000e+000  -0.000000e+000  1.000000e+000
    outer loop
      vertex -2.915000e+001  8.390000e+002 -3.201028e+002
      vertex -7.321156e-012  8.365000e+002 -3.201028e+002
      vertex  2.915000e+001  8.390000e+002 -3.201028e+002
    endloop
  endfacet
  facet normal  -0.000000e+000  0.000000e+000  1.000000e+000
    outer loop
      vertex  2.915000e+001  8.390000e+002 -3.201028e+002
      vertex -7.321156e-012  8.365000e+002 -3.201028e+002
      vertex  8.838835e+000  8.328388e+002 -3.201028e+002
    endloop
  endfacet
  facet normal  -0.000000e+000  0.000000e+000  1.000000e+000
    outer loop
      vertex  2.915000e+001  8.390000e+002 -3.201028e+002
      vertex  8.838835e+000  8.328388e+002 -3.201028e+002
      vertex  1.250000e+001  8.240000e+002 -3.201028e+002
    endloop
  endfacet
  facet normal  -0.000000e+000  0.000000e+000  1.000000e+000
    outer loop
      vertex  2.915000e+001  8.390000e+002 -3.201028e+002
      vertex  1.250000e+001  8.240000e+002 -3.201028e+002
      vertex  8.838835e+000  8.151612e+002 -3.201028e+002
    endloop
  endfacet
  facet normal  0.000000e+000  9.999999e-001  0.000000e+000
    outer loop
      vertex  2.219577e+003  1.775000e+002  3.610000e+002
      vertex  1.416789e+003  1.775000e+002  3.610000e+002
      vertex  2.219577e+003  1.775000e+002  3.760000e+002
    endloop
  endfacet
  facet normal  -0.000000e+000  9.999999e-001  0.000000e+000
    outer loop
      vertex  1.416789e+003  1.775000e+002  3.610000e+002
      vertex  1.416789e+003  1.775000e+002  3.760000e+002
      vertex  2.219577e+003  1.775000e+002  3.760000e+002
    endloop
  endfacet
  facet normal  0.000000e+000  9.999999e-001  0.000000e+000
    outer loop
      vertex  1.416789e+003  1.775000e+002  3.610000e+002
      vertex  6.140000e+002  1.775000e+002  3.610000e+002
      vertex  1.416789e+003  1.775000e+002  3.760000e+002
    endloop
  endfacet
  facet normal  -0.000000e+000  9.999999e-001  0.000000e+000
    outer loop
      vertex  6.140000e+002  1.775000e+002  3.610000e+002
      vertex  6.140000e+002  1.775000e+002  3.760000e+002
      vertex  1.416789e+003  1.775000e+002  3.760000e+002
    endloop
  endfacet
  facet normal  0.000000e+000  0.000000e+000  1.000000e+000
    outer loop
      vertex  4.440000e+002  1.105000e+002  3.610000e+002
      vertex  6.140000e+002  1.105000e+002  3.610000e+002
      vertex  4.440000e+002  1.775000e+002  3.610000e+002
    endloop
  endfacet
  facet normal  0.000000e+000  -0.000000e+000  1.000000e+000
    outer loop
      vertex  4.440000e+002  1.775000e+002  3.610000e+002
      vertex  6.140000e+002  1.105000e+002  3.610000e+002
      vertex  6.140000e+002  1.775000e+002  3.610000e+002
    endloop
  endfacet
  facet normal  0.000000e+000  1.000000e+000  0.000000e+000
    outer loop
      vertex  3.100000e+002  1.775000e+002  3.760000e+002
      vertex  4.440000e+002  1.775000e+002  3.760000e+002
      vertex  3.100000e+002  1.775000e+002  3.610000e+002
    endloop
  endfacet
  facet normal  0.000000e+000  1.000000e+000  -0.000000e+000
    outer loop
      vertex  4.440000e+002  1.775000e+002  3.760000e+002
      vertex  4.440000e+002  1.775000e+002  3.610000e+002
      vertex  3.100000e+002  1.775000e+002  3.610000e+002
    endloop
  endfacet
  facet normal  0.000000e+000  9.999999e-001  0.000000e+000
    outer loop
      vertex  1.700000e+002  1.775000e+002  3.610000e+002
      vertex -5.585000e+002  1.775000e+002  3.610000e+002
      vertex  1.700000e+002  1.775000e+002  3.760000e+002
    endloop
  endfacet
  facet normal  -0.000000e+000  9.999999e-001  0.000000e+000
    outer loop
      vertex -5.585000e+002  1.775000e+002  3.610000e+002
      vertex -5.585000e+002  1.775000e+002  3.760000e+002
      vertex  1.700000e+002  1.775000e+002  3.760000e+002
    endloop
  endfacet
  facet normal  0.000000e+000  9.999999e-001  0.000000e+000
    outer loop
      vertex -5.585000e+002  1.775000e+002  3.610000e+002
      vertex -1.287000e+003  1.775000e+002  3.610000e+002
      vertex -5.585000e+002  1.775000e+002  3.760000e+002
    endloop
  endfacet
  facet normal  -0.000000e+000  9.999999e-001  0.000000e+000
    outer loop
      vertex -1.287000e+003  1.775000e+002  3.610000e+002
      vertex -1.287000e+003  1.775000e+002  3.760000e+002
      vertex -5.585000e+002  1.775000e+002  3.760000e+002
    endloop
  endfacet
  facet normal  0.000000e+000  1.000000e+000  0.000000e+000
    outer loop
      vertex -1.779000e+003  1.775000e+002  3.810000e+002
      vertex -1.337000e+003  1.775000e+002  3.810000e+002
      vertex -1.779000e+003  1.775000e+002  3.610000e+002
    endloop
  endfacet
  facet normal  0.000000e+000  1.000000e+000  -0.000000e+000
    outer loop
      vertex -1.337000e+003  1.775000e+002  3.810000e+002
      vertex -1.337000e+003  1.775000e+002  3.610000e+002
      vertex -1.779000e+003  1.775000e+002  3.610000e+002
    endloop
  endfacet
  facet normal  1.000000e+000  0.000000e+000  0.000000e+000
    outer loop
      vertex -9.700000e+001  3.365990e+002  2.019010e+002
      vertex -9.700000e+001  3.443772e+002  2.096792e+002
      vertex -9.700000e+001  2.199264e+002  3.185736e+002
    endloop
  endfacet
  facet normal  9.999999e-001  0.000000e+000  0.000000e+000
    outer loop
      vertex -9.700000e+001  2.199264e+002  3.185736e+002
      vertex -9.700000e+001  3.443772e+002  2.096792e+002
      vertex -9.700000e+001  2.277046e+002  3.263518e+002
    endloop
  endfacet
  facet normal  0.000000e+000  7.071075e-001 -7.071061e-001
    outer loop
      vertex -9.700000e+001  3.443772e+002  2.096792e+002
      vertex -9.700000e+001  3.365990e+002  2.019010e+002
      vertex -3.170000e+002  3.443772e+002  2.096792e+002
    endloop
  endfacet
  facet normal  0.000000e+000  7.071075e-001 -7.071061e-001
    outer loop
      vertex -3.170000e+002  3.443772e+002  2.096792e+002
      vertex -9.700000e+001  3.365990e+002  2.019010e+002
      vertex -3.170000e+002  3.365990e+002  2.019010e+002
    endloop
  endfacet
  facet normal -9.999999e-001  0.000000e+000  0.000000e+000
    outer loop
      vertex -3.170000e+002  3.443772e+002  2.096792e+002
      vertex -3.170000e+002  3.365990e+002  2.019010e+002
      vertex -3.170000e+002  2.277046e+002  3.263518e+002
    endloop
  endfacet
  facet normal -9.999999e-001  0.000000e+000  0.000000e+000
    outer loop
      vertex -3.170000e+002  2.277046e+002  3.263518e+002
      vertex -3.170000e+002  3.365990e+002  2.019010e+002
      vertex -3.170000e+002  2.199264e+002  3.185736e+002
    endloop
  endfacet
  facet normal  0.000000e+000 -7.071081e-001  7.071053e-001
    outer loop
      vertex -3.170000e+002  2.277046e+002  3.263518e+002
      vertex -3.170000e+002  2.199264e+002  3.185736e+002
      vertex -9.700000e+001  2.277046e+002  3.263518e+002
    endloop
  endfacet
  facet normal  0.000000e+000 -7.071081e-001  7.071053e-001
    outer loop
      vertex -9.700000e+001  2.277046e+002  3.263518e+002
      vertex -3.170000e+002  2.199264e+002  3.185736e+002
      vertex -9.700000e+001  2.199264e+002  3.185736e+002
    endloop
  endfacet
  facet normal -1.000000e+000  -0.000000e+000  0.000000e+000
    outer loop
      vertex  6.140000e+002  1.105000e+002  3.760000e+002
      vertex  6.140000e+002  1.775000e+002  3.760000e+002
      vertex  6.140000e+002  1.105000e+002  3.610000e+002
    endloop
  endfacet
  facet normal -1.000000e+000  0.000000e+000  0.000000e+000
    outer loop
      vertex  6.140000e+002  1.775000e+002  3.760000e+002
      vertex  6.140000e+002  1.775000e+002  3.610000e+002
      vertex  6.140000e+002  1.105000e+002  3.610000e+002
    endloop
  endfacet
  facet normal -1.000000e+000  0.000000e+000  0.000000e+000
    outer loop
      vertex  3.100000e+002  1.775000e+002  3.760000e+002
      vertex  3.100000e+002  1.775000e+002  3.610000e+002
      vertex  3.100000e+002  1.575000e+002  3.760000e+002
    endloop
  endfacet
  facet normal -1.000000e+000  0.000000e+000  0.000000e+000
    outer loop
      vertex  3.100000e+002  1.575000e+002  3.760000e+002
      vertex  3.100000e+002  1.775000e+002  3.610000e+002
      vertex  3.100000e+002  1.575000e+002  3.610000e+002
    endloop
  endfacet
  facet normal -1.000000e+000  0.000000e+000  0.000000e+000
    outer loop
      vertex -1.287000e+003  1.775000e+002  3.760000e+002
      vertex -1.287000e+003  1.775000e+002  3.610000e+002
      vertex -1.287000e+003 -1.775000e+002  3.760000e+002
    endloop
  endfacet
  facet normal -1.000000e+000  0.000000e+000  0.000000e+000
    outer loop
      vertex -1.287000e+003 -1.775000e+002  3.760000e+002
      vertex -1.287000e+003  1.775000e+002  3.610000e+002
      vertex -1.287000e+003 -1.775000e+002  3.610000e+002
    endloop
  endfacet
  facet normal  -0.000000e+000  7.071061e-001  7.071075e-001
    outer loop
      vertex -9.700000e+001  3.443772e+002  2.096792e+002
      vertex -3.170000e+002  3.443772e+002  2.096792e+002
      vertex -1.070000e+002  3.373061e+002  2.167502e+002
    endloop
  endfacet
  facet normal  -0.000000e+000  7.071061e-001  7.071076e-001
    outer loop
      vertex -3.170000e+002  3.443772e+002  2.096792e+002
      vertex -3.070000e+002  3.373061e+002  2.167502e+002
      vertex -1.070000e+002  3.373061e+002  2.167502e+002
    endloop
  endfacet
  facet normal  1.183712e-006  7.071068e-001  7.071068e-001
    outer loop
      vertex -3.170000e+002  3.443772e+002  2.096792e+002
      vertex -3.170000e+002  2.277046e+002  3.263518e+002
      vertex -3.070000e+002  3.373061e+002  2.167502e+002
    endloop
  endfacet
  facet normal -8.418642e-008  7.071069e-001  7.071067e-001
    outer loop
      vertex -3.170000e+002  2.277046e+002  3.263518e+002
      vertex -3.070000e+002  2.347757e+002  3.192807e+002
      vertex -3.070000e+002  3.373061e+002  2.167502e+002
    endloop
  endfacet
  facet normal  0.000000e+000  7.071068e-001  7.071068e-001
    outer loop
      vertex -3.170000e+002  2.277046e+002  3.263518e+002
      vertex -9.700000e+001  2.277046e+002  3.263518e+002
      vertex -3.070000e+002  2.347757e+002  3.192807e+002
    endloop
  endfacet
  facet normal  0.000000e+000  7.071068e-001  7.071068e-001
    outer loop
      vertex -9.700000e+001  2.277046e+002  3.263518e+002
      vertex -1.070000e+002  2.347757e+002  3.192807e+002
      vertex -3.070000e+002  2.347757e+002  3.192807e+002
    endloop
  endfacet
  facet normal  0.000000e+000  7.071068e-001  7.071068e-001
    outer loop
      vertex -9.700000e+001  2.277046e+002  3.263518e+002
      vertex -9.700000e+001  3.443772e+002  2.096792e+002
      vertex -1.070000e+002  2.347757e+002  3.192807e+002
    endloop
  endfacet
  facet normal -1.136517e-006  7.071069e-001  7.071067e-001
    outer loop
      vertex -9.700000e+001  3.443772e+002  2.096792e+002
      vertex -1.070000e+002  3.373061e+002  2.167502e+002
      vertex -1.070000e+002  2.347757e+002  3.192807e+002
    endloop
  endfacet
  facet normal  0.000000e+000  1.000000e+000  0.000000e+000
    outer loop
      vertex  1.900000e+002  1.575000e+002  3.610000e+002
      vertex  1.900000e+002  1.575000e+002  3.960000e+002
      vertex  3.100000e+002  1.575000e+002  3.610000e+002
    endloop
  endfacet
  facet normal  0.000000e+000  1.000000e+000  0.000000e+000
    outer loop
      vertex  1.900000e+002  1.575000e+002  3.960000e+002
      vertex  3.100000e+002  1.575000e+002  3.760000e+002
      vertex  3.100000e+002  1.575000e+002  3.610000e+002
    endloop
  endfacet
  facet normal  0.000000e+000  1.000000e+000  0.000000e+000
    outer loop
      vertex  1.900000e+002  1.575000e+002  3.960000e+002
      vertex  3.100000e+002  1.575000e+002  3.960000e+002
      vertex  3.100000e+002  1.575000e+002  3.760000e+002
    endloop
  endfacet
  facet normal  0.000000e+000  7.071070e-001 -7.071066e-001
    outer loop
      vertex -3.070000e+002  2.057843e+002  2.902893e+002
      vertex -3.070000e+002  2.347757e+002  3.192807e+002
      vertex -1.070000e+002  2.057843e+002  2.902893e+002
    endloop
  endfacet
  facet normal  0.000000e+000  7.071070e-001 -7.071066e-001
    outer loop
      vertex -1.070000e+002  2.057843e+002  2.902893e+002
      vertex -3.070000e+002  2.347757e+002  3.192807e+002
      vertex -1.070000e+002  2.347757e+002  3.192807e+002
    endloop
  endfacet
  facet normal -1.000000e+000  0.000000e+000  -0.000000e+000
    outer loop
      vertex -1.070000e+002  2.057843e+002  2.902893e+002
      vertex -1.070000e+002  2.347757e+002  3.192807e+002
      vertex -1.070000e+002  3.083148e+002  1.877588e+002
    endloop
  endfacet
  facet normal -9.999999e-001  0.000000e+000  0.000000e+000
    outer loop
      vertex -1.070000e+002  3.083148e+002  1.877588e+002
      vertex -1.070000e+002  2.347757e+002  3.192807e+002
      vertex -1.070000e+002  3.373061e+002  2.167502e+002
    endloop
  endfacet
  facet normal  0.000000e+000 -7.071070e-001  7.071066e-001
    outer loop
      vertex -1.070000e+002  3.083148e+002  1.877588e+002
      vertex -1.070000e+002  3.373061e+002  2.167502e+002
      vertex -3.070000e+002  3.083148e+002  1.877588e+002
    endloop
  endfacet
  facet normal  0.000000e+000 -7.071070e-001  7.071066e-001
    outer loop
      vertex -3.070000e+002  3.083148e+002  1.877588e+002
      vertex -1.070000e+002  3.373061e+002  2.167502e+002
      vertex -3.070000e+002  3.373061e+002  2.167502e+002
    endloop
  endfacet
  facet normal  1.000000e+000  -0.000000e+000  0.000000e+000
    outer loop
      vertex -3.070000e+002  2.347757e+002  3.192807e+002
      vertex -3.070000e+002  2.057843e+002  2.902893e+002
      vertex -3.070000e+002  3.373061e+002  2.167502e+002
    endloop
  endfacet
  facet normal  1.000000e+000  0.000000e+000  0.000000e+000
    outer loop
      vertex -3.070000e+002  3.373061e+002  2.167502e+002
      vertex -3.070000e+002  2.057843e+002  2.902893e+002
      vertex -3.070000e+002  3.083148e+002  1.877588e+002
    endloop
  endfacet
  facet normal -1.000000e+000  0.000000e+000  0.000000e+000
    outer loop
      vertex  1.900000e+002  1.575000e+002  3.960000e+002
      vertex  1.900000e+002  1.575000e+002  3.610000e+002
      vertex  1.900000e+002 -1.575000e+002  3.960000e+002
    endloop
  endfacet
  facet normal -1.000000e+000  0.000000e+000  0.000000e+000
    outer loop
      vertex  1.900000e+002 -1.575000e+002  3.960000e+002
      vertex  1.900000e+002  1.575000e+002  3.610000e+002
      vertex  1.900000e+002 -1.575000e+002  3.610000e+002
    endloop
  endfacet
  facet normal  -0.000000e+000  7.071068e-001  7.071068e-001
    outer loop
      vertex -1.070000e+002  3.083148e+002  1.877588e+002
      vertex -3.070000e+002  3.083148e+002  1.877588e+002
      vertex -1.318270e+002  2.978305e+002  1.982431e+002
    endloop
  endfacet
  facet normal  -0.000000e+000  7.071068e-001  7.071068e-001
    outer loop
      vertex -3.070000e+002  3.083148e+002  1.877588e+002
      vertex -2.821730e+002  2.978305e+002  1.982431e+002
      vertex -1.318270e+002  2.978305e+002  1.982431e+002
    endloop
  endfacet
  facet normal -2.712738e-007  7.071068e-001  7.071068e-001
    outer loop
      vertex -3.070000e+002  3.083148e+002  1.877588e+002
      vertex -3.070000e+002  2.057843e+002  2.902893e+002
      vertex -2.821730e+002  2.978305e+002  1.982431e+002
    endloop
  endfacet
  facet normal -9.377910e-007  7.071068e-001  7.071067e-001
    outer loop
      vertex -3.070000e+002  2.057843e+002  2.902893e+002
      vertex -2.821730e+002  2.162686e+002  2.798051e+002
      vertex -2.821730e+002  2.978305e+002  1.982431e+002
    endloop
  endfacet
  facet normal  0.000000e+000  7.071058e-001  7.071079e-001
    outer loop
      vertex -3.070000e+002  2.057843e+002  2.902893e+002
      vertex -1.070000e+002  2.057843e+002  2.902893e+002
      vertex -2.821730e+002  2.162686e+002  2.798051e+002
    endloop
  endfacet
  facet normal  0.000000e+000  7.071058e-001  7.071078e-001
    outer loop
      vertex -1.070000e+002  2.057843e+002  2.902893e+002
      vertex -1.318270e+002  2.162686e+002  2.798051e+002
      vertex -2.821730e+002  2.162686e+002  2.798051e+002
    endloop
  endfacet
  facet normal  8.138209e-007  7.071066e-001  7.071068e-001
    outer loop
      vertex -1.070000e+002  2.057843e+002  2.902893e+002
      vertex -1.070000e+002  3.083148e+002  1.877588e+002
      vertex -1.318270e+002  2.162686e+002  2.798051e+002
    endloop
  endfacet
  facet normal -6.394026e-008  7.071069e-001  7.071067e-001
    outer loop
      vertex -1.070000e+002  3.083148e+002  1.877588e+002
      vertex -1.318270e+002  2.978305e+002  1.982431e+002
      vertex -1.318270e+002  2.162686e+002  2.798051e+002
    endloop
  endfacet
  facet normal  0.000000e+000 -1.000000e+000  0.000000e+000
    outer loop
      vertex  1.900000e+002 -1.575000e+002  3.960000e+002
      vertex  1.900000e+002 -1.575000e+002  3.610000e+002
      vertex  3.100000e+002 -1.575000e+002  3.960000e+002
    endloop
  endfacet
  facet normal  -0.000000e+000 -1.000000e+000  0.000000e+000
    outer loop
      vertex  1.900000e+002 -1.575000e+002  3.610000e+002
      vertex  3.100000e+002 -1.575000e+002  3.760000e+002
      vertex  3.100000e+002 -1.575000e+002  3.960000e+002
    endloop
  endfacet
  facet normal  0.000000e+000 -1.000000e+000  0.000000e+000
    outer loop
      vertex  1.900000e+002 -1.575000e+002  3.610000e+002
      vertex  3.100000e+002 -1.575000e+002  3.610000e+002
      vertex  3.100000e+002 -1.575000e+002  3.760000e+002
    endloop
  endfacet
  facet normal  7.660443e-001  4.545196e-001  4.545195e-001
    outer loop
      vertex -2.821730e+002  2.162686e+002  2.798051e+002
      vertex -2.570000e+002  2.128553e+002  2.407918e+002
      vertex -2.821730e+002  2.978305e+002  1.982431e+002
    endloop
  endfacet
  facet normal  7.660441e-001  4.545197e-001  4.545199e-001
    outer loop
      vertex -2.821730e+002  2.978305e+002  1.982431e+002
      vertex -2.570000e+002  2.128553e+002  2.407918e+002
      vertex -2.570000e+002  2.588173e+002  1.948299e+002
    endloop
  endfacet
  facet normal  0.000000e+000  9.961947e-001 -8.715558e-002
    outer loop
      vertex -1.318270e+002  2.162686e+002  2.798051e+002
      vertex -1.570000e+002  2.128553e+002  2.407918e+002
      vertex -2.821730e+002  2.162686e+002  2.798051e+002
    endloop
  endfacet
  facet normal  0.000000e+000  9.961948e-001 -8.715560e-002
    outer loop
      vertex -2.821730e+002  2.162686e+002  2.798051e+002
      vertex -1.570000e+002  2.128553e+002  2.407918e+002
      vertex -2.570000e+002  2.128553e+002  2.407918e+002
    endloop
  endfacet
  facet normal -7.660444e-001  4.545196e-001  4.545195e-001
    outer loop
      vertex -1.318270e+002  2.978305e+002  1.982431e+002
      vertex -1.570000e+002  2.588173e+002  1.948299e+002
      vertex -1.318270e+002  2.162686e+002  2.798051e+002
    endloop
  endfacet
  facet normal -7.660446e-001  4.545193e-001  4.545195e-001
    outer loop
      vertex -1.318270e+002  2.162686e+002  2.798051e+002
      vertex -1.570000e+002  2.588173e+002  1.948299e+002
      vertex -1.570000e+002  2.128553e+002  2.407918e+002
    endloop
  endfacet
  facet normal  0.000000e+000 -8.715566e-002  9.961947e-001
    outer loop
      vertex -2.821730e+002  2.978305e+002  1.982431e+002
      vertex -2.570000e+002  2.588173e+002  1.948299e+002
      vertex -1.318270e+002  2.978305e+002  1.982431e+002
    endloop
  endfacet
  facet normal  0.000000e+000 -8.715566e-002  9.961947e-001
    outer loop
      vertex -1.318270e+002  2.978305e+002  1.982431e+002
      vertex -2.570000e+002  2.588173e+002  1.948299e+002
      vertex -1.570000e+002  2.588173e+002  1.948299e+002
    endloop
  endfacet
  facet normal -1.000000e+000  0.000000e+000  0.000000e+000
    outer loop
      vertex  3.100000e+002 -1.575000e+002  3.760000e+002
      vertex  3.100000e+002 -1.575000e+002  3.610000e+002
      vertex  3.100000e+002 -1.775000e+002  3.760000e+002
    endloop
  endfacet
  facet normal -1.000000e+000  0.000000e+000  0.000000e+000
    outer loop
      vertex  3.100000e+002 -1.775000e+002  3.760000e+002
      vertex  3.100000e+002 -1.575000e+002  3.610000e+002
      vertex  3.100000e+002 -1.775000e+002  3.610000e+002
    endloop
  endfacet
  facet normal  0.000000e+000  7.071066e-001  7.071069e-001
    outer loop
      vertex -2.570000e+002  2.588173e+002  1.948299e+002
      vertex -2.570000e+002  2.128553e+002  2.407918e+002
      vertex -1.570000e+002  2.588173e+002  1.948299e+002
    endloop
  endfacet
  facet normal  0.000000e+000  7.071066e-001  7.071069e-001
    outer loop
      vertex -2.570000e+002  2.128553e+002  2.407918e+002
      vertex -1.570000e+002  2.128553e+002  2.407918e+002
      vertex -1.570000e+002  2.588173e+002  1.948299e+002
    endloop
  endfacet
  facet normal  7.070839e-001 -7.071297e-001  0.000000e+000
    outer loop
      vertex  2.327636e+003  2.505944e+002  1.660000e+002
      vertex  2.327636e+003  2.505944e+002  2.020000e+002
      vertex  2.326222e+003  2.491802e+002  1.660000e+002
    endloop
  endfacet
  facet normal  7.070839e-001 -7.071297e-001  0.000000e+000
    outer loop
      vertex  2.327636e+003  2.505944e+002  2.020000e+002
      vertex  2.326222e+003  2.491802e+002  2.020000e+002
      vertex  2.326222e+003  2.491802e+002  1.660000e+002
    endloop
  endfacet
  facet normal  0.000000e+000  0.000000e+000 -1.000000e+000
    outer loop
      vertex  2.299352e+003  2.788787e+002  1.660000e+002
      vertex  2.327636e+003  2.505944e+002  1.660000e+002
      vertex  2.297938e+003  2.774645e+002  1.660000e+002
    endloop
  endfacet
  facet normal  0.000000e+000  0.000000e+000 -1.000000e+000
    outer loop
      vertex  2.327636e+003  2.505944e+002  1.660000e+002
      vertex  2.326222e+003  2.491802e+002  1.660000e+002
      vertex  2.297938e+003  2.774645e+002  1.660000e+002
    endloop
  endfacet
  facet normal -7.070839e-001  7.071297e-001  0.000000e+000
    outer loop
      vertex  2.299352e+003  2.788787e+002  2.020000e+002
      vertex  2.299352e+003  2.788787e+002  1.660000e+002
      vertex  2.297938e+003  2.774645e+002  2.020000e+002
    endloop
  endfacet
  facet normal -7.070839e-001  7.071297e-001  0.000000e+000
    outer loop
      vertex  2.299352e+003  2.788787e+002  1.660000e+002
      vertex  2.297938e+003  2.774645e+002  1.660000e+002
      vertex  2.297938e+003  2.774645e+002  2.020000e+002
    endloop
  endfacet
  facet normal  0.000000e+000  0.000000e+000  1.000000e+000
    outer loop
      vertex  2.297938e+003  2.774645e+002  2.020000e+002
      vertex  2.326222e+003  2.491802e+002  2.020000e+002
      vertex  2.299352e+003  2.788787e+002  2.020000e+002
    endloop
  endfacet
  facet normal  0.000000e+000  0.000000e+000  1.000000e+000
    outer loop
      vertex  2.326222e+003  2.491802e+002  2.020000e+002
      vertex  2.327636e+003  2.505944e+002  2.020000e+002
      vertex  2.299352e+003  2.788787e+002  2.020000e+002
    endloop
  endfacet
  facet normal  7.070839e-001 -7.071297e-001  0.000000e+000
    outer loop
      vertex  2.359456e+003  2.187746e+002  1.660000e+002
      vertex  2.359456e+003  2.187746e+002  2.020000e+002
      vertex  2.358042e+003  2.173604e+002  1.660000e+002
    endloop
  endfacet
  facet normal  7.070839e-001 -7.071297e-001  0.000000e+000
    outer loop
      vertex  2.359456e+003  2.187746e+002  2.020000e+002
      vertex  2.358042e+003  2.173604e+002  2.020000e+002
      vertex  2.358042e+003  2.173604e+002  1.660000e+002
    endloop
  endfacet
  facet normal  0.000000e+000  0.000000e+000 -1.000000e+000
    outer loop
      vertex  2.331172e+003  2.470589e+002  1.660000e+002
      vertex  2.359456e+003  2.187746e+002  1.660000e+002
      vertex  2.329757e+003  2.456447e+002  1.660000e+002
    endloop
  endfacet
  facet normal  0.000000e+000  0.000000e+000 -1.000000e+000
    outer loop
      vertex  2.359456e+003  2.187746e+002  1.660000e+002
      vertex  2.358042e+003  2.173604e+002  1.660000e+002
      vertex  2.329757e+003  2.456447e+002  1.660000e+002
    endloop
  endfacet
  facet normal -7.070839e-001  7.071297e-001  0.000000e+000
    outer loop
      vertex  2.331172e+003  2.470589e+002  2.020000e+002
      vertex  2.331172e+003  2.470589e+002  1.660000e+002
      vertex  2.329757e+003  2.456447e+002  2.020000e+002
    endloop
  endfacet
  facet normal -7.070839e-001  7.071297e-001  0.000000e+000
    outer loop
      vertex  2.331172e+003  2.470589e+002  1.660000e+002
      vertex  2.329757e+003  2.456447e+002  1.660000e+002
      vertex  2.329757e+003  2.456447e+002  2.020000e+002
    endloop
  endfacet
  facet normal  0.000000e+000  0.000000e+000  1.000000e+000
    outer loop
      vertex  2.329757e+003  2.456447e+002  2.020000e+002
      vertex  2.358042e+003  2.173604e+002  2.020000e+002
      vertex  2.331172e+003  2.470589e+002  2.020000e+002
    endloop
  endfacet
  facet normal  0.000000e+000  0.000000e+000  1.000000e+000
    outer loop
      vertex  2.358042e+003  2.173604e+002  2.020000e+002
      vertex  2.359456e+003  2.187746e+002  2.020000e+002
      vertex  2.331172e+003  2.470589e+002  2.020000e+002
    endloop
  endfacet
  facet normal  7.071081e-001  7.071055e-001  0.000000e+000
    outer loop
      vertex  2.299352e+003  2.788787e+002  1.660000e+002
      vertex  2.299352e+003  2.788787e+002  2.020000e+002
      vertex  2.327636e+003  2.505944e+002  1.660000e+002
    endloop
  endfacet
  facet normal  7.071081e-001  7.071055e-001  0.000000e+000
    outer loop
      vertex  2.299352e+003  2.788787e+002  2.020000e+002
      vertex  2.327636e+003  2.505944e+002  2.020000e+002
      vertex  2.327636e+003  2.505944e+002  1.660000e+002
    endloop
  endfacet
  facet normal  7.071079e-001  7.071056e-001  0.000000e+000
    outer loop
      vertex  2.331172e+003  2.470589e+002  1.660000e+002
      vertex  2.331172e+003  2.470589e+002  2.020000e+002
      vertex  2.359456e+003  2.187746e+002  1.660000e+002
    endloop
  endfacet
  facet normal  7.071079e-001  7.071056e-001  0.000000e+000
    outer loop
      vertex  2.331172e+003  2.470589e+002  2.020000e+002
      vertex  2.359456e+003  2.187746e+002  2.020000e+002
      vertex  2.359456e+003  2.187746e+002  1.660000e+002
    endloop
  endfacet
  facet normal  0.000000e+000 -1.000000e+000  0.000000e+000
    outer loop
      vertex  4.440000e+002 -1.105000e+002  3.760000e+002
      vertex  4.440000e+002 -1.105000e+002  3.610000e+002
      vertex  6.140000e+002 -1.105000e+002  3.760000e+002
    endloop
  endfacet
  facet normal  0.000000e+000 -1.000000e+000  0.000000e+000
    outer loop
      vertex  6.140000e+002 -1.105000e+002  3.760000e+002
      vertex  4.440000e+002 -1.105000e+002  3.610000e+002
      vertex  6.140000e+002 -1.105000e+002  3.610000e+002
    endloop
  endfacet
  facet normal  1.000000e+000  -0.000000e+000  0.000000e+000
    outer loop
      vertex  4.440000e+002 -1.105000e+002  3.760000e+002
      vertex  4.440000e+002 -1.775000e+002  3.760000e+002
      vertex  4.440000e+002 -1.105000e+002  3.610000e+002
    endloop
  endfacet
  facet normal  1.000000e+000  0.000000e+000  0.000000e+000
    outer loop
      vertex  4.440000e+002 -1.775000e+002  3.760000e+002
      vertex  4.440000e+002 -1.775000e+002  3.610000e+002
      vertex  4.440000e+002 -1.105000e+002  3.610000e+002
    endloop
  endfacet
  facet normal -1.000000e+000  0.000000e+000  0.000000e+000
    outer loop
      vertex -1.673250e+003 -5.500000e+002 -3.911372e+001
      vertex -1.673250e+003 -5.500000e+002  1.413629e+001
      vertex -1.673250e+003 -5.000000e+002 -3.911372e+001
    endloop
  endfacet
  facet normal -1.000000e+000  -0.000000e+000  -0.000000e+000
    outer loop
      vertex -1.673250e+003 -5.500000e+002  1.413629e+001
      vertex -1.673250e+003 -5.000000e+002  1.413629e+001
      vertex -1.673250e+003 -5.000000e+002 -3.911372e+001
    endloop
  endfacet
  facet normal  0.000000e+000  0.000000e+000  1.000000e+000
    outer loop
      vertex -1.630679e+003  7.022911e+002 -2.131137e+002
      vertex -1.657020e+003  6.759498e+002 -2.131137e+002
      vertex -1.629265e+003  7.008769e+002 -2.131137e+002
    endloop
  endfacet
  facet normal  0.000000e+000  -0.000000e+000  1.000000e+000
    outer loop
      vertex -1.657020e+003  6.759498e+002 -2.131137e+002
      vertex -1.655606e+003  6.745355e+002 -2.131137e+002
      vertex -1.629265e+003  7.008769e+002 -2.131137e+002
    endloop
  endfacet
  facet normal -7.071220e-001 -7.070915e-001  0.000000e+000
    outer loop
      vertex -1.657020e+003  6.759498e+002 -2.131137e+002
      vertex -1.657020e+003  6.759498e+002 -2.491137e+002
      vertex -1.655606e+003  6.745355e+002 -2.131137e+002
    endloop
  endfacet
  facet normal -7.071220e-001 -7.070915e-001  0.000000e+000
    outer loop
      vertex -1.657020e+003  6.759498e+002 -2.491137e+002
      vertex -1.655606e+003  6.745355e+002 -2.491137e+002
      vertex -1.655606e+003  6.745355e+002 -2.131137e+002
    endloop
  endfacet
  facet normal  0.000000e+000  0.000000e+000 -1.000000e+000
    outer loop
      vertex -1.629265e+003  7.008769e+002 -2.491137e+002
      vertex -1.655606e+003  6.745355e+002 -2.491137e+002
      vertex -1.630679e+003  7.022911e+002 -2.491137e+002
    endloop
  endfacet
  facet normal  0.000000e+000  0.000000e+000 -1.000000e+000
    outer loop
      vertex -1.655606e+003  6.745355e+002 -2.491137e+002
      vertex -1.657020e+003  6.759498e+002 -2.491137e+002
      vertex -1.630679e+003  7.022911e+002 -2.491137e+002
    endloop
  endfacet
  facet normal  7.071220e-001  7.070915e-001  0.000000e+000
    outer loop
      vertex -1.630679e+003  7.022911e+002 -2.491137e+002
      vertex -1.630679e+003  7.022911e+002 -2.131137e+002
      vertex -1.629265e+003  7.008769e+002 -2.491137e+002
    endloop
  endfacet
  facet normal  7.071220e-001  7.070915e-001  0.000000e+000
    outer loop
      vertex -1.630679e+003  7.022911e+002 -2.131137e+002
      vertex -1.629265e+003  7.008769e+002 -2.131137e+002
      vertex -1.629265e+003  7.008769e+002 -2.491137e+002
    endloop
  endfacet
  facet normal  0.000000e+000  0.000000e+000  1.000000e+000
    outer loop
      vertex -1.597091e+003  7.358787e+002 -2.131137e+002
      vertex -1.623608e+003  7.093622e+002 -2.131137e+002
      vertex -1.595677e+003  7.344645e+002 -2.131137e+002
    endloop
  endfacet
  facet normal  0.000000e+000  -0.000000e+000  1.000000e+000
    outer loop
      vertex -1.623608e+003  7.093622e+002 -2.131137e+002
      vertex -1.622194e+003  7.079479e+002 -2.131137e+002
      vertex -1.595677e+003  7.344645e+002 -2.131137e+002
    endloop
  endfacet
  facet normal -7.071220e-001 -7.070915e-001  0.000000e+000
    outer loop
      vertex -1.623608e+003  7.093622e+002 -2.131137e+002
      vertex -1.623608e+003  7.093622e+002 -2.491137e+002
      vertex -1.622194e+003  7.079479e+002 -2.131137e+002
    endloop
  endfacet
  facet normal -7.071220e-001 -7.070915e-001  0.000000e+000
    outer loop
      vertex -1.623608e+003  7.093622e+002 -2.491137e+002
      vertex -1.622194e+003  7.079479e+002 -2.491137e+002
      vertex -1.622194e+003  7.079479e+002 -2.131137e+002
    endloop
  endfacet
  facet normal  0.000000e+000  0.000000e+000 -9.999999e-001
    outer loop
      vertex -1.595677e+003  7.344645e+002 -2.491137e+002
      vertex -1.622194e+003  7.079479e+002 -2.491137e+002
      vertex -1.597091e+003  7.358787e+002 -2.491137e+002
    endloop
  endfacet
  facet normal  0.000000e+000  0.000000e+000 -1.000000e+000
    outer loop
      vertex -1.622194e+003  7.079479e+002 -2.491137e+002
      vertex -1.623608e+003  7.093622e+002 -2.491137e+002
      vertex -1.597091e+003  7.358787e+002 -2.491137e+002
    endloop
  endfacet
  facet normal  7.070763e-001  7.071373e-001  0.000000e+000
    outer loop
      vertex -1.597091e+003  7.358787e+002 -2.491137e+002
      vertex -1.597091e+003  7.358787e+002 -2.131137e+002
      vertex -1.595677e+003  7.344645e+002 -2.491137e+002
    endloop
  endfacet
  facet normal  7.070763e-001  7.071373e-001  0.000000e+000
    outer loop
      vertex -1.597091e+003  7.358787e+002 -2.131137e+002
      vertex -1.595677e+003  7.344645e+002 -2.131137e+002
      vertex -1.595677e+003  7.344645e+002 -2.491137e+002
    endloop
  endfacet
  facet normal -7.071076e-001  7.071060e-001  0.000000e+000
    outer loop
      vertex -1.657020e+003  6.759498e+002 -2.491137e+002
      vertex -1.657020e+003  6.759498e+002 -2.131137e+002
      vertex -1.630679e+003  7.022911e+002 -2.491137e+002
    endloop
  endfacet
  facet normal -7.071076e-001  7.071060e-001  0.000000e+000
    outer loop
      vertex -1.657020e+003  6.759498e+002 -2.131137e+002
      vertex -1.630679e+003  7.022911e+002 -2.131137e+002
      vertex -1.630679e+003  7.022911e+002 -2.491137e+002
    endloop
  endfacet
  facet normal -7.071068e-001  7.071068e-001  0.000000e+000
    outer loop
      vertex -1.623608e+003  7.093622e+002 -2.491137e+002
      vertex -1.623608e+003  7.093622e+002 -2.131137e+002
      vertex -1.597091e+003  7.358787e+002 -2.491137e+002
    endloop
  endfacet
  facet normal -7.071068e-001  7.071068e-001  0.000000e+000
    outer loop
      vertex -1.623608e+003  7.093622e+002 -2.131137e+002
      vertex -1.597091e+003  7.358787e+002 -2.131137e+002
      vertex -1.597091e+003  7.358787e+002 -2.491137e+002
    endloop
  endfacet
  facet normal  0.000000e+000  0.000000e+000 -1.000000e+000
    outer loop
      vertex  8.838835e+000  8.328388e+002 -4.081028e+002
      vertex  1.250000e+001  8.240000e+002 -4.081028e+002
      vertex -8.838835e+000  8.328388e+002 -4.081028e+002
    endloop
  endfacet
  facet normal  0.000000e+000  0.000000e+000 -1.000000e+000
    outer loop
      vertex  1.250000e+001  8.240000e+002 -4.081028e+002
      vertex -1.250000e+001  8.240000e+002 -4.081028e+002
      vertex -8.838835e+000  8.328388e+002 -4.081028e+002
    endloop
  endfacet
  facet normal  0.000000e+000  0.000000e+000 -1.000000e+000
    outer loop
      vertex  1.250000e+001  8.240000e+002 -4.081028e+002
      vertex  8.838835e+000  8.151612e+002 -4.081028e+002
      vertex -1.250000e+001  8.240000e+002 -4.081028e+002
    endloop
  endfacet
  facet normal  0.000000e+000  0.000000e+000 -1.000000e+000
    outer loop
      vertex  8.838835e+000  8.151612e+002 -4.081028e+002
      vertex -8.838835e+000  8.151612e+002 -4.081028e+002
      vertex -1.250000e+001  8.240000e+002 -4.081028e+002
    endloop
  endfacet
  facet normal  0.000000e+000  0.000000e+000 -1.000000e+000
    outer loop
      vertex  8.838835e+000  8.151612e+002 -4.081028e+002
      vertex -1.339844e-014  8.115000e+002 -4.081028e+002
      vertex -8.838835e+000  8.151612e+002 -4.081028e+002
    endloop
  endfacet
  facet normal  0.000000e+000  -0.000000e+000 -1.000000e+000
    outer loop
      vertex -8.838835e+000  8.328388e+002 -4.081028e+002
      vertex  3.540962e-015  8.365000e+002 -4.081028e+002
      vertex  8.838835e+000  8.328388e+002 -4.081028e+002
    endloop
  endfacet
  facet normal -9.238791e-001 -3.826845e-001  0.000000e+000
    outer loop
      vertex -1.250000e+001 -8.240000e+002 -3.001028e+002
      vertex -1.250000e+001 -8.240000e+002 -3.201028e+002
      vertex -8.838835e+000 -8.328388e+002 -3.001028e+002
    endloop
  endfacet
  facet normal -9.238791e-001 -3.826845e-001  0.000000e+000
    outer loop
      vertex -8.838835e+000 -8.328388e+002 -3.001028e+002
      vertex -1.250000e+001 -8.240000e+002 -3.201028e+002
      vertex -8.838835e+000 -8.328388e+002 -3.201028e+002
    endloop
  endfacet
  facet normal -3.826860e-001 -9.238786e-001  0.000000e+000
    outer loop
      vertex -8.838835e+000 -8.328388e+002 -3.001028e+002
      vertex -8.838835e+000 -8.328388e+002 -3.201028e+002
      vertex  3.540962e-015 -8.365000e+002 -3.001028e+002
    endloop
  endfacet
  facet normal -3.826860e-001 -9.238786e-001  0.000000e+000
    outer loop
      vertex  3.540962e-015 -8.365000e+002 -3.001028e+002
      vertex -8.838835e+000 -8.328388e+002 -3.201028e+002
      vertex -7.315605e-012 -8.365000e+002 -3.201028e+002
    endloop
  endfacet
  facet normal  3.826860e-001 -9.238786e-001 -1.400467e-013
    outer loop
      vertex  3.540962e-015 -8.365000e+002 -3.001028e+002
      vertex -7.315605e-012 -8.365000e+002 -3.201028e+002
      vertex  8.838835e+000 -8.328388e+002 -3.001028e+002
    endloop
  endfacet
  facet normal  3.826860e-001 -9.238786e-001  0.000000e+000
    outer loop
      vertex  8.838835e+000 -8.328388e+002 -3.001028e+002
      vertex -7.315605e-012 -8.365000e+002 -3.201028e+002
      vertex  8.838835e+000 -8.328388e+002 -3.201028e+002
    endloop
  endfacet
  facet normal  9.238791e-001 -3.826845e-001  0.000000e+000
    outer loop
      vertex  8.838835e+000 -8.328388e+002 -3.001028e+002
      vertex  8.838835e+000 -8.328388e+002 -3.201028e+002
      vertex  1.250000e+001 -8.240000e+002 -3.001028e+002
    endloop
  endfacet
  facet normal  9.238791e-001 -3.826845e-001  0.000000e+000
    outer loop
      vertex  1.250000e+001 -8.240000e+002 -3.001028e+002
      vertex  8.838835e+000 -8.328388e+002 -3.201028e+002
      vertex  1.250000e+001 -8.240000e+002 -3.201028e+002
    endloop
  endfacet
  facet normal  9.238791e-001  3.826845e-001  -0.000000e+000
    outer loop
      vertex  1.250000e+001 -8.240000e+002 -3.001028e+002
      vertex  1.250000e+001 -8.240000e+002 -3.201028e+002
      vertex  8.838835e+000 -8.151612e+002 -3.001028e+002
    endloop
  endfacet
  facet normal  9.238791e-001  3.826845e-001  0.000000e+000
    outer loop
      vertex  8.838835e+000 -8.151612e+002 -3.001028e+002
      vertex  1.250000e+001 -8.240000e+002 -3.201028e+002
      vertex  8.838835e+000 -8.151612e+002 -3.201028e+002
    endloop
  endfacet
  facet normal  3.826860e-001  9.238786e-001  -0.000000e+000
    outer loop
      vertex  8.838835e+000 -8.151612e+002 -3.001028e+002
      vertex  8.838835e+000 -8.151612e+002 -3.201028e+002
      vertex -1.339844e-014 -8.115000e+002 -3.001028e+002
    endloop
  endfacet
  facet normal  3.826860e-001  9.238786e-001  0.000000e+000
    outer loop
      vertex -1.339844e-014 -8.115000e+002 -3.001028e+002
      vertex  8.838835e+000 -8.151612e+002 -3.201028e+002
      vertex -1.339844e-014 -8.115000e+002 -3.201028e+002
    endloop
  endfacet
  facet normal -3.826860e-001  9.238786e-001  0.000000e+000
    outer loop
      vertex -1.339844e-014 -8.115000e+002 -3.001028e+002
      vertex -1.339844e-014 -8.115000e+002 -3.201028e+002
      vertex -8.838835e+000 -8.151612e+002 -3.001028e+002
    endloop
  endfacet
  facet normal -3.826860e-001  9.238786e-001  0.000000e+000
    outer loop
      vertex -8.838835e+000 -8.151612e+002 -3.001028e+002
      vertex -1.339844e-014 -8.115000e+002 -3.201028e+002
      vertex -8.838835e+000 -8.151612e+002 -3.201028e+002
    endloop
  endfacet
  facet normal -9.238791e-001  3.826845e-001  0.000000e+000
    outer loop
      vertex -8.838835e+000 -8.151612e+002 -3.001028e+002
      vertex -8.838835e+000 -8.151612e+002 -3.201028e+002
      vertex -1.250000e+001 -8.240000e+002 -3.001028e+002
    endloop
  endfacet
  facet normal -9.238791e-001  3.826845e-001  0.000000e+000
    outer loop
      vertex -1.250000e+001 -8.240000e+002 -3.001028e+002
      vertex -8.838835e+000 -8.151612e+002 -3.201028e+002
      vertex -1.250000e+001 -8.240000e+002 -3.201028e+002
    endloop
  endfacet
  facet normal  -0.000000e+000  0.000000e+000  1.000000e+000
    outer loop
      vertex  8.838835e+000 -8.151612e+002 -3.001028e+002
      vertex -8.838835e+000 -8.151612e+002 -3.001028e+002
      vertex  1.250000e+001 -8.240000e+002 -3.001028e+002
    endloop
  endfacet
  facet normal  0.000000e+000  0.000000e+000  1.000000e+000
    outer loop
      vertex  1.250000e+001 -8.240000e+002 -3.001028e+002
      vertex -8.838835e+000 -8.151612e+002 -3.001028e+002
      vertex -1.250000e+001 -8.240000e+002 -3.001028e+002
    endloop
  endfacet
  facet normal  -0.000000e+000  0.000000e+000  1.000000e+000
    outer loop
      vertex  1.250000e+001 -8.240000e+002 -3.001028e+002
      vertex -1.250000e+001 -8.240000e+002 -3.001028e+002
      vertex  8.838835e+000 -8.328388e+002 -3.001028e+002
    endloop
  endfacet
  facet normal  0.000000e+000  0.000000e+000  1.000000e+000
    outer loop
      vertex  8.838835e+000 -8.328388e+002 -3.001028e+002
      vertex -1.250000e+001 -8.240000e+002 -3.001028e+002
      vertex -8.838835e+000 -8.328388e+002 -3.001028e+002
    endloop
  endfacet
  facet normal  -0.000000e+000  0.000000e+000  1.000000e+000
    outer loop
      vertex  8.838835e+000 -8.328388e+002 -3.001028e+002
      vertex -8.838835e+000 -8.328388e+002 -3.001028e+002
      vertex  3.540962e-015 -8.365000e+002 -3.001028e+002
    endloop
  endfacet
  facet normal  0.000000e+000  0.000000e+000  1.000000e+000
    outer loop
      vertex -8.838835e+000 -8.151612e+002 -3.001028e+002
      vertex  8.838835e+000 -8.151612e+002 -3.001028e+002
      vertex -1.339844e-014 -8.115000e+002 -3.001028e+002
    endloop
  endfacet
  facet normal  0.000000e+000 -1.000000e+000  -0.000000e+000
    outer loop
      vertex -1.654216e+003 -2.000000e+001  9.125390e+001
      vertex -1.658996e+003 -2.000000e+001  1.102343e+002
      vertex -1.697442e+003 -2.000000e+001  7.552097e+001
    endloop
  endfacet
  facet normal  0.000000e+000 -1.000000e+000  0.000000e+000
    outer loop
      vertex -1.658996e+003 -2.000000e+001  1.102343e+002
      vertex -1.698126e+003 -2.000000e+001  7.740036e+001
      vertex -1.697442e+003 -2.000000e+001  7.552097e+001
    endloop
  endfacet
  facet normal  0.000000e+000 -1.000000e+000  0.000000e+000
    outer loop
      vertex -1.638495e+003 -2.000000e+001  5.390804e+001
      vertex -1.690259e+003 -2.000000e+001  5.578743e+001
      vertex -1.689575e+003 -2.000000e+001  5.390804e+001
    endloop
  endfacet
  facet normal  0.000000e+000 -1.000000e+000  -0.000000e+000
    outer loop
      vertex -1.638495e+003 -2.000000e+001  5.390804e+001
      vertex -1.647034e+003 -2.000000e+001  7.152036e+001
      vertex -1.690259e+003 -2.000000e+001  5.578743e+001
    endloop
  endfacet
  facet normal  0.000000e+000 -1.000000e+000  0.000000e+000
    outer loop
      vertex -1.638495e+003 -2.000000e+001  5.390804e+001
      vertex -1.654216e+003 -2.000000e+001  9.125390e+001
      vertex -1.647034e+003 -2.000000e+001  7.152036e+001
    endloop
  endfacet
  facet normal  0.000000e+000 -9.999999e-001  0.000000e+000
    outer loop
      vertex -1.638495e+003 -2.000000e+001  5.390804e+001
      vertex -1.658996e+003 -2.000000e+001  1.102343e+002
      vertex -1.654216e+003 -2.000000e+001  9.125390e+001
    endloop
  endfacet
  facet normal  -0.000000e+000  0.000000e+000 -1.000000e+000
    outer loop
      vertex -1.689575e+003  2.000000e+001  5.390804e+001
      vertex -1.638495e+003  2.000000e+001  5.390804e+001
      vertex -1.689575e+003 -2.000000e+001  5.390804e+001
    endloop
  endfacet
  facet normal  0.000000e+000  0.000000e+000 -1.000000e+000
    outer loop
      vertex -1.638495e+003  2.000000e+001  5.390804e+001
      vertex -1.638495e+003 -2.000000e+001  5.390804e+001
      vertex -1.689575e+003 -2.000000e+001  5.390804e+001
    endloop
  endfacet
  facet normal  3.420203e-001  0.000000e+000 -9.396925e-001
    outer loop
      vertex -1.697442e+003 -1.000000e+001  7.552097e+001
      vertex -1.654216e+003 -1.000000e+001  9.125390e+001
      vertex -1.697442e+003 -2.000000e+001  7.552097e+001
    endloop
  endfacet
  facet normal  3.420203e-001  0.000000e+000 -9.396925e-001
    outer loop
      vertex -1.654216e+003 -1.000000e+001  9.125390e+001
      vertex -1.654216e+003 -2.000000e+001  9.125390e+001
      vertex -1.697442e+003 -2.000000e+001  7.552097e+001
    endloop
  endfacet
  facet normal  0.000000e+000 -1.000000e+000  0.000000e+000
    outer loop
      vertex -1.697442e+003 -1.000000e+001  7.552097e+001
      vertex -1.690259e+003 -1.000000e+001  5.578743e+001
      vertex -1.654216e+003 -1.000000e+001  9.125390e+001
    endloop
  endfacet
  facet normal  0.000000e+000 -9.999999e-001  0.000000e+000
    outer loop
      vertex -1.654216e+003 -1.000000e+001  9.125390e+001
      vertex -1.690259e+003 -1.000000e+001  5.578743e+001
      vertex -1.647034e+003 -1.000000e+001  7.152036e+001
    endloop
  endfacet
  facet normal -1.000000e+000  0.000000e+000  0.000000e+000
    outer loop
      vertex -1.570000e+002 -2.622305e+002  1.982431e+002
      vertex -1.570000e+002 -2.134045e+002  2.470691e+002
      vertex -1.570000e+002 -2.588173e+002  1.948299e+002
    endloop
  endfacet
  facet normal -1.000000e+000  0.000000e+000  -0.000000e+000
    outer loop
      vertex -1.570000e+002 -2.588173e+002  1.948299e+002
      vertex -1.570000e+002 -2.134045e+002  2.470691e+002
      vertex -1.570000e+002 -2.128553e+002  2.407918e+002
    endloop
  endfacet
  facet normal -3.420204e-001  0.000000e+000  9.396925e-001
    outer loop
      vertex -1.690259e+003  1.000000e+001  5.578743e+001
      vertex -1.647034e+003  1.000000e+001  7.152036e+001
      vertex -1.690259e+003  2.000000e+001  5.578743e+001
    endloop
  endfacet
  facet normal -3.420204e-001  0.000000e+000  9.396925e-001
    outer loop
      vertex -1.647034e+003  1.000000e+001  7.152036e+001
      vertex -1.647034e+003  2.000000e+001  7.152036e+001
      vertex -1.690259e+003  2.000000e+001  5.578743e+001
    endloop
  endfacet
  facet normal  0.000000e+000  1.000000e+000  0.000000e+000
    outer loop
      vertex -1.690259e+003  1.000000e+001  5.578743e+001
      vertex -1.697442e+003  1.000000e+001  7.552097e+001
      vertex -1.647034e+003  1.000000e+001  7.152036e+001
    endloop
  endfacet
  facet normal  -0.000000e+000  9.999999e-001  0.000000e+000
    outer loop
      vertex -1.647034e+003  1.000000e+001  7.152036e+001
      vertex -1.697442e+003  1.000000e+001  7.552097e+001
      vertex -1.654216e+003  1.000000e+001  9.125390e+001
    endloop
  endfacet
  facet normal  8.373816e-002  3.448713e-001  9.349073e-001
    outer loop
      vertex -1.499000e+003  6.235599e-015  4.310000e+002
      vertex -1.484617e+003  2.632748e+001  4.200000e+002
      vertex -1.499708e+003  2.999165e+001  4.200000e+002
    endloop
  endfacet
  facet normal -9.991603e-002  3.405365e-001  9.349073e-001
    outer loop
      vertex -1.499000e+003  6.235599e-015  4.310000e+002
      vertex -1.499708e+003  2.999165e+001  4.200000e+002
      vertex -1.514609e+003  2.561958e+001  4.200000e+002
    endloop
  endfacet
  facet normal -2.567976e-001  2.449554e-001  9.349073e-001
    outer loop
      vertex -1.499000e+003  6.235599e-015  4.310000e+002
      vertex -1.514609e+003  2.561958e+001  4.200000e+002
      vertex -1.525328e+003  1.438277e+001  4.200000e+002
    endloop
  endfacet
  facet normal -3.448708e-001  8.373854e-002  9.349074e-001
    outer loop
      vertex -1.499000e+003  6.235599e-015  4.310000e+002
      vertex -1.525328e+003  1.438277e+001  4.200000e+002
      vertex -1.528992e+003 -7.078975e-001  4.200000e+002
    endloop
  endfacet
  facet normal -3.405360e-001 -9.991603e-002  9.349075e-001
    outer loop
      vertex -1.499000e+003  6.235599e-015  4.310000e+002
      vertex -1.528992e+003 -7.078975e-001  4.200000e+002
      vertex -1.524620e+003 -1.560888e+001  4.200000e+002
    endloop
  endfacet
  facet normal -2.449549e-001 -2.567979e-001  9.349075e-001
    outer loop
      vertex -1.499000e+003  6.235599e-015  4.310000e+002
      vertex -1.524620e+003 -1.560888e+001  4.200000e+002
      vertex -1.513383e+003 -2.632748e+001  4.200000e+002
    endloop
  endfacet
  facet normal -5.934468e-001 -5.602589e-001  5.778675e-001
    outer loop
      vertex -1.520574e+003 -3.949121e+001  4.010000e+002
      vertex -1.524620e+003 -1.560888e+001  4.200000e+002
      vertex -1.539666e+003 -1.926810e+001  4.010000e+002
    endloop
  endfacet
  facet normal -5.488505e-001 -5.753863e-001  6.063775e-001
    outer loop
      vertex -1.520574e+003 -3.949121e+001  4.010000e+002
      vertex -1.513383e+003 -2.632748e+001  4.200000e+002
      vertex -1.524620e+003 -1.560888e+001  4.200000e+002
    endloop
  endfacet
  facet normal  1.876249e-001  7.727236e-001  6.063787e-001
    outer loop
      vertex -1.477426e+003  3.949121e+001  4.010000e+002
      vertex -1.499708e+003  2.999165e+001  4.200000e+002
      vertex -1.484617e+003  2.632748e+001  4.200000e+002
    endloop
  endfacet
  facet normal  1.507988e-001  8.020777e-001  5.778677e-001
    outer loop
      vertex -1.477426e+003  3.949121e+001  4.010000e+002
      vertex -1.504759e+003  4.463003e+001  4.010000e+002
      vertex -1.499708e+003  2.999165e+001  4.200000e+002
    endloop
  endfacet
  facet normal -8.192888e-001 -1.057075e-001  5.635527e-001
    outer loop
      vertex -1.528992e+003 -7.078975e-001  4.200000e+002
      vertex -1.543225e+003  8.314778e+000  4.010000e+002
      vertex -1.539666e+003 -1.926810e+001  4.010000e+002
    endloop
  endfacet
  facet normal -7.441310e-001 -2.183341e-001  6.313471e-001
    outer loop
      vertex -1.528992e+003 -7.078975e-001  4.200000e+002
      vertex -1.539666e+003 -1.926810e+001  4.010000e+002
      vertex -1.524620e+003 -1.560888e+001  4.200000e+002
    endloop
  endfacet
  facet normal -7.278723e-001  3.976367e-001  5.586474e-001
    outer loop
      vertex -1.525328e+003  1.438277e+001  4.200000e+002
      vertex -1.529892e+003  3.272169e+001  4.010000e+002
      vertex -1.543225e+003  8.314778e+000  4.010000e+002
    endloop
  endfacet
  facet normal -7.440757e-001  1.806700e-001  6.432028e-001
    outer loop
      vertex -1.525328e+003  1.438277e+001  4.200000e+002
      vertex -1.543225e+003  8.314778e+000  4.010000e+002
      vertex -1.528992e+003 -7.078975e-001  4.200000e+002
    endloop
  endfacet
  facet normal -3.537108e-001  7.465217e-001  5.635549e-001
    outer loop
      vertex -1.514609e+003  2.561958e+001  4.200000e+002
      vertex -1.504759e+003  4.463003e+001  4.010000e+002
      vertex -1.529892e+003  3.272169e+001  4.010000e+002
    endloop
  endfacet
  facet normal -5.540518e-001  5.285017e-001  6.432049e-001
    outer loop
      vertex -1.514609e+003  2.561958e+001  4.200000e+002
      vertex -1.529892e+003  3.272169e+001  4.010000e+002
      vertex -1.525328e+003  1.438277e+001  4.200000e+002
    endloop
  endfacet
  facet normal -2.183337e-001  7.441308e-001  6.313475e-001
    outer loop
      vertex -1.499708e+003  2.999165e+001  4.200000e+002
      vertex -1.504759e+003  4.463003e+001  4.010000e+002
      vertex -1.514609e+003  2.561958e+001  4.200000e+002
    endloop
  endfacet
  facet normal -8.373816e-002 -3.448713e-001  9.349073e-001
    outer loop
      vertex -1.499000e+003  6.235599e-015  4.310000e+002
      vertex -1.513383e+003 -2.632748e+001  4.200000e+002
      vertex -1.498292e+003 -2.999165e+001  4.200000e+002
    endloop
  endfacet
  facet normal  9.991603e-002 -3.405365e-001  9.349073e-001
    outer loop
      vertex -1.499000e+003  6.235599e-015  4.310000e+002
      vertex -1.498292e+003 -2.999165e+001  4.200000e+002
      vertex -1.483391e+003 -2.561958e+001  4.200000e+002
    endloop
  endfacet
  facet normal  2.567976e-001 -2.449554e-001  9.349073e-001
    outer loop
      vertex -1.499000e+003  6.235599e-015  4.310000e+002
      vertex -1.483391e+003 -2.561958e+001  4.200000e+002
      vertex -1.472672e+003 -1.438277e+001  4.200000e+002
    endloop
  endfacet
  facet normal  3.448708e-001 -8.373854e-002  9.349074e-001
    outer loop
      vertex -1.499000e+003  6.235599e-015  4.310000e+002
      vertex -1.472672e+003 -1.438277e+001  4.200000e+002
      vertex -1.469008e+003  7.078975e-001  4.200000e+002
    endloop
  endfacet
  facet normal  3.405360e-001  9.991603e-002  9.349075e-001
    outer loop
      vertex -1.499000e+003  6.235599e-015  4.310000e+002
      vertex -1.469008e+003  7.078975e-001  4.200000e+002
      vertex -1.473380e+003  1.560888e+001  4.200000e+002
    endloop
  endfacet
  facet normal  2.449549e-001  2.567979e-001  9.349075e-001
    outer loop
      vertex -1.499000e+003  6.235599e-015  4.310000e+002
      vertex -1.473380e+003  1.560888e+001  4.200000e+002
      vertex -1.484617e+003  2.632748e+001  4.200000e+002
    endloop
  endfacet
  facet normal  5.934468e-001  5.602589e-001  5.778675e-001
    outer loop
      vertex -1.477426e+003  3.949121e+001  4.010000e+002
      vertex -1.473380e+003  1.560888e+001  4.200000e+002
      vertex -1.458334e+003  1.926810e+001  4.010000e+002
    endloop
  endfacet
  facet normal  5.488505e-001  5.753863e-001  6.063775e-001
    outer loop
      vertex -1.477426e+003  3.949121e+001  4.010000e+002
      vertex -1.484617e+003  2.632748e+001  4.200000e+002
      vertex -1.473380e+003  1.560888e+001  4.200000e+002
    endloop
  endfacet
  facet normal -1.876249e-001 -7.727236e-001  6.063787e-001
    outer loop
      vertex -1.520574e+003 -3.949121e+001  4.010000e+002
      vertex -1.498292e+003 -2.999165e+001  4.200000e+002
      vertex -1.513383e+003 -2.632748e+001  4.200000e+002
    endloop
  endfacet
  facet normal -1.507988e-001 -8.020777e-001  5.778677e-001
    outer loop
      vertex -1.520574e+003 -3.949121e+001  4.010000e+002
      vertex -1.493241e+003 -4.463003e+001  4.010000e+002
      vertex -1.498292e+003 -2.999165e+001  4.200000e+002
    endloop
  endfacet
  facet normal  8.192888e-001  1.057075e-001  5.635527e-001
    outer loop
      vertex -1.469008e+003  7.078975e-001  4.200000e+002
      vertex -1.454775e+003 -8.314778e+000  4.010000e+002
      vertex -1.458334e+003  1.926810e+001  4.010000e+002
    endloop
  endfacet
  facet normal  7.441310e-001  2.183341e-001  6.313471e-001
    outer loop
      vertex -1.469008e+003  7.078975e-001  4.200000e+002
      vertex -1.458334e+003  1.926810e+001  4.010000e+002
      vertex -1.473380e+003  1.560888e+001  4.200000e+002
    endloop
  endfacet
  facet normal  7.278723e-001 -3.976367e-001  5.586474e-001
    outer loop
      vertex -1.472672e+003 -1.438277e+001  4.200000e+002
      vertex -1.468108e+003 -3.272169e+001  4.010000e+002
      vertex -1.454775e+003 -8.314778e+000  4.010000e+002
    endloop
  endfacet
  facet normal  7.440757e-001 -1.806700e-001  6.432028e-001
    outer loop
      vertex -1.472672e+003 -1.438277e+001  4.200000e+002
      vertex -1.454775e+003 -8.314778e+000  4.010000e+002
      vertex -1.469008e+003  7.078975e-001  4.200000e+002
    endloop
  endfacet
  facet normal  3.537108e-001 -7.465217e-001  5.635549e-001
    outer loop
      vertex -1.483391e+003 -2.561958e+001  4.200000e+002
      vertex -1.493241e+003 -4.463003e+001  4.010000e+002
      vertex -1.468108e+003 -3.272169e+001  4.010000e+002
    endloop
  endfacet
  facet normal  5.540518e-001 -5.285017e-001  6.432049e-001
    outer loop
      vertex -1.483391e+003 -2.561958e+001  4.200000e+002
      vertex -1.468108e+003 -3.272169e+001  4.010000e+002
      vertex -1.472672e+003 -1.438277e+001  4.200000e+002
    endloop
  endfacet
  facet normal  2.183337e-001 -7.441308e-001  6.313475e-001
    outer loop
      vertex -1.498292e+003 -2.999165e+001  4.200000e+002
      vertex -1.493241e+003 -4.463003e+001  4.010000e+002
      vertex -1.483391e+003 -2.561958e+001  4.200000e+002
    endloop
  endfacet
  facet normal  0.000000e+000  0.000000e+000  1.000000e+000
    outer loop
      vertex -1.520574e+003 -3.949121e+001  4.010000e+002
      vertex -1.539666e+003 -1.926810e+001  4.010000e+002
      vertex -1.537428e+003 -2.791980e+001  4.010000e+002
    endloop
  endfacet
  facet normal  0.000000e+000  0.000000e+000  1.000000e+000
    outer loop
      vertex -1.520574e+003 -3.949121e+001  4.010000e+002
      vertex -1.537428e+003 -2.791980e+001  4.010000e+002
      vertex -1.513678e+003 -4.517519e+001  4.010000e+002
    endloop
  endfacet
  facet normal  0.000000e+000  -0.000000e+000  1.000000e+000
    outer loop
      vertex -1.520574e+003 -3.949121e+001  4.010000e+002
      vertex -1.513678e+003 -4.517519e+001  4.010000e+002
      vertex -1.493241e+003 -4.463003e+001  4.010000e+002
    endloop
  endfacet
  facet normal  0.000000e+000  0.000000e+000  1.000000e+000
    outer loop
      vertex -1.477426e+003  3.949121e+001  4.010000e+002
      vertex -1.458334e+003  1.926810e+001  4.010000e+002
      vertex -1.460572e+003  2.791980e+001  4.010000e+002
    endloop
  endfacet
  facet normal  0.000000e+000  0.000000e+000  1.000000e+000
    outer loop
      vertex -1.477426e+003  3.949121e+001  4.010000e+002
      vertex -1.460572e+003  2.791980e+001  4.010000e+002
      vertex -1.484322e+003  4.517519e+001  4.010000e+002
    endloop
  endfacet
  facet normal  0.000000e+000  0.000000e+000  1.000000e+000
    outer loop
      vertex -1.477426e+003  3.949121e+001  4.010000e+002
      vertex -1.484322e+003  4.517519e+001  4.010000e+002
      vertex -1.504759e+003  4.463003e+001  4.010000e+002
    endloop
  endfacet
  facet normal  0.000000e+000  0.000000e+000  1.000000e+000
    outer loop
      vertex -1.451500e+003  0.000000e+000  4.010000e+002
      vertex -1.460572e+003  2.791980e+001  4.010000e+002
      vertex -1.458334e+003  1.926810e+001  4.010000e+002
    endloop
  endfacet
  facet normal  0.000000e+000  0.000000e+000  1.000000e+000
    outer loop
      vertex -1.451500e+003  0.000000e+000  4.010000e+002
      vertex -1.458334e+003  1.926810e+001  4.010000e+002
      vertex -1.454775e+003 -8.314778e+000  4.010000e+002
    endloop
  endfacet
  facet normal  -0.000000e+000  0.000000e+000  1.000000e+000
    outer loop
      vertex -1.451500e+003  0.000000e+000  4.010000e+002
      vertex -1.454775e+003 -8.314778e+000  4.010000e+002
      vertex -1.460572e+003 -2.791980e+001  4.010000e+002
    endloop
  endfacet
  facet normal  0.000000e+000  0.000000e+000  1.000000e+000
    outer loop
      vertex -1.546500e+003  5.817072e-015  4.010000e+002
      vertex -1.537428e+003 -2.791980e+001  4.010000e+002
      vertex -1.539666e+003 -1.926810e+001  4.010000e+002
    endloop
  endfacet
  facet normal  0.000000e+000  0.000000e+000  1.000000e+000
    outer loop
      vertex -1.546500e+003  5.817072e-015  4.010000e+002
      vertex -1.539666e+003 -1.926810e+001  4.010000e+002
      vertex -1.543225e+003  8.314778e+000  4.010000e+002
    endloop
  endfacet
  facet normal  0.000000e+000  -0.000000e+000  1.000000e+000
    outer loop
      vertex -1.546500e+003  5.817072e-015  4.010000e+002
      vertex -1.543225e+003  8.314778e+000  4.010000e+002
      vertex -1.537428e+003  2.791980e+001  4.010000e+002
    endloop
  endfacet
  facet normal  0.000000e+000  0.000000e+000  1.000000e+000
    outer loop
      vertex -1.513678e+003 -4.517519e+001  4.010000e+002
      vertex -1.484322e+003 -4.517519e+001  4.010000e+002
      vertex -1.493241e+003 -4.463003e+001  4.010000e+002
    endloop
  endfacet
  facet normal  -0.000000e+000  0.000000e+000  1.000000e+000
    outer loop
      vertex -1.484322e+003  4.517519e+001  4.010000e+002
      vertex -1.513678e+003  4.517519e+001  4.010000e+002
      vertex -1.504759e+003  4.463003e+001  4.010000e+002
    endloop
  endfacet
  facet normal  0.000000e+000  0.000000e+000  1.000000e+000
    outer loop
      vertex -1.529892e+003  3.272169e+001  4.010000e+002
      vertex -1.504759e+003  4.463003e+001  4.010000e+002
      vertex -1.513678e+003  4.517519e+001  4.010000e+002
    endloop
  endfacet
  facet normal  0.000000e+000  0.000000e+000  1.000000e+000
    outer loop
      vertex -1.513678e+003  4.517519e+001  4.010000e+002
      vertex -1.537428e+003  2.791980e+001  4.010000e+002
      vertex -1.529892e+003  3.272169e+001  4.010000e+002
    endloop
  endfacet
  facet normal  0.000000e+000  0.000000e+000  1.000000e+000
    outer loop
      vertex -1.543225e+003  8.314778e+000  4.010000e+002
      vertex -1.529892e+003  3.272169e+001  4.010000e+002
      vertex -1.537428e+003  2.791980e+001  4.010000e+002
    endloop
  endfacet
  facet normal  0.000000e+000  0.000000e+000  1.000000e+000
    outer loop
      vertex -1.454775e+003 -8.314778e+000  4.010000e+002
      vertex -1.468108e+003 -3.272169e+001  4.010000e+002
      vertex -1.460572e+003 -2.791980e+001  4.010000e+002
    endloop
  endfacet
  facet normal  0.000000e+000  0.000000e+000  1.000000e+000
    outer loop
      vertex -1.484322e+003 -4.517519e+001  4.010000e+002
      vertex -1.460572e+003 -2.791980e+001  4.010000e+002
      vertex -1.468108e+003 -3.272169e+001  4.010000e+002
    endloop
  endfacet
  facet normal  0.000000e+000  0.000000e+000  1.000000e+000
    outer loop
      vertex -1.484322e+003 -4.517519e+001  4.010000e+002
      vertex -1.468108e+003 -3.272169e+001  4.010000e+002
      vertex -1.493241e+003 -4.463003e+001  4.010000e+002
    endloop
  endfacet
  facet normal  9.238791e-001 -3.826846e-001  0.000000e+000
    outer loop
      vertex -1.451500e+003  0.000000e+000  3.610000e+002
      vertex -1.451500e+003  0.000000e+000  4.010000e+002
      vertex -1.465412e+003 -3.358757e+001  3.610000e+002
    endloop
  endfacet
  facet normal  9.486479e-001 -3.082331e-001 -7.113096e-002
    outer loop
      vertex -1.465412e+003 -3.358757e+001  3.610000e+002
      vertex -1.451500e+003  0.000000e+000  4.010000e+002
      vertex -1.460572e+003 -2.791980e+001  4.010000e+002
    endloop
  endfacet
  facet normal  5.872300e-001 -8.082526e-001  4.345797e-002
    outer loop
      vertex -1.465412e+003 -3.358757e+001  3.610000e+002
      vertex -1.460572e+003 -2.791980e+001  4.010000e+002
      vertex -1.484322e+003 -4.517519e+001  4.010000e+002
    endloop
  endfacet
  facet normal -9.510568e-001 -3.090158e-001  0.000000e+000
    outer loop
      vertex -1.546500e+003  5.817072e-015  4.010000e+002
      vertex -1.546500e+003  5.817072e-015  3.610000e+002
      vertex -1.537428e+003 -2.791980e+001  4.010000e+002
    endloop
  endfacet
  facet normal -9.223511e-001 -3.820516e-001 -5.748885e-002
    outer loop
      vertex -1.537428e+003 -2.791980e+001  4.010000e+002
      vertex -1.546500e+003  5.817072e-015  3.610000e+002
      vertex -1.532588e+003 -3.358757e+001  3.610000e+002
    endloop
  endfacet
  facet normal -5.872300e-001 -8.082526e-001  4.345797e-002
    outer loop
      vertex -1.537428e+003 -2.791980e+001  4.010000e+002
      vertex -1.532588e+003 -3.358757e+001  3.610000e+002
      vertex -1.513678e+003 -4.517519e+001  4.010000e+002
    endloop
  endfacet
  facet normal  3.812525e-001 -9.204238e-001 -8.640854e-002
    outer loop
      vertex -1.465412e+003 -3.358757e+001  3.610000e+002
      vertex -1.484322e+003 -4.517519e+001  4.010000e+002
      vertex -1.499000e+003 -4.750000e+001  3.610000e+002
    endloop
  endfacet
  facet normal  0.000000e+000 -9.983152e-001  5.802243e-002
    outer loop
      vertex -1.484322e+003 -4.517519e+001  4.010000e+002
      vertex -1.513678e+003 -4.517519e+001  4.010000e+002
      vertex -1.499000e+003 -4.750000e+001  3.610000e+002
    endloop
  endfacet
  facet normal -3.812525e-001 -9.204238e-001 -8.640854e-002
    outer loop
      vertex -1.532588e+003 -3.358757e+001  3.610000e+002
      vertex -1.499000e+003 -4.750000e+001  3.610000e+002
      vertex -1.513678e+003 -4.517519e+001  4.010000e+002
    endloop
  endfacet
  facet normal -9.238791e-001  3.826846e-001  0.000000e+000
    outer loop
      vertex -1.546500e+003  5.817072e-015  3.610000e+002
      vertex -1.546500e+003  5.817072e-015  4.010000e+002
      vertex -1.532588e+003  3.358757e+001  3.610000e+002
    endloop
  endfacet
  facet normal -9.486479e-001  3.082331e-001 -7.113096e-002
    outer loop
      vertex -1.532588e+003  3.358757e+001  3.610000e+002
      vertex -1.546500e+003  5.817072e-015  4.010000e+002
      vertex -1.537428e+003  2.791980e+001  4.010000e+002
    endloop
  endfacet
  facet normal -5.872300e-001  8.082526e-001  4.345797e-002
    outer loop
      vertex -1.532588e+003  3.358757e+001  3.610000e+002
      vertex -1.537428e+003  2.791980e+001  4.010000e+002
      vertex -1.513678e+003  4.517519e+001  4.010000e+002
    endloop
  endfacet
  facet normal  9.510568e-001  3.090158e-001  -0.000000e+000
    outer loop
      vertex -1.451500e+003  0.000000e+000  4.010000e+002
      vertex -1.451500e+003  0.000000e+000  3.610000e+002
      vertex -1.460572e+003  2.791980e+001  4.010000e+002
    endloop
  endfacet
  facet normal  9.223511e-001  3.820516e-001 -5.748885e-002
    outer loop
      vertex -1.460572e+003  2.791980e+001  4.010000e+002
      vertex -1.451500e+003  0.000000e+000  3.610000e+002
      vertex -1.465412e+003  3.358757e+001  3.610000e+002
    endloop
  endfacet
  facet normal  5.872300e-001  8.082526e-001  4.345797e-002
    outer loop
      vertex -1.460572e+003  2.791980e+001  4.010000e+002
      vertex -1.465412e+003  3.358757e+001  3.610000e+002
      vertex -1.484322e+003  4.517519e+001  4.010000e+002
    endloop
  endfacet
  facet normal -3.812525e-001  9.204238e-001 -8.640854e-002
    outer loop
      vertex -1.532588e+003  3.358757e+001  3.610000e+002
      vertex -1.513678e+003  4.517519e+001  4.010000e+002
      vertex -1.499000e+003  4.750000e+001  3.610000e+002
    endloop
  endfacet
  facet normal  0.000000e+000  9.983152e-001  5.802243e-002
    outer loop
      vertex -1.513678e+003  4.517519e+001  4.010000e+002
      vertex -1.484322e+003  4.517519e+001  4.010000e+002
      vertex -1.499000e+003  4.750000e+001  3.610000e+002
    endloop
  endfacet
  facet normal  3.812525e-001  9.204238e-001 -8.640854e-002
    outer loop
      vertex -1.465412e+003  3.358757e+001  3.610000e+002
      vertex -1.499000e+003  4.750000e+001  3.610000e+002
      vertex -1.484322e+003  4.517519e+001  4.010000e+002
    endloop
  endfacet
  facet normal  0.000000e+000  0.000000e+000  9.999999e-001
    outer loop
      vertex -1.581500e+003  4.674069e-014  3.610000e+002
      vertex -1.546500e+003  5.817072e-015  3.610000e+002
      vertex -1.557336e+003  5.833631e+001  3.610000e+002
    endloop
  endfacet
  facet normal  0.000000e+000  -0.000000e+000  1.000000e+000
    outer loop
      vertex -1.557336e+003  5.833631e+001  3.610000e+002
      vertex -1.546500e+003  5.817072e-015  3.610000e+002
      vertex -1.532588e+003  3.358757e+001  3.610000e+002
    endloop
  endfacet
  facet normal  0.000000e+000  -0.000000e+000  1.000000e+000
    outer loop
      vertex -1.557336e+003  5.833631e+001  3.610000e+002
      vertex -1.532588e+003  3.358757e+001  3.610000e+002
      vertex -1.499000e+003  4.750000e+001  3.610000e+002
    endloop
  endfacet
  facet normal  0.000000e+000  0.000000e+000  9.999999e-001
    outer loop
      vertex -1.499000e+003  8.250000e+001  3.610000e+002
      vertex -1.499000e+003  4.750000e+001  3.610000e+002
      vertex -1.440664e+003  5.833631e+001  3.610000e+002
    endloop
  endfacet
  facet normal  -0.000000e+000  0.000000e+000  1.000000e+000
    outer loop
      vertex -1.440664e+003  5.833631e+001  3.610000e+002
      vertex -1.499000e+003  4.750000e+001  3.610000e+002
      vertex -1.465412e+003  3.358757e+001  3.610000e+002
    endloop
  endfacet
  facet normal  -0.000000e+000  0.000000e+000  1.000000e+000
    outer loop
      vertex -1.440664e+003  5.833631e+001  3.610000e+002
      vertex -1.465412e+003  3.358757e+001  3.610000e+002
      vertex -1.416500e+003 -9.348139e-014  3.610000e+002
    endloop
  endfacet
  facet normal  0.000000e+000  0.000000e+000  1.000000e+000
    outer loop
      vertex -1.416500e+003 -9.348139e-014  3.610000e+002
      vertex -1.465412e+003  3.358757e+001  3.610000e+002
      vertex -1.451500e+003  0.000000e+000  3.610000e+002
    endloop
  endfacet
  facet normal  0.000000e+000  0.000000e+000  9.999999e-001
    outer loop
      vertex -1.416500e+003 -9.348139e-014  3.610000e+002
      vertex -1.451500e+003  0.000000e+000  3.610000e+002
      vertex -1.440664e+003 -5.833631e+001  3.610000e+002
    endloop
  endfacet
  facet normal  0.000000e+000  0.000000e+000  1.000000e+000
    outer loop
      vertex -1.440664e+003 -5.833631e+001  3.610000e+002
      vertex -1.451500e+003  0.000000e+000  3.610000e+002
      vertex -1.465412e+003 -3.358757e+001  3.610000e+002
    endloop
  endfacet
  facet normal  0.000000e+000  0.000000e+000  1.000000e+000
    outer loop
      vertex -1.440664e+003 -5.833631e+001  3.610000e+002
      vertex -1.465412e+003 -3.358757e+001  3.610000e+002
      vertex -1.499000e+003 -4.750000e+001  3.610000e+002
    endloop
  endfacet
  facet normal  0.000000e+000  -0.000000e+000  9.999999e-001
    outer loop
      vertex -1.557336e+003 -5.833631e+001  3.610000e+002
      vertex -1.499000e+003 -8.250000e+001  3.610000e+002
      vertex -1.499000e+003 -4.750000e+001  3.610000e+002
    endloop
  endfacet
  facet normal  0.000000e+000  0.000000e+000  1.000000e+000
    outer loop
      vertex -1.557336e+003 -5.833631e+001  3.610000e+002
      vertex -1.499000e+003 -4.750000e+001  3.610000e+002
      vertex -1.532588e+003 -3.358757e+001  3.610000e+002
    endloop
  endfacet
  facet normal  0.000000e+000  0.000000e+000  1.000000e+000
    outer loop
      vertex -1.557336e+003 -5.833631e+001  3.610000e+002
      vertex -1.532588e+003 -3.358757e+001  3.610000e+002
      vertex -1.546500e+003  5.817072e-015  3.610000e+002
    endloop
  endfacet
  facet normal  0.000000e+000  0.000000e+000  9.999999e-001
    outer loop
      vertex -1.557336e+003 -5.833631e+001  3.610000e+002
      vertex -1.546500e+003  5.817072e-015  3.610000e+002
      vertex -1.581500e+003  4.674069e-014  3.610000e+002
    endloop
  endfacet
  facet normal  0.000000e+000  -0.000000e+000  9.999999e-001
    outer loop
      vertex -1.557336e+003  5.833631e+001  3.610000e+002
      vertex -1.499000e+003  4.750000e+001  3.610000e+002
      vertex -1.499000e+003  8.250000e+001  3.610000e+002
    endloop
  endfacet
  facet normal  0.000000e+000  0.000000e+000  9.999999e-001
    outer loop
      vertex -1.440664e+003 -5.833631e+001  3.610000e+002
      vertex -1.499000e+003 -4.750000e+001  3.610000e+002
      vertex -1.499000e+003 -8.250000e+001  3.610000e+002
    endloop
  endfacet
  facet normal  9.238795e-001 -3.826835e-001  0.000000e+000
    outer loop
      vertex -1.581500e+003  4.674069e-014  3.610000e+002
      vertex -1.557336e+003  5.833631e+001  3.610000e+002
      vertex -1.581500e+003  4.674069e-014  4.010000e+002
    endloop
  endfacet
  facet normal  9.238795e-001 -3.826835e-001  0.000000e+000
    outer loop
      vertex -1.557336e+003  5.833631e+001  3.610000e+002
      vertex -1.557336e+003  5.833631e+001  4.010000e+002
      vertex -1.581500e+003  4.674069e-014  4.010000e+002
    endloop
  endfacet
  facet normal  3.826834e-001 -9.238795e-001  0.000000e+000
    outer loop
      vertex -1.557336e+003  5.833631e+001  3.610000e+002
      vertex -1.499000e+003  8.250000e+001  3.610000e+002
      vertex -1.557336e+003  5.833631e+001  4.010000e+002
    endloop
  endfacet
  facet normal  3.826834e-001 -9.238795e-001  0.000000e+000
    outer loop
      vertex -1.499000e+003  8.250000e+001  3.610000e+002
      vertex -1.499000e+003  8.250000e+001  4.010000e+002
      vertex -1.557336e+003  5.833631e+001  4.010000e+002
    endloop
  endfacet
  facet normal -3.826834e-001 -9.238795e-001  0.000000e+000
    outer loop
      vertex -1.499000e+003  8.250000e+001  3.610000e+002
      vertex -1.440664e+003  5.833631e+001  3.610000e+002
      vertex -1.499000e+003  8.250000e+001  4.010000e+002
    endloop
  endfacet
  facet normal -3.826834e-001 -9.238795e-001  -0.000000e+000
    outer loop
      vertex -1.440664e+003  5.833631e+001  3.610000e+002
      vertex -1.440664e+003  5.833631e+001  4.010000e+002
      vertex -1.499000e+003  8.250000e+001  4.010000e+002
    endloop
  endfacet
  facet normal -9.238795e-001 -3.826835e-001  0.000000e+000
    outer loop
      vertex -1.440664e+003  5.833631e+001  3.610000e+002
      vertex -1.416500e+003 -9.348139e-014  3.610000e+002
      vertex -1.440664e+003  5.833631e+001  4.010000e+002
    endloop
  endfacet
  facet normal -9.238795e-001 -3.826835e-001  8.943446e-016
    outer loop
      vertex -1.416500e+003 -9.348139e-014  3.610000e+002
      vertex -1.416500e+003  0.000000e+000  4.010000e+002
      vertex -1.440664e+003  5.833631e+001  4.010000e+002
    endloop
  endfacet
  facet normal -9.238795e-001  3.826835e-001  0.000000e+000
    outer loop
      vertex -1.416500e+003 -9.348139e-014  3.610000e+002
      vertex -1.440664e+003 -5.833631e+001  3.610000e+002
      vertex -1.416500e+003  0.000000e+000  4.010000e+002
    endloop
  endfacet
  facet normal -9.238795e-001  3.826835e-001  0.000000e+000
    outer loop
      vertex -1.440664e+003 -5.833631e+001  3.610000e+002
      vertex -1.440664e+003 -5.833631e+001  4.010000e+002
      vertex -1.416500e+003  0.000000e+000  4.010000e+002
    endloop
  endfacet
  facet normal -3.826834e-001  9.238795e-001  0.000000e+000
    outer loop
      vertex -1.440664e+003 -5.833631e+001  3.610000e+002
      vertex -1.499000e+003 -8.250000e+001  3.610000e+002
      vertex -1.440664e+003 -5.833631e+001  4.010000e+002
    endloop
  endfacet
  facet normal -3.826834e-001  9.238795e-001  0.000000e+000
    outer loop
      vertex -1.499000e+003 -8.250000e+001  3.610000e+002
      vertex -1.499000e+003 -8.250000e+001  4.010000e+002
      vertex -1.440664e+003 -5.833631e+001  4.010000e+002
    endloop
  endfacet
  facet normal  3.826834e-001  9.238795e-001  0.000000e+000
    outer loop
      vertex -1.499000e+003 -8.250000e+001  3.610000e+002
      vertex -1.557336e+003 -5.833631e+001  3.610000e+002
      vertex -1.499000e+003 -8.250000e+001  4.010000e+002
    endloop
  endfacet
  facet normal  3.826834e-001  9.238795e-001  0.000000e+000
    outer loop
      vertex -1.557336e+003 -5.833631e+001  3.610000e+002
      vertex -1.557336e+003 -5.833631e+001  4.010000e+002
      vertex -1.499000e+003 -8.250000e+001  4.010000e+002
    endloop
  endfacet
  facet normal  9.238795e-001  3.826835e-001  0.000000e+000
    outer loop
      vertex -1.557336e+003 -5.833631e+001  3.610000e+002
      vertex -1.581500e+003  4.674069e-014  3.610000e+002
      vertex -1.557336e+003 -5.833631e+001  4.010000e+002
    endloop
  endfacet
  facet normal  9.238795e-001  3.826835e-001  0.000000e+000
    outer loop
      vertex -1.581500e+003  4.674069e-014  3.610000e+002
      vertex -1.581500e+003  4.674069e-014  4.010000e+002
      vertex -1.557336e+003 -5.833631e+001  4.010000e+002
    endloop
  endfacet
  facet normal  0.000000e+000  0.000000e+000  1.000000e+000
    outer loop
      vertex -1.499000e+003  8.250000e+001  4.010000e+002
      vertex -1.499000e+003  8.750000e+001  4.010000e+002
      vertex -1.557336e+003  5.833631e+001  4.010000e+002
    endloop
  endfacet
  facet normal  0.000000e+000  0.000000e+000  1.000000e+000
    outer loop
      vertex -1.557336e+003  5.833631e+001  4.010000e+002
      vertex -1.499000e+003  8.750000e+001  4.010000e+002
      vertex -1.560872e+003  6.187185e+001  4.010000e+002
    endloop
  endfacet
  facet normal  0.000000e+000  0.000000e+000  1.000000e+000
    outer loop
      vertex -1.557336e+003  5.833631e+001  4.010000e+002
      vertex -1.560872e+003  6.187185e+001  4.010000e+002
      vertex -1.581500e+003  4.674069e-014  4.010000e+002
    endloop
  endfacet
  facet normal  0.000000e+000  0.000000e+000  1.000000e+000
    outer loop
      vertex -1.581500e+003  4.674069e-014  4.010000e+002
      vertex -1.560872e+003  6.187185e+001  4.010000e+002
      vertex -1.586500e+003  4.957346e-014  4.010000e+002
    endloop
  endfacet
  facet normal  0.000000e+000  0.000000e+000  1.000000e+000
    outer loop
      vertex -1.581500e+003  4.674069e-014  4.010000e+002
      vertex -1.586500e+003  4.957346e-014  4.010000e+002
      vertex -1.557336e+003 -5.833631e+001  4.010000e+002
    endloop
  endfacet
  facet normal  0.000000e+000  0.000000e+000  1.000000e+000
    outer loop
      vertex -1.557336e+003 -5.833631e+001  4.010000e+002
      vertex -1.586500e+003  4.957346e-014  4.010000e+002
      vertex -1.560872e+003 -6.187185e+001  4.010000e+002
    endloop
  endfacet
  facet normal  -0.000000e+000  0.000000e+000  1.000000e+000
    outer loop
      vertex -1.557336e+003 -5.833631e+001  4.010000e+002
      vertex -1.560872e+003 -6.187185e+001  4.010000e+002
      vertex -1.499000e+003 -8.250000e+001  4.010000e+002
    endloop
  endfacet
  facet normal  0.000000e+000  0.000000e+000  1.000000e+000
    outer loop
      vertex -1.499000e+003 -8.250000e+001  4.010000e+002
      vertex -1.560872e+003 -6.187185e+001  4.010000e+002
      vertex -1.499000e+003 -8.750000e+001  4.010000e+002
    endloop
  endfacet
  facet normal  0.000000e+000  0.000000e+000  1.000000e+000
    outer loop
      vertex -1.499000e+003 -8.250000e+001  4.010000e+002
      vertex -1.499000e+003 -8.750000e+001  4.010000e+002
      vertex -1.440664e+003 -5.833631e+001  4.010000e+002
    endloop
  endfacet
  facet normal  0.000000e+000  0.000000e+000  1.000000e+000
    outer loop
      vertex -1.440664e+003 -5.833631e+001  4.010000e+002
      vertex -1.499000e+003 -8.750000e+001  4.010000e+002
      vertex -1.437128e+003 -6.187185e+001  4.010000e+002
    endloop
  endfacet
  facet normal  0.000000e+000  -0.000000e+000  1.000000e+000
    outer loop
      vertex -1.440664e+003 -5.833631e+001  4.010000e+002
      vertex -1.437128e+003 -6.187185e+001  4.010000e+002
      vertex -1.416500e+003  0.000000e+000  4.010000e+002
    endloop
  endfacet
  facet normal  0.000000e+000  0.000000e+000  1.000000e+000
    outer loop
      vertex -1.416500e+003  0.000000e+000  4.010000e+002
      vertex -1.437128e+003 -6.187185e+001  4.010000e+002
      vertex -1.411500e+003  0.000000e+000  4.010000e+002
    endloop
  endfacet
  facet normal  0.000000e+000  0.000000e+000  1.000000e+000
    outer loop
      vertex -1.416500e+003  0.000000e+000  4.010000e+002
      vertex -1.411500e+003  0.000000e+000  4.010000e+002
      vertex -1.440664e+003  5.833631e+001  4.010000e+002
    endloop
  endfacet
  facet normal  0.000000e+000  0.000000e+000  1.000000e+000
    outer loop
      vertex -1.440664e+003  5.833631e+001  4.010000e+002
      vertex -1.411500e+003  0.000000e+000  4.010000e+002
      vertex -1.437128e+003  6.187185e+001  4.010000e+002
    endloop
  endfacet
  facet normal  0.000000e+000  0.000000e+000  1.000000e+000
    outer loop
      vertex -1.440664e+003  5.833631e+001  4.010000e+002
      vertex -1.437128e+003  6.187185e+001  4.010000e+002
      vertex -1.499000e+003  8.250000e+001  4.010000e+002
    endloop
  endfacet
  facet normal  0.000000e+000  0.000000e+000  1.000000e+000
    outer loop
      vertex -1.499000e+003  8.250000e+001  4.010000e+002
      vertex -1.437128e+003  6.187185e+001  4.010000e+002
      vertex -1.499000e+003  8.750000e+001  4.010000e+002
    endloop
  endfacet
  facet normal  9.238795e-001 -3.826837e-001  0.000000e+000
    outer loop
      vertex -1.411500e+003  0.000000e+000  3.610000e+002
      vertex -1.411500e+003  0.000000e+000  4.010000e+002
      vertex -1.437128e+003 -6.187185e+001  3.610000e+002
    endloop
  endfacet
  facet normal  9.238795e-001 -3.826837e-001  0.000000e+000
    outer loop
      vertex -1.437128e+003 -6.187185e+001  3.610000e+002
      vertex -1.411500e+003  0.000000e+000  4.010000e+002
      vertex -1.437128e+003 -6.187185e+001  4.010000e+002
    endloop
  endfacet
  facet normal  3.826835e-001 -9.238796e-001  0.000000e+000
    outer loop
      vertex -1.437128e+003 -6.187185e+001  3.610000e+002
      vertex -1.437128e+003 -6.187185e+001  4.010000e+002
      vertex -1.499000e+003 -8.750000e+001  3.610000e+002
    endloop
  endfacet
  facet normal  3.826835e-001 -9.238796e-001  0.000000e+000
    outer loop
      vertex -1.499000e+003 -8.750000e+001  3.610000e+002
      vertex -1.437128e+003 -6.187185e+001  4.010000e+002
      vertex -1.499000e+003 -8.750000e+001  4.010000e+002
    endloop
  endfacet
  facet normal -3.826835e-001 -9.238796e-001  -0.000000e+000
    outer loop
      vertex -1.499000e+003 -8.750000e+001  3.610000e+002
      vertex -1.499000e+003 -8.750000e+001  4.010000e+002
      vertex -1.560872e+003 -6.187185e+001  3.610000e+002
    endloop
  endfacet
  facet normal -3.826835e-001 -9.238796e-001  0.000000e+000
    outer loop
      vertex -1.560872e+003 -6.187185e+001  3.610000e+002
      vertex -1.499000e+003 -8.750000e+001  4.010000e+002
      vertex -1.560872e+003 -6.187185e+001  4.010000e+002
    endloop
  endfacet
  facet normal -9.238795e-001 -3.826837e-001  -0.000000e+000
    outer loop
      vertex -1.560872e+003 -6.187185e+001  3.610000e+002
      vertex -1.560872e+003 -6.187185e+001  4.010000e+002
      vertex -1.586500e+003  4.957346e-014  3.610000e+002
    endloop
  endfacet
  facet normal -9.238795e-001 -3.826837e-001  0.000000e+000
    outer loop
      vertex -1.586500e+003  4.957346e-014  3.610000e+002
      vertex -1.560872e+003 -6.187185e+001  4.010000e+002
      vertex -1.586500e+003  4.957346e-014  4.010000e+002
    endloop
  endfacet
  facet normal -9.238795e-001  3.826837e-001  0.000000e+000
    outer loop
      vertex -1.586500e+003  4.957346e-014  3.610000e+002
      vertex -1.586500e+003  4.957346e-014  4.010000e+002
      vertex -1.560872e+003  6.187185e+001  3.610000e+002
    endloop
  endfacet
  facet normal -9.238795e-001  3.826837e-001  0.000000e+000
    outer loop
      vertex -1.560872e+003  6.187185e+001  3.610000e+002
      vertex -1.586500e+003  4.957346e-014  4.010000e+002
      vertex -1.560872e+003  6.187185e+001  4.010000e+002
    endloop
  endfacet
  facet normal -3.826835e-001  9.238796e-001  0.000000e+000
    outer loop
      vertex -1.560872e+003  6.187185e+001  3.610000e+002
      vertex -1.560872e+003  6.187185e+001  4.010000e+002
      vertex -1.499000e+003  8.750000e+001  3.610000e+002
    endloop
  endfacet
  facet normal -3.826835e-001  9.238796e-001  0.000000e+000
    outer loop
      vertex -1.499000e+003  8.750000e+001  3.610000e+002
      vertex -1.560872e+003  6.187185e+001  4.010000e+002
      vertex -1.499000e+003  8.750000e+001  4.010000e+002
    endloop
  endfacet
  facet normal  3.826835e-001  9.238796e-001  0.000000e+000
    outer loop
      vertex -1.499000e+003  8.750000e+001  3.610000e+002
      vertex -1.499000e+003  8.750000e+001  4.010000e+002
      vertex -1.437128e+003  6.187185e+001  3.610000e+002
    endloop
  endfacet
  facet normal  3.826835e-001  9.238796e-001  0.000000e+000
    outer loop
      vertex -1.437128e+003  6.187185e+001  3.610000e+002
      vertex -1.499000e+003  8.750000e+001  4.010000e+002
      vertex -1.437128e+003  6.187185e+001  4.010000e+002
    endloop
  endfacet
  facet normal  9.238795e-001  3.826837e-001  0.000000e+000
    outer loop
      vertex -1.437128e+003  6.187185e+001  3.610000e+002
      vertex -1.437128e+003  6.187185e+001  4.010000e+002
      vertex -1.411500e+003  0.000000e+000  3.610000e+002
    endloop
  endfacet
  facet normal  9.238795e-001  3.826837e-001  0.000000e+000
    outer loop
      vertex -1.411500e+003  0.000000e+000  3.610000e+002
      vertex -1.437128e+003  6.187185e+001  4.010000e+002
      vertex -1.411500e+003  0.000000e+000  4.010000e+002
    endloop
  endfacet
  facet normal  0.000000e+000  0.000000e+000  1.000000e+000
    outer loop
      vertex -1.499000e+003 -1.200000e+002  3.610000e+002
      vertex -1.499000e+003 -8.750000e+001  3.610000e+002
      vertex -1.583853e+003 -8.485281e+001  3.610000e+002
    endloop
  endfacet
  facet normal  0.000000e+000  0.000000e+000  1.000000e+000
    outer loop
      vertex -1.583853e+003 -8.485281e+001  3.610000e+002
      vertex -1.499000e+003 -8.750000e+001  3.610000e+002
      vertex -1.560872e+003 -6.187185e+001  3.610000e+002
    endloop
  endfacet
  facet normal  0.000000e+000  0.000000e+000  1.000000e+000
    outer loop
      vertex -1.583853e+003 -8.485281e+001  3.610000e+002
      vertex -1.560872e+003 -6.187185e+001  3.610000e+002
      vertex -1.619000e+003  6.798647e-014  3.610000e+002
    endloop
  endfacet
  facet normal  0.000000e+000  0.000000e+000  1.000000e+000
    outer loop
      vertex -1.619000e+003  6.798647e-014  3.610000e+002
      vertex -1.560872e+003 -6.187185e+001  3.610000e+002
      vertex -1.586500e+003  4.957346e-014  3.610000e+002
    endloop
  endfacet
  facet normal  0.000000e+000  -0.000000e+000  1.000000e+000
    outer loop
      vertex -1.619000e+003  6.798647e-014  3.610000e+002
      vertex -1.586500e+003  4.957346e-014  3.610000e+002
      vertex -1.583853e+003  8.485281e+001  3.610000e+002
    endloop
  endfacet
  facet normal  0.000000e+000  0.000000e+000  1.000000e+000
    outer loop
      vertex -1.583853e+003  8.485281e+001  3.610000e+002
      vertex -1.586500e+003  4.957346e-014  3.610000e+002
      vertex -1.560872e+003  6.187185e+001  3.610000e+002
    endloop
  endfacet
  facet normal  0.000000e+000  -0.000000e+000  1.000000e+000
    outer loop
      vertex -1.583853e+003  8.485281e+001  3.610000e+002
      vertex -1.560872e+003  6.187185e+001  3.610000e+002
      vertex -1.499000e+003  8.750000e+001  3.610000e+002
    endloop
  endfacet
  facet normal  -0.000000e+000  0.000000e+000  1.000000e+000
    outer loop
      vertex -1.499000e+003  1.200000e+002  3.610000e+002
      vertex -1.499000e+003  8.750000e+001  3.610000e+002
      vertex -1.414147e+003  8.485281e+001  3.610000e+002
    endloop
  endfacet
  facet normal  0.000000e+000  0.000000e+000  1.000000e+000
    outer loop
      vertex -1.414147e+003  8.485281e+001  3.610000e+002
      vertex -1.499000e+003  8.750000e+001  3.610000e+002
      vertex -1.437128e+003  6.187185e+001  3.610000e+002
    endloop
  endfacet
  facet normal  -0.000000e+000  0.000000e+000  1.000000e+000
    outer loop
      vertex -1.414147e+003  8.485281e+001  3.610000e+002
      vertex -1.437128e+003  6.187185e+001  3.610000e+002
      vertex -1.379000e+003 -1.359729e-013  3.610000e+002
    endloop
  endfacet
  facet normal  0.000000e+000  0.000000e+000  1.000000e+000
    outer loop
      vertex -1.379000e+003 -1.359729e-013  3.610000e+002
      vertex -1.437128e+003  6.187185e+001  3.610000e+002
      vertex -1.411500e+003  0.000000e+000  3.610000e+002
    endloop
  endfacet
  facet normal  0.000000e+000  0.000000e+000  1.000000e+000
    outer loop
      vertex -1.379000e+003 -1.359729e-013  3.610000e+002
      vertex -1.411500e+003  0.000000e+000  3.610000e+002
      vertex -1.414147e+003 -8.485281e+001  3.610000e+002
    endloop
  endfacet
  facet normal  0.000000e+000  0.000000e+000  1.000000e+000
    outer loop
      vertex -1.414147e+003 -8.485281e+001  3.610000e+002
      vertex -1.411500e+003  0.000000e+000  3.610000e+002
      vertex -1.437128e+003 -6.187185e+001  3.610000e+002
    endloop
  endfacet
  facet normal  0.000000e+000  0.000000e+000  1.000000e+000
    outer loop
      vertex -1.414147e+003 -8.485281e+001  3.610000e+002
      vertex -1.437128e+003 -6.187185e+001  3.610000e+002
      vertex -1.499000e+003 -8.750000e+001  3.610000e+002
    endloop
  endfacet
  facet normal  0.000000e+000  -0.000000e+000  1.000000e+000
    outer loop
      vertex -1.583853e+003  8.485281e+001  3.610000e+002
      vertex -1.499000e+003  8.750000e+001  3.610000e+002
      vertex -1.499000e+003  1.200000e+002  3.610000e+002
    endloop
  endfacet
  facet normal  -0.000000e+000  0.000000e+000  1.000000e+000
    outer loop
      vertex -1.414147e+003 -8.485281e+001  3.610000e+002
      vertex -1.499000e+003 -8.750000e+001  3.610000e+002
      vertex -1.499000e+003 -1.200000e+002  3.610000e+002
    endloop
  endfacet
  facet normal  9.238794e-001 -3.826837e-001  0.000000e+000
    outer loop
      vertex -1.619000e+003  6.798647e-014  3.610000e+002
      vertex -1.583853e+003  8.485281e+001  3.610000e+002
      vertex -1.619000e+003  6.798647e-014  4.010000e+002
    endloop
  endfacet
  facet normal  9.238794e-001 -3.826837e-001  0.000000e+000
    outer loop
      vertex -1.583853e+003  8.485281e+001  3.610000e+002
      vertex -1.583853e+003  8.485281e+001  4.010000e+002
      vertex -1.619000e+003  6.798647e-014  4.010000e+002
    endloop
  endfacet
  facet normal  3.826835e-001 -9.238794e-001  0.000000e+000
    outer loop
      vertex -1.583853e+003  8.485281e+001  3.610000e+002
      vertex -1.499000e+003  1.200000e+002  3.610000e+002
      vertex -1.583853e+003  8.485281e+001  4.010000e+002
    endloop
  endfacet
  facet normal  3.826835e-001 -9.238794e-001  0.000000e+000
    outer loop
      vertex -1.499000e+003  1.200000e+002  3.610000e+002
      vertex -1.499000e+003  1.200000e+002  4.010000e+002
      vertex -1.583853e+003  8.485281e+001  4.010000e+002
    endloop
  endfacet
  facet normal -3.826835e-001 -9.238794e-001  0.000000e+000
    outer loop
      vertex -1.499000e+003  1.200000e+002  3.610000e+002
      vertex -1.414147e+003  8.485281e+001  3.610000e+002
      vertex -1.499000e+003  1.200000e+002  4.010000e+002
    endloop
  endfacet
  facet normal -3.826835e-001 -9.238794e-001  -0.000000e+000
    outer loop
      vertex -1.414147e+003  8.485281e+001  3.610000e+002
      vertex -1.414147e+003  8.485281e+001  4.010000e+002
      vertex -1.499000e+003  1.200000e+002  4.010000e+002
    endloop
  endfacet
  facet normal -9.238794e-001 -3.826837e-001  0.000000e+000
    outer loop
      vertex -1.414147e+003  8.485281e+001  3.610000e+002
      vertex -1.379000e+003 -1.359729e-013  3.610000e+002
      vertex -1.414147e+003  8.485281e+001  4.010000e+002
    endloop
  endfacet
  facet normal -9.238794e-001 -3.826837e-001  1.300866e-015
    outer loop
      vertex -1.379000e+003 -1.359729e-013  3.610000e+002
      vertex -1.379000e+003  0.000000e+000  4.010000e+002
      vertex -1.414147e+003  8.485281e+001  4.010000e+002
    endloop
  endfacet
  facet normal -9.238794e-001  3.826837e-001  0.000000e+000
    outer loop
      vertex -1.379000e+003 -1.359729e-013  3.610000e+002
      vertex -1.414147e+003 -8.485281e+001  3.610000e+002
      vertex -1.379000e+003  0.000000e+000  4.010000e+002
    endloop
  endfacet
  facet normal -9.238794e-001  3.826837e-001  0.000000e+000
    outer loop
      vertex -1.414147e+003 -8.485281e+001  3.610000e+002
      vertex -1.414147e+003 -8.485281e+001  4.010000e+002
      vertex -1.379000e+003  0.000000e+000  4.010000e+002
    endloop
  endfacet
  facet normal -3.826835e-001  9.238794e-001  0.000000e+000
    outer loop
      vertex -1.414147e+003 -8.485281e+001  3.610000e+002
      vertex -1.499000e+003 -1.200000e+002  3.610000e+002
      vertex -1.414147e+003 -8.485281e+001  4.010000e+002
    endloop
  endfacet
  facet normal -3.826835e-001  9.238794e-001  0.000000e+000
    outer loop
      vertex -1.499000e+003 -1.200000e+002  3.610000e+002
      vertex -1.499000e+003 -1.200000e+002  4.010000e+002
      vertex -1.414147e+003 -8.485281e+001  4.010000e+002
    endloop
  endfacet
  facet normal  3.826835e-001  9.238794e-001  0.000000e+000
    outer loop
      vertex -1.499000e+003 -1.200000e+002  3.610000e+002
      vertex -1.583853e+003 -8.485281e+001  3.610000e+002
      vertex -1.499000e+003 -1.200000e+002  4.010000e+002
    endloop
  endfacet
  facet normal  3.826835e-001  9.238794e-001  0.000000e+000
    outer loop
      vertex -1.583853e+003 -8.485281e+001  3.610000e+002
      vertex -1.583853e+003 -8.485281e+001  4.010000e+002
      vertex -1.499000e+003 -1.200000e+002  4.010000e+002
    endloop
  endfacet
  facet normal  9.238794e-001  3.826837e-001  0.000000e+000
    outer loop
      vertex -1.583853e+003 -8.485281e+001  3.610000e+002
      vertex -1.619000e+003  6.798647e-014  3.610000e+002
      vertex -1.583853e+003 -8.485281e+001  4.010000e+002
    endloop
  endfacet
  facet normal  9.238794e-001  3.826837e-001  0.000000e+000
    outer loop
      vertex -1.619000e+003  6.798647e-014  3.610000e+002
      vertex -1.619000e+003  6.798647e-014  4.010000e+002
      vertex -1.583853e+003 -8.485281e+001  4.010000e+002
    endloop
  endfacet
  facet normal  0.000000e+000  0.000000e+000  1.000000e+000
    outer loop
      vertex -1.499000e+003  1.200000e+002  4.010000e+002
      vertex -1.499000e+003  1.250000e+002  4.010000e+002
      vertex -1.583853e+003  8.485281e+001  4.010000e+002
    endloop
  endfacet
  facet normal  0.000000e+000  0.000000e+000  1.000000e+000
    outer loop
      vertex -1.583853e+003  8.485281e+001  4.010000e+002
      vertex -1.499000e+003  1.250000e+002  4.010000e+002
      vertex -1.587388e+003  8.838835e+001  4.010000e+002
    endloop
  endfacet
  facet normal  0.000000e+000  0.000000e+000  9.999999e-001
    outer loop
      vertex -1.583853e+003  8.485281e+001  4.010000e+002
      vertex -1.587388e+003  8.838835e+001  4.010000e+002
      vertex -1.619000e+003  6.798647e-014  4.010000e+002
    endloop
  endfacet
  facet normal  0.000000e+000  0.000000e+000  1.000000e+000
    outer loop
      vertex -1.619000e+003  6.798647e-014  4.010000e+002
      vertex -1.587388e+003  8.838835e+001  4.010000e+002
      vertex -1.624000e+003  1.530808e-014  4.010000e+002
    endloop
  endfacet
  facet normal  -0.000000e+000  0.000000e+000  1.000000e+000
    outer loop
      vertex -1.619000e+003  6.798647e-014  4.010000e+002
      vertex -1.624000e+003  1.530808e-014  4.010000e+002
      vertex -1.583853e+003 -8.485281e+001  4.010000e+002
    endloop
  endfacet
  facet normal  0.000000e+000  0.000000e+000  1.000000e+000
    outer loop
      vertex -1.583853e+003 -8.485281e+001  4.010000e+002
      vertex -1.624000e+003  1.530808e-014  4.010000e+002
      vertex -1.587388e+003 -8.838835e+001  4.010000e+002
    endloop
  endfacet
  facet normal  -0.000000e+000  0.000000e+000  9.999999e-001
    outer loop
      vertex -1.583853e+003 -8.485281e+001  4.010000e+002
      vertex -1.587388e+003 -8.838835e+001  4.010000e+002
      vertex -1.499000e+003 -1.200000e+002  4.010000e+002
    endloop
  endfacet
  facet normal  0.000000e+000  0.000000e+000  1.000000e+000
    outer loop
      vertex -1.499000e+003 -1.200000e+002  4.010000e+002
      vertex -1.587388e+003 -8.838835e+001  4.010000e+002
      vertex -1.499000e+003 -1.250000e+002  4.010000e+002
    endloop
  endfacet
  facet normal  0.000000e+000  0.000000e+000  1.000000e+000
    outer loop
      vertex -1.499000e+003 -1.200000e+002  4.010000e+002
      vertex -1.499000e+003 -1.250000e+002  4.010000e+002
      vertex -1.414147e+003 -8.485281e+001  4.010000e+002
    endloop
  endfacet
  facet normal  0.000000e+000  0.000000e+000  1.000000e+000
    outer loop
      vertex -1.414147e+003 -8.485281e+001  4.010000e+002
      vertex -1.499000e+003 -1.250000e+002  4.010000e+002
      vertex -1.410612e+003 -8.838835e+001  4.010000e+002
    endloop
  endfacet
  facet normal  0.000000e+000  -0.000000e+000  9.999999e-001
    outer loop
      vertex -1.414147e+003 -8.485281e+001  4.010000e+002
      vertex -1.410612e+003 -8.838835e+001  4.010000e+002
      vertex -1.379000e+003  0.000000e+000  4.010000e+002
    endloop
  endfacet
  facet normal  0.000000e+000  0.000000e+000  1.000000e+000
    outer loop
      vertex -1.379000e+003  0.000000e+000  4.010000e+002
      vertex -1.410612e+003 -8.838835e+001  4.010000e+002
      vertex -1.374000e+003  0.000000e+000  4.010000e+002
    endloop
  endfacet
  facet normal  0.000000e+000  0.000000e+000  1.000000e+000
    outer loop
      vertex -1.379000e+003  0.000000e+000  4.010000e+002
      vertex -1.374000e+003  0.000000e+000  4.010000e+002
      vertex -1.414147e+003  8.485281e+001  4.010000e+002
    endloop
  endfacet
  facet normal  0.000000e+000  0.000000e+000  1.000000e+000
    outer loop
      vertex -1.414147e+003  8.485281e+001  4.010000e+002
      vertex -1.374000e+003  0.000000e+000  4.010000e+002
      vertex -1.410612e+003  8.838835e+001  4.010000e+002
    endloop
  endfacet
  facet normal  0.000000e+000  0.000000e+000  9.999999e-001
    outer loop
      vertex -1.414147e+003  8.485281e+001  4.010000e+002
      vertex -1.410612e+003  8.838835e+001  4.010000e+002
      vertex -1.499000e+003  1.200000e+002  4.010000e+002
    endloop
  endfacet
  facet normal  0.000000e+000  0.000000e+000  1.000000e+000
    outer loop
      vertex -1.499000e+003  1.200000e+002  4.010000e+002
      vertex -1.410612e+003  8.838835e+001  4.010000e+002
      vertex -1.499000e+003  1.250000e+002  4.010000e+002
    endloop
  endfacet
  facet normal  9.238794e-001 -3.826838e-001  0.000000e+000
    outer loop
      vertex -1.374000e+003  0.000000e+000  3.610000e+002
      vertex -1.374000e+003  0.000000e+000  4.010000e+002
      vertex -1.410612e+003 -8.838835e+001  3.610000e+002
    endloop
  endfacet
  facet normal  9.238794e-001 -3.826838e-001  0.000000e+000
    outer loop
      vertex -1.410612e+003 -8.838835e+001  3.610000e+002
      vertex -1.374000e+003  0.000000e+000  4.010000e+002
      vertex -1.410612e+003 -8.838835e+001  4.010000e+002
    endloop
  endfacet
  facet normal  3.826836e-001 -9.238796e-001  0.000000e+000
    outer loop
      vertex -1.410612e+003 -8.838835e+001  3.610000e+002
      vertex -1.410612e+003 -8.838835e+001  4.010000e+002
      vertex -1.499000e+003 -1.250000e+002  3.610000e+002
    endloop
  endfacet
  facet normal  3.826836e-001 -9.238796e-001  0.000000e+000
    outer loop
      vertex -1.499000e+003 -1.250000e+002  3.610000e+002
      vertex -1.410612e+003 -8.838835e+001  4.010000e+002
      vertex -1.499000e+003 -1.250000e+002  4.010000e+002
    endloop
  endfacet
  facet normal -3.826836e-001 -9.238796e-001  -0.000000e+000
    outer loop
      vertex -1.499000e+003 -1.250000e+002  3.610000e+002
      vertex -1.499000e+003 -1.250000e+002  4.010000e+002
      vertex -1.587388e+003 -8.838835e+001  3.610000e+002
    endloop
  endfacet
  facet normal -3.826836e-001 -9.238796e-001  0.000000e+000
    outer loop
      vertex -1.587388e+003 -8.838835e+001  3.610000e+002
      vertex -1.499000e+003 -1.250000e+002  4.010000e+002
      vertex -1.587388e+003 -8.838835e+001  4.010000e+002
    endloop
  endfacet
  facet normal -9.238794e-001 -3.826838e-001  -0.000000e+000
    outer loop
      vertex -1.587388e+003 -8.838835e+001  3.610000e+002
      vertex -1.587388e+003 -8.838835e+001  4.010000e+002
      vertex -1.624000e+003  1.530808e-014  3.610000e+002
    endloop
  endfacet
  facet normal -9.238794e-001 -3.826838e-001  0.000000e+000
    outer loop
      vertex -1.624000e+003  1.530808e-014  3.610000e+002
      vertex -1.587388e+003 -8.838835e+001  4.010000e+002
      vertex -1.624000e+003  1.530808e-014  4.010000e+002
    endloop
  endfacet
  facet normal -9.238794e-001  3.826838e-001  0.000000e+000
    outer loop
      vertex -1.624000e+003  1.530808e-014  3.610000e+002
      vertex -1.624000e+003  1.530808e-014  4.010000e+002
      vertex -1.587388e+003  8.838835e+001  3.610000e+002
    endloop
  endfacet
  facet normal -9.238794e-001  3.826838e-001  0.000000e+000
    outer loop
      vertex -1.587388e+003  8.838835e+001  3.610000e+002
      vertex -1.624000e+003  1.530808e-014  4.010000e+002
      vertex -1.587388e+003  8.838835e+001  4.010000e+002
    endloop
  endfacet
  facet normal -3.826836e-001  9.238796e-001  0.000000e+000
    outer loop
      vertex -1.587388e+003  8.838835e+001  3.610000e+002
      vertex -1.587388e+003  8.838835e+001  4.010000e+002
      vertex -1.499000e+003  1.250000e+002  3.610000e+002
    endloop
  endfacet
  facet normal -3.826836e-001  9.238796e-001  0.000000e+000
    outer loop
      vertex -1.499000e+003  1.250000e+002  3.610000e+002
      vertex -1.587388e+003  8.838835e+001  4.010000e+002
      vertex -1.499000e+003  1.250000e+002  4.010000e+002
    endloop
  endfacet
  facet normal  3.826836e-001  9.238796e-001  0.000000e+000
    outer loop
      vertex -1.499000e+003  1.250000e+002  3.610000e+002
      vertex -1.499000e+003  1.250000e+002  4.010000e+002
      vertex -1.410612e+003  8.838835e+001  3.610000e+002
    endloop
  endfacet
  facet normal  3.826836e-001  9.238796e-001  0.000000e+000
    outer loop
      vertex -1.410612e+003  8.838835e+001  3.610000e+002
      vertex -1.499000e+003  1.250000e+002  4.010000e+002
      vertex -1.410612e+003  8.838835e+001  4.010000e+002
    endloop
  endfacet
  facet normal  9.238794e-001  3.826838e-001  0.000000e+000
    outer loop
      vertex -1.410612e+003  8.838835e+001  3.610000e+002
      vertex -1.410612e+003  8.838835e+001  4.010000e+002
      vertex -1.374000e+003  0.000000e+000  3.610000e+002
    endloop
  endfacet
  facet normal  9.238794e-001  3.826838e-001  0.000000e+000
    outer loop
      vertex -1.374000e+003  0.000000e+000  3.610000e+002
      vertex -1.410612e+003  8.838835e+001  4.010000e+002
      vertex -1.374000e+003  0.000000e+000  4.010000e+002
    endloop
  endfacet
  facet normal  0.000000e+000  0.000000e+000 -1.000000e+000
    outer loop
      vertex  8.711910e+002  5.630791e+000 -9.050000e+002
      vertex  8.695516e+002 -9.588511e+000 -9.050000e+002
      vertex  8.615885e+002  1.755165e+001 -9.050000e+002
    endloop
  endfacet
  facet normal  -0.000000e+000  0.000000e+000 -1.000000e+000
    outer loop
      vertex  8.615885e+002  1.755165e+001 -9.050000e+002
      vertex  8.695516e+002 -9.588511e+000 -9.050000e+002
      vertex  8.576308e+002 -1.919099e+001 -9.050000e+002
    endloop
  endfacet
  facet normal  0.000000e+000  0.000000e+000 -1.000000e+000
    outer loop
      vertex  8.615885e+002  1.755165e+001 -9.050000e+002
      vertex  8.576308e+002 -1.919099e+001 -9.050000e+002
      vertex  8.463692e+002  1.919099e+001 -9.050000e+002
    endloop
  endfacet
  facet normal  0.000000e+000  0.000000e+000 -1.000000e+000
    outer loop
      vertex  8.463692e+002  1.919099e+001 -9.050000e+002
      vertex  8.576308e+002 -1.919099e+001 -9.050000e+002
      vertex  8.424115e+002 -1.755165e+001 -9.050000e+002
    endloop
  endfacet
  facet normal  0.000000e+000  0.000000e+000 -1.000000e+000
    outer loop
      vertex  8.463692e+002  1.919099e+001 -9.050000e+002
      vertex  8.424115e+002 -1.755165e+001 -9.050000e+002
      vertex  8.344484e+002  9.588511e+000 -9.050000e+002
    endloop
  endfacet
  facet normal  0.000000e+000  0.000000e+000 -1.000000e+000
    outer loop
      vertex  8.344484e+002  9.588511e+000 -9.050000e+002
      vertex  8.424115e+002 -1.755165e+001 -9.050000e+002
      vertex  8.328090e+002 -5.630791e+000 -9.050000e+002
    endloop
  endfacet
  facet normal  0.000000e+000  0.000000e+000 -1.000000e+000
    outer loop
      vertex  8.796880e+002 -2.636881e+002 -2.731137e+002
      vertex  8.323120e+002 -2.636881e+002 -2.731137e+002
      vertex  8.895000e+002 -2.400000e+002 -2.731137e+002
    endloop
  endfacet
  facet normal  0.000000e+000  0.000000e+000 -9.999999e-001
    outer loop
      vertex  8.895000e+002 -2.400000e+002 -2.731137e+002
      vertex  8.323120e+002 -2.636881e+002 -2.731137e+002
      vertex  8.225000e+002 -2.400000e+002 -2.731137e+002
    endloop
  endfacet
  facet normal  0.000000e+000  0.000000e+000 -9.999999e-001
    outer loop
      vertex  8.895000e+002 -2.400000e+002 -2.731137e+002
      vertex  8.225000e+002 -2.400000e+002 -2.731137e+002
      vertex  8.796880e+002 -2.163119e+002 -2.731137e+002
    endloop
  endfacet
  facet normal  0.000000e+000  0.000000e+000 -1.000000e+000
    outer loop
      vertex  8.796880e+002 -2.163119e+002 -2.731137e+002
      vertex  8.225000e+002 -2.400000e+002 -2.731137e+002
      vertex  8.323120e+002 -2.163119e+002 -2.731137e+002
    endloop
  endfacet
  facet normal  0.000000e+000  0.000000e+000 -9.999999e-001
    outer loop
      vertex  8.796880e+002 -2.163119e+002 -2.731137e+002
      vertex  8.323120e+002 -2.163119e+002 -2.731137e+002
      vertex  8.560000e+002 -2.065000e+002 -2.731137e+002
    endloop
  endfacet
  facet normal  -0.000000e+000  0.000000e+000 -9.999999e-001
    outer loop
      vertex  8.323120e+002 -2.636881e+002 -2.731137e+002
      vertex  8.796880e+002 -2.636881e+002 -2.731137e+002
      vertex  8.560000e+002 -2.735000e+002 -2.731137e+002
    endloop
  endfacet
  facet normal  3.420203e-001  0.000000e+000 -9.396925e-001
    outer loop
      vertex -1.697442e+003  2.000000e+001  7.552097e+001
      vertex -1.654216e+003  2.000000e+001  9.125390e+001
      vertex -1.697442e+003  1.000000e+001  7.552097e+001
    endloop
  endfacet
  facet normal  3.420203e-001  0.000000e+000 -9.396925e-001
    outer loop
      vertex -1.654216e+003  2.000000e+001  9.125390e+001
      vertex -1.654216e+003  1.000000e+001  9.125390e+001
      vertex -1.697442e+003  1.000000e+001  7.552097e+001
    endloop
  endfacet
  facet normal -9.396915e-001  0.000000e+000 -3.420232e-001
    outer loop
      vertex -1.647034e+003  2.000000e+001  7.152036e+001
      vertex -1.647034e+003  1.000000e+001  7.152036e+001
      vertex -1.654216e+003  2.000000e+001  9.125390e+001
    endloop
  endfacet
  facet normal -9.396915e-001  0.000000e+000 -3.420232e-001
    outer loop
      vertex -1.654216e+003  2.000000e+001  9.125390e+001
      vertex -1.647034e+003  1.000000e+001  7.152036e+001
      vertex -1.654216e+003  1.000000e+001  9.125390e+001
    endloop
  endfacet
  facet normal  -0.000000e+000  7.071068e-001  7.071068e-001
    outer loop
      vertex -1.570000e+002 -2.588173e+002  1.948299e+002
      vertex -2.570000e+002 -2.588173e+002  1.948299e+002
      vertex -1.570000e+002 -2.622305e+002  1.982431e+002
    endloop
  endfacet
  facet normal  -0.000000e+000  7.071068e-001  7.071068e-001
    outer loop
      vertex -2.570000e+002 -2.588173e+002  1.948299e+002
      vertex -2.570000e+002 -2.622305e+002  1.982431e+002
      vertex -1.570000e+002 -2.622305e+002  1.982431e+002
    endloop
  endfacet
  facet normal  0.000000e+000 -7.071066e-001  7.071069e-001
    outer loop
      vertex -2.570000e+002 -2.588173e+002  1.948299e+002
      vertex -1.570000e+002 -2.588173e+002  1.948299e+002
      vertex -2.570000e+002 -2.128553e+002  2.407918e+002
    endloop
  endfacet
  facet normal  0.000000e+000 -7.071066e-001  7.071069e-001
    outer loop
      vertex -2.570000e+002 -2.128553e+002  2.407918e+002
      vertex -1.570000e+002 -2.588173e+002  1.948299e+002
      vertex -1.570000e+002 -2.128553e+002  2.407918e+002
    endloop
  endfacet
  facet normal  1.000000e+000  0.000000e+000  0.000000e+000
    outer loop
      vertex -2.570000e+002 -2.134045e+002  2.470691e+002
      vertex -2.570000e+002 -2.622305e+002  1.982431e+002
      vertex -2.570000e+002 -2.128553e+002  2.407918e+002
    endloop
  endfacet
  facet normal  1.000000e+000  -0.000000e+000  0.000000e+000
    outer loop
      vertex -2.570000e+002 -2.128553e+002  2.407918e+002
      vertex -2.570000e+002 -2.622305e+002  1.982431e+002
      vertex -2.570000e+002 -2.588173e+002  1.948299e+002
    endloop
  endfacet
  facet normal  0.000000e+000  0.000000e+000  1.000000e+000
    outer loop
      vertex -1.499000e+003 -1.550000e+002  3.610000e+002
      vertex -1.499000e+003 -1.250000e+002  3.610000e+002
      vertex -1.608602e+003 -1.096016e+002  3.610000e+002
    endloop
  endfacet
  facet normal  0.000000e+000  0.000000e+000  1.000000e+000
    outer loop
      vertex -1.608602e+003 -1.096016e+002  3.610000e+002
      vertex -1.499000e+003 -1.250000e+002  3.610000e+002
      vertex -1.587388e+003 -8.838835e+001  3.610000e+002
    endloop
  endfacet
  facet normal  0.000000e+000  0.000000e+000  1.000000e+000
    outer loop
      vertex -1.608602e+003 -1.096016e+002  3.610000e+002
      vertex -1.587388e+003 -8.838835e+001  3.610000e+002
      vertex -1.654000e+003  1.898203e-014  3.610000e+002
    endloop
  endfacet
  facet normal  0.000000e+000  0.000000e+000  1.000000e+000
    outer loop
      vertex -1.654000e+003  1.898203e-014  3.610000e+002
      vertex -1.587388e+003 -8.838835e+001  3.610000e+002
      vertex -1.624000e+003  1.530808e-014  3.610000e+002
    endloop
  endfacet
  facet normal  0.000000e+000  -0.000000e+000  1.000000e+000
    outer loop
      vertex -1.654000e+003  1.898203e-014  3.610000e+002
      vertex -1.624000e+003  1.530808e-014  3.610000e+002
      vertex -1.608602e+003  1.096016e+002  3.610000e+002
    endloop
  endfacet
  facet normal  0.000000e+000  0.000000e+000  1.000000e+000
    outer loop
      vertex -1.608602e+003  1.096016e+002  3.610000e+002
      vertex -1.624000e+003  1.530808e-014  3.610000e+002
      vertex -1.587388e+003  8.838835e+001  3.610000e+002
    endloop
  endfacet
  facet normal  0.000000e+000  -0.000000e+000  1.000000e+000
    outer loop
      vertex -1.608602e+003  1.096016e+002  3.610000e+002
      vertex -1.587388e+003  8.838835e+001  3.610000e+002
      vertex -1.499000e+003  1.250000e+002  3.610000e+002
    endloop
  endfacet
  facet normal  -0.000000e+000  0.000000e+000  1.000000e+000
    outer loop
      vertex -1.499000e+003  1.550000e+002  3.610000e+002
      vertex -1.499000e+003  1.250000e+002  3.610000e+002
      vertex -1.389398e+003  1.096016e+002  3.610000e+002
    endloop
  endfacet
  facet normal  0.000000e+000  0.000000e+000  1.000000e+000
    outer loop
      vertex -1.389398e+003  1.096016e+002  3.610000e+002
      vertex -1.499000e+003  1.250000e+002  3.610000e+002
      vertex -1.410612e+003  8.838835e+001  3.610000e+002
    endloop
  endfacet
  facet normal  -0.000000e+000  0.000000e+000  1.000000e+000
    outer loop
      vertex -1.389398e+003  1.096016e+002  3.610000e+002
      vertex -1.410612e+003  8.838835e+001  3.610000e+002
      vertex -1.344000e+003 -3.796405e-014  3.610000e+002
    endloop
  endfacet
  facet normal  0.000000e+000  0.000000e+000  1.000000e+000
    outer loop
      vertex -1.344000e+003 -3.796405e-014  3.610000e+002
      vertex -1.410612e+003  8.838835e+001  3.610000e+002
      vertex -1.374000e+003  0.000000e+000  3.610000e+002
    endloop
  endfacet
  facet normal  0.000000e+000  0.000000e+000  1.000000e+000
    outer loop
      vertex -1.344000e+003 -3.796405e-014  3.610000e+002
      vertex -1.374000e+003  0.000000e+000  3.610000e+002
      vertex -1.389398e+003 -1.096016e+002  3.610000e+002
    endloop
  endfacet
  facet normal  0.000000e+000  0.000000e+000  1.000000e+000
    outer loop
      vertex -1.389398e+003 -1.096016e+002  3.610000e+002
      vertex -1.374000e+003  0.000000e+000  3.610000e+002
      vertex -1.410612e+003 -8.838835e+001  3.610000e+002
    endloop
  endfacet
  facet normal  0.000000e+000  0.000000e+000  1.000000e+000
    outer loop
      vertex -1.389398e+003 -1.096016e+002  3.610000e+002
      vertex -1.410612e+003 -8.838835e+001  3.610000e+002
      vertex -1.499000e+003 -1.250000e+002  3.610000e+002
    endloop
  endfacet
  facet normal  0.000000e+000  -0.000000e+000  1.000000e+000
    outer loop
      vertex -1.608602e+003  1.096016e+002  3.610000e+002
      vertex -1.499000e+003  1.250000e+002  3.610000e+002
      vertex -1.499000e+003  1.550000e+002  3.610000e+002
    endloop
  endfacet
  facet normal  -0.000000e+000  0.000000e+000  1.000000e+000
    outer loop
      vertex -1.389398e+003 -1.096016e+002  3.610000e+002
      vertex -1.499000e+003 -1.250000e+002  3.610000e+002
      vertex -1.499000e+003 -1.550000e+002  3.610000e+002
    endloop
  endfacet
  facet normal  0.000000e+000  0.000000e+000  1.000000e+000
    outer loop
      vertex -1.718000e+003 -4.250000e+001  3.930000e+002
      vertex -1.682000e+003 -4.250000e+001  3.930000e+002
      vertex -1.718000e+003 -2.500000e+000  3.930000e+002
    endloop
  endfacet
  facet normal  0.000000e+000  -0.000000e+000  1.000000e+000
    outer loop
      vertex -1.718000e+003 -2.500000e+000  3.930000e+002
      vertex -1.682000e+003 -4.250000e+001  3.930000e+002
      vertex -1.682000e+003 -2.500000e+000  3.930000e+002
    endloop
  endfacet
  facet normal  0.000000e+000  0.000000e+000  1.000000e+000
    outer loop
      vertex -1.718000e+003  2.500000e+000  3.930000e+002
      vertex -1.682000e+003  2.500000e+000  3.930000e+002
      vertex -1.718000e+003  4.250000e+001  3.930000e+002
    endloop
  endfacet
  facet normal  0.000000e+000  -0.000000e+000  1.000000e+000
    outer loop
      vertex -1.718000e+003  4.250000e+001  3.930000e+002
      vertex -1.682000e+003  2.500000e+000  3.930000e+002
      vertex -1.682000e+003  4.250000e+001  3.930000e+002
    endloop
  endfacet
  facet normal -9.934732e-001  1.070100e-001 -3.949355e-002
    outer loop
      vertex  8.274277e+002  1.342391e+001 -7.180000e+002
      vertex  8.344484e+002  9.588511e+000 -9.050000e+002
      vertex  8.251326e+002 -7.883107e+000 -7.180000e+002
    endloop
  endfacet
  facet normal -9.934731e-001  1.070117e-001 -3.949339e-002
    outer loop
      vertex  8.251326e+002 -7.883107e+000 -7.180000e+002
      vertex  8.344484e+002  9.588511e+000 -9.050000e+002
      vertex  8.328090e+002 -5.630791e+000 -9.050000e+002
    endloop
  endfacet
  facet normal -7.781600e-001 -6.268231e-001 -3.949339e-002
    outer loop
      vertex  8.251326e+002 -7.883107e+000 -7.180000e+002
      vertex  8.328090e+002 -5.630791e+000 -9.050000e+002
      vertex  8.385761e+002 -2.457231e+001 -7.180000e+002
    endloop
  endfacet
  facet normal -7.781603e-001 -6.268228e-001 -3.949335e-002
    outer loop
      vertex  8.385761e+002 -2.457231e+001 -7.180000e+002
      vertex  8.328090e+002 -5.630791e+000 -9.050000e+002
      vertex  8.424115e+002 -1.755165e+001 -9.050000e+002
    endloop
  endfacet
  facet normal -1.070117e-001 -9.934731e-001 -3.949341e-002
    outer loop
      vertex  8.385761e+002 -2.457231e+001 -7.180000e+002
      vertex  8.424115e+002 -1.755165e+001 -9.050000e+002
      vertex  8.598831e+002 -2.686739e+001 -7.180000e+002
    endloop
  endfacet
  facet normal -1.070116e-001 -9.934731e-001 -3.949342e-002
    outer loop
      vertex  8.598831e+002 -2.686739e+001 -7.180000e+002
      vertex  8.424115e+002 -1.755165e+001 -9.050000e+002
      vertex  8.576308e+002 -1.919099e+001 -9.050000e+002
    endloop
  endfacet
  facet normal  6.268228e-001 -7.781603e-001 -3.949344e-002
    outer loop
      vertex  8.598831e+002 -2.686739e+001 -7.180000e+002
      vertex  8.576308e+002 -1.919099e+001 -9.050000e+002
      vertex  8.765723e+002 -1.342391e+001 -7.180000e+002
    endloop
  endfacet
  facet normal  6.268237e-001 -7.781596e-001 -3.949354e-002
    outer loop
      vertex  8.765723e+002 -1.342391e+001 -7.180000e+002
      vertex  8.576308e+002 -1.919099e+001 -9.050000e+002
      vertex  8.695516e+002 -9.588511e+000 -9.050000e+002
    endloop
  endfacet
  facet normal  9.934732e-001 -1.070100e-001 -3.949355e-002
    outer loop
      vertex  8.765723e+002 -1.342391e+001 -7.180000e+002
      vertex  8.695516e+002 -9.588511e+000 -9.050000e+002
      vertex  8.788674e+002  7.883107e+000 -7.180000e+002
    endloop
  endfacet
  facet normal  9.934731e-001 -1.070117e-001 -3.949339e-002
    outer loop
      vertex  8.788674e+002  7.883107e+000 -7.180000e+002
      vertex  8.695516e+002 -9.588511e+000 -9.050000e+002
      vertex  8.711910e+002  5.630791e+000 -9.050000e+002
    endloop
  endfacet
  facet normal  7.781600e-001  6.268231e-001 -3.949339e-002
    outer loop
      vertex  8.788674e+002  7.883107e+000 -7.180000e+002
      vertex  8.711910e+002  5.630791e+000 -9.050000e+002
      vertex  8.654239e+002  2.457231e+001 -7.180000e+002
    endloop
  endfacet
  facet normal  7.781603e-001  6.268228e-001 -3.949335e-002
    outer loop
      vertex  8.654239e+002  2.457231e+001 -7.180000e+002
      vertex  8.711910e+002  5.630791e+000 -9.050000e+002
      vertex  8.615885e+002  1.755165e+001 -9.050000e+002
    endloop
  endfacet
  facet normal  1.070117e-001  9.934731e-001 -3.949341e-002
    outer loop
      vertex  8.654239e+002  2.457231e+001 -7.180000e+002
      vertex  8.615885e+002  1.755165e+001 -9.050000e+002
      vertex  8.441169e+002  2.686739e+001 -7.180000e+002
    endloop
  endfacet
  facet normal  1.070116e-001  9.934731e-001 -3.949342e-002
    outer loop
      vertex  8.441169e+002  2.686739e+001 -7.180000e+002
      vertex  8.615885e+002  1.755165e+001 -9.050000e+002
      vertex  8.463692e+002  1.919099e+001 -9.050000e+002
    endloop
  endfacet
  facet normal -6.268228e-001  7.781603e-001 -3.949344e-002
    outer loop
      vertex  8.441169e+002  2.686739e+001 -7.180000e+002
      vertex  8.463692e+002  1.919099e+001 -9.050000e+002
      vertex  8.274277e+002  1.342391e+001 -7.180000e+002
    endloop
  endfacet
  facet normal -6.268237e-001  7.781596e-001 -3.949354e-002
    outer loop
      vertex  8.274277e+002  1.342391e+001 -7.180000e+002
      vertex  8.463692e+002  1.919099e+001 -9.050000e+002
      vertex  8.344484e+002  9.588511e+000 -9.050000e+002
    endloop
  endfacet
  facet normal  9.238791e-001  3.826843e-001  -0.000000e+000
    outer loop
      vertex  8.895000e+002 -2.400000e+002 -2.291137e+002
      vertex  8.895000e+002 -2.400000e+002 -2.731137e+002
      vertex  8.796880e+002 -2.163119e+002 -2.291137e+002
    endloop
  endfacet
  facet normal  9.238791e-001  3.826843e-001  0.000000e+000
    outer loop
      vertex  8.796880e+002 -2.163119e+002 -2.291137e+002
      vertex  8.895000e+002 -2.400000e+002 -2.731137e+002
      vertex  8.796880e+002 -2.163119e+002 -2.731137e+002
    endloop
  endfacet
  facet normal  3.826838e-001  9.238794e-001  -0.000000e+000
    outer loop
      vertex  8.796880e+002 -2.163119e+002 -2.291137e+002
      vertex  8.796880e+002 -2.163119e+002 -2.731137e+002
      vertex  8.560000e+002 -2.065000e+002 -2.291137e+002
    endloop
  endfacet
  facet normal  3.826838e-001  9.238794e-001  0.000000e+000
    outer loop
      vertex  8.560000e+002 -2.065000e+002 -2.291137e+002
      vertex  8.796880e+002 -2.163119e+002 -2.731137e+002
      vertex  8.560000e+002 -2.065000e+002 -2.731137e+002
    endloop
  endfacet
  facet normal -3.826838e-001  9.238794e-001  0.000000e+000
    outer loop
      vertex  8.560000e+002 -2.065000e+002 -2.291137e+002
      vertex  8.560000e+002 -2.065000e+002 -2.731137e+002
      vertex  8.323120e+002 -2.163119e+002 -2.291137e+002
    endloop
  endfacet
  facet normal -3.826838e-001  9.238794e-001  0.000000e+000
    outer loop
      vertex  8.323120e+002 -2.163119e+002 -2.291137e+002
      vertex  8.560000e+002 -2.065000e+002 -2.731137e+002
      vertex  8.323120e+002 -2.163119e+002 -2.731137e+002
    endloop
  endfacet
  facet normal -9.238791e-001  3.826843e-001  0.000000e+000
    outer loop
      vertex  8.323120e+002 -2.163119e+002 -2.291137e+002
      vertex  8.323120e+002 -2.163119e+002 -2.731137e+002
      vertex  8.225000e+002 -2.400000e+002 -2.291137e+002
    endloop
  endfacet
  facet normal -9.238791e-001  3.826843e-001  0.000000e+000
    outer loop
      vertex  8.225000e+002 -2.400000e+002 -2.291137e+002
      vertex  8.323120e+002 -2.163119e+002 -2.731137e+002
      vertex  8.225000e+002 -2.400000e+002 -2.731137e+002
    endloop
  endfacet
  facet normal -9.238791e-001 -3.826843e-001  0.000000e+000
    outer loop
      vertex  8.225000e+002 -2.400000e+002 -2.291137e+002
      vertex  8.225000e+002 -2.400000e+002 -2.731137e+002
      vertex  8.323120e+002 -2.636881e+002 -2.291137e+002
    endloop
  endfacet
  facet normal -9.238791e-001 -3.826843e-001  0.000000e+000
    outer loop
      vertex  8.323120e+002 -2.636881e+002 -2.291137e+002
      vertex  8.225000e+002 -2.400000e+002 -2.731137e+002
      vertex  8.323120e+002 -2.636881e+002 -2.731137e+002
    endloop
  endfacet
  facet normal -3.826838e-001 -9.238794e-001  0.000000e+000
    outer loop
      vertex  8.323120e+002 -2.636881e+002 -2.291137e+002
      vertex  8.323120e+002 -2.636881e+002 -2.731137e+002
      vertex  8.560000e+002 -2.735000e+002 -2.291137e+002
    endloop
  endfacet
  facet normal -3.826838e-001 -9.238794e-001  0.000000e+000
    outer loop
      vertex  8.560000e+002 -2.735000e+002 -2.291137e+002
      vertex  8.323120e+002 -2.636881e+002 -2.731137e+002
      vertex  8.560000e+002 -2.735000e+002 -2.731137e+002
    endloop
  endfacet
  facet normal  3.826838e-001 -9.238794e-001  0.000000e+000
    outer loop
      vertex  8.560000e+002 -2.735000e+002 -2.291137e+002
      vertex  8.560000e+002 -2.735000e+002 -2.731137e+002
      vertex  8.796880e+002 -2.636881e+002 -2.291137e+002
    endloop
  endfacet
  facet normal  3.826838e-001 -9.238794e-001  0.000000e+000
    outer loop
      vertex  8.796880e+002 -2.636881e+002 -2.291137e+002
      vertex  8.560000e+002 -2.735000e+002 -2.731137e+002
      vertex  8.796880e+002 -2.636881e+002 -2.731137e+002
    endloop
  endfacet
  facet normal  9.238791e-001 -3.826843e-001  0.000000e+000
    outer loop
      vertex  8.796880e+002 -2.636881e+002 -2.291137e+002
      vertex  8.796880e+002 -2.636881e+002 -2.731137e+002
      vertex  8.895000e+002 -2.400000e+002 -2.291137e+002
    endloop
  endfacet
  facet normal  9.238791e-001 -3.826843e-001  0.000000e+000
    outer loop
      vertex  8.895000e+002 -2.400000e+002 -2.291137e+002
      vertex  8.796880e+002 -2.636881e+002 -2.731137e+002
      vertex  8.895000e+002 -2.400000e+002 -2.731137e+002
    endloop
  endfacet
  facet normal -9.396915e-001  0.000000e+000 -3.420232e-001
    outer loop
      vertex -1.647034e+003 -1.000000e+001  7.152036e+001
      vertex -1.647034e+003 -2.000000e+001  7.152036e+001
      vertex -1.654216e+003 -1.000000e+001  9.125390e+001
    endloop
  endfacet
  facet normal -9.396915e-001  0.000000e+000 -3.420232e-001
    outer loop
      vertex -1.654216e+003 -1.000000e+001  9.125390e+001
      vertex -1.647034e+003 -2.000000e+001  7.152036e+001
      vertex -1.654216e+003 -2.000000e+001  9.125390e+001
    endloop
  endfacet
  facet normal -3.420204e-001  0.000000e+000  9.396925e-001
    outer loop
      vertex -1.690259e+003 -2.000000e+001  5.578743e+001
      vertex -1.647034e+003 -2.000000e+001  7.152036e+001
      vertex -1.690259e+003 -1.000000e+001  5.578743e+001
    endloop
  endfacet
  facet normal -3.420204e-001  0.000000e+000  9.396925e-001
    outer loop
      vertex -1.647034e+003 -2.000000e+001  7.152036e+001
      vertex -1.647034e+003 -1.000000e+001  7.152036e+001
      vertex -1.690259e+003 -1.000000e+001  5.578743e+001
    endloop
  endfacet
  facet normal -9.396915e-001  0.000000e+000 -3.420231e-001
    outer loop
      vertex -1.697442e+003  1.000000e+001  7.552097e+001
      vertex -1.690259e+003  1.000000e+001  5.578743e+001
      vertex -1.697442e+003 -1.000000e+001  7.552097e+001
    endloop
  endfacet
  facet normal -9.396915e-001  0.000000e+000 -3.420231e-001
    outer loop
      vertex -1.690259e+003  1.000000e+001  5.578743e+001
      vertex -1.690259e+003 -1.000000e+001  5.578743e+001
      vertex -1.697442e+003 -1.000000e+001  7.552097e+001
    endloop
  endfacet
  facet normal -9.397054e-001  0.000000e+000 -3.419850e-001
    outer loop
      vertex -1.689575e+003  2.000000e+001  5.390804e+001
      vertex -1.690259e+003  1.000000e+001  5.578743e+001
      vertex -1.690259e+003  2.000000e+001  5.578743e+001
    endloop
  endfacet
  facet normal -9.397054e-001  0.000000e+000 -3.419850e-001
    outer loop
      vertex -1.689575e+003  2.000000e+001  5.390804e+001
      vertex -1.690259e+003 -1.000000e+001  5.578743e+001
      vertex -1.690259e+003  1.000000e+001  5.578743e+001
    endloop
  endfacet
  facet normal -9.397054e-001  0.000000e+000 -3.419850e-001
    outer loop
      vertex -1.689575e+003  2.000000e+001  5.390804e+001
      vertex -1.690259e+003 -2.000000e+001  5.578743e+001
      vertex -1.690259e+003 -1.000000e+001  5.578743e+001
    endloop
  endfacet
  facet normal -9.397054e-001  0.000000e+000 -3.419850e-001
    outer loop
      vertex -1.689575e+003  2.000000e+001  5.390804e+001
      vertex -1.689575e+003 -2.000000e+001  5.390804e+001
      vertex -1.690259e+003 -2.000000e+001  5.578743e+001
    endloop
  endfacet
  facet normal -9.397057e-001  -0.000000e+000 -3.419844e-001
    outer loop
      vertex -1.698126e+003 -2.000000e+001  7.740036e+001
      vertex -1.697442e+003 -1.000000e+001  7.552097e+001
      vertex -1.697442e+003 -2.000000e+001  7.552097e+001
    endloop
  endfacet
  facet normal -9.397057e-001  -0.000000e+000 -3.419844e-001
    outer loop
      vertex -1.698126e+003 -2.000000e+001  7.740036e+001
      vertex -1.697442e+003  1.000000e+001  7.552097e+001
      vertex -1.697442e+003 -1.000000e+001  7.552097e+001
    endloop
  endfacet
  facet normal -9.397057e-001  -0.000000e+000 -3.419844e-001
    outer loop
      vertex -1.698126e+003 -2.000000e+001  7.740036e+001
      vertex -1.697442e+003  2.000000e+001  7.552097e+001
      vertex -1.697442e+003  1.000000e+001  7.552097e+001
    endloop
  endfacet
  facet normal -9.397057e-001  -0.000000e+000 -3.419844e-001
    outer loop
      vertex -1.698126e+003 -2.000000e+001  7.740036e+001
      vertex -1.698126e+003  2.000000e+001  7.740036e+001
      vertex -1.697442e+003  2.000000e+001  7.552097e+001
    endloop
  endfacet
  facet normal -6.427883e-001  0.000000e+000  7.660438e-001
    outer loop
      vertex -1.658996e+003  2.000000e+001  1.102343e+002
      vertex -1.698126e+003  2.000000e+001  7.740036e+001
      vertex -1.658996e+003 -2.000000e+001  1.102343e+002
    endloop
  endfacet
  facet normal -6.427883e-001  0.000000e+000  7.660438e-001
    outer loop
      vertex -1.698126e+003  2.000000e+001  7.740036e+001
      vertex -1.698126e+003 -2.000000e+001  7.740036e+001
      vertex -1.658996e+003 -2.000000e+001  1.102343e+002
    endloop
  endfacet
  facet normal  0.000000e+000  1.000000e+000  0.000000e+000
    outer loop
      vertex -1.654216e+003  2.000000e+001  9.125390e+001
      vertex -1.697442e+003  2.000000e+001  7.552097e+001
      vertex -1.658996e+003  2.000000e+001  1.102343e+002
    endloop
  endfacet
  facet normal  0.000000e+000  1.000000e+000  -0.000000e+000
    outer loop
      vertex -1.658996e+003  2.000000e+001  1.102343e+002
      vertex -1.697442e+003  2.000000e+001  7.552097e+001
      vertex -1.698126e+003  2.000000e+001  7.740036e+001
    endloop
  endfacet
  facet normal  0.000000e+000  1.000000e+000  -0.000000e+000
    outer loop
      vertex -1.638495e+003  2.000000e+001  5.390804e+001
      vertex -1.689575e+003  2.000000e+001  5.390804e+001
      vertex -1.690259e+003  2.000000e+001  5.578743e+001
    endloop
  endfacet
  facet normal  -0.000000e+000  9.999999e-001  0.000000e+000
    outer loop
      vertex -1.638495e+003  2.000000e+001  5.390804e+001
      vertex -1.690259e+003  2.000000e+001  5.578743e+001
      vertex -1.647034e+003  2.000000e+001  7.152036e+001
    endloop
  endfacet
  facet normal  -0.000000e+000  1.000000e+000  -0.000000e+000
    outer loop
      vertex -1.638495e+003  2.000000e+001  5.390804e+001
      vertex -1.647034e+003  2.000000e+001  7.152036e+001
      vertex -1.654216e+003  2.000000e+001  9.125390e+001
    endloop
  endfacet
  facet normal  -0.000000e+000  9.999999e-001  -0.000000e+000
    outer loop
      vertex -1.638495e+003  2.000000e+001  5.390804e+001
      vertex -1.654216e+003  2.000000e+001  9.125390e+001
      vertex -1.658996e+003  2.000000e+001  1.102343e+002
    endloop
  endfacet
  facet normal  0.000000e+000 -8.715566e-002  9.961947e-001
    outer loop
      vertex -2.570000e+002 -2.622305e+002  1.982431e+002
      vertex -2.870000e+002 -3.012437e+002  1.948299e+002
      vertex -1.570000e+002 -2.622305e+002  1.982431e+002
    endloop
  endfacet
  facet normal  0.000000e+000 -8.715566e-002  9.961947e-001
    outer loop
      vertex -1.570000e+002 -2.622305e+002  1.982431e+002
      vertex -2.870000e+002 -3.012437e+002  1.948299e+002
      vertex -1.270000e+002 -3.012437e+002  1.948299e+002
    endloop
  endfacet
  facet normal -6.427876e-001 -5.416752e-001  5.416752e-001
    outer loop
      vertex -1.570000e+002 -2.134045e+002  2.470691e+002
      vertex -1.570000e+002 -2.622305e+002  1.982431e+002
      vertex -1.270000e+002 -2.162686e+002  2.798051e+002
    endloop
  endfacet
  facet normal -6.427876e-001 -5.416753e-001  5.416752e-001
    outer loop
      vertex -1.570000e+002 -2.622305e+002  1.982431e+002
      vertex -1.270000e+002 -3.012437e+002  1.948299e+002
      vertex -1.270000e+002 -2.162686e+002  2.798051e+002
    endloop
  endfacet
  facet normal -1.053115e-007 -9.961947e-001 -8.715594e-002
    outer loop
      vertex -2.870000e+002 -2.162686e+002  2.798051e+002
      vertex -2.570000e+002 -2.134045e+002  2.470691e+002
      vertex -1.570000e+002 -2.128553e+002  2.407918e+002
    endloop
  endfacet
  facet normal  3.981599e-007 -9.961948e-001 -8.715427e-002
    outer loop
      vertex -2.870000e+002 -2.162686e+002  2.798051e+002
      vertex -1.570000e+002 -2.128553e+002  2.407918e+002
      vertex -1.570000e+002 -2.134045e+002  2.470691e+002
    endloop
  endfacet
  facet normal  0.000000e+000 -9.961947e-001 -8.715584e-002
    outer loop
      vertex -2.870000e+002 -2.162686e+002  2.798051e+002
      vertex -1.570000e+002 -2.134045e+002  2.470691e+002
      vertex -1.270000e+002 -2.162686e+002  2.798051e+002
    endloop
  endfacet
  facet normal  0.000000e+000 -9.961948e-001 -8.715428e-002
    outer loop
      vertex -2.570000e+002 -2.134045e+002  2.470691e+002
      vertex -2.570000e+002 -2.128553e+002  2.407918e+002
      vertex -1.570000e+002 -2.128553e+002  2.407918e+002
    endloop
  endfacet
  facet normal  6.427875e-001 -5.416752e-001  5.416752e-001
    outer loop
      vertex -2.570000e+002 -2.622305e+002  1.982431e+002
      vertex -2.570000e+002 -2.134045e+002  2.470691e+002
      vertex -2.870000e+002 -3.012437e+002  1.948299e+002
    endloop
  endfacet
  facet normal  6.427877e-001 -5.416753e-001  5.416752e-001
    outer loop
      vertex -2.570000e+002 -2.134045e+002  2.470691e+002
      vertex -2.870000e+002 -2.162686e+002  2.798051e+002
      vertex -2.870000e+002 -3.012437e+002  1.948299e+002
    endloop
  endfacet
  facet normal  9.238795e-001 -3.826833e-001  0.000000e+000
    outer loop
      vertex -1.654000e+003  1.898203e-014  3.610000e+002
      vertex -1.608602e+003  1.096016e+002  3.610000e+002
      vertex -1.654000e+003  1.898203e-014  4.010000e+002
    endloop
  endfacet
  facet normal  9.238795e-001 -3.826833e-001  0.000000e+000
    outer loop
      vertex -1.608602e+003  1.096016e+002  3.610000e+002
      vertex -1.608602e+003  1.096016e+002  4.010000e+002
      vertex -1.654000e+003  1.898203e-014  4.010000e+002
    endloop
  endfacet
  facet normal  3.826834e-001 -9.238796e-001  0.000000e+000
    outer loop
      vertex -1.608602e+003  1.096016e+002  3.610000e+002
      vertex -1.499000e+003  1.550000e+002  3.610000e+002
      vertex -1.608602e+003  1.096016e+002  4.010000e+002
    endloop
  endfacet
  facet normal  3.826834e-001 -9.238796e-001  0.000000e+000
    outer loop
      vertex -1.499000e+003  1.550000e+002  3.610000e+002
      vertex -1.499000e+003  1.550000e+002  4.010000e+002
      vertex -1.608602e+003  1.096016e+002  4.010000e+002
    endloop
  endfacet
  facet normal -3.826834e-001 -9.238796e-001  0.000000e+000
    outer loop
      vertex -1.499000e+003  1.550000e+002  3.610000e+002
      vertex -1.389398e+003  1.096016e+002  3.610000e+002
      vertex -1.499000e+003  1.550000e+002  4.010000e+002
    endloop
  endfacet
  facet normal -3.826834e-001 -9.238796e-001  -0.000000e+000
    outer loop
      vertex -1.389398e+003  1.096016e+002  3.610000e+002
      vertex -1.389398e+003  1.096016e+002  4.010000e+002
      vertex -1.499000e+003  1.550000e+002  4.010000e+002
    endloop
  endfacet
  facet normal -9.238795e-001 -3.826833e-001  0.000000e+000
    outer loop
      vertex -1.389398e+003  1.096016e+002  3.610000e+002
      vertex -1.344000e+003 -3.796405e-014  3.610000e+002
      vertex -1.389398e+003  1.096016e+002  4.010000e+002
    endloop
  endfacet
  facet normal -9.238795e-001 -3.826833e-001  3.632052e-016
    outer loop
      vertex -1.344000e+003 -3.796405e-014  3.610000e+002
      vertex -1.344000e+003  0.000000e+000  4.010000e+002
      vertex -1.389398e+003  1.096016e+002  4.010000e+002
    endloop
  endfacet
  facet normal -9.238795e-001  3.826833e-001  0.000000e+000
    outer loop
      vertex -1.344000e+003 -3.796405e-014  3.610000e+002
      vertex -1.389398e+003 -1.096016e+002  3.610000e+002
      vertex -1.344000e+003  0.000000e+000  4.010000e+002
    endloop
  endfacet
  facet normal -9.238795e-001  3.826833e-001  0.000000e+000
    outer loop
      vertex -1.389398e+003 -1.096016e+002  3.610000e+002
      vertex -1.389398e+003 -1.096016e+002  4.010000e+002
      vertex -1.344000e+003  0.000000e+000  4.010000e+002
    endloop
  endfacet
  facet normal -3.826834e-001  9.238796e-001  0.000000e+000
    outer loop
      vertex -1.389398e+003 -1.096016e+002  3.610000e+002
      vertex -1.499000e+003 -1.550000e+002  3.610000e+002
      vertex -1.389398e+003 -1.096016e+002  4.010000e+002
    endloop
  endfacet
  facet normal -3.826834e-001  9.238796e-001  0.000000e+000
    outer loop
      vertex -1.499000e+003 -1.550000e+002  3.610000e+002
      vertex -1.499000e+003 -1.550000e+002  4.010000e+002
      vertex -1.389398e+003 -1.096016e+002  4.010000e+002
    endloop
  endfacet
  facet normal  3.826834e-001  9.238796e-001  0.000000e+000
    outer loop
      vertex -1.499000e+003 -1.550000e+002  3.610000e+002
      vertex -1.608602e+003 -1.096016e+002  3.610000e+002
      vertex -1.499000e+003 -1.550000e+002  4.010000e+002
    endloop
  endfacet
  facet normal  3.826834e-001  9.238796e-001  0.000000e+000
    outer loop
      vertex -1.608602e+003 -1.096016e+002  3.610000e+002
      vertex -1.608602e+003 -1.096016e+002  4.010000e+002
      vertex -1.499000e+003 -1.550000e+002  4.010000e+002
    endloop
  endfacet
  facet normal  9.238795e-001  3.826833e-001  0.000000e+000
    outer loop
      vertex -1.608602e+003 -1.096016e+002  3.610000e+002
      vertex -1.654000e+003  1.898203e-014  3.610000e+002
      vertex -1.608602e+003 -1.096016e+002  4.010000e+002
    endloop
  endfacet
  facet normal  9.238795e-001  3.826833e-001  0.000000e+000
    outer loop
      vertex -1.654000e+003  1.898203e-014  3.610000e+002
      vertex -1.654000e+003  1.898203e-014  4.010000e+002
      vertex -1.608602e+003 -1.096016e+002  4.010000e+002
    endloop
  endfacet
  facet normal  0.000000e+000  1.000000e+000  0.000000e+000
    outer loop
      vertex -1.718000e+003 -2.500000e+000  3.930000e+002
      vertex -1.682000e+003 -2.500000e+000  3.930000e+002
      vertex -1.718000e+003 -2.500000e+000  3.910000e+002
    endloop
  endfacet
  facet normal  0.000000e+000  1.000000e+000  -0.000000e+000
    outer loop
      vertex -1.682000e+003 -2.500000e+000  3.930000e+002
      vertex -1.682000e+003 -2.500000e+000  3.910000e+002
      vertex -1.718000e+003 -2.500000e+000  3.910000e+002
    endloop
  endfacet
  facet normal -1.000000e+000  0.000000e+000  0.000000e+000
    outer loop
      vertex -1.718000e+003 -2.500000e+000  3.930000e+002
      vertex -1.718000e+003 -2.500000e+000  3.910000e+002
      vertex -1.718000e+003 -4.250000e+001  3.930000e+002
    endloop
  endfacet
  facet normal -1.000000e+000  0.000000e+000  0.000000e+000
    outer loop
      vertex -1.718000e+003 -4.250000e+001  3.930000e+002
      vertex -1.718000e+003 -2.500000e+000  3.910000e+002
      vertex -1.718000e+003 -4.250000e+001  3.910000e+002
    endloop
  endfacet
  facet normal  0.000000e+000 -1.000000e+000  0.000000e+000
    outer loop
      vertex -1.682000e+003 -4.250000e+001  3.930000e+002
      vertex -1.718000e+003 -4.250000e+001  3.930000e+002
      vertex -1.682000e+003 -4.250000e+001  3.910000e+002
    endloop
  endfacet
  facet normal  0.000000e+000 -1.000000e+000  0.000000e+000
    outer loop
      vertex -1.718000e+003 -4.250000e+001  3.930000e+002
      vertex -1.718000e+003 -4.250000e+001  3.910000e+002
      vertex -1.682000e+003 -4.250000e+001  3.910000e+002
    endloop
  endfacet
  facet normal  1.000000e+000  0.000000e+000  0.000000e+000
    outer loop
      vertex -1.682000e+003 -4.250000e+001  3.930000e+002
      vertex -1.682000e+003 -4.250000e+001  3.910000e+002
      vertex -1.682000e+003 -2.500000e+000  3.930000e+002
    endloop
  endfacet
  facet normal  1.000000e+000  0.000000e+000  0.000000e+000
    outer loop
      vertex -1.682000e+003 -2.500000e+000  3.930000e+002
      vertex -1.682000e+003 -4.250000e+001  3.910000e+002
      vertex -1.682000e+003 -2.500000e+000  3.910000e+002
    endloop
  endfacet
  facet normal  0.000000e+000  1.000000e+000  0.000000e+000
    outer loop
      vertex -1.718000e+003  4.250000e+001  3.930000e+002
      vertex -1.682000e+003  4.250000e+001  3.930000e+002
      vertex -1.718000e+003  4.250000e+001  3.910000e+002
    endloop
  endfacet
  facet normal  0.000000e+000  1.000000e+000  -0.000000e+000
    outer loop
      vertex -1.682000e+003  4.250000e+001  3.930000e+002
      vertex -1.682000e+003  4.250000e+001  3.910000e+002
      vertex -1.718000e+003  4.250000e+001  3.910000e+002
    endloop
  endfacet
  facet normal -1.000000e+000  0.000000e+000  0.000000e+000
    outer loop
      vertex -1.718000e+003  4.250000e+001  3.930000e+002
      vertex -1.718000e+003  4.250000e+001  3.910000e+002
      vertex -1.718000e+003  2.500000e+000  3.930000e+002
    endloop
  endfacet
  facet normal -1.000000e+000  0.000000e+000  0.000000e+000
    outer loop
      vertex -1.718000e+003  2.500000e+000  3.930000e+002
      vertex -1.718000e+003  4.250000e+001  3.910000e+002
      vertex -1.718000e+003  2.500000e+000  3.910000e+002
    endloop
  endfacet
  facet normal  0.000000e+000 -1.000000e+000  0.000000e+000
    outer loop
      vertex -1.682000e+003  2.500000e+000  3.930000e+002
      vertex -1.718000e+003  2.500000e+000  3.930000e+002
      vertex -1.682000e+003  2.500000e+000  3.910000e+002
    endloop
  endfacet
  facet normal  0.000000e+000 -1.000000e+000  0.000000e+000
    outer loop
      vertex -1.718000e+003  2.500000e+000  3.930000e+002
      vertex -1.718000e+003  2.500000e+000  3.910000e+002
      vertex -1.682000e+003  2.500000e+000  3.910000e+002
    endloop
  endfacet
  facet normal  1.000000e+000  0.000000e+000  0.000000e+000
    outer loop
      vertex -1.682000e+003  2.500000e+000  3.930000e+002
      vertex -1.682000e+003  2.500000e+000  3.910000e+002
      vertex -1.682000e+003  4.250000e+001  3.930000e+002
    endloop
  endfacet
  facet normal  1.000000e+000  0.000000e+000  0.000000e+000
    outer loop
      vertex -1.682000e+003  4.250000e+001  3.930000e+002
      vertex -1.682000e+003  2.500000e+000  3.910000e+002
      vertex -1.682000e+003  4.250000e+001  3.910000e+002
    endloop
  endfacet
  facet normal  -0.000000e+000  0.000000e+000 -1.000000e+000
    outer loop
      vertex -1.540117e+003  1.375000e+002 -3.071137e+002
      vertex -1.504117e+003  1.375000e+002 -3.071137e+002
      vertex -1.540117e+003  9.750000e+001 -3.071137e+002
    endloop
  endfacet
  facet normal  0.000000e+000  -0.000000e+000 -1.000000e+000
    outer loop
      vertex -1.540117e+003  9.750000e+001 -3.071137e+002
      vertex -1.504117e+003  1.375000e+002 -3.071137e+002
      vertex -1.504117e+003  9.750000e+001 -3.071137e+002
    endloop
  endfacet
  facet normal  -0.000000e+000  0.000000e+000 -1.000000e+000
    outer loop
      vertex -1.540117e+003  9.250000e+001 -3.071137e+002
      vertex -1.504117e+003  9.250000e+001 -3.071137e+002
      vertex -1.540117e+003  5.250000e+001 -3.071137e+002
    endloop
  endfacet
  facet normal  0.000000e+000  -0.000000e+000 -1.000000e+000
    outer loop
      vertex -1.540117e+003  5.250000e+001 -3.071137e+002
      vertex -1.504117e+003  9.250000e+001 -3.071137e+002
      vertex -1.504117e+003  5.250000e+001 -3.071137e+002
    endloop
  endfacet
  facet normal  0.000000e+000  0.000000e+000  1.000000e+000
    outer loop
      vertex  8.477769e+002  1.439324e+001 -7.180000e+002
      vertex  8.591914e+002  1.316374e+001 -7.180000e+002
      vertex  8.441169e+002  2.686739e+001 -7.180000e+002
    endloop
  endfacet
  facet normal  0.000000e+000  0.000000e+000  1.000000e+000
    outer loop
      vertex  8.591914e+002  1.316374e+001 -7.180000e+002
      vertex  8.654239e+002  2.457231e+001 -7.180000e+002
      vertex  8.441169e+002  2.686739e+001 -7.180000e+002
    endloop
  endfacet
  facet normal  0.000000e+000  0.000000e+000  1.000000e+000
    outer loop
      vertex  8.591914e+002  1.316374e+001 -7.180000e+002
      vertex  8.663932e+002  4.223093e+000 -7.180000e+002
      vertex  8.654239e+002  2.457231e+001 -7.180000e+002
    endloop
  endfacet
  facet normal  0.000000e+000  0.000000e+000  1.000000e+000
    outer loop
      vertex  8.663932e+002  4.223093e+000 -7.180000e+002
      vertex  8.788674e+002  7.883107e+000 -7.180000e+002
      vertex  8.654239e+002  2.457231e+001 -7.180000e+002
    endloop
  endfacet
  facet normal  0.000000e+000  0.000000e+000  1.000000e+000
    outer loop
      vertex  8.663932e+002  4.223093e+000 -7.180000e+002
      vertex  8.651638e+002 -7.191383e+000 -7.180000e+002
      vertex  8.788674e+002  7.883107e+000 -7.180000e+002
    endloop
  endfacet
  facet normal  0.000000e+000  -0.000000e+000  1.000000e+000
    outer loop
      vertex  8.651638e+002 -7.191383e+000 -7.180000e+002
      vertex  8.765723e+002 -1.342391e+001 -7.180000e+002
      vertex  8.788674e+002  7.883107e+000 -7.180000e+002
    endloop
  endfacet
  facet normal  0.000000e+000  0.000000e+000  1.000000e+000
    outer loop
      vertex  8.651638e+002 -7.191383e+000 -7.180000e+002
      vertex  8.562231e+002 -1.439324e+001 -7.180000e+002
      vertex  8.765723e+002 -1.342391e+001 -7.180000e+002
    endloop
  endfacet
  facet normal  -0.000000e+000  0.000000e+000  1.000000e+000
    outer loop
      vertex  8.765723e+002 -1.342391e+001 -7.180000e+002
      vertex  8.562231e+002 -1.439324e+001 -7.180000e+002
      vertex  8.598831e+002 -2.686739e+001 -7.180000e+002
    endloop
  endfacet
  facet normal  -0.000000e+000  0.000000e+000  1.000000e+000
    outer loop
      vertex  8.562231e+002 -1.439324e+001 -7.180000e+002
      vertex  8.385761e+002 -2.457231e+001 -7.180000e+002
      vertex  8.598831e+002 -2.686739e+001 -7.180000e+002
    endloop
  endfacet
  facet normal  0.000000e+000  0.000000e+000  1.000000e+000
    outer loop
      vertex  8.562231e+002 -1.439324e+001 -7.180000e+002
      vertex  8.448086e+002 -1.316374e+001 -7.180000e+002
      vertex  8.385761e+002 -2.457231e+001 -7.180000e+002
    endloop
  endfacet
  facet normal  -0.000000e+000  0.000000e+000  1.000000e+000
    outer loop
      vertex  8.376068e+002 -4.223093e+000 -7.180000e+002
      vertex  8.251326e+002 -7.883107e+000 -7.180000e+002
      vertex  8.448086e+002 -1.316374e+001 -7.180000e+002
    endloop
  endfacet
  facet normal  0.000000e+000  -0.000000e+000  1.000000e+000
    outer loop
      vertex  8.251326e+002 -7.883107e+000 -7.180000e+002
      vertex  8.385761e+002 -2.457231e+001 -7.180000e+002
      vertex  8.448086e+002 -1.316374e+001 -7.180000e+002
    endloop
  endfacet
  facet normal  0.000000e+000  0.000000e+000  1.000000e+000
    outer loop
      vertex  8.274277e+002  1.342391e+001 -7.180000e+002
      vertex  8.477769e+002  1.439324e+001 -7.180000e+002
      vertex  8.441169e+002  2.686739e+001 -7.180000e+002
    endloop
  endfacet
  facet normal  0.000000e+000  -0.000000e+000  1.000000e+000
    outer loop
      vertex  8.274277e+002  1.342391e+001 -7.180000e+002
      vertex  8.388362e+002  7.191383e+000 -7.180000e+002
      vertex  8.477769e+002  1.439324e+001 -7.180000e+002
    endloop
  endfacet
  facet normal  0.000000e+000  -0.000000e+000  1.000000e+000
    outer loop
      vertex  8.274277e+002  1.342391e+001 -7.180000e+002
      vertex  8.376068e+002 -4.223093e+000 -7.180000e+002
      vertex  8.388362e+002  7.191383e+000 -7.180000e+002
    endloop
  endfacet
  facet normal  0.000000e+000  0.000000e+000  1.000000e+000
    outer loop
      vertex  8.274277e+002  1.342391e+001 -7.180000e+002
      vertex  8.251326e+002 -7.883107e+000 -7.180000e+002
      vertex  8.376068e+002 -4.223093e+000 -7.180000e+002
    endloop
  endfacet
  facet normal -5.400516e-001 -5.432940e-001 -6.427875e-001
    outer loop
      vertex -2.259818e+001 -4.008860e+001 -2.669419e+002
      vertex -3.995262e+001 -2.283773e+001 -2.669419e+002
      vertex -1.345963e+001 -3.808377e+001 -2.763144e+002
    endloop
  endfacet
  facet normal -5.400517e-001 -5.432939e-001 -6.427876e-001
    outer loop
      vertex -1.345963e+001 -3.808377e+001 -2.763144e+002
      vertex -3.995262e+001 -2.283773e+001 -2.669419e+002
      vertex -3.800252e+001 -1.368734e+001 -2.763144e+002
    endloop
  endfacet
  facet normal -5.400517e-001 -5.432939e-001 -6.427876e-001
    outer loop
      vertex -1.345963e+001 -3.808377e+001 -2.763144e+002
      vertex -3.800252e+001 -1.368734e+001 -2.763144e+002
      vertex -1.150953e+001 -2.893338e+001 -2.856869e+002
    endloop
  endfacet
  facet normal -5.400518e-001 -5.432940e-001 -6.427875e-001
    outer loop
      vertex -1.150953e+001 -2.893338e+001 -2.856869e+002
      vertex -3.800252e+001 -1.368734e+001 -2.763144e+002
      vertex -2.886397e+001 -1.168250e+001 -2.856869e+002
    endloop
  endfacet
  facet normal -5.400517e-001 -5.432939e-001 -6.427877e-001
    outer loop
      vertex -1.150953e+001 -2.893338e+001 -2.856869e+002
      vertex -2.886397e+001 -1.168250e+001 -2.856869e+002
      vertex -1.789021e+001 -1.799762e+001 -2.895691e+002
    endloop
  endfacet
  facet normal -5.400516e-001 -5.432939e-001 -6.427876e-001
    outer loop
      vertex -3.995262e+001 -2.283773e+001 -2.669419e+002
      vertex -2.259818e+001 -4.008860e+001 -2.669419e+002
      vertex -3.357193e+001 -3.377349e+001 -2.630597e+002
    endloop
  endfacet
  facet normal -5.432940e-001  5.400516e-001 -6.427875e-001
    outer loop
      vertex -4.008860e+001  2.259818e+001 -2.669419e+002
      vertex -2.283773e+001  3.995262e+001 -2.669419e+002
      vertex -3.808377e+001  1.345963e+001 -2.763144e+002
    endloop
  endfacet
  facet normal -5.432939e-001  5.400517e-001 -6.427876e-001
    outer loop
      vertex -3.808377e+001  1.345963e+001 -2.763144e+002
      vertex -2.283773e+001  3.995262e+001 -2.669419e+002
      vertex -1.368734e+001  3.800252e+001 -2.763144e+002
    endloop
  endfacet
  facet normal -5.432939e-001  5.400517e-001 -6.427876e-001
    outer loop
      vertex -3.808377e+001  1.345963e+001 -2.763144e+002
      vertex -1.368734e+001  3.800252e+001 -2.763144e+002
      vertex -2.893338e+001  1.150953e+001 -2.856869e+002
    endloop
  endfacet
  facet normal -5.432940e-001  5.400518e-001 -6.427875e-001
    outer loop
      vertex -2.893338e+001  1.150953e+001 -2.856869e+002
      vertex -1.368734e+001  3.800252e+001 -2.763144e+002
      vertex -1.168250e+001  2.886397e+001 -2.856869e+002
    endloop
  endfacet
  facet normal -5.432939e-001  5.400517e-001 -6.427877e-001
    outer loop
      vertex -2.893338e+001  1.150953e+001 -2.856869e+002
      vertex -1.168250e+001  2.886397e+001 -2.856869e+002
      vertex -1.799762e+001  1.789021e+001 -2.895691e+002
    endloop
  endfacet
  facet normal -5.432939e-001  5.400516e-001 -6.427876e-001
    outer loop
      vertex -2.283773e+001  3.995262e+001 -2.669419e+002
      vertex -4.008860e+001  2.259818e+001 -2.669419e+002
      vertex -3.377349e+001  3.357193e+001 -2.630597e+002
    endloop
  endfacet
  facet normal  0.000000e+000  0.000000e+000 -1.000000e+000
    outer loop
      vertex  8.560000e+002 -1.650000e+002 -2.291137e+002
      vertex  8.560000e+002 -2.065000e+002 -2.291137e+002
      vertex  8.029670e+002 -1.869670e+002 -2.291137e+002
    endloop
  endfacet
  facet normal  -0.000000e+000  0.000000e+000 -1.000000e+000
    outer loop
      vertex  8.029670e+002 -1.869670e+002 -2.291137e+002
      vertex  8.560000e+002 -2.065000e+002 -2.291137e+002
      vertex  8.323120e+002 -2.163119e+002 -2.291137e+002
    endloop
  endfacet
  facet normal  -0.000000e+000  0.000000e+000 -1.000000e+000
    outer loop
      vertex  8.029670e+002 -1.869670e+002 -2.291137e+002
      vertex  8.323120e+002 -2.163119e+002 -2.291137e+002
      vertex  7.810000e+002 -2.400000e+002 -2.291137e+002
    endloop
  endfacet
  facet normal  0.000000e+000  0.000000e+000 -9.999999e-001
    outer loop
      vertex  7.810000e+002 -2.400000e+002 -2.291137e+002
      vertex  8.323120e+002 -2.163119e+002 -2.291137e+002
      vertex  8.225000e+002 -2.400000e+002 -2.291137e+002
    endloop
  endfacet
  facet normal  -0.000000e+000  0.000000e+000 -1.000000e+000
    outer loop
      vertex  7.810000e+002 -2.400000e+002 -2.291137e+002
      vertex  8.225000e+002 -2.400000e+002 -2.291137e+002
      vertex  8.029670e+002 -2.930330e+002 -2.291137e+002
    endloop
  endfacet
  facet normal  0.000000e+000  -0.000000e+000 -1.000000e+000
    outer loop
      vertex  8.029670e+002 -2.930330e+002 -2.291137e+002
      vertex  8.225000e+002 -2.400000e+002 -2.291137e+002
      vertex  8.323120e+002 -2.636881e+002 -2.291137e+002
    endloop
  endfacet
  facet normal  0.000000e+000  -0.000000e+000 -1.000000e+000
    outer loop
      vertex  8.029670e+002 -2.930330e+002 -2.291137e+002
      vertex  8.323120e+002 -2.636881e+002 -2.291137e+002
      vertex  8.560000e+002 -2.735000e+002 -2.291137e+002
    endloop
  endfacet
  facet normal  0.000000e+000  0.000000e+000 -1.000000e+000
    outer loop
      vertex  8.560000e+002 -3.150000e+002 -2.291137e+002
      vertex  8.560000e+002 -2.735000e+002 -2.291137e+002
      vertex  9.090330e+002 -2.930330e+002 -2.291137e+002
    endloop
  endfacet
  facet normal  0.000000e+000  0.000000e+000 -1.000000e+000
    outer loop
      vertex  9.090330e+002 -2.930330e+002 -2.291137e+002
      vertex  8.560000e+002 -2.735000e+002 -2.291137e+002
      vertex  8.796880e+002 -2.636881e+002 -2.291137e+002
    endloop
  endfacet
  facet normal  0.000000e+000  0.000000e+000 -1.000000e+000
    outer loop
      vertex  9.090330e+002 -2.930330e+002 -2.291137e+002
      vertex  8.796880e+002 -2.636881e+002 -2.291137e+002
      vertex  9.310000e+002 -2.400000e+002 -2.291137e+002
    endloop
  endfacet
  facet normal  0.000000e+000  0.000000e+000 -9.999999e-001
    outer loop
      vertex  9.310000e+002 -2.400000e+002 -2.291137e+002
      vertex  8.796880e+002 -2.636881e+002 -2.291137e+002
      vertex  8.895000e+002 -2.400000e+002 -2.291137e+002
    endloop
  endfacet
  facet normal  0.000000e+000  0.000000e+000 -1.000000e+000
    outer loop
      vertex  9.310000e+002 -2.400000e+002 -2.291137e+002
      vertex  8.895000e+002 -2.400000e+002 -2.291137e+002
      vertex  9.090330e+002 -1.869670e+002 -2.291137e+002
    endloop
  endfacet
  facet normal  0.000000e+000  0.000000e+000 -1.000000e+000
    outer loop
      vertex  9.090330e+002 -1.869670e+002 -2.291137e+002
      vertex  8.895000e+002 -2.400000e+002 -2.291137e+002
      vertex  8.796880e+002 -2.163119e+002 -2.291137e+002
    endloop
  endfacet
  facet normal  0.000000e+000  0.000000e+000 -1.000000e+000
    outer loop
      vertex  9.090330e+002 -1.869670e+002 -2.291137e+002
      vertex  8.796880e+002 -2.163119e+002 -2.291137e+002
      vertex  8.560000e+002 -2.065000e+002 -2.291137e+002
    endloop
  endfacet
  facet normal  0.000000e+000  -0.000000e+000 -1.000000e+000
    outer loop
      vertex  8.029670e+002 -2.930330e+002 -2.291137e+002
      vertex  8.560000e+002 -2.735000e+002 -2.291137e+002
      vertex  8.560000e+002 -3.150000e+002 -2.291137e+002
    endloop
  endfacet
  facet normal  0.000000e+000  0.000000e+000 -1.000000e+000
    outer loop
      vertex  9.090330e+002 -1.869670e+002 -2.291137e+002
      vertex  8.560000e+002 -2.065000e+002 -2.291137e+002
      vertex  8.560000e+002 -1.650000e+002 -2.291137e+002
    endloop
  endfacet
  facet normal  0.000000e+000  0.000000e+000 -1.000000e+000
    outer loop
      vertex  8.838835e+000 -8.151612e+002 -4.081028e+002
      vertex  1.250000e+001 -8.240000e+002 -4.081028e+002
      vertex -8.838835e+000 -8.151612e+002 -4.081028e+002
    endloop
  endfacet
  facet normal  0.000000e+000  0.000000e+000 -1.000000e+000
    outer loop
      vertex  1.250000e+001 -8.240000e+002 -4.081028e+002
      vertex -1.250000e+001 -8.240000e+002 -4.081028e+002
      vertex -8.838835e+000 -8.151612e+002 -4.081028e+002
    endloop
  endfacet
  facet normal  0.000000e+000  0.000000e+000 -1.000000e+000
    outer loop
      vertex  1.250000e+001 -8.240000e+002 -4.081028e+002
      vertex  8.838835e+000 -8.328388e+002 -4.081028e+002
      vertex -1.250000e+001 -8.240000e+002 -4.081028e+002
    endloop
  endfacet
  facet normal  0.000000e+000  0.000000e+000 -1.000000e+000
    outer loop
      vertex  8.838835e+000 -8.328388e+002 -4.081028e+002
      vertex -8.838835e+000 -8.328388e+002 -4.081028e+002
      vertex -1.250000e+001 -8.240000e+002 -4.081028e+002
    endloop
  endfacet
  facet normal  0.000000e+000  0.000000e+000 -1.000000e+000
    outer loop
      vertex  8.838835e+000 -8.328388e+002 -4.081028e+002
      vertex  3.540962e-015 -8.365000e+002 -4.081028e+002
      vertex -8.838835e+000 -8.328388e+002 -4.081028e+002
    endloop
  endfacet
  facet normal  0.000000e+000  -0.000000e+000 -1.000000e+000
    outer loop
      vertex -8.838835e+000 -8.151612e+002 -4.081028e+002
      vertex -1.339844e-014 -8.115000e+002 -4.081028e+002
      vertex  8.838835e+000 -8.151612e+002 -4.081028e+002
    endloop
  endfacet
  facet normal -9.396926e-001  7.498033e-007 -3.420205e-001
    outer loop
      vertex -1.638495e+003 -2.000000e+001  5.390804e+001
      vertex -1.648628e+003 -7.500000e+001  8.174891e+001
      vertex -1.658996e+003 -2.000000e+001  1.102343e+002
    endloop
  endfacet
  facet normal -9.396929e-001  1.084627e-007 -3.420193e-001
    outer loop
      vertex -1.658996e+003 -2.000000e+001  1.102343e+002
      vertex -1.648628e+003 -7.500000e+001  8.174891e+001
      vertex -1.666766e+003 -5.303301e+001  1.315836e+002
    endloop
  endfacet
  facet normal -9.396929e-001  0.000000e+000 -3.420195e-001
    outer loop
      vertex -1.658996e+003 -2.000000e+001  1.102343e+002
      vertex -1.666766e+003 -5.303301e+001  1.315836e+002
      vertex -1.658996e+003  2.000000e+001  1.102343e+002
    endloop
  endfacet
  facet normal -9.396925e-001 -3.367667e-007 -3.420205e-001
    outer loop
      vertex -1.658996e+003  2.000000e+001  1.102343e+002
      vertex -1.666766e+003 -5.303301e+001  1.315836e+002
      vertex -1.674280e+003 -4.592425e-015  1.522259e+002
    endloop
  endfacet
  facet normal -9.396926e-001  4.742389e-007 -3.420201e-001
    outer loop
      vertex -1.658996e+003  2.000000e+001  1.102343e+002
      vertex -1.674280e+003 -4.592425e-015  1.522259e+002
      vertex -1.666766e+003  5.303301e+001  1.315836e+002
    endloop
  endfacet
  facet normal -9.396926e-001  7.089812e-007 -3.420205e-001
    outer loop
      vertex -1.638495e+003  2.000000e+001  5.390804e+001
      vertex -1.658996e+003  2.000000e+001  1.102343e+002
      vertex -1.666766e+003  5.303301e+001  1.315836e+002
    endloop
  endfacet
  facet normal -9.396927e-001 -1.163342e-006 -3.420197e-001
    outer loop
      vertex -1.638495e+003  2.000000e+001  5.390804e+001
      vertex -1.666766e+003  5.303301e+001  1.315836e+002
      vertex -1.648628e+003  7.500000e+001  8.174891e+001
    endloop
  endfacet
  facet normal -9.396923e-001 -3.232243e-007 -3.420212e-001
    outer loop
      vertex -1.638495e+003  2.000000e+001  5.390804e+001
      vertex -1.648628e+003  7.500000e+001  8.174891e+001
      vertex -1.630490e+003  5.303301e+001  3.191418e+001
    endloop
  endfacet
  facet normal -9.396923e-001 -1.629140e-007 -3.420210e-001
    outer loop
      vertex -1.638495e+003  2.000000e+001  5.390804e+001
      vertex -1.630490e+003  5.303301e+001  3.191418e+001
      vertex -1.622977e+003  1.377728e-014  1.127196e+001
    endloop
  endfacet
  facet normal -9.396923e-001  1.072458e-007 -3.420211e-001
    outer loop
      vertex -1.638495e+003  2.000000e+001  5.390804e+001
      vertex -1.622977e+003  1.377728e-014  1.127196e+001
      vertex -1.630490e+003 -5.303301e+001  3.191418e+001
    endloop
  endfacet
  facet normal -9.396924e-001  0.000000e+000 -3.420208e-001
    outer loop
      vertex -1.638495e+003  2.000000e+001  5.390804e+001
      vertex -1.630490e+003 -5.303301e+001  3.191418e+001
      vertex -1.638495e+003 -2.000000e+001  5.390804e+001
    endloop
  endfacet
  facet normal -9.396923e-001  3.366920e-007 -3.420212e-001
    outer loop
      vertex -1.638495e+003 -2.000000e+001  5.390804e+001
      vertex -1.630490e+003 -5.303301e+001  3.191418e+001
      vertex -1.648628e+003 -7.500000e+001  8.174891e+001
    endloop
  endfacet
  facet normal  0.000000e+000 -7.071068e-001  7.071068e-001
    outer loop
      vertex -1.070000e+002 -3.083148e+002  1.877588e+002
      vertex -1.270000e+002 -3.012437e+002  1.948299e+002
      vertex -3.070000e+002 -3.083148e+002  1.877588e+002
    endloop
  endfacet
  facet normal  0.000000e+000 -7.071068e-001  7.071068e-001
    outer loop
      vertex -3.070000e+002 -3.083148e+002  1.877588e+002
      vertex -1.270000e+002 -3.012437e+002  1.948299e+002
      vertex -2.870000e+002 -3.012437e+002  1.948299e+002
    endloop
  endfacet
  facet normal -2.104661e-008 -7.071067e-001  7.071069e-001
    outer loop
      vertex -3.070000e+002 -3.083148e+002  1.877588e+002
      vertex -2.870000e+002 -3.012437e+002  1.948299e+002
      vertex -3.070000e+002 -2.057843e+002  2.902893e+002
    endloop
  endfacet
  facet normal -1.218946e-006 -7.071069e-001  7.071067e-001
    outer loop
      vertex -3.070000e+002 -2.057843e+002  2.902893e+002
      vertex -2.870000e+002 -3.012437e+002  1.948299e+002
      vertex -2.870000e+002 -2.162686e+002  2.798051e+002
    endloop
  endfacet
  facet normal  0.000000e+000 -7.071058e-001  7.071079e-001
    outer loop
      vertex -3.070000e+002 -2.057843e+002  2.902893e+002
      vertex -2.870000e+002 -2.162686e+002  2.798051e+002
      vertex -1.070000e+002 -2.057843e+002  2.902893e+002
    endloop
  endfacet
  facet normal  0.000000e+000 -7.071058e-001  7.071078e-001
    outer loop
      vertex -1.070000e+002 -2.057843e+002  2.902893e+002
      vertex -2.870000e+002 -2.162686e+002  2.798051e+002
      vertex -1.270000e+002 -2.162686e+002  2.798051e+002
    endloop
  endfacet
  facet normal  1.010237e-006 -7.071067e-001  7.071069e-001
    outer loop
      vertex -1.070000e+002 -2.057843e+002  2.902893e+002
      vertex -1.270000e+002 -2.162686e+002  2.798051e+002
      vertex -1.070000e+002 -3.083148e+002  1.877588e+002
    endloop
  endfacet
  facet normal  0.000000e+000 -7.071069e-001  7.071067e-001
    outer loop
      vertex -1.070000e+002 -3.083148e+002  1.877588e+002
      vertex -1.270000e+002 -2.162686e+002  2.798051e+002
      vertex -1.270000e+002 -3.012437e+002  1.948299e+002
    endloop
  endfacet
  facet normal  -0.000000e+000  0.000000e+000  1.000000e+000
    outer loop
      vertex -1.657180e+003 -6.568019e+001  3.910000e+002
      vertex -1.720820e+003 -6.568019e+001  3.910000e+002
      vertex -1.644000e+003 -9.750000e+001  3.910000e+002
    endloop
  endfacet
  facet normal  0.000000e+000  0.000000e+000  1.000000e+000
    outer loop
      vertex -1.644000e+003 -9.750000e+001  3.910000e+002
      vertex -1.720820e+003 -6.568019e+001  3.910000e+002
      vertex -1.734000e+003 -9.750000e+001  3.910000e+002
    endloop
  endfacet
  facet normal  -0.000000e+000  0.000000e+000  1.000000e+000
    outer loop
      vertex -1.644000e+003 -9.750000e+001  3.910000e+002
      vertex -1.734000e+003 -9.750000e+001  3.910000e+002
      vertex -1.657180e+003 -1.293198e+002  3.910000e+002
    endloop
  endfacet
  facet normal  0.000000e+000  0.000000e+000  1.000000e+000
    outer loop
      vertex -1.657180e+003 -1.293198e+002  3.910000e+002
      vertex -1.734000e+003 -9.750000e+001  3.910000e+002
      vertex -1.720820e+003 -1.293198e+002  3.910000e+002
    endloop
  endfacet
  facet normal  -0.000000e+000  0.000000e+000  1.000000e+000
    outer loop
      vertex -1.657180e+003 -1.293198e+002  3.910000e+002
      vertex -1.720820e+003 -1.293198e+002  3.910000e+002
      vertex -1.689000e+003 -1.425000e+002  3.910000e+002
    endloop
  endfacet
  facet normal  0.000000e+000  0.000000e+000  1.000000e+000
    outer loop
      vertex -1.720820e+003 -6.568019e+001  3.910000e+002
      vertex -1.657180e+003 -6.568019e+001  3.910000e+002
      vertex -1.689000e+003 -5.250000e+001  3.910000e+002
    endloop
  endfacet
  facet normal  -0.000000e+000  0.000000e+000  1.000000e+000
    outer loop
      vertex -1.657180e+003  1.293198e+002  3.910000e+002
      vertex -1.720820e+003  1.293198e+002  3.910000e+002
      vertex -1.644000e+003  9.750000e+001  3.910000e+002
    endloop
  endfacet
  facet normal  0.000000e+000  0.000000e+000  1.000000e+000
    outer loop
      vertex -1.644000e+003  9.750000e+001  3.910000e+002
      vertex -1.720820e+003  1.293198e+002  3.910000e+002
      vertex -1.734000e+003  9.750000e+001  3.910000e+002
    endloop
  endfacet
  facet normal  -0.000000e+000  0.000000e+000  1.000000e+000
    outer loop
      vertex -1.644000e+003  9.750000e+001  3.910000e+002
      vertex -1.734000e+003  9.750000e+001  3.910000e+002
      vertex -1.657180e+003  6.568019e+001  3.910000e+002
    endloop
  endfacet
  facet normal  0.000000e+000  0.000000e+000  1.000000e+000
    outer loop
      vertex -1.657180e+003  6.568019e+001  3.910000e+002
      vertex -1.734000e+003  9.750000e+001  3.910000e+002
      vertex -1.720820e+003  6.568019e+001  3.910000e+002
    endloop
  endfacet
  facet normal  -0.000000e+000  0.000000e+000  1.000000e+000
    outer loop
      vertex -1.657180e+003  6.568019e+001  3.910000e+002
      vertex -1.720820e+003  6.568019e+001  3.910000e+002
      vertex -1.689000e+003  5.250000e+001  3.910000e+002
    endloop
  endfacet
  facet normal  0.000000e+000  0.000000e+000  1.000000e+000
    outer loop
      vertex -1.720820e+003  1.293198e+002  3.910000e+002
      vertex -1.657180e+003  1.293198e+002  3.910000e+002
      vertex -1.689000e+003  1.425000e+002  3.910000e+002
    endloop
  endfacet
  facet normal  0.000000e+000  0.000000e+000  1.000000e+000
    outer loop
      vertex -1.499000e+003  1.550000e+002  4.010000e+002
      vertex -1.499000e+003  1.600000e+002  4.010000e+002
      vertex -1.608602e+003  1.096016e+002  4.010000e+002
    endloop
  endfacet
  facet normal  0.000000e+000  0.000000e+000  1.000000e+000
    outer loop
      vertex -1.608602e+003  1.096016e+002  4.010000e+002
      vertex -1.499000e+003  1.600000e+002  4.010000e+002
      vertex -1.612137e+003  1.131371e+002  4.010000e+002
    endloop
  endfacet
  facet normal  0.000000e+000  0.000000e+000  1.000000e+000
    outer loop
      vertex -1.608602e+003  1.096016e+002  4.010000e+002
      vertex -1.612137e+003  1.131371e+002  4.010000e+002
      vertex -1.654000e+003  1.898203e-014  4.010000e+002
    endloop
  endfacet
  facet normal  0.000000e+000  0.000000e+000  1.000000e+000
    outer loop
      vertex -1.654000e+003  1.898203e-014  4.010000e+002
      vertex -1.612137e+003  1.131371e+002  4.010000e+002
      vertex -1.659000e+003  1.959435e-014  4.010000e+002
    endloop
  endfacet
  facet normal  0.000000e+000  0.000000e+000  1.000000e+000
    outer loop
      vertex -1.654000e+003  1.898203e-014  4.010000e+002
      vertex -1.659000e+003  1.959435e-014  4.010000e+002
      vertex -1.608602e+003 -1.096016e+002  4.010000e+002
    endloop
  endfacet
  facet normal  0.000000e+000  0.000000e+000  1.000000e+000
    outer loop
      vertex -1.608602e+003 -1.096016e+002  4.010000e+002
      vertex -1.659000e+003  1.959435e-014  4.010000e+002
      vertex -1.612137e+003 -1.131371e+002  4.010000e+002
    endloop
  endfacet
  facet normal  -0.000000e+000  0.000000e+000  1.000000e+000
    outer loop
      vertex -1.608602e+003 -1.096016e+002  4.010000e+002
      vertex -1.612137e+003 -1.131371e+002  4.010000e+002
      vertex -1.499000e+003 -1.550000e+002  4.010000e+002
    endloop
  endfacet
  facet normal  0.000000e+000  0.000000e+000  1.000000e+000
    outer loop
      vertex -1.499000e+003 -1.550000e+002  4.010000e+002
      vertex -1.612137e+003 -1.131371e+002  4.010000e+002
      vertex -1.499000e+003 -1.600000e+002  4.010000e+002
    endloop
  endfacet
  facet normal  0.000000e+000  0.000000e+000  1.000000e+000
    outer loop
      vertex -1.499000e+003 -1.550000e+002  4.010000e+002
      vertex -1.499000e+003 -1.600000e+002  4.010000e+002
      vertex -1.389398e+003 -1.096016e+002  4.010000e+002
    endloop
  endfacet
  facet normal  0.000000e+000  0.000000e+000  1.000000e+000
    outer loop
      vertex -1.389398e+003 -1.096016e+002  4.010000e+002
      vertex -1.499000e+003 -1.600000e+002  4.010000e+002
      vertex -1.385863e+003 -1.131371e+002  4.010000e+002
    endloop
  endfacet
  facet normal  0.000000e+000  -0.000000e+000  1.000000e+000
    outer loop
      vertex -1.389398e+003 -1.096016e+002  4.010000e+002
      vertex -1.385863e+003 -1.131371e+002  4.010000e+002
      vertex -1.344000e+003  0.000000e+000  4.010000e+002
    endloop
  endfacet
  facet normal  0.000000e+000  0.000000e+000  1.000000e+000
    outer loop
      vertex -1.344000e+003  0.000000e+000  4.010000e+002
      vertex -1.385863e+003 -1.131371e+002  4.010000e+002
      vertex -1.339000e+003  0.000000e+000  4.010000e+002
    endloop
  endfacet
  facet normal  0.000000e+000  0.000000e+000  1.000000e+000
    outer loop
      vertex -1.344000e+003  0.000000e+000  4.010000e+002
      vertex -1.339000e+003  0.000000e+000  4.010000e+002
      vertex -1.389398e+003  1.096016e+002  4.010000e+002
    endloop
  endfacet
  facet normal  0.000000e+000  0.000000e+000  1.000000e+000
    outer loop
      vertex -1.389398e+003  1.096016e+002  4.010000e+002
      vertex -1.339000e+003  0.000000e+000  4.010000e+002
      vertex -1.385863e+003  1.131371e+002  4.010000e+002
    endloop
  endfacet
  facet normal  0.000000e+000  0.000000e+000  1.000000e+000
    outer loop
      vertex -1.389398e+003  1.096016e+002  4.010000e+002
      vertex -1.385863e+003  1.131371e+002  4.010000e+002
      vertex -1.499000e+003  1.550000e+002  4.010000e+002
    endloop
  endfacet
  facet normal  0.000000e+000  0.000000e+000  1.000000e+000
    outer loop
      vertex -1.499000e+003  1.550000e+002  4.010000e+002
      vertex -1.385863e+003  1.131371e+002  4.010000e+002
      vertex -1.499000e+003  1.600000e+002  4.010000e+002
    endloop
  endfacet
  facet normal  -0.000000e+000  0.000000e+000  1.000000e+000
    outer loop
      vertex -1.682000e+003  2.500000e+000  3.910000e+002
      vertex -1.718000e+003  2.500000e+000  3.910000e+002
      vertex -1.682000e+003 -2.500000e+000  3.910000e+002
    endloop
  endfacet
  facet normal  0.000000e+000  0.000000e+000  1.000000e+000
    outer loop
      vertex -1.682000e+003 -2.500000e+000  3.910000e+002
      vertex -1.718000e+003  2.500000e+000  3.910000e+002
      vertex -1.718000e+003 -2.500000e+000  3.910000e+002
    endloop
  endfacet
  facet normal  -0.000000e+000  0.000000e+000  1.000000e+000
    outer loop
      vertex -1.682000e+003 -4.250000e+001  3.910000e+002
      vertex -1.718000e+003 -4.250000e+001  3.910000e+002
      vertex -1.677000e+003 -4.750000e+001  3.910000e+002
    endloop
  endfacet
  facet normal  0.000000e+000  0.000000e+000  9.999999e-001
    outer loop
      vertex -1.677000e+003 -4.750000e+001  3.910000e+002
      vertex -1.718000e+003 -4.250000e+001  3.910000e+002
      vertex -1.723000e+003 -4.750000e+001  3.910000e+002
    endloop
  endfacet
  facet normal  0.000000e+000  0.000000e+000  9.999999e-001
    outer loop
      vertex -1.723000e+003  4.750000e+001  3.910000e+002
      vertex -1.723000e+003 -4.750000e+001  3.910000e+002
      vertex -1.718000e+003 -4.250000e+001  3.910000e+002
    endloop
  endfacet
  facet normal  0.000000e+000  -0.000000e+000  1.000000e+000
    outer loop
      vertex -1.723000e+003  4.750000e+001  3.910000e+002
      vertex -1.718000e+003 -4.250000e+001  3.910000e+002
      vertex -1.718000e+003 -2.500000e+000  3.910000e+002
    endloop
  endfacet
  facet normal  0.000000e+000  -0.000000e+000  1.000000e+000
    outer loop
      vertex -1.723000e+003  4.750000e+001  3.910000e+002
      vertex -1.718000e+003 -2.500000e+000  3.910000e+002
      vertex -1.718000e+003  2.500000e+000  3.910000e+002
    endloop
  endfacet
  facet normal  0.000000e+000  -0.000000e+000  1.000000e+000
    outer loop
      vertex -1.723000e+003  4.750000e+001  3.910000e+002
      vertex -1.718000e+003  2.500000e+000  3.910000e+002
      vertex -1.718000e+003  4.250000e+001  3.910000e+002
    endloop
  endfacet
  facet normal  0.000000e+000  -0.000000e+000  1.000000e+000
    outer loop
      vertex -1.723000e+003  4.750000e+001  3.910000e+002
      vertex -1.718000e+003  4.250000e+001  3.910000e+002
      vertex -1.682000e+003  4.250000e+001  3.910000e+002
    endloop
  endfacet
  facet normal  0.000000e+000  -0.000000e+000  9.999999e-001
    outer loop
      vertex -1.723000e+003  4.750000e+001  3.910000e+002
      vertex -1.682000e+003  4.250000e+001  3.910000e+002
      vertex -1.677000e+003  4.750000e+001  3.910000e+002
    endloop
  endfacet
  facet normal  -0.000000e+000  0.000000e+000  1.000000e+000
    outer loop
      vertex -1.677000e+003  4.750000e+001  3.910000e+002
      vertex -1.682000e+003  4.250000e+001  3.910000e+002
      vertex -1.682000e+003  2.500000e+000  3.910000e+002
    endloop
  endfacet
  facet normal  -0.000000e+000  0.000000e+000  1.000000e+000
    outer loop
      vertex -1.677000e+003  4.750000e+001  3.910000e+002
      vertex -1.682000e+003  2.500000e+000  3.910000e+002
      vertex -1.682000e+003 -2.500000e+000  3.910000e+002
    endloop
  endfacet
  facet normal  -0.000000e+000  0.000000e+000  1.000000e+000
    outer loop
      vertex -1.677000e+003  4.750000e+001  3.910000e+002
      vertex -1.682000e+003 -2.500000e+000  3.910000e+002
      vertex -1.682000e+003 -4.250000e+001  3.910000e+002
    endloop
  endfacet
  facet normal  -0.000000e+000  0.000000e+000  9.999999e-001
    outer loop
      vertex -1.677000e+003  4.750000e+001  3.910000e+002
      vertex -1.682000e+003 -4.250000e+001  3.910000e+002
      vertex -1.677000e+003 -4.750000e+001  3.910000e+002
    endloop
  endfacet
  facet normal  0.000000e+000 -1.000000e+000  0.000000e+000
    outer loop
      vertex -1.540117e+003  9.750000e+001 -3.071137e+002
      vertex -1.504117e+003  9.750000e+001 -3.071137e+002
      vertex -1.540117e+003  9.750000e+001 -3.051137e+002
    endloop
  endfacet
  facet normal  -0.000000e+000 -1.000000e+000  -0.000000e+000
    outer loop
      vertex -1.504117e+003  9.750000e+001 -3.071137e+002
      vertex -1.504117e+003  9.750000e+001 -3.051137e+002
      vertex -1.540117e+003  9.750000e+001 -3.051137e+002
    endloop
  endfacet
  facet normal -1.000000e+000  0.000000e+000  0.000000e+000
    outer loop
      vertex -1.540117e+003  9.750000e+001 -3.071137e+002
      vertex -1.540117e+003  9.750000e+001 -3.051137e+002
      vertex -1.540117e+003  1.375000e+002 -3.071137e+002
    endloop
  endfacet
  facet normal -1.000000e+000  0.000000e+000  0.000000e+000
    outer loop
      vertex -1.540117e+003  1.375000e+002 -3.071137e+002
      vertex -1.540117e+003  9.750000e+001 -3.051137e+002
      vertex -1.540117e+003  1.375000e+002 -3.051137e+002
    endloop
  endfacet
  facet normal  0.000000e+000  1.000000e+000  0.000000e+000
    outer loop
      vertex -1.504117e+003  1.375000e+002 -3.071137e+002
      vertex -1.540117e+003  1.375000e+002 -3.071137e+002
      vertex -1.504117e+003  1.375000e+002 -3.051137e+002
    endloop
  endfacet
  facet normal  -0.000000e+000  1.000000e+000  0.000000e+000
    outer loop
      vertex -1.540117e+003  1.375000e+002 -3.071137e+002
      vertex -1.540117e+003  1.375000e+002 -3.051137e+002
      vertex -1.504117e+003  1.375000e+002 -3.051137e+002
    endloop
  endfacet
  facet normal  1.000000e+000  0.000000e+000  0.000000e+000
    outer loop
      vertex -1.504117e+003  1.375000e+002 -3.071137e+002
      vertex -1.504117e+003  1.375000e+002 -3.051137e+002
      vertex -1.504117e+003  9.750000e+001 -3.071137e+002
    endloop
  endfacet
  facet normal  1.000000e+000  0.000000e+000  0.000000e+000
    outer loop
      vertex -1.504117e+003  9.750000e+001 -3.071137e+002
      vertex -1.504117e+003  1.375000e+002 -3.051137e+002
      vertex -1.504117e+003  9.750000e+001 -3.051137e+002
    endloop
  endfacet
  facet normal  0.000000e+000 -1.000000e+000  0.000000e+000
    outer loop
      vertex -1.540117e+003  5.250000e+001 -3.071137e+002
      vertex -1.504117e+003  5.250000e+001 -3.071137e+002
      vertex -1.540117e+003  5.250000e+001 -3.051137e+002
    endloop
  endfacet
  facet normal  -0.000000e+000 -1.000000e+000  -0.000000e+000
    outer loop
      vertex -1.504117e+003  5.250000e+001 -3.071137e+002
      vertex -1.504117e+003  5.250000e+001 -3.051137e+002
      vertex -1.540117e+003  5.250000e+001 -3.051137e+002
    endloop
  endfacet
  facet normal -1.000000e+000  0.000000e+000  0.000000e+000
    outer loop
      vertex -1.540117e+003  5.250000e+001 -3.071137e+002
      vertex -1.540117e+003  5.250000e+001 -3.051137e+002
      vertex -1.540117e+003  9.250000e+001 -3.071137e+002
    endloop
  endfacet
  facet normal -1.000000e+000  0.000000e+000  0.000000e+000
    outer loop
      vertex -1.540117e+003  9.250000e+001 -3.071137e+002
      vertex -1.540117e+003  5.250000e+001 -3.051137e+002
      vertex -1.540117e+003  9.250000e+001 -3.051137e+002
    endloop
  endfacet
  facet normal  0.000000e+000  1.000000e+000  0.000000e+000
    outer loop
      vertex -1.504117e+003  9.250000e+001 -3.071137e+002
      vertex -1.540117e+003  9.250000e+001 -3.071137e+002
      vertex -1.504117e+003  9.250000e+001 -3.051137e+002
    endloop
  endfacet
  facet normal  -0.000000e+000  1.000000e+000  0.000000e+000
    outer loop
      vertex -1.540117e+003  9.250000e+001 -3.071137e+002
      vertex -1.540117e+003  9.250000e+001 -3.051137e+002
      vertex -1.504117e+003  9.250000e+001 -3.051137e+002
    endloop
  endfacet
  facet normal  1.000000e+000  0.000000e+000  0.000000e+000
    outer loop
      vertex -1.504117e+003  9.250000e+001 -3.071137e+002
      vertex -1.504117e+003  9.250000e+001 -3.051137e+002
      vertex -1.504117e+003  5.250000e+001 -3.071137e+002
    endloop
  endfacet
  facet normal  1.000000e+000  0.000000e+000  0.000000e+000
    outer loop
      vertex -1.504117e+003  5.250000e+001 -3.071137e+002
      vertex -1.504117e+003  9.250000e+001 -3.051137e+002
      vertex -1.504117e+003  5.250000e+001 -3.051137e+002
    endloop
  endfacet
  facet normal  9.942490e-001 -1.070939e-001  0.000000e+000
    outer loop
      vertex  8.651638e+002 -7.191383e+000 -6.700000e+002
      vertex  8.651638e+002 -7.191383e+000 -7.180000e+002
      vertex  8.663932e+002  4.223093e+000 -6.700000e+002
    endloop
  endfacet
  facet normal  9.942490e-001 -1.070939e-001  0.000000e+000
    outer loop
      vertex  8.663932e+002  4.223093e+000 -6.700000e+002
      vertex  8.651638e+002 -7.191383e+000 -7.180000e+002
      vertex  8.663932e+002  4.223093e+000 -7.180000e+002
    endloop
  endfacet
  facet normal  7.787685e-001  6.273114e-001  -0.000000e+000
    outer loop
      vertex  8.663932e+002  4.223093e+000 -6.700000e+002
      vertex  8.663932e+002  4.223093e+000 -7.180000e+002
      vertex  8.591914e+002  1.316374e+001 -6.700000e+002
    endloop
  endfacet
  facet normal  7.787685e-001  6.273114e-001  0.000000e+000
    outer loop
      vertex  8.591914e+002  1.316374e+001 -6.700000e+002
      vertex  8.663932e+002  4.223093e+000 -7.180000e+002
      vertex  8.591914e+002  1.316374e+001 -7.180000e+002
    endloop
  endfacet
  facet normal  1.070950e-001  9.942487e-001  -0.000000e+000
    outer loop
      vertex  8.591914e+002  1.316374e+001 -6.700000e+002
      vertex  8.591914e+002  1.316374e+001 -7.180000e+002
      vertex  8.477769e+002  1.439324e+001 -6.700000e+002
    endloop
  endfacet
  facet normal  1.070950e-001  9.942487e-001  0.000000e+000
    outer loop
      vertex  8.477769e+002  1.439324e+001 -6.700000e+002
      vertex  8.591914e+002  1.316374e+001 -7.180000e+002
      vertex  8.477769e+002  1.439324e+001 -7.180000e+002
    endloop
  endfacet
  facet normal -6.273111e-001  7.787687e-001  0.000000e+000
    outer loop
      vertex  8.477769e+002  1.439324e+001 -6.700000e+002
      vertex  8.477769e+002  1.439324e+001 -7.180000e+002
      vertex  8.388362e+002  7.191383e+000 -6.700000e+002
    endloop
  endfacet
  facet normal -6.273111e-001  7.787687e-001  0.000000e+000
    outer loop
      vertex  8.388362e+002  7.191383e+000 -6.700000e+002
      vertex  8.477769e+002  1.439324e+001 -7.180000e+002
      vertex  8.388362e+002  7.191383e+000 -7.180000e+002
    endloop
  endfacet
  facet normal -9.942490e-001  1.070939e-001  0.000000e+000
    outer loop
      vertex  8.388362e+002  7.191383e+000 -6.700000e+002
      vertex  8.388362e+002  7.191383e+000 -7.180000e+002
      vertex  8.376068e+002 -4.223093e+000 -6.700000e+002
    endloop
  endfacet
  facet normal -9.942490e-001  1.070939e-001  0.000000e+000
    outer loop
      vertex  8.376068e+002 -4.223093e+000 -6.700000e+002
      vertex  8.388362e+002  7.191383e+000 -7.180000e+002
      vertex  8.376068e+002 -4.223093e+000 -7.180000e+002
    endloop
  endfacet
  facet normal -7.787685e-001 -6.273114e-001  0.000000e+000
    outer loop
      vertex  8.376068e+002 -4.223093e+000 -6.700000e+002
      vertex  8.376068e+002 -4.223093e+000 -7.180000e+002
      vertex  8.448086e+002 -1.316374e+001 -6.700000e+002
    endloop
  endfacet
  facet normal -7.787685e-001 -6.273114e-001  0.000000e+000
    outer loop
      vertex  8.448086e+002 -1.316374e+001 -6.700000e+002
      vertex  8.376068e+002 -4.223093e+000 -7.180000e+002
      vertex  8.448086e+002 -1.316374e+001 -7.180000e+002
    endloop
  endfacet
  facet normal -1.070950e-001 -9.942487e-001  0.000000e+000
    outer loop
      vertex  8.448086e+002 -1.316374e+001 -6.700000e+002
      vertex  8.448086e+002 -1.316374e+001 -7.180000e+002
      vertex  8.562231e+002 -1.439324e+001 -6.700000e+002
    endloop
  endfacet
  facet normal -1.070950e-001 -9.942487e-001  0.000000e+000
    outer loop
      vertex  8.562231e+002 -1.439324e+001 -6.700000e+002
      vertex  8.448086e+002 -1.316374e+001 -7.180000e+002
      vertex  8.562231e+002 -1.439324e+001 -7.180000e+002
    endloop
  endfacet
  facet normal  6.273111e-001 -7.787687e-001  0.000000e+000
    outer loop
      vertex  8.562231e+002 -1.439324e+001 -6.700000e+002
      vertex  8.562231e+002 -1.439324e+001 -7.180000e+002
      vertex  8.651638e+002 -7.191383e+000 -6.700000e+002
    endloop
  endfacet
  facet normal  6.273111e-001 -7.787687e-001  0.000000e+000
    outer loop
      vertex  8.651638e+002 -7.191383e+000 -6.700000e+002
      vertex  8.562231e+002 -1.439324e+001 -7.180000e+002
      vertex  8.651638e+002 -7.191383e+000 -7.180000e+002
    endloop
  endfacet
  facet normal  8.286481e-001 -4.768675e-001 -2.931546e-001
    outer loop
      vertex -1.237952e+001 -3.699718e+001 -2.750288e+002
      vertex -1.345963e+001 -3.808377e+001 -2.763144e+002
      vertex -1.042942e+001 -2.784679e+001 -2.844013e+002
    endloop
  endfacet
  facet normal  8.286502e-001 -4.768658e-001 -2.931516e-001
    outer loop
      vertex -1.042942e+001 -2.784679e+001 -2.844013e+002
      vertex -1.345963e+001 -3.808377e+001 -2.763144e+002
      vertex -1.150953e+001 -2.893338e+001 -2.856869e+002
    endloop
  endfacet
  facet normal  6.900710e-001  1.513908e-001 -7.077308e-001
    outer loop
      vertex -1.042942e+001 -2.784679e+001 -2.844013e+002
      vertex -1.150953e+001 -2.893338e+001 -2.856869e+002
      vertex -1.681011e+001 -1.691103e+001 -2.882835e+002
    endloop
  endfacet
  facet normal  6.900710e-001  1.513908e-001 -7.077308e-001
    outer loop
      vertex -1.681011e+001 -1.691103e+001 -2.882835e+002
      vertex -1.150953e+001 -2.893338e+001 -2.856869e+002
      vertex -1.789021e+001 -1.799762e+001 -2.895691e+002
    endloop
  endfacet
  facet normal  1.472575e-001  6.909647e-001 -7.077309e-001
    outer loop
      vertex -1.681011e+001 -1.691103e+001 -2.882835e+002
      vertex -1.789021e+001 -1.799762e+001 -2.895691e+002
      vertex -2.778387e+001 -1.059592e+001 -2.844013e+002
    endloop
  endfacet
  facet normal  1.472575e-001  6.909648e-001 -7.077308e-001
    outer loop
      vertex -2.778387e+001 -1.059592e+001 -2.844013e+002
      vertex -1.789021e+001 -1.799762e+001 -2.895691e+002
      vertex -2.886397e+001 -1.168250e+001 -2.856869e+002
    endloop
  endfacet
  facet normal -4.818169e-001  8.257809e-001 -2.931523e-001
    outer loop
      vertex -2.778387e+001 -1.059592e+001 -2.844013e+002
      vertex -2.886397e+001 -1.168250e+001 -2.856869e+002
      vertex -3.692242e+001 -1.260075e+001 -2.750288e+002
    endloop
  endfacet
  facet normal -4.818201e-001  8.257782e-001 -2.931549e-001
    outer loop
      vertex -3.692242e+001 -1.260075e+001 -2.750288e+002
      vertex -2.886397e+001 -1.168250e+001 -2.856869e+002
      vertex -3.800252e+001 -1.368734e+001 -2.763144e+002
    endloop
  endfacet
  facet normal -8.286482e-001  4.768677e-001  2.931541e-001
    outer loop
      vertex -3.692242e+001 -1.260075e+001 -2.750288e+002
      vertex -3.800252e+001 -1.368734e+001 -2.763144e+002
      vertex -3.887252e+001 -2.175114e+001 -2.656564e+002
    endloop
  endfacet
  facet normal -8.286473e-001  4.768688e-001  2.931549e-001
    outer loop
      vertex -3.887252e+001 -2.175114e+001 -2.656564e+002
      vertex -3.800252e+001 -1.368734e+001 -2.763144e+002
      vertex -3.995262e+001 -2.283773e+001 -2.669419e+002
    endloop
  endfacet
  facet normal -6.900647e-001 -1.513845e-001  7.077382e-001
    outer loop
      vertex -3.887252e+001 -2.175114e+001 -2.656564e+002
      vertex -3.995262e+001 -2.283773e+001 -2.669419e+002
      vertex -3.249183e+001 -3.268690e+001 -2.617742e+002
    endloop
  endfacet
  facet normal -6.900647e-001 -1.513845e-001  7.077383e-001
    outer loop
      vertex -3.249183e+001 -3.268690e+001 -2.617742e+002
      vertex -3.995262e+001 -2.283773e+001 -2.669419e+002
      vertex -3.357193e+001 -3.377349e+001 -2.630597e+002
    endloop
  endfacet
  facet normal -1.472513e-001 -6.909584e-001  7.077383e-001
    outer loop
      vertex -3.249183e+001 -3.268690e+001 -2.617742e+002
      vertex -3.357193e+001 -3.377349e+001 -2.630597e+002
      vertex -2.151807e+001 -3.900201e+001 -2.656564e+002
    endloop
  endfacet
  facet normal -1.472513e-001 -6.909586e-001  7.077382e-001
    outer loop
      vertex -2.151807e+001 -3.900201e+001 -2.656564e+002
      vertex -3.357193e+001 -3.377349e+001 -2.630597e+002
      vertex -2.259818e+001 -4.008860e+001 -2.669419e+002
    endloop
  endfacet
  facet normal  4.818203e-001 -8.257780e-001  2.931552e-001
    outer loop
      vertex -2.151807e+001 -3.900201e+001 -2.656564e+002
      vertex -2.259818e+001 -4.008860e+001 -2.669419e+002
      vertex -1.237952e+001 -3.699718e+001 -2.750288e+002
    endloop
  endfacet
  facet normal  4.818202e-001 -8.257781e-001  2.931551e-001
    outer loop
      vertex -1.237952e+001 -3.699718e+001 -2.750288e+002
      vertex -2.259818e+001 -4.008860e+001 -2.669419e+002
      vertex -1.345963e+001 -3.808377e+001 -2.763144e+002
    endloop
  endfacet
  facet normal -4.768674e-001 -8.286484e-001 -2.931536e-001
    outer loop
      vertex -3.712211e+001  1.250371e+001 -2.751766e+002
      vertex -3.808377e+001  1.345963e+001 -2.763144e+002
      vertex -2.797172e+001  1.055361e+001 -2.845491e+002
    endloop
  endfacet
  facet normal -4.768674e-001 -8.286486e-001 -2.931536e-001
    outer loop
      vertex -2.797172e+001  1.055361e+001 -2.845491e+002
      vertex -3.808377e+001  1.345963e+001 -2.763144e+002
      vertex -2.893338e+001  1.150953e+001 -2.856869e+002
    endloop
  endfacet
  facet normal  1.513868e-001 -6.900670e-001 -7.077356e-001
    outer loop
      vertex -2.797172e+001  1.055361e+001 -2.845491e+002
      vertex -2.893338e+001  1.150953e+001 -2.856869e+002
      vertex -1.703596e+001  1.693429e+001 -2.884313e+002
    endloop
  endfacet
  facet normal  1.513867e-001 -6.900671e-001 -7.077355e-001
    outer loop
      vertex -1.703596e+001  1.693429e+001 -2.884313e+002
      vertex -2.893338e+001  1.150953e+001 -2.856869e+002
      vertex -1.799762e+001  1.789021e+001 -2.895691e+002
    endloop
  endfacet
  facet normal  6.909606e-001 -1.472535e-001 -7.077356e-001
    outer loop
      vertex -1.703596e+001  1.693429e+001 -2.884313e+002
      vertex -1.799762e+001  1.789021e+001 -2.895691e+002
      vertex -1.072085e+001  2.790805e+001 -2.845491e+002
    endloop
  endfacet
  facet normal  6.909606e-001 -1.472535e-001 -7.077356e-001
    outer loop
      vertex -1.072085e+001  2.790805e+001 -2.845491e+002
      vertex -1.799762e+001  1.789021e+001 -2.895691e+002
      vertex -1.168250e+001  2.886397e+001 -2.856869e+002
    endloop
  endfacet
  facet normal  8.257792e-001  4.818190e-001 -2.931537e-001
    outer loop
      vertex -1.072085e+001  2.790805e+001 -2.845491e+002
      vertex -1.168250e+001  2.886397e+001 -2.856869e+002
      vertex -1.272568e+001  3.704660e+001 -2.751766e+002
    endloop
  endfacet
  facet normal  8.257791e-001  4.818191e-001 -2.931538e-001
    outer loop
      vertex -1.272568e+001  3.704660e+001 -2.751766e+002
      vertex -1.168250e+001  2.886397e+001 -2.856869e+002
      vertex -1.368734e+001  3.800252e+001 -2.763144e+002
    endloop
  endfacet
  facet normal  4.768671e-001  8.286488e-001  2.931533e-001
    outer loop
      vertex -1.272568e+001  3.704660e+001 -2.751766e+002
      vertex -1.368734e+001  3.800252e+001 -2.763144e+002
      vertex -2.187607e+001  3.899670e+001 -2.658042e+002
    endloop
  endfacet
  facet normal  4.768681e-001  8.286479e-001  2.931541e-001
    outer loop
      vertex -2.187607e+001  3.899670e+001 -2.658042e+002
      vertex -1.368734e+001  3.800252e+001 -2.763144e+002
      vertex -2.283773e+001  3.995262e+001 -2.669419e+002
    endloop
  endfacet
  facet normal -1.513863e-001  6.900665e-001  7.077361e-001
    outer loop
      vertex -2.187607e+001  3.899670e+001 -2.658042e+002
      vertex -2.283773e+001  3.995262e+001 -2.669419e+002
      vertex -3.281183e+001  3.261601e+001 -2.619220e+002
    endloop
  endfacet
  facet normal -1.513864e-001  6.900665e-001  7.077360e-001
    outer loop
      vertex -3.281183e+001  3.261601e+001 -2.619220e+002
      vertex -2.283773e+001  3.995262e+001 -2.669419e+002
      vertex -3.377349e+001  3.357193e+001 -2.630597e+002
    endloop
  endfacet
  facet normal -6.909606e-001  1.472535e-001  7.077357e-001
    outer loop
      vertex -3.281183e+001  3.261601e+001 -2.619220e+002
      vertex -3.377349e+001  3.357193e+001 -2.630597e+002
      vertex -3.912695e+001  2.164226e+001 -2.658042e+002
    endloop
  endfacet
  facet normal -6.909608e-001  1.472535e-001  7.077355e-001
    outer loop
      vertex -3.912695e+001  2.164226e+001 -2.658042e+002
      vertex -3.377349e+001  3.357193e+001 -2.630597e+002
      vertex -4.008860e+001  2.259818e+001 -2.669419e+002
    endloop
  endfacet
  facet normal -8.257792e-001 -4.818190e-001  2.931537e-001
    outer loop
      vertex -3.912695e+001  2.164226e+001 -2.658042e+002
      vertex -4.008860e+001  2.259818e+001 -2.669419e+002
      vertex -3.712211e+001  1.250371e+001 -2.751766e+002
    endloop
  endfacet
  facet normal -8.257793e-001 -4.818190e-001  2.931536e-001
    outer loop
      vertex -3.712211e+001  1.250371e+001 -2.751766e+002
      vertex -4.008860e+001  2.259818e+001 -2.669419e+002
      vertex -3.808377e+001  1.345963e+001 -2.763144e+002
    endloop
  endfacet
  facet normal  0.000000e+000  -0.000000e+000 -1.000000e+000
    outer loop
      vertex -2.938886e+001  1.243018e-001 -2.921137e+002
      vertex -7.196699e-001  2.896561e+001 -2.921137e+002
      vertex -1.243018e-001 -2.896561e+001 -2.921137e+002
    endloop
  endfacet
  facet normal  0.000000e+000  0.000000e+000 -1.000000e+000
    outer loop
      vertex -1.243018e-001 -2.896561e+001 -2.921137e+002
      vertex -7.196699e-001  2.896561e+001 -2.921137e+002
      vertex  2.854489e+001 -1.243018e-001 -2.921137e+002
    endloop
  endfacet
  facet normal -8.628562e-001 -3.574066e-001 -3.574069e-001
    outer loop
      vertex  9.310000e+002 -2.400000e+002 -2.291137e+002
      vertex  9.090330e+002 -1.869670e+002 -2.291137e+002
      vertex  9.397868e+002 -2.400000e+002 -2.503269e+002
    endloop
  endfacet
  facet normal -8.628563e-001 -3.574068e-001 -3.574065e-001
    outer loop
      vertex  9.397868e+002 -2.400000e+002 -2.503269e+002
      vertex  9.090330e+002 -1.869670e+002 -2.291137e+002
      vertex  9.152462e+002 -1.807538e+002 -2.503269e+002
    endloop
  endfacet
  facet normal -3.779643e-001 -1.565580e-001 -9.124870e-001
    outer loop
      vertex  9.397868e+002 -2.400000e+002 -2.503269e+002
      vertex  9.152462e+002 -1.807538e+002 -2.503269e+002
      vertex  9.610000e+002 -2.400000e+002 -2.591137e+002
    endloop
  endfacet
  facet normal -3.779642e-001 -1.565579e-001 -9.124870e-001
    outer loop
      vertex  9.610000e+002 -2.400000e+002 -2.591137e+002
      vertex  9.152462e+002 -1.807538e+002 -2.503269e+002
      vertex  9.302462e+002 -1.657538e+002 -2.591137e+002
    endloop
  endfacet
  facet normal  8.628564e-001 -3.574066e-001 -3.574064e-001
    outer loop
      vertex  8.029670e+002 -1.869670e+002 -2.291137e+002
      vertex  7.810000e+002 -2.400000e+002 -2.291137e+002
      vertex  7.967538e+002 -1.807538e+002 -2.503269e+002
    endloop
  endfacet
  facet normal  8.628562e-001 -3.574068e-001 -3.574069e-001
    outer loop
      vertex  7.967538e+002 -1.807538e+002 -2.503269e+002
      vertex  7.810000e+002 -2.400000e+002 -2.291137e+002
      vertex  7.722132e+002 -2.400000e+002 -2.503269e+002
    endloop
  endfacet
  facet normal  3.779642e-001 -1.565579e-001 -9.124870e-001
    outer loop
      vertex  7.967538e+002 -1.807538e+002 -2.503269e+002
      vertex  7.722132e+002 -2.400000e+002 -2.503269e+002
      vertex  7.817538e+002 -1.657538e+002 -2.591137e+002
    endloop
  endfacet
  facet normal  3.779643e-001 -1.565579e-001 -9.124870e-001
    outer loop
      vertex  7.817538e+002 -1.657538e+002 -2.591137e+002
      vertex  7.722132e+002 -2.400000e+002 -2.503269e+002
      vertex  7.510000e+002 -2.400000e+002 -2.591137e+002
    endloop
  endfacet
  facet normal  3.574068e-001 -8.628564e-001 -3.574064e-001
    outer loop
      vertex  8.560000e+002 -1.650000e+002 -2.291137e+002
      vertex  8.029670e+002 -1.869670e+002 -2.291137e+002
      vertex  8.560000e+002 -1.562132e+002 -2.503269e+002
    endloop
  endfacet
  facet normal  3.574066e-001 -8.628563e-001 -3.574068e-001
    outer loop
      vertex  8.560000e+002 -1.562132e+002 -2.503269e+002
      vertex  8.029670e+002 -1.869670e+002 -2.291137e+002
      vertex  7.967538e+002 -1.807538e+002 -2.503269e+002
    endloop
  endfacet
  facet normal  1.565578e-001 -3.779641e-001 -9.124872e-001
    outer loop
      vertex  8.560000e+002 -1.562132e+002 -2.503269e+002
      vertex  7.967538e+002 -1.807538e+002 -2.503269e+002
      vertex  8.560000e+002 -1.350000e+002 -2.591137e+002
    endloop
  endfacet
  facet normal  1.565579e-001 -3.779642e-001 -9.124870e-001
    outer loop
      vertex  8.560000e+002 -1.350000e+002 -2.591137e+002
      vertex  7.967538e+002 -1.807538e+002 -2.503269e+002
      vertex  7.817538e+002 -1.657538e+002 -2.591137e+002
    endloop
  endfacet
  facet normal -3.574068e-001 -8.628562e-001 -3.574068e-001
    outer loop
      vertex  9.090330e+002 -1.869670e+002 -2.291137e+002
      vertex  8.560000e+002 -1.650000e+002 -2.291137e+002
      vertex  9.152462e+002 -1.807538e+002 -2.503269e+002
    endloop
  endfacet
  facet normal -3.574066e-001 -8.628564e-001 -3.574064e-001
    outer loop
      vertex  9.152462e+002 -1.807538e+002 -2.503269e+002
      vertex  8.560000e+002 -1.650000e+002 -2.291137e+002
      vertex  8.560000e+002 -1.562132e+002 -2.503269e+002
    endloop
  endfacet
  facet normal -1.565578e-001 -3.779643e-001 -9.124870e-001
    outer loop
      vertex  9.152462e+002 -1.807538e+002 -2.503269e+002
      vertex  8.560000e+002 -1.562132e+002 -2.503269e+002
      vertex  9.302462e+002 -1.657538e+002 -2.591137e+002
    endloop
  endfacet
  facet normal -1.565578e-001 -3.779641e-001 -9.124871e-001
    outer loop
      vertex  9.302462e+002 -1.657538e+002 -2.591137e+002
      vertex  8.560000e+002 -1.562132e+002 -2.503269e+002
      vertex  8.560000e+002 -1.350000e+002 -2.591137e+002
    endloop
  endfacet
  facet normal  8.628562e-001  3.574065e-001 -3.574069e-001
    outer loop
      vertex  7.810000e+002 -2.400000e+002 -2.291137e+002
      vertex  8.029670e+002 -2.930330e+002 -2.291137e+002
      vertex  7.722132e+002 -2.400000e+002 -2.503269e+002
    endloop
  endfacet
  facet normal  8.628563e-001  3.574069e-001 -3.574063e-001
    outer loop
      vertex  7.722132e+002 -2.400000e+002 -2.503269e+002
      vertex  8.029670e+002 -2.930330e+002 -2.291137e+002
      vertex  7.967538e+002 -2.992462e+002 -2.503269e+002
    endloop
  endfacet
  facet normal  3.779643e-001  1.565580e-001 -9.124870e-001
    outer loop
      vertex  7.722132e+002 -2.400000e+002 -2.503269e+002
      vertex  7.967538e+002 -2.992462e+002 -2.503269e+002
      vertex  7.510000e+002 -2.400000e+002 -2.591137e+002
    endloop
  endfacet
  facet normal  3.779642e-001  1.565579e-001 -9.124870e-001
    outer loop
      vertex  7.510000e+002 -2.400000e+002 -2.591137e+002
      vertex  7.967538e+002 -2.992462e+002 -2.503269e+002
      vertex  7.817538e+002 -3.142462e+002 -2.591137e+002
    endloop
  endfacet
  facet normal -8.628564e-001  3.574066e-001 -3.574062e-001
    outer loop
      vertex  9.090330e+002 -2.930330e+002 -2.291137e+002
      vertex  9.310000e+002 -2.400000e+002 -2.291137e+002
      vertex  9.152462e+002 -2.992462e+002 -2.503269e+002
    endloop
  endfacet
  facet normal -8.628562e-001  3.574068e-001 -3.574069e-001
    outer loop
      vertex  9.152462e+002 -2.992462e+002 -2.503269e+002
      vertex  9.310000e+002 -2.400000e+002 -2.291137e+002
      vertex  9.397868e+002 -2.400000e+002 -2.503269e+002
    endloop
  endfacet
  facet normal -3.779642e-001  1.565579e-001 -9.124870e-001
    outer loop
      vertex  9.152462e+002 -2.992462e+002 -2.503269e+002
      vertex  9.397868e+002 -2.400000e+002 -2.503269e+002
      vertex  9.302462e+002 -3.142462e+002 -2.591137e+002
    endloop
  endfacet
  facet normal -3.779643e-001  1.565579e-001 -9.124870e-001
    outer loop
      vertex  9.302462e+002 -3.142462e+002 -2.591137e+002
      vertex  9.397868e+002 -2.400000e+002 -2.503269e+002
      vertex  9.610000e+002 -2.400000e+002 -2.591137e+002
    endloop
  endfacet
  facet normal -3.574065e-001  8.628562e-001 -3.574069e-001
    outer loop
      vertex  8.560000e+002 -3.150000e+002 -2.291137e+002
      vertex  9.090330e+002 -2.930330e+002 -2.291137e+002
      vertex  8.560000e+002 -3.237868e+002 -2.503269e+002
    endloop
  endfacet
  facet normal -3.574069e-001  8.628563e-001 -3.574063e-001
    outer loop
      vertex  8.560000e+002 -3.237868e+002 -2.503269e+002
      vertex  9.090330e+002 -2.930330e+002 -2.291137e+002
      vertex  9.152462e+002 -2.992462e+002 -2.503269e+002
    endloop
  endfacet
  facet normal -1.565580e-001  3.779643e-001 -9.124870e-001
    outer loop
      vertex  8.560000e+002 -3.237868e+002 -2.503269e+002
      vertex  9.152462e+002 -2.992462e+002 -2.503269e+002
      vertex  8.560000e+002 -3.450000e+002 -2.591137e+002
    endloop
  endfacet
  facet normal -1.565579e-001  3.779642e-001 -9.124870e-001
    outer loop
      vertex  8.560000e+002 -3.450000e+002 -2.591137e+002
      vertex  9.152462e+002 -2.992462e+002 -2.503269e+002
      vertex  9.302462e+002 -3.142462e+002 -2.591137e+002
    endloop
  endfacet
  facet normal  3.574066e-001  8.628564e-001 -3.574062e-001
    outer loop
      vertex  8.029670e+002 -2.930330e+002 -2.291137e+002
      vertex  8.560000e+002 -3.150000e+002 -2.291137e+002
      vertex  7.967538e+002 -2.992462e+002 -2.503269e+002
    endloop
  endfacet
  facet normal  3.574068e-001  8.628562e-001 -3.574069e-001
    outer loop
      vertex  7.967538e+002 -2.992462e+002 -2.503269e+002
      vertex  8.560000e+002 -3.150000e+002 -2.291137e+002
      vertex  8.560000e+002 -3.237868e+002 -2.503269e+002
    endloop
  endfacet
  facet normal  1.565579e-001  3.779642e-001 -9.124870e-001
    outer loop
      vertex  7.967538e+002 -2.992462e+002 -2.503269e+002
      vertex  8.560000e+002 -3.237868e+002 -2.503269e+002
      vertex  7.817538e+002 -3.142462e+002 -2.591137e+002
    endloop
  endfacet
  facet normal  1.565579e-001  3.779643e-001 -9.124870e-001
    outer loop
      vertex  7.817538e+002 -3.142462e+002 -2.591137e+002
      vertex  8.560000e+002 -3.237868e+002 -2.503269e+002
      vertex  8.560000e+002 -3.450000e+002 -2.591137e+002
    endloop
  endfacet
  facet normal  9.238791e-001  3.826845e-001  -0.000000e+000
    outer loop
      vertex  1.250000e+001 -8.240000e+002 -3.631137e+002
      vertex  1.250000e+001 -8.240000e+002 -4.081028e+002
      vertex  8.838835e+000 -8.151612e+002 -3.631137e+002
    endloop
  endfacet
  facet normal  9.238791e-001  3.826845e-001  0.000000e+000
    outer loop
      vertex  8.838835e+000 -8.151612e+002 -3.631137e+002
      vertex  1.250000e+001 -8.240000e+002 -4.081028e+002
      vertex  8.838835e+000 -8.151612e+002 -4.081028e+002
    endloop
  endfacet
  facet normal  3.826860e-001  9.238786e-001  -0.000000e+000
    outer loop
      vertex  8.838835e+000 -8.151612e+002 -3.631137e+002
      vertex  8.838835e+000 -8.151612e+002 -4.081028e+002
      vertex  5.376078e-015 -8.115000e+002 -3.631137e+002
    endloop
  endfacet
  facet normal  3.826860e-001  9.238786e-001  0.000000e+000
    outer loop
      vertex  5.376078e-015 -8.115000e+002 -3.631137e+002
      vertex  8.838835e+000 -8.151612e+002 -4.081028e+002
      vertex -1.339844e-014 -8.115000e+002 -4.081028e+002
    endloop
  endfacet
  facet normal -3.826860e-001  9.238786e-001  1.596998e-016
    outer loop
      vertex  5.376078e-015 -8.115000e+002 -3.631137e+002
      vertex -1.339844e-014 -8.115000e+002 -4.081028e+002
      vertex -8.838835e+000 -8.151612e+002 -3.631137e+002
    endloop
  endfacet
  facet normal -3.826860e-001  9.238786e-001  0.000000e+000
    outer loop
      vertex -8.838835e+000 -8.151612e+002 -3.631137e+002
      vertex -1.339844e-014 -8.115000e+002 -4.081028e+002
      vertex -8.838835e+000 -8.151612e+002 -4.081028e+002
    endloop
  endfacet
  facet normal -9.238791e-001  3.826845e-001  0.000000e+000
    outer loop
      vertex -8.838835e+000 -8.151612e+002 -3.631137e+002
      vertex -8.838835e+000 -8.151612e+002 -4.081028e+002
      vertex -1.250000e+001 -8.240000e+002 -3.631137e+002
    endloop
  endfacet
  facet normal -9.238791e-001  3.826845e-001  0.000000e+000
    outer loop
      vertex -1.250000e+001 -8.240000e+002 -3.631137e+002
      vertex -8.838835e+000 -8.151612e+002 -4.081028e+002
      vertex -1.250000e+001 -8.240000e+002 -4.081028e+002
    endloop
  endfacet
  facet normal -9.238791e-001 -3.826845e-001  0.000000e+000
    outer loop
      vertex -1.250000e+001 -8.240000e+002 -3.631137e+002
      vertex -1.250000e+001 -8.240000e+002 -4.081028e+002
      vertex -8.838835e+000 -8.328388e+002 -3.631137e+002
    endloop
  endfacet
  facet normal -9.238791e-001 -3.826845e-001  0.000000e+000
    outer loop
      vertex -8.838835e+000 -8.328388e+002 -3.631137e+002
      vertex -1.250000e+001 -8.240000e+002 -4.081028e+002
      vertex -8.838835e+000 -8.328388e+002 -4.081028e+002
    endloop
  endfacet
  facet normal -3.826860e-001 -9.238786e-001  0.000000e+000
    outer loop
      vertex -8.838835e+000 -8.328388e+002 -3.631137e+002
      vertex -8.838835e+000 -8.328388e+002 -4.081028e+002
      vertex  4.195344e-015 -8.365000e+002 -3.631137e+002
    endloop
  endfacet
  facet normal -3.826860e-001 -9.238786e-001  0.000000e+000
    outer loop
      vertex  4.195344e-015 -8.365000e+002 -3.631137e+002
      vertex -8.838835e+000 -8.328388e+002 -4.081028e+002
      vertex  3.540962e-015 -8.365000e+002 -4.081028e+002
    endloop
  endfacet
  facet normal  3.826860e-001 -9.238786e-001 -5.566302e-018
    outer loop
      vertex  4.195344e-015 -8.365000e+002 -3.631137e+002
      vertex  3.540962e-015 -8.365000e+002 -4.081028e+002
      vertex  8.838835e+000 -8.328388e+002 -3.631137e+002
    endloop
  endfacet
  facet normal  3.826860e-001 -9.238786e-001  0.000000e+000
    outer loop
      vertex  8.838835e+000 -8.328388e+002 -3.631137e+002
      vertex  3.540962e-015 -8.365000e+002 -4.081028e+002
      vertex  8.838835e+000 -8.328388e+002 -4.081028e+002
    endloop
  endfacet
  facet normal  9.238791e-001 -3.826845e-001  0.000000e+000
    outer loop
      vertex  8.838835e+000 -8.328388e+002 -3.631137e+002
      vertex  8.838835e+000 -8.328388e+002 -4.081028e+002
      vertex  1.250000e+001 -8.240000e+002 -3.631137e+002
    endloop
  endfacet
  facet normal  9.238791e-001 -3.826845e-001  0.000000e+000
    outer loop
      vertex  1.250000e+001 -8.240000e+002 -3.631137e+002
      vertex  8.838835e+000 -8.328388e+002 -4.081028e+002
      vertex  1.250000e+001 -8.240000e+002 -4.081028e+002
    endloop
  endfacet
  facet normal -7.071068e-001 -7.071068e-001  0.000000e+000
    outer loop
      vertex -1.623608e+003 -7.093622e+002 -2.491137e+002
      vertex -1.597091e+003 -7.358787e+002 -2.491137e+002
      vertex -1.623608e+003 -7.093622e+002 -2.131137e+002
    endloop
  endfacet
  facet normal -7.071068e-001 -7.071068e-001  0.000000e+000
    outer loop
      vertex -1.623608e+003 -7.093622e+002 -2.131137e+002
      vertex -1.597091e+003 -7.358787e+002 -2.491137e+002
      vertex -1.597091e+003 -7.358787e+002 -2.131137e+002
    endloop
  endfacet
  facet normal -7.071076e-001 -7.071060e-001  0.000000e+000
    outer loop
      vertex -1.657020e+003 -6.759498e+002 -2.491137e+002
      vertex -1.630679e+003 -7.022911e+002 -2.491137e+002
      vertex -1.657020e+003 -6.759498e+002 -2.131137e+002
    endloop
  endfacet
  facet normal -7.071076e-001 -7.071060e-001  0.000000e+000
    outer loop
      vertex -1.657020e+003 -6.759498e+002 -2.131137e+002
      vertex -1.630679e+003 -7.022911e+002 -2.491137e+002
      vertex -1.630679e+003 -7.022911e+002 -2.131137e+002
    endloop
  endfacet
  facet normal -7.498546e-001 -3.922356e-002 -6.604388e-001
    outer loop
      vertex -1.767952e+003  3.013838e-010  2.692452e+002
      vertex -1.738476e+003  1.238774e+001  2.350436e+002
      vertex -1.739710e+003 -2.109472e+001  2.384326e+002
    endloop
  endfacet
  facet normal -7.768469e-001  2.297533e-001 -5.862784e-001
    outer loop
      vertex -1.767952e+003  3.013838e-010  2.692452e+002
      vertex -1.745702e+003  3.861363e+001  2.548950e+002
      vertex -1.738476e+003  1.238774e+001  2.350436e+002
    endloop
  endfacet
  facet normal -8.609835e-001  3.641431e-001 -3.551159e-001
    outer loop
      vertex -1.767952e+003  3.013838e-010  2.692452e+002
      vertex -1.757154e+003  4.222018e+001  2.863582e+002
      vertex -1.745702e+003  3.861363e+001  2.548950e+002
    endloop
  endfacet
  facet normal -9.529802e-001  2.852221e-001 -1.023574e-001
    outer loop
      vertex -1.767952e+003  3.013838e-010  2.692452e+002
      vertex -1.766123e+003  2.109472e+001  3.110025e+002
      vertex -1.757154e+003  4.222018e+001  2.863582e+002
    endloop
  endfacet
  facet normal -9.989439e-001  3.922381e-002  2.392745e-002
    outer loop
      vertex -1.767952e+003  3.013838e-010  2.692452e+002
      vertex -1.767357e+003 -1.238774e+001  3.143916e+002
      vertex -1.766123e+003  2.109472e+001  3.110025e+002
    endloop
  endfacet
  facet normal -9.719517e-001 -2.297532e-001 -5.023311e-002
    outer loop
      vertex -1.767952e+003  3.013838e-010  2.692452e+002
      vertex -1.760131e+003 -3.861363e+001  2.945401e+002
      vertex -1.767357e+003 -1.238774e+001  3.143916e+002
    endloop
  endfacet
  facet normal -8.878149e-001 -3.641433e-001 -2.813969e-001
    outer loop
      vertex -1.767952e+003  3.013838e-010  2.692452e+002
      vertex -1.748680e+003 -4.222018e+001  2.630769e+002
      vertex -1.760131e+003 -3.861363e+001  2.945401e+002
    endloop
  endfacet
  facet normal -7.958189e-001 -2.852229e-001 -5.341538e-001
    outer loop
      vertex -1.767952e+003  3.013838e-010  2.692452e+002
      vertex -1.739710e+003 -2.109472e+001  2.384326e+002
      vertex -1.748680e+003 -4.222018e+001  2.630769e+002
    endloop
  endfacet
  facet normal -4.580935e-001  8.628560e-001  2.136112e-001
    outer loop
      vertex -1.648628e+003 -7.500000e+001  8.174891e+001
      vertex -1.630490e+003 -5.303301e+001  3.191418e+001
      vertex -1.668562e+003 -8.378680e+001  7.449357e+001
    endloop
  endfacet
  facet normal -4.580929e-001  8.628562e-001  2.136119e-001
    outer loop
      vertex -1.668562e+003 -8.378680e+001  7.449357e+001
      vertex -1.630490e+003 -5.303301e+001  3.191418e+001
      vertex -1.648299e+003 -5.924621e+001  1.882034e+001
    endloop
  endfacet
  facet normal -9.110038e-001  3.779627e-001 -1.649740e-001
    outer loop
      vertex -1.668562e+003 -8.378680e+001  7.449357e+001
      vertex -1.648299e+003 -5.924621e+001  1.882034e+001
      vertex -1.676819e+003 -1.050000e+002  7.148830e+001
    endloop
  endfacet
  facet normal -9.110034e-001  3.779643e-001 -1.649724e-001
    outer loop
      vertex -1.676819e+003 -1.050000e+002  7.148830e+001
      vertex -1.648299e+003 -5.924621e+001  1.882034e+001
      vertex -1.651425e+003 -7.424622e+001  1.719687e+000
    endloop
  endfacet
  facet normal -4.580928e-001 -8.628564e-001  2.136116e-001
    outer loop
      vertex -1.630490e+003  5.303301e+001  3.191418e+001
      vertex -1.648628e+003  7.500000e+001  8.174891e+001
      vertex -1.648299e+003  5.924621e+001  1.882034e+001
    endloop
  endfacet
  facet normal -4.580936e-001 -8.628560e-001  2.136115e-001
    outer loop
      vertex -1.648299e+003  5.924621e+001  1.882034e+001
      vertex -1.648628e+003  7.500000e+001  8.174891e+001
      vertex -1.668562e+003  8.378680e+001  7.449357e+001
    endloop
  endfacet
  facet normal -9.110031e-001 -3.779648e-001 -1.649728e-001
    outer loop
      vertex -1.648299e+003  5.924621e+001  1.882034e+001
      vertex -1.668562e+003  8.378680e+001  7.449357e+001
      vertex -1.651425e+003  7.424622e+001  1.719687e+000
    endloop
  endfacet
  facet normal -9.110039e-001 -3.779626e-001 -1.649733e-001
    outer loop
      vertex -1.651425e+003  7.424622e+001  1.719687e+000
      vertex -1.668562e+003  8.378680e+001  7.449357e+001
      vertex -1.676819e+003  1.050000e+002  7.148830e+001
    endloop
  endfacet
  facet normal -6.309649e-001 -3.574073e-001  6.885806e-001
    outer loop
      vertex -1.622977e+003  1.377728e-014  1.127196e+001
      vertex -1.630490e+003  5.303301e+001  3.191418e+001
      vertex -1.639905e+003 -1.258175e-008 -4.240268e+000
    endloop
  endfacet
  facet normal -6.309670e-001 -3.574061e-001  6.885794e-001
    outer loop
      vertex -1.639905e+003 -1.258175e-008 -4.240268e+000
      vertex -1.630490e+003  5.303301e+001  3.191418e+001
      vertex -1.648299e+003  5.924621e+001  1.882034e+001
    endloop
  endfacet
  facet normal -9.867293e-001 -1.565557e-001  4.307809e-002
    outer loop
      vertex -1.639905e+003 -1.258175e-008 -4.240268e+000
      vertex -1.648299e+003  5.924621e+001  1.882034e+001
      vertex -1.640907e+003 -1.576723e-008 -2.717942e+001
    endloop
  endfacet
  facet normal -9.867287e-001 -1.565582e-001  4.308138e-002
    outer loop
      vertex -1.640907e+003 -1.576723e-008 -2.717942e+001
      vertex -1.648299e+003  5.924621e+001  1.882034e+001
      vertex -1.651425e+003  7.424622e+001  1.719687e+000
    endloop
  endfacet
  facet normal -6.309670e-001  3.574070e-001  6.885789e-001
    outer loop
      vertex -1.630490e+003 -5.303301e+001  3.191418e+001
      vertex -1.622977e+003  1.377728e-014  1.127196e+001
      vertex -1.648299e+003 -5.924621e+001  1.882034e+001
    endloop
  endfacet
  facet normal -6.309652e-001  3.574065e-001  6.885809e-001
    outer loop
      vertex -1.648299e+003 -5.924621e+001  1.882034e+001
      vertex -1.622977e+003  1.377728e-014  1.127196e+001
      vertex -1.639905e+003 -1.258175e-008 -4.240268e+000
    endloop
  endfacet
  facet normal -9.867288e-001  1.565572e-001  4.308223e-002
    outer loop
      vertex -1.648299e+003 -5.924621e+001  1.882034e+001
      vertex -1.639905e+003 -1.258175e-008 -4.240268e+000
      vertex -1.651425e+003 -7.424622e+001  1.719687e+000
    endloop
  endfacet
  facet normal -9.867291e-001  1.565569e-001  4.307807e-002
    outer loop
      vertex -1.651425e+003 -7.424622e+001  1.719687e+000
      vertex -1.639905e+003 -1.258175e-008 -4.240268e+000
      vertex -1.640907e+003 -1.576723e-008 -2.717942e+001
    endloop
  endfacet
  facet normal -2.136128e-001 -8.628560e-001 -4.580927e-001
    outer loop
      vertex -1.648628e+003  7.500000e+001  8.174891e+001
      vertex -1.666766e+003  5.303301e+001  1.315836e+002
      vertex -1.668562e+003  8.378680e+001  7.449357e+001
    endloop
  endfacet
  facet normal -2.136119e-001 -8.628562e-001 -4.580929e-001
    outer loop
      vertex -1.668562e+003  8.378680e+001  7.449357e+001
      vertex -1.666766e+003  5.303301e+001  1.315836e+002
      vertex -1.688825e+003  5.924621e+001  1.301668e+002
    endloop
  endfacet
  facet normal -8.039120e-001 -3.779628e-001 -4.592053e-001
    outer loop
      vertex -1.668562e+003  8.378680e+001  7.449357e+001
      vertex -1.688825e+003  5.924621e+001  1.301668e+002
      vertex -1.676819e+003  1.050000e+002  7.148830e+001
    endloop
  endfacet
  facet normal -8.039110e-001 -3.779642e-001 -4.592062e-001
    outer loop
      vertex -1.676819e+003  1.050000e+002  7.148830e+001
      vertex -1.688825e+003  5.924621e+001  1.301668e+002
      vertex -1.702213e+003  7.424622e+001  1.412569e+002
    endloop
  endfacet
  facet normal -2.136120e-001  8.628564e-001 -4.580926e-001
    outer loop
      vertex -1.666766e+003 -5.303301e+001  1.315836e+002
      vertex -1.648628e+003 -7.500000e+001  8.174891e+001
      vertex -1.688825e+003 -5.924621e+001  1.301668e+002
    endloop
  endfacet
  facet normal -2.136126e-001  8.628560e-001 -4.580930e-001
    outer loop
      vertex -1.688825e+003 -5.924621e+001  1.301668e+002
      vertex -1.648628e+003 -7.500000e+001  8.174891e+001
      vertex -1.668562e+003 -8.378680e+001  7.449357e+001
    endloop
  endfacet
  facet normal -8.039110e-001  3.779645e-001 -4.592057e-001
    outer loop
      vertex -1.688825e+003 -5.924621e+001  1.301668e+002
      vertex -1.668562e+003 -8.378680e+001  7.449357e+001
      vertex -1.702213e+003 -7.424622e+001  1.412569e+002
    endloop
  endfacet
  facet normal -8.039117e-001  3.779628e-001 -4.592058e-001
    outer loop
      vertex -1.702213e+003 -7.424622e+001  1.412569e+002
      vertex -1.668562e+003 -8.378680e+001  7.449357e+001
      vertex -1.676819e+003 -1.050000e+002  7.148830e+001
    endloop
  endfacet
  facet normal -4.073824e-002  3.574068e-001 -9.330599e-001
    outer loop
      vertex -1.674280e+003 -4.592425e-015  1.522259e+002
      vertex -1.666766e+003 -5.303301e+001  1.315836e+002
      vertex -1.697219e+003  1.536308e-008  1.532274e+002
    endloop
  endfacet
  facet normal -4.073833e-002  3.574068e-001 -9.330599e-001
    outer loop
      vertex -1.697219e+003  1.536308e-008  1.532274e+002
      vertex -1.666766e+003 -5.303301e+001  1.315836e+002
      vertex -1.688825e+003 -5.924621e+001  1.301668e+002
    endloop
  endfacet
  facet normal -7.281864e-001  1.565585e-001 -6.672587e-001
    outer loop
      vertex -1.697219e+003  1.536308e-008  1.532274e+002
      vertex -1.688825e+003 -5.924621e+001  1.301668e+002
      vertex -1.712731e+003  1.925276e-008  1.701560e+002
    endloop
  endfacet
  facet normal -7.281860e-001  1.565589e-001 -6.672590e-001
    outer loop
      vertex -1.712731e+003  1.925276e-008  1.701560e+002
      vertex -1.688825e+003 -5.924621e+001  1.301668e+002
      vertex -1.702213e+003 -7.424622e+001  1.412569e+002
    endloop
  endfacet
  facet normal -4.073834e-002 -3.574068e-001 -9.330598e-001
    outer loop
      vertex -1.666766e+003  5.303301e+001  1.315836e+002
      vertex -1.674280e+003 -4.592425e-015  1.522259e+002
      vertex -1.688825e+003  5.924621e+001  1.301668e+002
    endloop
  endfacet
  facet normal -4.073823e-002 -3.574069e-001 -9.330599e-001
    outer loop
      vertex -1.688825e+003  5.924621e+001  1.301668e+002
      vertex -1.674280e+003 -4.592425e-015  1.522259e+002
      vertex -1.697219e+003  1.536308e-008  1.532274e+002
    endloop
  endfacet
  facet normal -7.281858e-001 -1.565587e-001 -6.672592e-001
    outer loop
      vertex -1.688825e+003  5.924621e+001  1.301668e+002
      vertex -1.697219e+003  1.536308e-008  1.532274e+002
      vertex -1.702213e+003  7.424622e+001  1.412569e+002
    endloop
  endfacet
  facet normal -7.281864e-001 -1.565587e-001 -6.672586e-001
    outer loop
      vertex -1.702213e+003  7.424622e+001  1.412569e+002
      vertex -1.697219e+003  1.536308e-008  1.532274e+002
      vertex -1.712731e+003  1.925276e-008  1.701560e+002
    endloop
  endfacet
  facet normal  1.000000e+000  -0.000000e+000  0.000000e+000
    outer loop
      vertex  1.564000e+003  4.767767e+001 -4.113223e+002
      vertex  1.564000e+003  1.232233e+001 -4.113223e+002
      vertex  1.564000e+003  5.500000e+001 -4.290000e+002
    endloop
  endfacet
  facet normal  1.000000e+000  0.000000e+000  0.000000e+000
    outer loop
      vertex  1.564000e+003  5.500000e+001 -4.290000e+002
      vertex  1.564000e+003  1.232233e+001 -4.113223e+002
      vertex  1.564000e+003  5.000000e+000 -4.290000e+002
    endloop
  endfacet
  facet normal  1.000000e+000  -0.000000e+000  0.000000e+000
    outer loop
      vertex  1.564000e+003  5.500000e+001 -4.290000e+002
      vertex  1.564000e+003  5.000000e+000 -4.290000e+002
      vertex  1.564000e+003  4.767767e+001 -4.466777e+002
    endloop
  endfacet
  facet normal  1.000000e+000  0.000000e+000  0.000000e+000
    outer loop
      vertex  1.564000e+003  4.767767e+001 -4.466777e+002
      vertex  1.564000e+003  5.000000e+000 -4.290000e+002
      vertex  1.564000e+003  1.232233e+001 -4.466777e+002
    endloop
  endfacet
  facet normal  1.000000e+000  -0.000000e+000  0.000000e+000
    outer loop
      vertex  1.564000e+003  4.767767e+001 -4.466777e+002
      vertex  1.564000e+003  1.232233e+001 -4.466777e+002
      vertex  1.564000e+003  3.000000e+001 -4.540000e+002
    endloop
  endfacet
  facet normal  1.000000e+000  0.000000e+000  0.000000e+000
    outer loop
      vertex  1.564000e+003  1.232233e+001 -4.113223e+002
      vertex  1.564000e+003  4.767767e+001 -4.113223e+002
      vertex  1.564000e+003  3.000000e+001 -4.040000e+002
    endloop
  endfacet
  facet normal  1.000000e+000  -0.000000e+000  0.000000e+000
    outer loop
      vertex  1.564000e+003 -5.322330e+000 -3.763223e+002
      vertex  1.564000e+003 -4.067767e+001 -3.763223e+002
      vertex  1.564000e+003  2.000000e+000 -3.940000e+002
    endloop
  endfacet
  facet normal  1.000000e+000  0.000000e+000  0.000000e+000
    outer loop
      vertex  1.564000e+003  2.000000e+000 -3.940000e+002
      vertex  1.564000e+003 -4.067767e+001 -3.763223e+002
      vertex  1.564000e+003 -4.800000e+001 -3.940000e+002
    endloop
  endfacet
  facet normal  1.000000e+000  -0.000000e+000  0.000000e+000
    outer loop
      vertex  1.564000e+003  2.000000e+000 -3.940000e+002
      vertex  1.564000e+003 -4.800000e+001 -3.940000e+002
      vertex  1.564000e+003 -5.322330e+000 -4.116777e+002
    endloop
  endfacet
  facet normal  1.000000e+000  0.000000e+000  0.000000e+000
    outer loop
      vertex  1.564000e+003 -5.322330e+000 -4.116777e+002
      vertex  1.564000e+003 -4.800000e+001 -3.940000e+002
      vertex  1.564000e+003 -4.067767e+001 -4.116777e+002
    endloop
  endfacet
  facet normal  1.000000e+000  -0.000000e+000  0.000000e+000
    outer loop
      vertex  1.564000e+003 -5.322330e+000 -4.116777e+002
      vertex  1.564000e+003 -4.067767e+001 -4.116777e+002
      vertex  1.564000e+003 -2.300000e+001 -4.190000e+002
    endloop
  endfacet
  facet normal  1.000000e+000  0.000000e+000  0.000000e+000
    outer loop
      vertex  1.564000e+003 -4.067767e+001 -3.763223e+002
      vertex  1.564000e+003 -5.322330e+000 -3.763223e+002
      vertex  1.564000e+003 -2.300000e+001 -3.690000e+002
    endloop
  endfacet
  facet normal  1.000000e+000  0.000000e+000  0.000000e+000
    outer loop
      vertex -3.070000e+002 -2.347757e+002  3.192807e+002
      vertex -3.070000e+002 -3.373061e+002  2.167502e+002
      vertex -3.070000e+002 -2.057843e+002  2.902893e+002
    endloop
  endfacet
  facet normal  1.000000e+000  -0.000000e+000  0.000000e+000
    outer loop
      vertex -3.070000e+002 -2.057843e+002  2.902893e+002
      vertex -3.070000e+002 -3.373061e+002  2.167502e+002
      vertex -3.070000e+002 -3.083148e+002  1.877588e+002
    endloop
  endfacet
  facet normal  -0.000000e+000  7.071070e-001  7.071066e-001
    outer loop
      vertex -1.070000e+002 -3.083148e+002  1.877588e+002
      vertex -3.070000e+002 -3.083148e+002  1.877588e+002
      vertex -1.070000e+002 -3.373061e+002  2.167502e+002
    endloop
  endfacet
  facet normal  -0.000000e+000  7.071070e-001  7.071066e-001
    outer loop
      vertex -3.070000e+002 -3.083148e+002  1.877588e+002
      vertex -3.070000e+002 -3.373061e+002  2.167502e+002
      vertex -1.070000e+002 -3.373061e+002  2.167502e+002
    endloop
  endfacet
  facet normal -9.999999e-001  0.000000e+000  0.000000e+000
    outer loop
      vertex -1.070000e+002 -3.373061e+002  2.167502e+002
      vertex -1.070000e+002 -2.347757e+002  3.192807e+002
      vertex -1.070000e+002 -3.083148e+002  1.877588e+002
    endloop
  endfacet
  facet normal -1.000000e+000  0.000000e+000  -0.000000e+000
    outer loop
      vertex -1.070000e+002 -3.083148e+002  1.877588e+002
      vertex -1.070000e+002 -2.347757e+002  3.192807e+002
      vertex -1.070000e+002 -2.057843e+002  2.902893e+002
    endloop
  endfacet
  facet normal  -0.000000e+000 -7.071070e-001 -7.071066e-001
    outer loop
      vertex -3.070000e+002 -2.057843e+002  2.902893e+002
      vertex -1.070000e+002 -2.057843e+002  2.902893e+002
      vertex -3.070000e+002 -2.347757e+002  3.192807e+002
    endloop
  endfacet
  facet normal  -0.000000e+000 -7.071070e-001 -7.071066e-001
    outer loop
      vertex -1.070000e+002 -2.057843e+002  2.902893e+002
      vertex -1.070000e+002 -2.347757e+002  3.192807e+002
      vertex -3.070000e+002 -2.347757e+002  3.192807e+002
    endloop
  endfacet
  facet normal  9.238797e-001 -3.826829e-001  0.000000e+000
    outer loop
      vertex -1.644000e+003 -9.750000e+001  3.810000e+002
      vertex -1.644000e+003 -9.750000e+001  3.910000e+002
      vertex -1.657180e+003 -1.293198e+002  3.810000e+002
    endloop
  endfacet
  facet normal  9.238797e-001 -3.826829e-001  0.000000e+000
    outer loop
      vertex -1.657180e+003 -1.293198e+002  3.810000e+002
      vertex -1.644000e+003 -9.750000e+001  3.910000e+002
      vertex -1.657180e+003 -1.293198e+002  3.910000e+002
    endloop
  endfacet
  facet normal  3.826832e-001 -9.238797e-001  0.000000e+000
    outer loop
      vertex -1.657180e+003 -1.293198e+002  3.810000e+002
      vertex -1.657180e+003 -1.293198e+002  3.910000e+002
      vertex -1.689000e+003 -1.425000e+002  3.810000e+002
    endloop
  endfacet
  facet normal  3.826832e-001 -9.238797e-001  0.000000e+000
    outer loop
      vertex -1.689000e+003 -1.425000e+002  3.810000e+002
      vertex -1.657180e+003 -1.293198e+002  3.910000e+002
      vertex -1.689000e+003 -1.425000e+002  3.910000e+002
    endloop
  endfacet
  facet normal -3.826832e-001 -9.238797e-001  -0.000000e+000
    outer loop
      vertex -1.689000e+003 -1.425000e+002  3.810000e+002
      vertex -1.689000e+003 -1.425000e+002  3.910000e+002
      vertex -1.720820e+003 -1.293198e+002  3.810000e+002
    endloop
  endfacet
  facet normal -3.826832e-001 -9.238797e-001  0.000000e+000
    outer loop
      vertex -1.720820e+003 -1.293198e+002  3.810000e+002
      vertex -1.689000e+003 -1.425000e+002  3.910000e+002
      vertex -1.720820e+003 -1.293198e+002  3.910000e+002
    endloop
  endfacet
  facet normal -9.238797e-001 -3.826829e-001  -0.000000e+000
    outer loop
      vertex -1.720820e+003 -1.293198e+002  3.810000e+002
      vertex -1.720820e+003 -1.293198e+002  3.910000e+002
      vertex -1.734000e+003 -9.750000e+001  3.810000e+002
    endloop
  endfacet
  facet normal -9.238797e-001 -3.826829e-001  0.000000e+000
    outer loop
      vertex -1.734000e+003 -9.750000e+001  3.810000e+002
      vertex -1.720820e+003 -1.293198e+002  3.910000e+002
      vertex -1.734000e+003 -9.750000e+001  3.910000e+002
    endloop
  endfacet
  facet normal -9.238797e-001  3.826829e-001  0.000000e+000
    outer loop
      vertex -1.734000e+003 -9.750000e+001  3.810000e+002
      vertex -1.734000e+003 -9.750000e+001  3.910000e+002
      vertex -1.720820e+003 -6.568019e+001  3.810000e+002
    endloop
  endfacet
  facet normal -9.238797e-001  3.826829e-001  0.000000e+000
    outer loop
      vertex -1.720820e+003 -6.568019e+001  3.810000e+002
      vertex -1.734000e+003 -9.750000e+001  3.910000e+002
      vertex -1.720820e+003 -6.568019e+001  3.910000e+002
    endloop
  endfacet
  facet normal -3.826832e-001  9.238797e-001  0.000000e+000
    outer loop
      vertex -1.720820e+003 -6.568019e+001  3.810000e+002
      vertex -1.720820e+003 -6.568019e+001  3.910000e+002
      vertex -1.689000e+003 -5.250000e+001  3.810000e+002
    endloop
  endfacet
  facet normal -3.826832e-001  9.238797e-001  0.000000e+000
    outer loop
      vertex -1.689000e+003 -5.250000e+001  3.810000e+002
      vertex -1.720820e+003 -6.568019e+001  3.910000e+002
      vertex -1.689000e+003 -5.250000e+001  3.910000e+002
    endloop
  endfacet
  facet normal  3.826832e-001  9.238797e-001  0.000000e+000
    outer loop
      vertex -1.689000e+003 -5.250000e+001  3.810000e+002
      vertex -1.689000e+003 -5.250000e+001  3.910000e+002
      vertex -1.657180e+003 -6.568019e+001  3.810000e+002
    endloop
  endfacet
  facet normal  3.826832e-001  9.238797e-001  0.000000e+000
    outer loop
      vertex -1.657180e+003 -6.568019e+001  3.810000e+002
      vertex -1.689000e+003 -5.250000e+001  3.910000e+002
      vertex -1.657180e+003 -6.568019e+001  3.910000e+002
    endloop
  endfacet
  facet normal  9.238797e-001  3.826829e-001  0.000000e+000
    outer loop
      vertex -1.657180e+003 -6.568019e+001  3.810000e+002
      vertex -1.657180e+003 -6.568019e+001  3.910000e+002
      vertex -1.644000e+003 -9.750000e+001  3.810000e+002
    endloop
  endfacet
  facet normal  9.238797e-001  3.826829e-001  0.000000e+000
    outer loop
      vertex -1.644000e+003 -9.750000e+001  3.810000e+002
      vertex -1.657180e+003 -6.568019e+001  3.910000e+002
      vertex -1.644000e+003 -9.750000e+001  3.910000e+002
    endloop
  endfacet
  facet normal  9.238797e-001 -3.826829e-001  0.000000e+000
    outer loop
      vertex -1.644000e+003  9.750000e+001  3.810000e+002
      vertex -1.644000e+003  9.750000e+001  3.910000e+002
      vertex -1.657180e+003  6.568019e+001  3.810000e+002
    endloop
  endfacet
  facet normal  9.238797e-001 -3.826829e-001  0.000000e+000
    outer loop
      vertex -1.657180e+003  6.568019e+001  3.810000e+002
      vertex -1.644000e+003  9.750000e+001  3.910000e+002
      vertex -1.657180e+003  6.568019e+001  3.910000e+002
    endloop
  endfacet
  facet normal  3.826832e-001 -9.238797e-001  0.000000e+000
    outer loop
      vertex -1.657180e+003  6.568019e+001  3.810000e+002
      vertex -1.657180e+003  6.568019e+001  3.910000e+002
      vertex -1.689000e+003  5.250000e+001  3.810000e+002
    endloop
  endfacet
  facet normal  3.826832e-001 -9.238797e-001  0.000000e+000
    outer loop
      vertex -1.689000e+003  5.250000e+001  3.810000e+002
      vertex -1.657180e+003  6.568019e+001  3.910000e+002
      vertex -1.689000e+003  5.250000e+001  3.910000e+002
    endloop
  endfacet
  facet normal -3.826832e-001 -9.238797e-001  -0.000000e+000
    outer loop
      vertex -1.689000e+003  5.250000e+001  3.810000e+002
      vertex -1.689000e+003  5.250000e+001  3.910000e+002
      vertex -1.720820e+003  6.568019e+001  3.810000e+002
    endloop
  endfacet
  facet normal -3.826832e-001 -9.238797e-001  0.000000e+000
    outer loop
      vertex -1.720820e+003  6.568019e+001  3.810000e+002
      vertex -1.689000e+003  5.250000e+001  3.910000e+002
      vertex -1.720820e+003  6.568019e+001  3.910000e+002
    endloop
  endfacet
  facet normal -9.238797e-001 -3.826829e-001  -0.000000e+000
    outer loop
      vertex -1.720820e+003  6.568019e+001  3.810000e+002
      vertex -1.720820e+003  6.568019e+001  3.910000e+002
      vertex -1.734000e+003  9.750000e+001  3.810000e+002
    endloop
  endfacet
  facet normal -9.238797e-001 -3.826829e-001  0.000000e+000
    outer loop
      vertex -1.734000e+003  9.750000e+001  3.810000e+002
      vertex -1.720820e+003  6.568019e+001  3.910000e+002
      vertex -1.734000e+003  9.750000e+001  3.910000e+002
    endloop
  endfacet
  facet normal -9.238797e-001  3.826829e-001  0.000000e+000
    outer loop
      vertex -1.734000e+003  9.750000e+001  3.810000e+002
      vertex -1.734000e+003  9.750000e+001  3.910000e+002
      vertex -1.720820e+003  1.293198e+002  3.810000e+002
    endloop
  endfacet
  facet normal -9.238797e-001  3.826829e-001  0.000000e+000
    outer loop
      vertex -1.720820e+003  1.293198e+002  3.810000e+002
      vertex -1.734000e+003  9.750000e+001  3.910000e+002
      vertex -1.720820e+003  1.293198e+002  3.910000e+002
    endloop
  endfacet
  facet normal -3.826832e-001  9.238797e-001  0.000000e+000
    outer loop
      vertex -1.720820e+003  1.293198e+002  3.810000e+002
      vertex -1.720820e+003  1.293198e+002  3.910000e+002
      vertex -1.689000e+003  1.425000e+002  3.810000e+002
    endloop
  endfacet
  facet normal -3.826832e-001  9.238797e-001  0.000000e+000
    outer loop
      vertex -1.689000e+003  1.425000e+002  3.810000e+002
      vertex -1.720820e+003  1.293198e+002  3.910000e+002
      vertex -1.689000e+003  1.425000e+002  3.910000e+002
    endloop
  endfacet
  facet normal  3.826832e-001  9.238797e-001  0.000000e+000
    outer loop
      vertex -1.689000e+003  1.425000e+002  3.810000e+002
      vertex -1.689000e+003  1.425000e+002  3.910000e+002
      vertex -1.657180e+003  1.293198e+002  3.810000e+002
    endloop
  endfacet
  facet normal  3.826832e-001  9.238797e-001  0.000000e+000
    outer loop
      vertex -1.657180e+003  1.293198e+002  3.810000e+002
      vertex -1.689000e+003  1.425000e+002  3.910000e+002
      vertex -1.657180e+003  1.293198e+002  3.910000e+002
    endloop
  endfacet
  facet normal  9.238797e-001  3.826829e-001  0.000000e+000
    outer loop
      vertex -1.657180e+003  1.293198e+002  3.810000e+002
      vertex -1.657180e+003  1.293198e+002  3.910000e+002
      vertex -1.644000e+003  9.750000e+001  3.810000e+002
    endloop
  endfacet
  facet normal  9.238797e-001  3.826829e-001  0.000000e+000
    outer loop
      vertex -1.644000e+003  9.750000e+001  3.810000e+002
      vertex -1.657180e+003  1.293198e+002  3.910000e+002
      vertex -1.644000e+003  9.750000e+001  3.910000e+002
    endloop
  endfacet
  facet normal -9.238796e-001  3.826835e-001  0.000000e+000
    outer loop
      vertex -1.659000e+003  1.959435e-014  3.810000e+002
      vertex -1.659000e+003  1.959435e-014  4.010000e+002
      vertex -1.612137e+003  1.131371e+002  3.810000e+002
    endloop
  endfacet
  facet normal -9.238796e-001  3.826835e-001  0.000000e+000
    outer loop
      vertex -1.612137e+003  1.131371e+002  3.810000e+002
      vertex -1.659000e+003  1.959435e-014  4.010000e+002
      vertex -1.612137e+003  1.131371e+002  4.010000e+002
    endloop
  endfacet
  facet normal -3.826835e-001  9.238796e-001  0.000000e+000
    outer loop
      vertex -1.612137e+003  1.131371e+002  3.810000e+002
      vertex -1.612137e+003  1.131371e+002  4.010000e+002
      vertex -1.499000e+003  1.600000e+002  3.810000e+002
    endloop
  endfacet
  facet normal -3.826835e-001  9.238796e-001  0.000000e+000
    outer loop
      vertex -1.499000e+003  1.600000e+002  3.810000e+002
      vertex -1.612137e+003  1.131371e+002  4.010000e+002
      vertex -1.499000e+003  1.600000e+002  4.010000e+002
    endloop
  endfacet
  facet normal  3.826835e-001  9.238796e-001  0.000000e+000
    outer loop
      vertex -1.499000e+003  1.600000e+002  3.810000e+002
      vertex -1.499000e+003  1.600000e+002  4.010000e+002
      vertex -1.385863e+003  1.131371e+002  3.810000e+002
    endloop
  endfacet
  facet normal  3.826835e-001  9.238796e-001  0.000000e+000
    outer loop
      vertex -1.385863e+003  1.131371e+002  3.810000e+002
      vertex -1.499000e+003  1.600000e+002  4.010000e+002
      vertex -1.385863e+003  1.131371e+002  4.010000e+002
    endloop
  endfacet
  facet normal  9.238796e-001  3.826835e-001  0.000000e+000
    outer loop
      vertex -1.385863e+003  1.131371e+002  3.810000e+002
      vertex -1.385863e+003  1.131371e+002  4.010000e+002
      vertex -1.339000e+003  0.000000e+000  3.810000e+002
    endloop
  endfacet
  facet normal  9.238796e-001  3.826835e-001  0.000000e+000
    outer loop
      vertex -1.339000e+003  0.000000e+000  3.810000e+002
      vertex -1.385863e+003  1.131371e+002  4.010000e+002
      vertex -1.339000e+003  0.000000e+000  4.010000e+002
    endloop
  endfacet
  facet normal  9.238796e-001 -3.826835e-001  0.000000e+000
    outer loop
      vertex -1.339000e+003  0.000000e+000  3.810000e+002
      vertex -1.339000e+003  0.000000e+000  4.010000e+002
      vertex -1.385863e+003 -1.131371e+002  3.810000e+002
    endloop
  endfacet
  facet normal  9.238796e-001 -3.826835e-001  0.000000e+000
    outer loop
      vertex -1.385863e+003 -1.131371e+002  3.810000e+002
      vertex -1.339000e+003  0.000000e+000  4.010000e+002
      vertex -1.385863e+003 -1.131371e+002  4.010000e+002
    endloop
  endfacet
  facet normal  3.826835e-001 -9.238796e-001  0.000000e+000
    outer loop
      vertex -1.385863e+003 -1.131371e+002  3.810000e+002
      vertex -1.385863e+003 -1.131371e+002  4.010000e+002
      vertex -1.499000e+003 -1.600000e+002  3.810000e+002
    endloop
  endfacet
  facet normal  3.826835e-001 -9.238796e-001  0.000000e+000
    outer loop
      vertex -1.499000e+003 -1.600000e+002  3.810000e+002
      vertex -1.385863e+003 -1.131371e+002  4.010000e+002
      vertex -1.499000e+003 -1.600000e+002  4.010000e+002
    endloop
  endfacet
  facet normal -3.826835e-001 -9.238796e-001  -0.000000e+000
    outer loop
      vertex -1.499000e+003 -1.600000e+002  3.810000e+002
      vertex -1.499000e+003 -1.600000e+002  4.010000e+002
      vertex -1.612137e+003 -1.131371e+002  3.810000e+002
    endloop
  endfacet
  facet normal -3.826835e-001 -9.238796e-001  0.000000e+000
    outer loop
      vertex -1.612137e+003 -1.131371e+002  3.810000e+002
      vertex -1.499000e+003 -1.600000e+002  4.010000e+002
      vertex -1.612137e+003 -1.131371e+002  4.010000e+002
    endloop
  endfacet
  facet normal -9.238796e-001 -3.826835e-001  -0.000000e+000
    outer loop
      vertex -1.612137e+003 -1.131371e+002  3.810000e+002
      vertex -1.612137e+003 -1.131371e+002  4.010000e+002
      vertex -1.659000e+003  1.959435e-014  3.810000e+002
    endloop
  endfacet
  facet normal -9.238796e-001 -3.826835e-001  0.000000e+000
    outer loop
      vertex -1.659000e+003  1.959435e-014  3.810000e+002
      vertex -1.612137e+003 -1.131371e+002  4.010000e+002
      vertex -1.659000e+003  1.959435e-014  4.010000e+002
    endloop
  endfacet
  facet normal  0.000000e+000  9.999999e-001  0.000000e+000
    outer loop
      vertex -1.723000e+003  4.750000e+001  3.910000e+002
      vertex -1.677000e+003  4.750000e+001  3.910000e+002
      vertex -1.723000e+003  4.750000e+001  3.810000e+002
    endloop
  endfacet
  facet normal  0.000000e+000  9.999999e-001  0.000000e+000
    outer loop
      vertex -1.723000e+003  4.750000e+001  3.810000e+002
      vertex -1.677000e+003  4.750000e+001  3.910000e+002
      vertex -1.677000e+003  4.750000e+001  3.810000e+002
    endloop
  endfacet
  facet normal -9.999999e-001  0.000000e+000  0.000000e+000
    outer loop
      vertex -1.723000e+003  4.750000e+001  3.910000e+002
      vertex -1.723000e+003  4.750000e+001  3.810000e+002
      vertex -1.723000e+003 -4.750000e+001  3.910000e+002
    endloop
  endfacet
  facet normal -9.999999e-001  0.000000e+000  0.000000e+000
    outer loop
      vertex -1.723000e+003 -4.750000e+001  3.910000e+002
      vertex -1.723000e+003  4.750000e+001  3.810000e+002
      vertex -1.723000e+003 -4.750000e+001  3.810000e+002
    endloop
  endfacet
  facet normal  0.000000e+000 -9.999999e-001  0.000000e+000
    outer loop
      vertex -1.677000e+003 -4.750000e+001  3.910000e+002
      vertex -1.723000e+003 -4.750000e+001  3.910000e+002
      vertex -1.677000e+003 -4.750000e+001  3.810000e+002
    endloop
  endfacet
  facet normal  0.000000e+000 -9.999999e-001  0.000000e+000
    outer loop
      vertex -1.723000e+003 -4.750000e+001  3.910000e+002
      vertex -1.723000e+003 -4.750000e+001  3.810000e+002
      vertex -1.677000e+003 -4.750000e+001  3.810000e+002
    endloop
  endfacet
  facet normal  9.999999e-001  0.000000e+000  0.000000e+000
    outer loop
      vertex -1.677000e+003 -4.750000e+001  3.910000e+002
      vertex -1.677000e+003 -4.750000e+001  3.810000e+002
      vertex -1.677000e+003  4.750000e+001  3.910000e+002
    endloop
  endfacet
  facet normal  9.999999e-001  0.000000e+000  0.000000e+000
    outer loop
      vertex -1.677000e+003  4.750000e+001  3.910000e+002
      vertex -1.677000e+003 -4.750000e+001  3.810000e+002
      vertex -1.677000e+003  4.750000e+001  3.810000e+002
    endloop
  endfacet
  facet normal  7.071079e-001 -7.071056e-001  0.000000e+000
    outer loop
      vertex  2.331172e+003 -2.470589e+002  1.660000e+002
      vertex  2.359456e+003 -2.187746e+002  1.660000e+002
      vertex  2.331172e+003 -2.470589e+002  2.020000e+002
    endloop
  endfacet
  facet normal  7.071079e-001 -7.071056e-001  0.000000e+000
    outer loop
      vertex  2.331172e+003 -2.470589e+002  2.020000e+002
      vertex  2.359456e+003 -2.187746e+002  1.660000e+002
      vertex  2.359456e+003 -2.187746e+002  2.020000e+002
    endloop
  endfacet
  facet normal  7.071081e-001 -7.071055e-001  0.000000e+000
    outer loop
      vertex  2.299352e+003 -2.788787e+002  1.660000e+002
      vertex  2.327636e+003 -2.505944e+002  1.660000e+002
      vertex  2.299352e+003 -2.788787e+002  2.020000e+002
    endloop
  endfacet
  facet normal  7.071081e-001 -7.071055e-001  0.000000e+000
    outer loop
      vertex  2.299352e+003 -2.788787e+002  2.020000e+002
      vertex  2.327636e+003 -2.505944e+002  1.660000e+002
      vertex  2.327636e+003 -2.505944e+002  2.020000e+002
    endloop
  endfacet
  facet normal  -0.000000e+000  0.000000e+000  1.000000e+000
    outer loop
      vertex  8.838835e+000  8.328388e+002 -3.001028e+002
      vertex -8.838835e+000  8.328388e+002 -3.001028e+002
      vertex  1.250000e+001  8.240000e+002 -3.001028e+002
    endloop
  endfacet
  facet normal  0.000000e+000  0.000000e+000  1.000000e+000
    outer loop
      vertex  1.250000e+001  8.240000e+002 -3.001028e+002
      vertex -8.838835e+000  8.328388e+002 -3.001028e+002
      vertex -1.250000e+001  8.240000e+002 -3.001028e+002
    endloop
  endfacet
  facet normal  -0.000000e+000  0.000000e+000  1.000000e+000
    outer loop
      vertex  1.250000e+001  8.240000e+002 -3.001028e+002
      vertex -1.250000e+001  8.240000e+002 -3.001028e+002
      vertex  8.838835e+000  8.151612e+002 -3.001028e+002
    endloop
  endfacet
  facet normal  0.000000e+000  0.000000e+000  1.000000e+000
    outer loop
      vertex  8.838835e+000  8.151612e+002 -3.001028e+002
      vertex -1.250000e+001  8.240000e+002 -3.001028e+002
      vertex -8.838835e+000  8.151612e+002 -3.001028e+002
    endloop
  endfacet
  facet normal  -0.000000e+000  0.000000e+000  1.000000e+000
    outer loop
      vertex  8.838835e+000  8.151612e+002 -3.001028e+002
      vertex -8.838835e+000  8.151612e+002 -3.001028e+002
      vertex -1.339844e-014  8.115000e+002 -3.001028e+002
    endloop
  endfacet
  facet normal  0.000000e+000  0.000000e+000  1.000000e+000
    outer loop
      vertex -8.838835e+000  8.328388e+002 -3.001028e+002
      vertex  8.838835e+000  8.328388e+002 -3.001028e+002
      vertex  3.540962e-015  8.365000e+002 -3.001028e+002
    endloop
  endfacet
  facet normal  -0.000000e+000  0.000000e+000 -1.000000e+000
    outer loop
      vertex  8.160000e+001 -3.748000e+002 -2.341137e+002
      vertex  1.726000e+002 -3.748000e+002 -2.341137e+002
      vertex  8.160000e+001 -4.848000e+002 -2.341137e+002
    endloop
  endfacet
  facet normal  0.000000e+000  -0.000000e+000 -1.000000e+000
    outer loop
      vertex  8.160000e+001 -4.848000e+002 -2.341137e+002
      vertex  1.726000e+002 -3.748000e+002 -2.341137e+002
      vertex  1.726000e+002 -4.848000e+002 -2.341137e+002
    endloop
  endfacet
  facet normal -3.162278e-001  0.000000e+000 -9.486833e-001
    outer loop
      vertex  2.326000e+002 -4.848000e+002 -2.541137e+002
      vertex  1.726000e+002 -4.848000e+002 -2.341137e+002
      vertex  2.926000e+002 -3.748000e+002 -2.741137e+002
    endloop
  endfacet
  facet normal -3.162278e-001  0.000000e+000 -9.486833e-001
    outer loop
      vertex  1.726000e+002 -4.848000e+002 -2.341137e+002
      vertex  2.326000e+002 -3.748000e+002 -2.541137e+002
      vertex  2.926000e+002 -3.748000e+002 -2.741137e+002
    endloop
  endfacet
  facet normal -3.162278e-001  -0.000000e+000 -9.486833e-001
    outer loop
      vertex  1.726000e+002 -4.848000e+002 -2.341137e+002
      vertex  1.726000e+002 -3.748000e+002 -2.341137e+002
      vertex  2.326000e+002 -3.748000e+002 -2.541137e+002
    endloop
  endfacet
  facet normal -3.162278e-001  0.000000e+000 -9.486833e-001
    outer loop
      vertex  2.926000e+002 -3.748000e+002 -2.741137e+002
      vertex  2.926000e+002 -4.848000e+002 -2.741137e+002
      vertex  2.326000e+002 -4.848000e+002 -2.541137e+002
    endloop
  endfacet
  facet normal  -0.000000e+000  0.000000e+000 -1.000000e+000
    outer loop
      vertex -9.832000e+002 -3.748000e+002 -2.341137e+002
      vertex -8.922000e+002 -3.748000e+002 -2.341137e+002
      vertex -9.832000e+002 -4.848000e+002 -2.341137e+002
    endloop
  endfacet
  facet normal  0.000000e+000  -0.000000e+000 -1.000000e+000
    outer loop
      vertex -9.832000e+002 -4.848000e+002 -2.341137e+002
      vertex -8.922000e+002 -3.748000e+002 -2.341137e+002
      vertex -8.922000e+002 -4.848000e+002 -2.341137e+002
    endloop
  endfacet
  facet normal -3.162278e-001  0.000000e+000 -9.486833e-001
    outer loop
      vertex -8.322000e+002 -4.848000e+002 -2.541137e+002
      vertex -8.922000e+002 -3.748000e+002 -2.341137e+002
      vertex -7.722000e+002 -4.848000e+002 -2.741137e+002
    endloop
  endfacet
  facet normal -3.162278e-001  0.000000e+000 -9.486833e-001
    outer loop
      vertex -7.722000e+002 -4.848000e+002 -2.741137e+002
      vertex -8.922000e+002 -3.748000e+002 -2.341137e+002
      vertex -8.322000e+002 -3.748000e+002 -2.541137e+002
    endloop
  endfacet
  facet normal -3.162278e-001  0.000000e+000 -9.486833e-001
    outer loop
      vertex -7.722000e+002 -4.848000e+002 -2.741137e+002
      vertex -8.322000e+002 -3.748000e+002 -2.541137e+002
      vertex -7.722000e+002 -3.748000e+002 -2.741137e+002
    endloop
  endfacet
  facet normal -3.162278e-001  -0.000000e+000 -9.486833e-001
    outer loop
      vertex -8.922000e+002 -4.848000e+002 -2.341137e+002
      vertex -8.922000e+002 -3.748000e+002 -2.341137e+002
      vertex -8.322000e+002 -4.848000e+002 -2.541137e+002
    endloop
  endfacet
  facet normal  0.000000e+000  0.000000e+000 -1.000000e+000
    outer loop
      vertex -1.504117e+003  9.250000e+001 -3.051137e+002
      vertex -1.540117e+003  9.250000e+001 -3.051137e+002
      vertex -1.504117e+003  9.750000e+001 -3.051137e+002
    endloop
  endfacet
  facet normal  0.000000e+000  0.000000e+000 -1.000000e+000
    outer loop
      vertex -1.504117e+003  9.750000e+001 -3.051137e+002
      vertex -1.540117e+003  9.250000e+001 -3.051137e+002
      vertex -1.540117e+003  9.750000e+001 -3.051137e+002
    endloop
  endfacet
  facet normal  0.000000e+000  0.000000e+000 -1.000000e+000
    outer loop
      vertex -1.504117e+003  1.375000e+002 -3.051137e+002
      vertex -1.540117e+003  1.375000e+002 -3.051137e+002
      vertex -1.499117e+003  1.425000e+002 -3.051137e+002
    endloop
  endfacet
  facet normal  0.000000e+000  0.000000e+000 -9.999999e-001
    outer loop
      vertex -1.499117e+003  1.425000e+002 -3.051137e+002
      vertex -1.540117e+003  1.375000e+002 -3.051137e+002
      vertex -1.545117e+003  1.425000e+002 -3.051137e+002
    endloop
  endfacet
  facet normal  0.000000e+000  0.000000e+000 -9.999999e-001
    outer loop
      vertex -1.545117e+003  4.750000e+001 -3.051137e+002
      vertex -1.545117e+003  1.425000e+002 -3.051137e+002
      vertex -1.540117e+003  1.375000e+002 -3.051137e+002
    endloop
  endfacet
  facet normal  0.000000e+000  -0.000000e+000 -1.000000e+000
    outer loop
      vertex -1.545117e+003  4.750000e+001 -3.051137e+002
      vertex -1.540117e+003  1.375000e+002 -3.051137e+002
      vertex -1.540117e+003  9.750000e+001 -3.051137e+002
    endloop
  endfacet
  facet normal  0.000000e+000  -0.000000e+000 -1.000000e+000
    outer loop
      vertex -1.545117e+003  4.750000e+001 -3.051137e+002
      vertex -1.540117e+003  9.750000e+001 -3.051137e+002
      vertex -1.540117e+003  9.250000e+001 -3.051137e+002
    endloop
  endfacet
  facet normal  0.000000e+000  -0.000000e+000 -1.000000e+000
    outer loop
      vertex -1.545117e+003  4.750000e+001 -3.051137e+002
      vertex -1.540117e+003  9.250000e+001 -3.051137e+002
      vertex -1.540117e+003  5.250000e+001 -3.051137e+002
    endloop
  endfacet
  facet normal  0.000000e+000  -0.000000e+000 -1.000000e+000
    outer loop
      vertex -1.545117e+003  4.750000e+001 -3.051137e+002
      vertex -1.540117e+003  5.250000e+001 -3.051137e+002
      vertex -1.504117e+003  5.250000e+001 -3.051137e+002
    endloop
  endfacet
  facet normal  0.000000e+000  -0.000000e+000 -9.999999e-001
    outer loop
      vertex -1.545117e+003  4.750000e+001 -3.051137e+002
      vertex -1.504117e+003  5.250000e+001 -3.051137e+002
      vertex -1.499117e+003  4.750000e+001 -3.051137e+002
    endloop
  endfacet
  facet normal  0.000000e+000  0.000000e+000 -1.000000e+000
    outer loop
      vertex -1.499117e+003  4.750000e+001 -3.051137e+002
      vertex -1.504117e+003  5.250000e+001 -3.051137e+002
      vertex -1.504117e+003  9.250000e+001 -3.051137e+002
    endloop
  endfacet
  facet normal  0.000000e+000  0.000000e+000 -1.000000e+000
    outer loop
      vertex -1.499117e+003  4.750000e+001 -3.051137e+002
      vertex -1.504117e+003  9.250000e+001 -3.051137e+002
      vertex -1.504117e+003  9.750000e+001 -3.051137e+002
    endloop
  endfacet
  facet normal  0.000000e+000  0.000000e+000 -1.000000e+000
    outer loop
      vertex -1.499117e+003  4.750000e+001 -3.051137e+002
      vertex -1.504117e+003  9.750000e+001 -3.051137e+002
      vertex -1.504117e+003  1.375000e+002 -3.051137e+002
    endloop
  endfacet
  facet normal  0.000000e+000  0.000000e+000 -9.999999e-001
    outer loop
      vertex -1.499117e+003  4.750000e+001 -3.051137e+002
      vertex -1.504117e+003  1.375000e+002 -3.051137e+002
      vertex -1.499117e+003  1.425000e+002 -3.051137e+002
    endloop
  endfacet
  facet normal  0.000000e+000  0.000000e+000 -1.000000e+000
    outer loop
      vertex  8.477769e+002  1.439324e+001 -6.700000e+002
      vertex  8.429907e+002  3.070559e+001 -6.700000e+002
      vertex  8.591914e+002  1.316374e+001 -6.700000e+002
    endloop
  endfacet
  facet normal  0.000000e+000  0.000000e+000 -1.000000e+000
    outer loop
      vertex  8.591914e+002  1.316374e+001 -6.700000e+002
      vertex  8.429907e+002  3.070559e+001 -6.700000e+002
      vertex  8.673416e+002  2.808264e+001 -6.700000e+002
    endloop
  endfacet
  facet normal  0.000000e+000  -0.000000e+000 -9.999999e-001
    outer loop
      vertex  8.591914e+002  1.316374e+001 -6.700000e+002
      vertex  8.673416e+002  2.808264e+001 -6.700000e+002
      vertex  8.827056e+002  9.009265e+000 -6.700000e+002
    endloop
  endfacet
  facet normal  0.000000e+000  0.000000e+000 -1.000000e+000
    outer loop
      vertex  8.800826e+002 -1.534162e+001 -6.700000e+002
      vertex  8.610093e+002 -3.070559e+001 -6.700000e+002
      vertex  8.562231e+002 -1.439324e+001 -6.700000e+002
    endloop
  endfacet
  facet normal  0.000000e+000  0.000000e+000 -1.000000e+000
    outer loop
      vertex  8.562231e+002 -1.439324e+001 -6.700000e+002
      vertex  8.610093e+002 -3.070559e+001 -6.700000e+002
      vertex  8.366584e+002 -2.808264e+001 -6.700000e+002
    endloop
  endfacet
  facet normal  0.000000e+000  0.000000e+000 -1.000000e+000
    outer loop
      vertex  8.562231e+002 -1.439324e+001 -6.700000e+002
      vertex  8.366584e+002 -2.808264e+001 -6.700000e+002
      vertex  8.448086e+002 -1.316374e+001 -6.700000e+002
    endloop
  endfacet
  facet normal  0.000000e+000  0.000000e+000 -1.000000e+000
    outer loop
      vertex  8.663932e+002  4.223093e+000 -6.700000e+002
      vertex  8.827056e+002  9.009265e+000 -6.700000e+002
      vertex  8.651638e+002 -7.191383e+000 -6.700000e+002
    endloop
  endfacet
  facet normal  0.000000e+000  0.000000e+000 -1.000000e+000
    outer loop
      vertex  8.651638e+002 -7.191383e+000 -6.700000e+002
      vertex  8.827056e+002  9.009265e+000 -6.700000e+002
      vertex  8.800826e+002 -1.534162e+001 -6.700000e+002
    endloop
  endfacet
  facet normal  0.000000e+000  0.000000e+000 -1.000000e+000
    outer loop
      vertex  8.651638e+002 -7.191383e+000 -6.700000e+002
      vertex  8.800826e+002 -1.534162e+001 -6.700000e+002
      vertex  8.562231e+002 -1.439324e+001 -6.700000e+002
    endloop
  endfacet
  facet normal  0.000000e+000  -0.000000e+000 -1.000000e+000
    outer loop
      vertex  8.239174e+002  1.534162e+001 -6.700000e+002
      vertex  8.429907e+002  3.070559e+001 -6.700000e+002
      vertex  8.477769e+002  1.439324e+001 -6.700000e+002
    endloop
  endfacet
  facet normal  -0.000000e+000  0.000000e+000 -1.000000e+000
    outer loop
      vertex  8.239174e+002  1.534162e+001 -6.700000e+002
      vertex  8.477769e+002  1.439324e+001 -6.700000e+002
      vertex  8.388362e+002  7.191383e+000 -6.700000e+002
    endloop
  endfacet
  facet normal  -0.000000e+000  0.000000e+000 -1.000000e+000
    outer loop
      vertex  8.239174e+002  1.534162e+001 -6.700000e+002
      vertex  8.388362e+002  7.191383e+000 -6.700000e+002
      vertex  8.376068e+002 -4.223093e+000 -6.700000e+002
    endloop
  endfacet
  facet normal  -0.000000e+000  0.000000e+000 -1.000000e+000
    outer loop
      vertex  8.239174e+002  1.534162e+001 -6.700000e+002
      vertex  8.376068e+002 -4.223093e+000 -6.700000e+002
      vertex  8.212944e+002 -9.009265e+000 -6.700000e+002
    endloop
  endfacet
  facet normal  0.000000e+000  0.000000e+000 -9.999999e-001
    outer loop
      vertex  8.366584e+002 -2.808264e+001 -6.700000e+002
      vertex  8.212944e+002 -9.009265e+000 -6.700000e+002
      vertex  8.448086e+002 -1.316374e+001 -6.700000e+002
    endloop
  endfacet
  facet normal  0.000000e+000  0.000000e+000 -1.000000e+000
    outer loop
      vertex  8.376068e+002 -4.223093e+000 -6.700000e+002
      vertex  8.448086e+002 -1.316374e+001 -6.700000e+002
      vertex  8.212944e+002 -9.009265e+000 -6.700000e+002
    endloop
  endfacet
  facet normal  0.000000e+000  0.000000e+000 -1.000000e+000
    outer loop
      vertex  8.663932e+002  4.223093e+000 -6.700000e+002
      vertex  8.591914e+002  1.316374e+001 -6.700000e+002
      vertex  8.827056e+002  9.009265e+000 -6.700000e+002
    endloop
  endfacet
  facet normal  5.432940e-001 -5.400516e-001 -6.427876e-001
    outer loop
      vertex  2.854489e+001 -1.243018e-001 -2.921137e+002
      vertex  7.007801e+001  5.684342e-014 -2.571137e+002
      vertex -1.243018e-001 -2.896561e+001 -2.921137e+002
    endloop
  endfacet
  facet normal  5.432940e-001 -5.400518e-001 -6.427875e-001
    outer loop
      vertex -1.243018e-001 -2.896561e+001 -2.921137e+002
      vertex  7.007801e+001  5.684342e-014 -2.571137e+002
      vertex  2.842171e-014 -7.049873e+001 -2.571137e+002
    endloop
  endfacet
  facet normal -5.400519e-001 -5.432932e-001 -6.427880e-001
    outer loop
      vertex -2.938886e+001  1.243018e-001 -2.921137e+002
      vertex -3.692242e+001 -1.260075e+001 -2.750288e+002
      vertex -7.092199e+001 -4.263256e-014 -2.571137e+002
    endloop
  endfacet
  facet normal -5.400501e-001 -5.432947e-001 -6.427882e-001
    outer loop
      vertex -2.938886e+001  1.243018e-001 -2.921137e+002
      vertex -2.778387e+001 -1.059592e+001 -2.844013e+002
      vertex -3.692242e+001 -1.260075e+001 -2.750288e+002
    endloop
  endfacet
  facet normal -5.400516e-001 -5.432942e-001 -6.427873e-001
    outer loop
      vertex -2.938886e+001  1.243018e-001 -2.921137e+002
      vertex -1.681011e+001 -1.691103e+001 -2.882835e+002
      vertex -2.778387e+001 -1.059592e+001 -2.844013e+002
    endloop
  endfacet
  facet normal -5.400509e-001 -5.432943e-001 -6.427880e-001
    outer loop
      vertex  2.842171e-014 -7.049873e+001 -2.571137e+002
      vertex -1.237952e+001 -3.699718e+001 -2.750288e+002
      vertex -1.243018e-001 -2.896561e+001 -2.921137e+002
    endloop
  endfacet
  facet normal -5.400516e-001 -5.432943e-001 -6.427874e-001
    outer loop
      vertex  2.842171e-014 -7.049873e+001 -2.571137e+002
      vertex -2.151807e+001 -3.900201e+001 -2.656564e+002
      vertex -1.237952e+001 -3.699718e+001 -2.750288e+002
    endloop
  endfacet
  facet normal -5.400518e-001 -5.432943e-001 -6.427872e-001
    outer loop
      vertex  2.842171e-014 -7.049873e+001 -2.571137e+002
      vertex -3.249183e+001 -3.268690e+001 -2.617742e+002
      vertex -2.151807e+001 -3.900201e+001 -2.656564e+002
    endloop
  endfacet
  facet normal -5.400524e-001 -5.432947e-001 -6.427864e-001
    outer loop
      vertex  2.842171e-014 -7.049873e+001 -2.571137e+002
      vertex -7.092199e+001 -4.263256e-014 -2.571137e+002
      vertex -3.249183e+001 -3.268690e+001 -2.617742e+002
    endloop
  endfacet
  facet normal -5.400522e-001 -5.432944e-001 -6.427867e-001
    outer loop
      vertex -1.243018e-001 -2.896561e+001 -2.921137e+002
      vertex -1.681011e+001 -1.691103e+001 -2.882835e+002
      vertex -2.938886e+001  1.243018e-001 -2.921137e+002
    endloop
  endfacet
  facet normal -5.400520e-001 -5.432941e-001 -6.427873e-001
    outer loop
      vertex -1.243018e-001 -2.896561e+001 -2.921137e+002
      vertex -1.042942e+001 -2.784679e+001 -2.844013e+002
      vertex -1.681011e+001 -1.691103e+001 -2.882835e+002
    endloop
  endfacet
  facet normal -5.400525e-001 -5.432923e-001 -6.427882e-001
    outer loop
      vertex -1.243018e-001 -2.896561e+001 -2.921137e+002
      vertex -1.237952e+001 -3.699718e+001 -2.750288e+002
      vertex -1.042942e+001 -2.784679e+001 -2.844013e+002
    endloop
  endfacet
  facet normal -5.400519e-001 -5.432938e-001 -6.427874e-001
    outer loop
      vertex -7.092199e+001 -4.263256e-014 -2.571137e+002
      vertex -3.692242e+001 -1.260075e+001 -2.750288e+002
      vertex -3.887252e+001 -2.175114e+001 -2.656564e+002
    endloop
  endfacet
  facet normal -5.400519e-001 -5.432941e-001 -6.427872e-001
    outer loop
      vertex -7.092199e+001 -4.263256e-014 -2.571137e+002
      vertex -3.887252e+001 -2.175114e+001 -2.656564e+002
      vertex -3.249183e+001 -3.268690e+001 -2.617742e+002
    endloop
  endfacet
  facet normal -5.432935e-001  5.400518e-001 -6.427878e-001
    outer loop
      vertex -8.439716e-001  7.049873e+001 -2.571137e+002
      vertex -7.196699e-001  2.896561e+001 -2.921137e+002
      vertex -1.272568e+001  3.704660e+001 -2.751766e+002
    endloop
  endfacet
  facet normal -5.432940e-001  5.400518e-001 -6.427875e-001
    outer loop
      vertex -8.439716e-001  7.049873e+001 -2.571137e+002
      vertex -1.272568e+001  3.704660e+001 -2.751766e+002
      vertex -2.187607e+001  3.899670e+001 -2.658042e+002
    endloop
  endfacet
  facet normal -5.432940e-001  5.400518e-001 -6.427875e-001
    outer loop
      vertex -8.439716e-001  7.049873e+001 -2.571137e+002
      vertex -2.187607e+001  3.899670e+001 -2.658042e+002
      vertex -3.281183e+001  3.261601e+001 -2.619220e+002
    endloop
  endfacet
  facet normal -5.432940e-001  5.400518e-001 -6.427873e-001
    outer loop
      vertex -7.092199e+001 -4.263256e-014 -2.571137e+002
      vertex -8.439716e-001  7.049873e+001 -2.571137e+002
      vertex -3.281183e+001  3.261601e+001 -2.619220e+002
    endloop
  endfacet
  facet normal -5.432940e-001  5.400517e-001 -6.427875e-001
    outer loop
      vertex -7.092199e+001 -4.263256e-014 -2.571137e+002
      vertex -3.281183e+001  3.261601e+001 -2.619220e+002
      vertex -3.912695e+001  2.164226e+001 -2.658042e+002
    endloop
  endfacet
  facet normal -5.432940e-001  5.400518e-001 -6.427875e-001
    outer loop
      vertex -7.092199e+001 -4.263256e-014 -2.571137e+002
      vertex -3.912695e+001  2.164226e+001 -2.658042e+002
      vertex -3.712211e+001  1.250371e+001 -2.751766e+002
    endloop
  endfacet
  facet normal -5.432940e-001  5.400514e-001 -6.427878e-001
    outer loop
      vertex -2.938886e+001  1.243018e-001 -2.921137e+002
      vertex -7.092199e+001 -4.263256e-014 -2.571137e+002
      vertex -3.712211e+001  1.250371e+001 -2.751766e+002
    endloop
  endfacet
  facet normal -5.432942e-001  5.400513e-001 -6.427878e-001
    outer loop
      vertex -2.938886e+001  1.243018e-001 -2.921137e+002
      vertex -3.712211e+001  1.250371e+001 -2.751766e+002
      vertex -2.797172e+001  1.055361e+001 -2.845491e+002
    endloop
  endfacet
  facet normal -5.432939e-001  5.400513e-001 -6.427879e-001
    outer loop
      vertex -2.938886e+001  1.243018e-001 -2.921137e+002
      vertex -2.797172e+001  1.055361e+001 -2.845491e+002
      vertex -1.703596e+001  1.693429e+001 -2.884313e+002
    endloop
  endfacet
  facet normal -5.432934e-001  5.400511e-001 -6.427886e-001
    outer loop
      vertex -7.196699e-001  2.896561e+001 -2.921137e+002
      vertex -2.938886e+001  1.243018e-001 -2.921137e+002
      vertex -1.703596e+001  1.693429e+001 -2.884313e+002
    endloop
  endfacet
  facet normal -5.432936e-001  5.400516e-001 -6.427881e-001
    outer loop
      vertex -7.196699e-001  2.896561e+001 -2.921137e+002
      vertex -1.703596e+001  1.693429e+001 -2.884313e+002
      vertex -1.072085e+001  2.790805e+001 -2.845491e+002
    endloop
  endfacet
  facet normal -5.432935e-001  5.400519e-001 -6.427878e-001
    outer loop
      vertex -7.196699e-001  2.896561e+001 -2.921137e+002
      vertex -1.072085e+001  2.790805e+001 -2.845491e+002
      vertex -1.272568e+001  3.704660e+001 -2.751766e+002
    endloop
  endfacet
  facet normal  5.400516e-001  5.432940e-001 -6.427876e-001
    outer loop
      vertex  2.854489e+001 -1.243018e-001 -2.921137e+002
      vertex -7.196699e-001  2.896561e+001 -2.921137e+002
      vertex  7.007801e+001  5.684342e-014 -2.571137e+002
    endloop
  endfacet
  facet normal  5.400517e-001  5.432940e-001 -6.427876e-001
    outer loop
      vertex -7.196699e-001  2.896561e+001 -2.921137e+002
      vertex -8.439716e-001  7.049873e+001 -2.571137e+002
      vertex  7.007801e+001  5.684342e-014 -2.571137e+002
    endloop
  endfacet
  facet normal  -0.000000e+000  0.000000e+000 -1.000000e+000
    outer loop
      vertex  8.560000e+002 -1.060000e+002 -2.591137e+002
      vertex  8.560000e+002 -1.350000e+002 -2.591137e+002
      vertex  7.612477e+002 -1.452477e+002 -2.591137e+002
    endloop
  endfacet
  facet normal  0.000000e+000  0.000000e+000 -1.000000e+000
    outer loop
      vertex  7.612477e+002 -1.452477e+002 -2.591137e+002
      vertex  8.560000e+002 -1.350000e+002 -2.591137e+002
      vertex  7.817538e+002 -1.657538e+002 -2.591137e+002
    endloop
  endfacet
  facet normal  -0.000000e+000  0.000000e+000 -1.000000e+000
    outer loop
      vertex  7.612477e+002 -1.452477e+002 -2.591137e+002
      vertex  7.817538e+002 -1.657538e+002 -2.591137e+002
      vertex  7.220000e+002 -2.400000e+002 -2.591137e+002
    endloop
  endfacet
  facet normal  0.000000e+000  0.000000e+000 -1.000000e+000
    outer loop
      vertex  7.220000e+002 -2.400000e+002 -2.591137e+002
      vertex  7.817538e+002 -1.657538e+002 -2.591137e+002
      vertex  7.510000e+002 -2.400000e+002 -2.591137e+002
    endloop
  endfacet
  facet normal  -0.000000e+000  -0.000000e+000 -1.000000e+000
    outer loop
      vertex  7.220000e+002 -2.400000e+002 -2.591137e+002
      vertex  7.510000e+002 -2.400000e+002 -2.591137e+002
      vertex  7.612477e+002 -3.347523e+002 -2.591137e+002
    endloop
  endfacet
  facet normal  0.000000e+000  0.000000e+000 -1.000000e+000
    outer loop
      vertex  7.612477e+002 -3.347523e+002 -2.591137e+002
      vertex  7.510000e+002 -2.400000e+002 -2.591137e+002
      vertex  7.817538e+002 -3.142462e+002 -2.591137e+002
    endloop
  endfacet
  facet normal  0.000000e+000  -0.000000e+000 -1.000000e+000
    outer loop
      vertex  7.612477e+002 -3.347523e+002 -2.591137e+002
      vertex  7.817538e+002 -3.142462e+002 -2.591137e+002
      vertex  8.560000e+002 -3.450000e+002 -2.591137e+002
    endloop
  endfacet
  facet normal  0.000000e+000  0.000000e+000 -1.000000e+000
    outer loop
      vertex  8.560000e+002 -3.740000e+002 -2.591137e+002
      vertex  8.560000e+002 -3.450000e+002 -2.591137e+002
      vertex  9.507523e+002 -3.347523e+002 -2.591137e+002
    endloop
  endfacet
  facet normal  0.000000e+000  0.000000e+000 -1.000000e+000
    outer loop
      vertex  9.507523e+002 -3.347523e+002 -2.591137e+002
      vertex  8.560000e+002 -3.450000e+002 -2.591137e+002
      vertex  9.302462e+002 -3.142462e+002 -2.591137e+002
    endloop
  endfacet
  facet normal  0.000000e+000  0.000000e+000 -1.000000e+000
    outer loop
      vertex  9.507523e+002 -3.347523e+002 -2.591137e+002
      vertex  9.302462e+002 -3.142462e+002 -2.591137e+002
      vertex  9.900000e+002 -2.400000e+002 -2.591137e+002
    endloop
  endfacet
  facet normal  0.000000e+000  0.000000e+000 -1.000000e+000
    outer loop
      vertex  9.900000e+002 -2.400000e+002 -2.591137e+002
      vertex  9.302462e+002 -3.142462e+002 -2.591137e+002
      vertex  9.610000e+002 -2.400000e+002 -2.591137e+002
    endloop
  endfacet
  facet normal  0.000000e+000  0.000000e+000 -1.000000e+000
    outer loop
      vertex  9.900000e+002 -2.400000e+002 -2.591137e+002
      vertex  9.610000e+002 -2.400000e+002 -2.591137e+002
      vertex  9.507523e+002 -1.452477e+002 -2.591137e+002
    endloop
  endfacet
  facet normal  0.000000e+000  0.000000e+000 -1.000000e+000
    outer loop
      vertex  9.507523e+002 -1.452477e+002 -2.591137e+002
      vertex  9.610000e+002 -2.400000e+002 -2.591137e+002
      vertex  9.302462e+002 -1.657538e+002 -2.591137e+002
    endloop
  endfacet
  facet normal  0.000000e+000  0.000000e+000 -1.000000e+000
    outer loop
      vertex  9.507523e+002 -1.452477e+002 -2.591137e+002
      vertex  9.302462e+002 -1.657538e+002 -2.591137e+002
      vertex  8.560000e+002 -1.350000e+002 -2.591137e+002
    endloop
  endfacet
  facet normal  -0.000000e+000  -0.000000e+000 -1.000000e+000
    outer loop
      vertex  7.612477e+002 -3.347523e+002 -2.591137e+002
      vertex  8.560000e+002 -3.450000e+002 -2.591137e+002
      vertex  8.560000e+002 -3.740000e+002 -2.591137e+002
    endloop
  endfacet
  facet normal  0.000000e+000  0.000000e+000 -1.000000e+000
    outer loop
      vertex  9.507523e+002 -1.452477e+002 -2.591137e+002
      vertex  8.560000e+002 -1.350000e+002 -2.591137e+002
      vertex  8.560000e+002 -1.060000e+002 -2.591137e+002
    endloop
  endfacet
  facet normal  0.000000e+000  5.000001e-001 -8.660253e-001
    outer loop
      vertex  2.915000e+001 -6.413981e+002 -3.631137e+002
      vertex -2.915000e+001 -6.413981e+002 -3.631137e+002
      vertex  2.915000e+001 -4.820000e+002 -2.710852e+002
    endloop
  endfacet
  facet normal  0.000000e+000  5.000001e-001 -8.660253e-001
    outer loop
      vertex  2.915000e+001 -4.820000e+002 -2.710852e+002
      vertex -2.915000e+001 -6.413981e+002 -3.631137e+002
      vertex -2.915000e+001 -4.820000e+002 -2.710852e+002
    endloop
  endfacet
  facet normal  -0.000000e+000  -0.000000e+000 -9.999999e-001
    outer loop
      vertex -2.915000e+001 -6.413981e+002 -3.631137e+002
      vertex  2.915000e+001 -6.413981e+002 -3.631137e+002
      vertex  2.915000e+001 -8.390000e+002 -3.631137e+002
    endloop
  endfacet
  facet normal  0.000000e+000  0.000000e+000 -1.000000e+000
    outer loop
      vertex -2.915000e+001 -6.413981e+002 -3.631137e+002
      vertex  2.915000e+001 -8.390000e+002 -3.631137e+002
      vertex  8.838835e+000 -8.151612e+002 -3.631137e+002
    endloop
  endfacet
  facet normal  0.000000e+000  0.000000e+000 -1.000000e+000
    outer loop
      vertex -2.915000e+001 -6.413981e+002 -3.631137e+002
      vertex  8.838835e+000 -8.151612e+002 -3.631137e+002
      vertex  5.376078e-015 -8.115000e+002 -3.631137e+002
    endloop
  endfacet
  facet normal  -0.000000e+000  0.000000e+000 -1.000000e+000
    outer loop
      vertex -2.915000e+001 -6.413981e+002 -3.631137e+002
      vertex  5.376078e-015 -8.115000e+002 -3.631137e+002
      vertex -8.838835e+000 -8.151612e+002 -3.631137e+002
    endloop
  endfacet
  facet normal  -0.000000e+000  0.000000e+000 -1.000000e+000
    outer loop
      vertex -2.915000e+001 -6.413981e+002 -3.631137e+002
      vertex -8.838835e+000 -8.151612e+002 -3.631137e+002
      vertex -2.915000e+001 -8.390000e+002 -3.631137e+002
    endloop
  endfacet
  facet normal  0.000000e+000  0.000000e+000 -1.000000e+000
    outer loop
      vertex -2.915000e+001 -8.390000e+002 -3.631137e+002
      vertex -8.838835e+000 -8.151612e+002 -3.631137e+002
      vertex -1.250000e+001 -8.240000e+002 -3.631137e+002
    endloop
  endfacet
  facet normal  0.000000e+000  -0.000000e+000 -1.000000e+000
    outer loop
      vertex -2.915000e+001 -8.390000e+002 -3.631137e+002
      vertex -1.250000e+001 -8.240000e+002 -3.631137e+002
      vertex -8.838835e+000 -8.328388e+002 -3.631137e+002
    endloop
  endfacet
  facet normal  0.000000e+000  -0.000000e+000 -1.000000e+000
    outer loop
      vertex -2.915000e+001 -8.390000e+002 -3.631137e+002
      vertex -8.838835e+000 -8.328388e+002 -3.631137e+002
      vertex  4.195344e-015 -8.365000e+002 -3.631137e+002
    endloop
  endfacet
  facet normal  0.000000e+000  -0.000000e+000 -1.000000e+000
    outer loop
      vertex -2.915000e+001 -8.390000e+002 -3.631137e+002
      vertex  4.195344e-015 -8.365000e+002 -3.631137e+002
      vertex  2.915000e+001 -8.390000e+002 -3.631137e+002
    endloop
  endfacet
  facet normal  0.000000e+000  0.000000e+000 -1.000000e+000
    outer loop
      vertex  2.915000e+001 -8.390000e+002 -3.631137e+002
      vertex  4.195344e-015 -8.365000e+002 -3.631137e+002
      vertex  8.838835e+000 -8.328388e+002 -3.631137e+002
    endloop
  endfacet
  facet normal  0.000000e+000  0.000000e+000 -1.000000e+000
    outer loop
      vertex  2.915000e+001 -8.390000e+002 -3.631137e+002
      vertex  8.838835e+000 -8.328388e+002 -3.631137e+002
      vertex  1.250000e+001 -8.240000e+002 -3.631137e+002
    endloop
  endfacet
  facet normal  0.000000e+000  0.000000e+000 -1.000000e+000
    outer loop
      vertex  2.915000e+001 -8.390000e+002 -3.631137e+002
      vertex  1.250000e+001 -8.240000e+002 -3.631137e+002
      vertex  8.838835e+000 -8.151612e+002 -3.631137e+002
    endloop
  endfacet
  facet normal  0.000000e+000 -1.000000e+000  0.000000e+000
    outer loop
      vertex -2.915000e+001 -8.390000e+002 -3.631137e+002
      vertex  2.915000e+001 -8.390000e+002 -3.631137e+002
      vertex -2.915000e+001 -8.390000e+002 -3.201028e+002
    endloop
  endfacet
  facet normal  -0.000000e+000 -1.000000e+000  -0.000000e+000
    outer loop
      vertex  2.915000e+001 -8.390000e+002 -3.631137e+002
      vertex  2.915000e+001 -8.390000e+002 -3.201028e+002
      vertex -2.915000e+001 -8.390000e+002 -3.201028e+002
    endloop
  endfacet
  facet normal  7.070763e-001 -7.071373e-001  0.000000e+000
    outer loop
      vertex -1.597091e+003 -7.358787e+002 -2.491137e+002
      vertex -1.595677e+003 -7.344645e+002 -2.491137e+002
      vertex -1.597091e+003 -7.358787e+002 -2.131137e+002
    endloop
  endfacet
  facet normal  7.070763e-001 -7.071373e-001  0.000000e+000
    outer loop
      vertex -1.597091e+003 -7.358787e+002 -2.131137e+002
      vertex -1.595677e+003 -7.344645e+002 -2.491137e+002
      vertex -1.595677e+003 -7.344645e+002 -2.131137e+002
    endloop
  endfacet
  facet normal  0.000000e+000  0.000000e+000 -9.999999e-001
    outer loop
      vertex -1.595677e+003 -7.344645e+002 -2.491137e+002
      vertex -1.597091e+003 -7.358787e+002 -2.491137e+002
      vertex -1.622194e+003 -7.079479e+002 -2.491137e+002
    endloop
  endfacet
  facet normal  0.000000e+000  0.000000e+000 -1.000000e+000
    outer loop
      vertex -1.597091e+003 -7.358787e+002 -2.491137e+002
      vertex -1.623608e+003 -7.093622e+002 -2.491137e+002
      vertex -1.622194e+003 -7.079479e+002 -2.491137e+002
    endloop
  endfacet
  facet normal -7.071220e-001  7.070915e-001  0.000000e+000
    outer loop
      vertex -1.623608e+003 -7.093622e+002 -2.131137e+002
      vertex -1.622194e+003 -7.079479e+002 -2.131137e+002
      vertex -1.623608e+003 -7.093622e+002 -2.491137e+002
    endloop
  endfacet
  facet normal -7.071220e-001  7.070915e-001  0.000000e+000
    outer loop
      vertex -1.623608e+003 -7.093622e+002 -2.491137e+002
      vertex -1.622194e+003 -7.079479e+002 -2.131137e+002
      vertex -1.622194e+003 -7.079479e+002 -2.491137e+002
    endloop
  endfacet
  facet normal  -0.000000e+000  0.000000e+000  1.000000e+000
    outer loop
      vertex -1.622194e+003 -7.079479e+002 -2.131137e+002
      vertex -1.623608e+003 -7.093622e+002 -2.131137e+002
      vertex -1.595677e+003 -7.344645e+002 -2.131137e+002
    endloop
  endfacet
  facet normal  0.000000e+000  -0.000000e+000  1.000000e+000
    outer loop
      vertex -1.623608e+003 -7.093622e+002 -2.131137e+002
      vertex -1.597091e+003 -7.358787e+002 -2.131137e+002
      vertex -1.595677e+003 -7.344645e+002 -2.131137e+002
    endloop
  endfacet
  facet normal  7.071220e-001 -7.070915e-001  0.000000e+000
    outer loop
      vertex -1.630679e+003 -7.022911e+002 -2.491137e+002
      vertex -1.629265e+003 -7.008769e+002 -2.491137e+002
      vertex -1.630679e+003 -7.022911e+002 -2.131137e+002
    endloop
  endfacet
  facet normal  7.071220e-001 -7.070915e-001  0.000000e+000
    outer loop
      vertex -1.630679e+003 -7.022911e+002 -2.131137e+002
      vertex -1.629265e+003 -7.008769e+002 -2.491137e+002
      vertex -1.629265e+003 -7.008769e+002 -2.131137e+002
    endloop
  endfacet
  facet normal  0.000000e+000  0.000000e+000 -1.000000e+000
    outer loop
      vertex -1.629265e+003 -7.008769e+002 -2.491137e+002
      vertex -1.630679e+003 -7.022911e+002 -2.491137e+002
      vertex -1.655606e+003 -6.745355e+002 -2.491137e+002
    endloop
  endfacet
  facet normal  0.000000e+000  0.000000e+000 -1.000000e+000
    outer loop
      vertex -1.630679e+003 -7.022911e+002 -2.491137e+002
      vertex -1.657020e+003 -6.759498e+002 -2.491137e+002
      vertex -1.655606e+003 -6.745355e+002 -2.491137e+002
    endloop
  endfacet
  facet normal -7.071220e-001  7.070915e-001  0.000000e+000
    outer loop
      vertex -1.657020e+003 -6.759498e+002 -2.131137e+002
      vertex -1.655606e+003 -6.745355e+002 -2.131137e+002
      vertex -1.657020e+003 -6.759498e+002 -2.491137e+002
    endloop
  endfacet
  facet normal -7.071220e-001  7.070915e-001  0.000000e+000
    outer loop
      vertex -1.657020e+003 -6.759498e+002 -2.491137e+002
      vertex -1.655606e+003 -6.745355e+002 -2.131137e+002
      vertex -1.655606e+003 -6.745355e+002 -2.491137e+002
    endloop
  endfacet
  facet normal  -0.000000e+000  0.000000e+000  1.000000e+000
    outer loop
      vertex -1.655606e+003 -6.745355e+002 -2.131137e+002
      vertex -1.657020e+003 -6.759498e+002 -2.131137e+002
      vertex -1.629265e+003 -7.008769e+002 -2.131137e+002
    endloop
  endfacet
  facet normal  0.000000e+000  -0.000000e+000  1.000000e+000
    outer loop
      vertex -1.657020e+003 -6.759498e+002 -2.131137e+002
      vertex -1.630679e+003 -7.022911e+002 -2.131137e+002
      vertex -1.629265e+003 -7.008769e+002 -2.131137e+002
    endloop
  endfacet
  facet normal -9.396933e-001 -1.807927e-006 -3.420184e-001
    outer loop
      vertex -1.745702e+003  3.861363e+001  2.548950e+002
      vertex -1.735988e+003  4.949747e+001  2.282052e+002
      vertex -1.738476e+003  1.238774e+001  2.350436e+002
    endloop
  endfacet
  facet normal -9.396933e-001 -1.806882e-006 -3.420184e-001
    outer loop
      vertex -1.738476e+003  1.238774e+001  2.350436e+002
      vertex -1.735988e+003  4.949747e+001  2.282052e+002
      vertex -1.728975e+003  1.285879e-014  2.089391e+002
    endloop
  endfacet
  facet normal -9.396930e-001  2.504487e-007 -3.420193e-001
    outer loop
      vertex -1.738476e+003  1.238774e+001  2.350436e+002
      vertex -1.728975e+003  1.285879e-014  2.089391e+002
      vertex -1.739710e+003 -2.109472e+001  2.384326e+002
    endloop
  endfacet
  facet normal -9.396933e-001  1.864729e-006 -3.420182e-001
    outer loop
      vertex -1.739710e+003 -2.109472e+001  2.384326e+002
      vertex -1.728975e+003  1.285879e-014  2.089391e+002
      vertex -1.735988e+003 -4.949747e+001  2.282052e+002
    endloop
  endfacet
  facet normal -9.396926e-001  2.676668e-006 -3.420202e-001
    outer loop
      vertex -1.739710e+003 -2.109472e+001  2.384326e+002
      vertex -1.735988e+003 -4.949747e+001  2.282052e+002
      vertex -1.748680e+003 -4.222018e+001  2.630769e+002
    endloop
  endfacet
  facet normal -9.396928e-001 -9.255583e-007 -3.420195e-001
    outer loop
      vertex -1.748680e+003 -4.222018e+001  2.630769e+002
      vertex -1.735988e+003 -4.949747e+001  2.282052e+002
      vertex -1.752917e+003 -7.000000e+001  2.747176e+002
    endloop
  endfacet
  facet normal -9.396929e-001 -9.391821e-007 -3.420196e-001
    outer loop
      vertex -1.748680e+003 -4.222018e+001  2.630769e+002
      vertex -1.752917e+003 -7.000000e+001  2.747176e+002
      vertex -1.760131e+003 -3.861363e+001  2.945401e+002
    endloop
  endfacet
  facet normal -9.396932e-001 -1.932785e-006 -3.420184e-001
    outer loop
      vertex -1.735988e+003  4.949747e+001  2.282052e+002
      vertex -1.745702e+003  3.861363e+001  2.548950e+002
      vertex -1.752917e+003  7.000000e+001  2.747176e+002
    endloop
  endfacet
  facet normal -9.396917e-001  1.252241e-006 -3.420229e-001
    outer loop
      vertex -1.752917e+003  7.000000e+001  2.747176e+002
      vertex -1.745702e+003  3.861363e+001  2.548950e+002
      vertex -1.757154e+003  4.222018e+001  2.863582e+002
    endloop
  endfacet
  facet normal -9.396926e-001  2.463618e-006 -3.420203e-001
    outer loop
      vertex -1.752917e+003  7.000000e+001  2.747176e+002
      vertex -1.757154e+003  4.222018e+001  2.863582e+002
      vertex -1.769846e+003  4.949747e+001  3.212300e+002
    endloop
  endfacet
  facet normal -9.396928e-001 -1.440080e-006 -3.420196e-001
    outer loop
      vertex -1.769846e+003  4.949747e+001  3.212300e+002
      vertex -1.757154e+003  4.222018e+001  2.863582e+002
      vertex -1.766123e+003  2.109472e+001  3.110025e+002
    endloop
  endfacet
  facet normal -9.396926e-001 -1.197781e-006 -3.420202e-001
    outer loop
      vertex -1.769846e+003  4.949747e+001  3.212300e+002
      vertex -1.766123e+003  2.109472e+001  3.110025e+002
      vertex -1.776858e+003 -4.286264e-015  3.404960e+002
    endloop
  endfacet
  facet normal -9.396929e-001  1.017448e-007 -3.420193e-001
    outer loop
      vertex -1.776858e+003 -4.286264e-015  3.404960e+002
      vertex -1.766123e+003  2.109472e+001  3.110025e+002
      vertex -1.767357e+003 -1.238774e+001  3.143916e+002
    endloop
  endfacet
  facet normal -9.396927e-001  1.007226e-006 -3.420197e-001
    outer loop
      vertex -1.776858e+003 -4.286264e-015  3.404960e+002
      vertex -1.767357e+003 -1.238774e+001  3.143916e+002
      vertex -1.769846e+003 -4.949747e+001  3.212300e+002
    endloop
  endfacet
  facet normal -9.396933e-001 -1.667276e-006 -3.420183e-001
    outer loop
      vertex -1.760131e+003 -3.861363e+001  2.945401e+002
      vertex -1.752917e+003 -7.000000e+001  2.747176e+002
      vertex -1.767357e+003 -1.238774e+001  3.143916e+002
    endloop
  endfacet
  facet normal -9.396921e-001  6.146411e-007 -3.420216e-001
    outer loop
      vertex -1.767357e+003 -1.238774e+001  3.143916e+002
      vertex -1.752917e+003 -7.000000e+001  2.747176e+002
      vertex -1.769846e+003 -4.949747e+001  3.212300e+002
    endloop
  endfacet
  facet normal -9.396938e-001 -4.083452e-007 -3.420171e-001
    outer loop
      vertex -1.632356e+003  2.388061e-014 -5.067173e+001
      vertex -1.640907e+003 -1.576723e-008 -2.717942e+001
      vertex -1.645379e+003  9.192388e+001 -1.489189e+001
    endloop
  endfacet
  facet normal -9.396923e-001  2.055160e-007 -3.420211e-001
    outer loop
      vertex -1.645379e+003  9.192388e+001 -1.489189e+001
      vertex -1.640907e+003 -1.576723e-008 -2.717942e+001
      vertex -1.651425e+003  7.424622e+001  1.719687e+000
    endloop
  endfacet
  facet normal -9.396925e-001  8.764470e-007 -3.420205e-001
    outer loop
      vertex -1.645379e+003  9.192388e+001 -1.489189e+001
      vertex -1.651425e+003  7.424622e+001  1.719687e+000
      vertex -1.676819e+003  1.300000e+002  7.148830e+001
    endloop
  endfacet
  facet normal -9.396928e-001  0.000000e+000 -3.420199e-001
    outer loop
      vertex -1.676819e+003  1.300000e+002  7.148830e+001
      vertex -1.651425e+003  7.424622e+001  1.719687e+000
      vertex -1.676819e+003  1.050000e+002  7.148830e+001
    endloop
  endfacet
  facet normal -9.396926e-001  0.000000e+000 -3.420201e-001
    outer loop
      vertex -1.676819e+003  1.300000e+002  7.148830e+001
      vertex -1.676819e+003  1.050000e+002  7.148830e+001
      vertex -1.708259e+003  9.192388e+001  1.578685e+002
    endloop
  endfacet
  facet normal -9.396928e-001  4.472031e-006 -3.420195e-001
    outer loop
      vertex -1.708259e+003  9.192388e+001  1.578685e+002
      vertex -1.676819e+003  1.050000e+002  7.148830e+001
      vertex -1.702213e+003  7.424622e+001  1.412569e+002
    endloop
  endfacet
  facet normal -9.396942e-001  5.754460e-007 -3.420158e-001
    outer loop
      vertex -1.708259e+003  9.192388e+001  1.578685e+002
      vertex -1.702213e+003  7.424622e+001  1.412569e+002
      vertex -1.712731e+003  1.925276e-008  1.701560e+002
    endloop
  endfacet
  facet normal -9.396922e-001  2.689098e-007 -3.420214e-001
    outer loop
      vertex -1.721281e+003 -7.960204e-015  1.936483e+002
      vertex -1.712731e+003  1.925276e-008  1.701560e+002
      vertex -1.708259e+003 -9.192388e+001  1.578685e+002
    endloop
  endfacet
  facet normal -9.396942e-001 -5.754460e-007 -3.420158e-001
    outer loop
      vertex -1.708259e+003 -9.192388e+001  1.578685e+002
      vertex -1.712731e+003  1.925276e-008  1.701560e+002
      vertex -1.702213e+003 -7.424622e+001  1.412569e+002
    endloop
  endfacet
  facet normal -9.396932e-001 -3.651865e-006 -3.420187e-001
    outer loop
      vertex -1.708259e+003 -9.192388e+001  1.578685e+002
      vertex -1.702213e+003 -7.424622e+001  1.412569e+002
      vertex -1.676819e+003 -1.300000e+002  7.148830e+001
    endloop
  endfacet
  facet normal -9.396923e-001  0.000000e+000 -3.420213e-001
    outer loop
      vertex -1.676819e+003 -1.300000e+002  7.148830e+001
      vertex -1.702213e+003 -7.424622e+001  1.412569e+002
      vertex -1.676819e+003 -1.050000e+002  7.148830e+001
    endloop
  endfacet
  facet normal -9.396926e-001  -0.000000e+000 -3.420201e-001
    outer loop
      vertex -1.676819e+003 -1.300000e+002  7.148830e+001
      vertex -1.676819e+003 -1.050000e+002  7.148830e+001
      vertex -1.645379e+003 -9.192388e+001 -1.489189e+001
    endloop
  endfacet
  facet normal -9.396926e-001 -1.052242e-006 -3.420203e-001
    outer loop
      vertex -1.645379e+003 -9.192388e+001 -1.489189e+001
      vertex -1.676819e+003 -1.050000e+002  7.148830e+001
      vertex -1.651425e+003 -7.424622e+001  1.719687e+000
    endloop
  endfacet
  facet normal -9.396923e-001 -2.137366e-007 -3.420211e-001
    outer loop
      vertex -1.645379e+003 -9.192388e+001 -1.489189e+001
      vertex -1.651425e+003 -7.424622e+001  1.719687e+000
      vertex -1.640907e+003 -1.576723e-008 -2.717942e+001
    endloop
  endfacet
  facet normal -9.396922e-001 -2.689098e-007 -3.420214e-001
    outer loop
      vertex -1.708259e+003  9.192388e+001  1.578685e+002
      vertex -1.712731e+003  1.925276e-008  1.701560e+002
      vertex -1.721281e+003 -7.960204e-015  1.936483e+002
    endloop
  endfacet
  facet normal -9.396938e-001  4.083452e-007 -3.420171e-001
    outer loop
      vertex -1.645379e+003 -9.192388e+001 -1.489189e+001
      vertex -1.640907e+003 -1.576723e-008 -2.717942e+001
      vertex -1.632356e+003  2.388061e-014 -5.067173e+001
    endloop
  endfacet
  facet normal  0.000000e+000  0.000000e+000  1.000000e+000
    outer loop
      vertex  2.915000e+001 -8.390000e+002 -3.201028e+002
      vertex  1.250000e+001 -8.240000e+002 -3.201028e+002
      vertex  8.838835e+000 -8.328388e+002 -3.201028e+002
    endloop
  endfacet
  facet normal  0.000000e+000  0.000000e+000  1.000000e+000
    outer loop
      vertex  2.915000e+001 -8.390000e+002 -3.201028e+002
      vertex  8.838835e+000 -8.328388e+002 -3.201028e+002
      vertex -7.315605e-012 -8.365000e+002 -3.201028e+002
    endloop
  endfacet
  facet normal  0.000000e+000  0.000000e+000  1.000000e+000
    outer loop
      vertex  2.915000e+001 -8.390000e+002 -3.201028e+002
      vertex -7.315605e-012 -8.365000e+002 -3.201028e+002
      vertex -2.915000e+001 -8.390000e+002 -3.201028e+002
    endloop
  endfacet
  facet normal  -0.000000e+000  0.000000e+000  1.000000e+000
    outer loop
      vertex  2.915000e+001 -7.665073e+002 -3.201028e+002
      vertex -2.915000e+001 -7.665073e+002 -3.201028e+002
      vertex -1.339844e-014 -8.115000e+002 -3.201028e+002
    endloop
  endfacet
  facet normal  -0.000000e+000  0.000000e+000  1.000000e+000
    outer loop
      vertex  2.915000e+001 -7.665073e+002 -3.201028e+002
      vertex -1.339844e-014 -8.115000e+002 -3.201028e+002
      vertex  8.838835e+000 -8.151612e+002 -3.201028e+002
    endloop
  endfacet
  facet normal  -0.000000e+000  0.000000e+000  1.000000e+000
    outer loop
      vertex  2.915000e+001 -7.665073e+002 -3.201028e+002
      vertex  8.838835e+000 -8.151612e+002 -3.201028e+002
      vertex  1.250000e+001 -8.240000e+002 -3.201028e+002
    endloop
  endfacet
  facet normal  -0.000000e+000  0.000000e+000  1.000000e+000
    outer loop
      vertex  2.915000e+001 -7.665073e+002 -3.201028e+002
      vertex  1.250000e+001 -8.240000e+002 -3.201028e+002
      vertex  2.915000e+001 -8.390000e+002 -3.201028e+002
    endloop
  endfacet
  facet normal  0.000000e+000  0.000000e+000  1.000000e+000
    outer loop
      vertex -2.915000e+001 -8.390000e+002 -3.201028e+002
      vertex -7.315605e-012 -8.365000e+002 -3.201028e+002
      vertex -8.838835e+000 -8.328388e+002 -3.201028e+002
    endloop
  endfacet
  facet normal  0.000000e+000  0.000000e+000  1.000000e+000
    outer loop
      vertex -2.915000e+001 -8.390000e+002 -3.201028e+002
      vertex -8.838835e+000 -8.328388e+002 -3.201028e+002
      vertex -1.250000e+001 -8.240000e+002 -3.201028e+002
    endloop
  endfacet
  facet normal  0.000000e+000  0.000000e+000  1.000000e+000
    outer loop
      vertex -2.915000e+001 -8.390000e+002 -3.201028e+002
      vertex -1.250000e+001 -8.240000e+002 -3.201028e+002
      vertex -2.915000e+001 -7.665073e+002 -3.201028e+002
    endloop
  endfacet
  facet normal  0.000000e+000  -0.000000e+000  1.000000e+000
    outer loop
      vertex -2.915000e+001 -7.665073e+002 -3.201028e+002
      vertex -8.838835e+000 -8.151612e+002 -3.201028e+002
      vertex -1.339844e-014 -8.115000e+002 -3.201028e+002
    endloop
  endfacet
  facet normal  0.000000e+000  -0.000000e+000  1.000000e+000
    outer loop
      vertex -2.915000e+001 -7.665073e+002 -3.201028e+002
      vertex -1.250000e+001 -8.240000e+002 -3.201028e+002
      vertex -8.838835e+000 -8.151612e+002 -3.201028e+002
    endloop
  endfacet
  facet normal  0.000000e+000  9.238796e-001 -3.826834e-001
    outer loop
      vertex  1.530000e+003  5.500000e+001 -4.290000e+002
      vertex  1.564000e+003  5.500000e+001 -4.290000e+002
      vertex  1.530000e+003  4.767767e+001 -4.466777e+002
    endloop
  endfacet
  facet normal  0.000000e+000  9.238796e-001 -3.826834e-001
    outer loop
      vertex  1.530000e+003  4.767767e+001 -4.466777e+002
      vertex  1.564000e+003  5.500000e+001 -4.290000e+002
      vertex  1.564000e+003  4.767767e+001 -4.466777e+002
    endloop
  endfacet
  facet normal  0.000000e+000  3.826832e-001 -9.238796e-001
    outer loop
      vertex  1.530000e+003  4.767767e+001 -4.466777e+002
      vertex  1.564000e+003  4.767767e+001 -4.466777e+002
      vertex  1.530000e+003  3.000000e+001 -4.540000e+002
    endloop
  endfacet
  facet normal  0.000000e+000  3.826832e-001 -9.238796e-001
    outer loop
      vertex  1.530000e+003  3.000000e+001 -4.540000e+002
      vertex  1.564000e+003  4.767767e+001 -4.466777e+002
      vertex  1.564000e+003  3.000000e+001 -4.540000e+002
    endloop
  endfacet
  facet normal  -0.000000e+000 -3.826832e-001 -9.238796e-001
    outer loop
      vertex  1.530000e+003  3.000000e+001 -4.540000e+002
      vertex  1.564000e+003  3.000000e+001 -4.540000e+002
      vertex  1.530000e+003  1.232233e+001 -4.466777e+002
    endloop
  endfacet
  facet normal  0.000000e+000 -3.826832e-001 -9.238796e-001
    outer loop
      vertex  1.530000e+003  1.232233e+001 -4.466777e+002
      vertex  1.564000e+003  3.000000e+001 -4.540000e+002
      vertex  1.564000e+003  1.232233e+001 -4.466777e+002
    endloop
  endfacet
  facet normal  -0.000000e+000 -9.238796e-001 -3.826834e-001
    outer loop
      vertex  1.530000e+003  1.232233e+001 -4.466777e+002
      vertex  1.564000e+003  1.232233e+001 -4.466777e+002
      vertex  1.530000e+003  5.000000e+000 -4.290000e+002
    endloop
  endfacet
  facet normal  0.000000e+000 -9.238796e-001 -3.826834e-001
    outer loop
      vertex  1.530000e+003  5.000000e+000 -4.290000e+002
      vertex  1.564000e+003  1.232233e+001 -4.466777e+002
      vertex  1.564000e+003  5.000000e+000 -4.290000e+002
    endloop
  endfacet
  facet normal  0.000000e+000 -9.238796e-001  3.826834e-001
    outer loop
      vertex  1.530000e+003  5.000000e+000 -4.290000e+002
      vertex  1.564000e+003  5.000000e+000 -4.290000e+002
      vertex  1.530000e+003  1.232233e+001 -4.113223e+002
    endloop
  endfacet
  facet normal  0.000000e+000 -9.238796e-001  3.826834e-001
    outer loop
      vertex  1.530000e+003  1.232233e+001 -4.113223e+002
      vertex  1.564000e+003  5.000000e+000 -4.290000e+002
      vertex  1.564000e+003  1.232233e+001 -4.113223e+002
    endloop
  endfacet
  facet normal  0.000000e+000 -3.826832e-001  9.238796e-001
    outer loop
      vertex  1.530000e+003  1.232233e+001 -4.113223e+002
      vertex  1.564000e+003  1.232233e+001 -4.113223e+002
      vertex  1.530000e+003  3.000000e+001 -4.040000e+002
    endloop
  endfacet
  facet normal  0.000000e+000 -3.826832e-001  9.238796e-001
    outer loop
      vertex  1.530000e+003  3.000000e+001 -4.040000e+002
      vertex  1.564000e+003  1.232233e+001 -4.113223e+002
      vertex  1.564000e+003  3.000000e+001 -4.040000e+002
    endloop
  endfacet
  facet normal  0.000000e+000  3.826832e-001  9.238796e-001
    outer loop
      vertex  1.530000e+003  3.000000e+001 -4.040000e+002
      vertex  1.564000e+003  3.000000e+001 -4.040000e+002
      vertex  1.530000e+003  4.767767e+001 -4.113223e+002
    endloop
  endfacet
  facet normal  0.000000e+000  3.826832e-001  9.238796e-001
    outer loop
      vertex  1.530000e+003  4.767767e+001 -4.113223e+002
      vertex  1.564000e+003  3.000000e+001 -4.040000e+002
      vertex  1.564000e+003  4.767767e+001 -4.113223e+002
    endloop
  endfacet
  facet normal  0.000000e+000  9.238796e-001  3.826834e-001
    outer loop
      vertex  1.530000e+003  4.767767e+001 -4.113223e+002
      vertex  1.564000e+003  4.767767e+001 -4.113223e+002
      vertex  1.530000e+003  5.500000e+001 -4.290000e+002
    endloop
  endfacet
  facet normal  0.000000e+000  9.238796e-001  3.826834e-001
    outer loop
      vertex  1.530000e+003  5.500000e+001 -4.290000e+002
      vertex  1.564000e+003  4.767767e+001 -4.113223e+002
      vertex  1.564000e+003  5.500000e+001 -4.290000e+002
    endloop
  endfacet
  facet normal  0.000000e+000  9.238796e-001 -3.826834e-001
    outer loop
      vertex  1.530000e+003  2.000000e+000 -3.940000e+002
      vertex  1.564000e+003  2.000000e+000 -3.940000e+002
      vertex  1.530000e+003 -5.322330e+000 -4.116777e+002
    endloop
  endfacet
  facet normal  0.000000e+000  9.238796e-001 -3.826834e-001
    outer loop
      vertex  1.530000e+003 -5.322330e+000 -4.116777e+002
      vertex  1.564000e+003  2.000000e+000 -3.940000e+002
      vertex  1.564000e+003 -5.322330e+000 -4.116777e+002
    endloop
  endfacet
  facet normal  0.000000e+000  3.826832e-001 -9.238796e-001
    outer loop
      vertex  1.530000e+003 -5.322330e+000 -4.116777e+002
      vertex  1.564000e+003 -5.322330e+000 -4.116777e+002
      vertex  1.530000e+003 -2.300000e+001 -4.190000e+002
    endloop
  endfacet
  facet normal  0.000000e+000  3.826832e-001 -9.238796e-001
    outer loop
      vertex  1.530000e+003 -2.300000e+001 -4.190000e+002
      vertex  1.564000e+003 -5.322330e+000 -4.116777e+002
      vertex  1.564000e+003 -2.300000e+001 -4.190000e+002
    endloop
  endfacet
  facet normal  -0.000000e+000 -3.826832e-001 -9.238796e-001
    outer loop
      vertex  1.530000e+003 -2.300000e+001 -4.190000e+002
      vertex  1.564000e+003 -2.300000e+001 -4.190000e+002
      vertex  1.530000e+003 -4.067767e+001 -4.116777e+002
    endloop
  endfacet
  facet normal  0.000000e+000 -3.826832e-001 -9.238796e-001
    outer loop
      vertex  1.530000e+003 -4.067767e+001 -4.116777e+002
      vertex  1.564000e+003 -2.300000e+001 -4.190000e+002
      vertex  1.564000e+003 -4.067767e+001 -4.116777e+002
    endloop
  endfacet
  facet normal  -0.000000e+000 -9.238796e-001 -3.826834e-001
    outer loop
      vertex  1.530000e+003 -4.067767e+001 -4.116777e+002
      vertex  1.564000e+003 -4.067767e+001 -4.116777e+002
      vertex  1.530000e+003 -4.800000e+001 -3.940000e+002
    endloop
  endfacet
  facet normal  0.000000e+000 -9.238796e-001 -3.826834e-001
    outer loop
      vertex  1.530000e+003 -4.800000e+001 -3.940000e+002
      vertex  1.564000e+003 -4.067767e+001 -4.116777e+002
      vertex  1.564000e+003 -4.800000e+001 -3.940000e+002
    endloop
  endfacet
  facet normal  0.000000e+000 -9.238796e-001  3.826834e-001
    outer loop
      vertex  1.530000e+003 -4.800000e+001 -3.940000e+002
      vertex  1.564000e+003 -4.800000e+001 -3.940000e+002
      vertex  1.530000e+003 -4.067767e+001 -3.763223e+002
    endloop
  endfacet
  facet normal  0.000000e+000 -9.238796e-001  3.826834e-001
    outer loop
      vertex  1.530000e+003 -4.067767e+001 -3.763223e+002
      vertex  1.564000e+003 -4.800000e+001 -3.940000e+002
      vertex  1.564000e+003 -4.067767e+001 -3.763223e+002
    endloop
  endfacet
  facet normal  0.000000e+000 -3.826832e-001  9.238796e-001
    outer loop
      vertex  1.530000e+003 -4.067767e+001 -3.763223e+002
      vertex  1.564000e+003 -4.067767e+001 -3.763223e+002
      vertex  1.530000e+003 -2.300000e+001 -3.690000e+002
    endloop
  endfacet
  facet normal  0.000000e+000 -3.826832e-001  9.238796e-001
    outer loop
      vertex  1.530000e+003 -2.300000e+001 -3.690000e+002
      vertex  1.564000e+003 -4.067767e+001 -3.763223e+002
      vertex  1.564000e+003 -2.300000e+001 -3.690000e+002
    endloop
  endfacet
  facet normal  0.000000e+000  3.826832e-001  9.238796e-001
    outer loop
      vertex  1.530000e+003 -2.300000e+001 -3.690000e+002
      vertex  1.564000e+003 -2.300000e+001 -3.690000e+002
      vertex  1.530000e+003 -5.322330e+000 -3.763223e+002
    endloop
  endfacet
  facet normal  0.000000e+000  3.826832e-001  9.238796e-001
    outer loop
      vertex  1.530000e+003 -5.322330e+000 -3.763223e+002
      vertex  1.564000e+003 -2.300000e+001 -3.690000e+002
      vertex  1.564000e+003 -5.322330e+000 -3.763223e+002
    endloop
  endfacet
  facet normal  0.000000e+000  9.238796e-001  3.826834e-001
    outer loop
      vertex  1.530000e+003 -5.322330e+000 -3.763223e+002
      vertex  1.564000e+003 -5.322330e+000 -3.763223e+002
      vertex  1.530000e+003  2.000000e+000 -3.940000e+002
    endloop
  endfacet
  facet normal  0.000000e+000  9.238796e-001  3.826834e-001
    outer loop
      vertex  1.530000e+003  2.000000e+000 -3.940000e+002
      vertex  1.564000e+003 -5.322330e+000 -3.763223e+002
      vertex  1.564000e+003  2.000000e+000 -3.940000e+002
    endloop
  endfacet
  facet normal  -0.000000e+000  0.000000e+000 -1.000000e+000
    outer loop
      vertex  1.427000e+003  5.800000e+001 -4.640000e+002
      vertex  1.530000e+003  5.800000e+001 -4.640000e+002
      vertex  1.427000e+003 -5.800000e+001 -4.640000e+002
    endloop
  endfacet
  facet normal  0.000000e+000  -0.000000e+000 -1.000000e+000
    outer loop
      vertex  1.427000e+003 -5.800000e+001 -4.640000e+002
      vertex  1.530000e+003  5.800000e+001 -4.640000e+002
      vertex  1.530000e+003 -5.800000e+001 -4.640000e+002
    endloop
  endfacet
  facet normal  0.000000e+000 -7.071061e-001  7.071076e-001
    outer loop
      vertex -9.700000e+001 -3.443772e+002  2.096792e+002
      vertex -1.070000e+002 -3.373061e+002  2.167502e+002
      vertex -3.170000e+002 -3.443772e+002  2.096792e+002
    endloop
  endfacet
  facet normal  0.000000e+000 -7.071061e-001  7.071076e-001
    outer loop
      vertex -3.170000e+002 -3.443772e+002  2.096792e+002
      vertex -1.070000e+002 -3.373061e+002  2.167502e+002
      vertex -3.070000e+002 -3.373061e+002  2.167502e+002
    endloop
  endfacet
  facet normal  1.072739e-006 -7.071067e-001  7.071068e-001
    outer loop
      vertex -3.170000e+002 -3.443772e+002  2.096792e+002
      vertex -3.070000e+002 -3.373061e+002  2.167502e+002
      vertex -3.170000e+002 -2.277046e+002  3.263518e+002
    endloop
  endfacet
  facet normal  0.000000e+000 -7.071069e-001  7.071067e-001
    outer loop
      vertex -3.170000e+002 -2.277046e+002  3.263518e+002
      vertex -3.070000e+002 -3.373061e+002  2.167502e+002
      vertex -3.070000e+002 -2.347757e+002  3.192807e+002
    endloop
  endfacet
  facet normal  0.000000e+000 -7.071068e-001  7.071068e-001
    outer loop
      vertex -3.170000e+002 -2.277046e+002  3.263518e+002
      vertex -3.070000e+002 -2.347757e+002  3.192807e+002
      vertex -9.700000e+001 -2.277046e+002  3.263518e+002
    endloop
  endfacet
  facet normal  0.000000e+000 -7.071068e-001  7.071068e-001
    outer loop
      vertex -9.700000e+001 -2.277046e+002  3.263518e+002
      vertex -3.070000e+002 -2.347757e+002  3.192807e+002
      vertex -1.070000e+002 -2.347757e+002  3.192807e+002
    endloop
  endfacet
  facet normal  0.000000e+000 -7.071068e-001  7.071068e-001
    outer loop
      vertex -9.700000e+001 -2.277046e+002  3.263518e+002
      vertex -1.070000e+002 -2.347757e+002  3.192807e+002
      vertex -9.700000e+001 -3.443772e+002  2.096792e+002
    endloop
  endfacet
  facet normal -1.346983e-006 -7.071069e-001  7.071067e-001
    outer loop
      vertex -9.700000e+001 -3.443772e+002  2.096792e+002
      vertex -1.070000e+002 -2.347757e+002  3.192807e+002
      vertex -1.070000e+002 -3.373061e+002  2.167502e+002
    endloop
  endfacet
  facet normal -1.000000e+000  -0.000000e+000  0.000000e+000
    outer loop
      vertex  6.140000e+002 -1.775000e+002  3.760000e+002
      vertex  6.140000e+002 -1.105000e+002  3.760000e+002
      vertex  6.140000e+002 -1.775000e+002  3.610000e+002
    endloop
  endfacet
  facet normal -1.000000e+000  0.000000e+000  0.000000e+000
    outer loop
      vertex  6.140000e+002 -1.105000e+002  3.760000e+002
      vertex  6.140000e+002 -1.105000e+002  3.610000e+002
      vertex  6.140000e+002 -1.775000e+002  3.610000e+002
    endloop
  endfacet
  facet normal  9.999999e-001  -0.000000e+000  0.000000e+000
    outer loop
      vertex  3.100000e+002  1.575000e+002  3.960000e+002
      vertex  3.100000e+002 -1.575000e+002  3.960000e+002
      vertex  3.100000e+002  1.575000e+002  3.760000e+002
    endloop
  endfacet
  facet normal  9.999999e-001  0.000000e+000  0.000000e+000
    outer loop
      vertex  3.100000e+002 -1.575000e+002  3.960000e+002
      vertex  3.100000e+002 -1.575000e+002  3.760000e+002
      vertex  3.100000e+002  1.575000e+002  3.760000e+002
    endloop
  endfacet
  facet normal  0.000000e+000  0.000000e+000  1.000000e+000
    outer loop
      vertex  1.900000e+002 -1.575000e+002  3.960000e+002
      vertex  3.100000e+002 -1.575000e+002  3.960000e+002
      vertex  1.900000e+002  1.575000e+002  3.960000e+002
    endloop
  endfacet
  facet normal  0.000000e+000  -0.000000e+000  1.000000e+000
    outer loop
      vertex  1.900000e+002  1.575000e+002  3.960000e+002
      vertex  3.100000e+002 -1.575000e+002  3.960000e+002
      vertex  3.100000e+002  1.575000e+002  3.960000e+002
    endloop
  endfacet
  facet normal  1.000000e+000  0.000000e+000  0.000000e+000
    outer loop
      vertex -1.337000e+003 -1.775000e+002  3.810000e+002
      vertex -1.337000e+003 -1.775000e+002  3.610000e+002
      vertex -1.337000e+003  1.775000e+002  3.810000e+002
    endloop
  endfacet
  facet normal  1.000000e+000  0.000000e+000  0.000000e+000
    outer loop
      vertex -1.337000e+003  1.775000e+002  3.810000e+002
      vertex -1.337000e+003 -1.775000e+002  3.610000e+002
      vertex -1.337000e+003  1.775000e+002  3.610000e+002
    endloop
  endfacet
  facet normal  -0.000000e+000  0.000000e+000  1.000000e+000
    outer loop
      vertex -1.499000e+003  1.600000e+002  3.810000e+002
      vertex -1.689000e+003  1.425000e+002  3.810000e+002
      vertex -1.612137e+003  1.131371e+002  3.810000e+002
    endloop
  endfacet
  facet normal  0.000000e+000  0.000000e+000  1.000000e+000
    outer loop
      vertex -1.612137e+003  1.131371e+002  3.810000e+002
      vertex -1.689000e+003  1.425000e+002  3.810000e+002
      vertex -1.657180e+003  1.293198e+002  3.810000e+002
    endloop
  endfacet
  facet normal  0.000000e+000  0.000000e+000  1.000000e+000
    outer loop
      vertex -1.612137e+003  1.131371e+002  3.810000e+002
      vertex -1.657180e+003  1.293198e+002  3.810000e+002
      vertex -1.644000e+003  9.750000e+001  3.810000e+002
    endloop
  endfacet
  facet normal  -0.000000e+000  0.000000e+000  1.000000e+000
    outer loop
      vertex -1.612137e+003  1.131371e+002  3.810000e+002
      vertex -1.644000e+003  9.750000e+001  3.810000e+002
      vertex -1.659000e+003  1.959435e-014  3.810000e+002
    endloop
  endfacet
  facet normal  0.000000e+000  0.000000e+000  1.000000e+000
    outer loop
      vertex -1.659000e+003  1.959435e-014  3.810000e+002
      vertex -1.644000e+003  9.750000e+001  3.810000e+002
      vertex -1.657180e+003  6.568019e+001  3.810000e+002
    endloop
  endfacet
  facet normal  0.000000e+000  0.000000e+000  9.999999e-001
    outer loop
      vertex -1.659000e+003  1.959435e-014  3.810000e+002
      vertex -1.657180e+003  6.568019e+001  3.810000e+002
      vertex -1.677000e+003  4.750000e+001  3.810000e+002
    endloop
  endfacet
  facet normal  0.000000e+000  0.000000e+000  1.000000e+000
    outer loop
      vertex -1.689000e+003 -1.425000e+002  3.810000e+002
      vertex -1.499000e+003 -1.600000e+002  3.810000e+002
      vertex -1.657180e+003 -1.293198e+002  3.810000e+002
    endloop
  endfacet
  facet normal  0.000000e+000  0.000000e+000  9.999999e-001
    outer loop
      vertex -1.657180e+003 -1.293198e+002  3.810000e+002
      vertex -1.499000e+003 -1.600000e+002  3.810000e+002
      vertex -1.612137e+003 -1.131371e+002  3.810000e+002
    endloop
  endfacet
  facet normal  0.000000e+000  0.000000e+000  1.000000e+000
    outer loop
      vertex -1.657180e+003 -1.293198e+002  3.810000e+002
      vertex -1.612137e+003 -1.131371e+002  3.810000e+002
      vertex -1.644000e+003 -9.750000e+001  3.810000e+002
    endloop
  endfacet
  facet normal  0.000000e+000  0.000000e+000  9.999999e-001
    outer loop
      vertex -1.723000e+003  4.750000e+001  3.810000e+002
      vertex -1.677000e+003  4.750000e+001  3.810000e+002
      vertex -1.689000e+003  5.250000e+001  3.810000e+002
    endloop
  endfacet
  facet normal  0.000000e+000  0.000000e+000  1.000000e+000
    outer loop
      vertex -1.723000e+003  4.750000e+001  3.810000e+002
      vertex -1.689000e+003  5.250000e+001  3.810000e+002
      vertex -1.720820e+003  6.568019e+001  3.810000e+002
    endloop
  endfacet
  facet normal  0.000000e+000  0.000000e+000  1.000000e+000
    outer loop
      vertex -1.723000e+003  4.750000e+001  3.810000e+002
      vertex -1.720820e+003  6.568019e+001  3.810000e+002
      vertex -1.734000e+003  9.750000e+001  3.810000e+002
    endloop
  endfacet
  facet normal  0.000000e+000  0.000000e+000  1.000000e+000
    outer loop
      vertex -1.723000e+003  4.750000e+001  3.810000e+002
      vertex -1.734000e+003  9.750000e+001  3.810000e+002
      vertex -1.779000e+003 -1.775000e+002  3.810000e+002
    endloop
  endfacet
  facet normal  -0.000000e+000  0.000000e+000  9.999999e-001
    outer loop
      vertex -1.677000e+003 -4.750000e+001  3.810000e+002
      vertex -1.723000e+003 -4.750000e+001  3.810000e+002
      vertex -1.689000e+003 -5.250000e+001  3.810000e+002
    endloop
  endfacet
  facet normal  -0.000000e+000  0.000000e+000  1.000000e+000
    outer loop
      vertex -1.677000e+003 -4.750000e+001  3.810000e+002
      vertex -1.689000e+003 -5.250000e+001  3.810000e+002
      vertex -1.657180e+003 -6.568019e+001  3.810000e+002
    endloop
  endfacet
  facet normal  0.000000e+000  0.000000e+000  9.999999e-001
    outer loop
      vertex -1.677000e+003 -4.750000e+001  3.810000e+002
      vertex -1.657180e+003 -6.568019e+001  3.810000e+002
      vertex -1.659000e+003  1.959435e-014  3.810000e+002
    endloop
  endfacet
  facet normal  0.000000e+000  0.000000e+000  1.000000e+000
    outer loop
      vertex -1.677000e+003 -4.750000e+001  3.810000e+002
      vertex -1.659000e+003  1.959435e-014  3.810000e+002
      vertex -1.677000e+003  4.750000e+001  3.810000e+002
    endloop
  endfacet
  facet normal  0.000000e+000  0.000000e+000  9.999999e-001
    outer loop
      vertex -1.779000e+003  1.775000e+002  3.810000e+002
      vertex -1.779000e+003 -1.775000e+002  3.810000e+002
      vertex -1.734000e+003  9.750000e+001  3.810000e+002
    endloop
  endfacet
  facet normal  0.000000e+000  -0.000000e+000  1.000000e+000
    outer loop
      vertex -1.779000e+003  1.775000e+002  3.810000e+002
      vertex -1.734000e+003  9.750000e+001  3.810000e+002
      vertex -1.720820e+003  1.293198e+002  3.810000e+002
    endloop
  endfacet
  facet normal  0.000000e+000  -0.000000e+000  1.000000e+000
    outer loop
      vertex -1.779000e+003  1.775000e+002  3.810000e+002
      vertex -1.720820e+003  1.293198e+002  3.810000e+002
      vertex -1.689000e+003  1.425000e+002  3.810000e+002
    endloop
  endfacet
  facet normal  0.000000e+000  -0.000000e+000  1.000000e+000
    outer loop
      vertex -1.779000e+003  1.775000e+002  3.810000e+002
      vertex -1.689000e+003  1.425000e+002  3.810000e+002
      vertex -1.499000e+003  1.600000e+002  3.810000e+002
    endloop
  endfacet
  facet normal  0.000000e+000  -0.000000e+000  1.000000e+000
    outer loop
      vertex -1.779000e+003  1.775000e+002  3.810000e+002
      vertex -1.499000e+003  1.600000e+002  3.810000e+002
      vertex -1.337000e+003  1.775000e+002  3.810000e+002
    endloop
  endfacet
  facet normal  0.000000e+000  0.000000e+000  1.000000e+000
    outer loop
      vertex -1.337000e+003 -1.775000e+002  3.810000e+002
      vertex -1.339000e+003  0.000000e+000  3.810000e+002
      vertex -1.385863e+003 -1.131371e+002  3.810000e+002
    endloop
  endfacet
  facet normal  0.000000e+000  0.000000e+000  1.000000e+000
    outer loop
      vertex -1.337000e+003 -1.775000e+002  3.810000e+002
      vertex -1.385863e+003 -1.131371e+002  3.810000e+002
      vertex -1.499000e+003 -1.600000e+002  3.810000e+002
    endloop
  endfacet
  facet normal  0.000000e+000  0.000000e+000  9.999999e-001
    outer loop
      vertex -1.337000e+003 -1.775000e+002  3.810000e+002
      vertex -1.499000e+003 -1.600000e+002  3.810000e+002
      vertex -1.689000e+003 -1.425000e+002  3.810000e+002
    endloop
  endfacet
  facet normal  0.000000e+000  0.000000e+000  1.000000e+000
    outer loop
      vertex -1.337000e+003 -1.775000e+002  3.810000e+002
      vertex -1.689000e+003 -1.425000e+002  3.810000e+002
      vertex -1.779000e+003 -1.775000e+002  3.810000e+002
    endloop
  endfacet
  facet normal  0.000000e+000  0.000000e+000  1.000000e+000
    outer loop
      vertex -1.779000e+003 -1.775000e+002  3.810000e+002
      vertex -1.689000e+003 -1.425000e+002  3.810000e+002
      vertex -1.720820e+003 -1.293198e+002  3.810000e+002
    endloop
  endfacet
  facet normal  0.000000e+000  0.000000e+000  1.000000e+000
    outer loop
      vertex -1.779000e+003 -1.775000e+002  3.810000e+002
      vertex -1.720820e+003 -1.293198e+002  3.810000e+002
      vertex -1.734000e+003 -9.750000e+001  3.810000e+002
    endloop
  endfacet
  facet normal  0.000000e+000  -0.000000e+000  1.000000e+000
    outer loop
      vertex -1.779000e+003 -1.775000e+002  3.810000e+002
      vertex -1.734000e+003 -9.750000e+001  3.810000e+002
      vertex -1.720820e+003 -6.568019e+001  3.810000e+002
    endloop
  endfacet
  facet normal  0.000000e+000  0.000000e+000  1.000000e+000
    outer loop
      vertex -1.779000e+003 -1.775000e+002  3.810000e+002
      vertex -1.720820e+003 -6.568019e+001  3.810000e+002
      vertex -1.723000e+003 -4.750000e+001  3.810000e+002
    endloop
  endfacet
  facet normal  0.000000e+000  -0.000000e+000  1.000000e+000
    outer loop
      vertex -1.779000e+003 -1.775000e+002  3.810000e+002
      vertex -1.723000e+003 -4.750000e+001  3.810000e+002
      vertex -1.723000e+003  4.750000e+001  3.810000e+002
    endloop
  endfacet
  facet normal  -0.000000e+000  0.000000e+000  1.000000e+000
    outer loop
      vertex -1.337000e+003  1.775000e+002  3.810000e+002
      vertex -1.499000e+003  1.600000e+002  3.810000e+002
      vertex -1.385863e+003  1.131371e+002  3.810000e+002
    endloop
  endfacet
  facet normal  -0.000000e+000  0.000000e+000  1.000000e+000
    outer loop
      vertex -1.337000e+003  1.775000e+002  3.810000e+002
      vertex -1.385863e+003  1.131371e+002  3.810000e+002
      vertex -1.339000e+003  0.000000e+000  3.810000e+002
    endloop
  endfacet
  facet normal  -0.000000e+000  0.000000e+000  9.999999e-001
    outer loop
      vertex -1.337000e+003  1.775000e+002  3.810000e+002
      vertex -1.339000e+003  0.000000e+000  3.810000e+002
      vertex -1.337000e+003 -1.775000e+002  3.810000e+002
    endloop
  endfacet
  facet normal  0.000000e+000  0.000000e+000  1.000000e+000
    outer loop
      vertex -1.677000e+003  4.750000e+001  3.810000e+002
      vertex -1.657180e+003  6.568019e+001  3.810000e+002
      vertex -1.689000e+003  5.250000e+001  3.810000e+002
    endloop
  endfacet
  facet normal  0.000000e+000  0.000000e+000  9.999999e-001
    outer loop
      vertex -1.644000e+003 -9.750000e+001  3.810000e+002
      vertex -1.612137e+003 -1.131371e+002  3.810000e+002
      vertex -1.657180e+003 -6.568019e+001  3.810000e+002
    endloop
  endfacet
  facet normal  0.000000e+000  -0.000000e+000  1.000000e+000
    outer loop
      vertex -1.723000e+003 -4.750000e+001  3.810000e+002
      vertex -1.720820e+003 -6.568019e+001  3.810000e+002
      vertex -1.689000e+003 -5.250000e+001  3.810000e+002
    endloop
  endfacet
  facet normal  -0.000000e+000  -0.000000e+000  1.000000e+000
    outer loop
      vertex -1.659000e+003  1.959435e-014  3.810000e+002
      vertex -1.657180e+003 -6.568019e+001  3.810000e+002
      vertex -1.612137e+003 -1.131371e+002  3.810000e+002
    endloop
  endfacet
  facet normal  0.000000e+000  0.000000e+000  1.000000e+000
    outer loop
      vertex -1.287000e+003  1.775000e+002  3.760000e+002
      vertex -1.287000e+003 -1.775000e+002  3.760000e+002
      vertex -5.585000e+002  1.775000e+002  3.760000e+002
    endloop
  endfacet
  facet normal  0.000000e+000  0.000000e+000  1.000000e+000
    outer loop
      vertex -5.585000e+002  1.775000e+002  3.760000e+002
      vertex -1.287000e+003 -1.775000e+002  3.760000e+002
      vertex -5.585000e+002 -1.775000e+002  3.760000e+002
    endloop
  endfacet
  facet normal  0.000000e+000  0.000000e+000  1.000000e+000
    outer loop
      vertex -5.585000e+002  1.775000e+002  3.760000e+002
      vertex -5.585000e+002 -1.775000e+002  3.760000e+002
      vertex  1.700000e+002  1.775000e+002  3.760000e+002
    endloop
  endfacet
  facet normal  0.000000e+000  0.000000e+000  1.000000e+000
    outer loop
      vertex  1.700000e+002  1.775000e+002  3.760000e+002
      vertex -5.585000e+002 -1.775000e+002  3.760000e+002
      vertex  1.700000e+002 -1.775000e+002  3.760000e+002
    endloop
  endfacet
  facet normal  1.000000e+000  0.000000e+000  0.000000e+000
    outer loop
      vertex  1.700000e+002 -1.775000e+002  3.760000e+002
      vertex  1.700000e+002 -1.775000e+002  3.610000e+002
      vertex  1.700000e+002  1.775000e+002  3.760000e+002
    endloop
  endfacet
  facet normal  1.000000e+000  0.000000e+000  0.000000e+000
    outer loop
      vertex  1.700000e+002  1.775000e+002  3.760000e+002
      vertex  1.700000e+002 -1.775000e+002  3.610000e+002
      vertex  1.700000e+002  1.775000e+002  3.610000e+002
    endloop
  endfacet
  facet normal  0.000000e+000  1.000000e+000  0.000000e+000
    outer loop
      vertex  4.440000e+002  1.105000e+002  3.760000e+002
      vertex  6.140000e+002  1.105000e+002  3.760000e+002
      vertex  4.440000e+002  1.105000e+002  3.610000e+002
    endloop
  endfacet
  facet normal  0.000000e+000  1.000000e+000  -0.000000e+000
    outer loop
      vertex  6.140000e+002  1.105000e+002  3.760000e+002
      vertex  6.140000e+002  1.105000e+002  3.610000e+002
      vertex  4.440000e+002  1.105000e+002  3.610000e+002
    endloop
  endfacet
  facet normal  1.000000e+000  -0.000000e+000  0.000000e+000
    outer loop
      vertex  4.440000e+002  1.775000e+002  3.760000e+002
      vertex  4.440000e+002  1.105000e+002  3.760000e+002
      vertex  4.440000e+002  1.775000e+002  3.610000e+002
    endloop
  endfacet
  facet normal  1.000000e+000  0.000000e+000  0.000000e+000
    outer loop
      vertex  4.440000e+002  1.105000e+002  3.760000e+002
      vertex  4.440000e+002  1.105000e+002  3.610000e+002
      vertex  4.440000e+002  1.775000e+002  3.610000e+002
    endloop
  endfacet
  facet normal  0.000000e+000  0.000000e+000  1.000000e+000
    outer loop
      vertex  3.100000e+002 -1.775000e+002  3.760000e+002
      vertex  4.440000e+002 -1.775000e+002  3.760000e+002
      vertex  3.100000e+002 -1.575000e+002  3.760000e+002
    endloop
  endfacet
  facet normal  0.000000e+000  -0.000000e+000  1.000000e+000
    outer loop
      vertex  3.100000e+002 -1.575000e+002  3.760000e+002
      vertex  4.440000e+002 -1.775000e+002  3.760000e+002
      vertex  4.440000e+002 -1.105000e+002  3.760000e+002
    endloop
  endfacet
  facet normal  0.000000e+000  0.000000e+000  1.000000e+000
    outer loop
      vertex  3.100000e+002 -1.575000e+002  3.760000e+002
      vertex  4.440000e+002 -1.105000e+002  3.760000e+002
      vertex  3.100000e+002  1.575000e+002  3.760000e+002
    endloop
  endfacet
  facet normal  0.000000e+000  0.000000e+000  1.000000e+000
    outer loop
      vertex  4.440000e+002  1.105000e+002  3.760000e+002
      vertex  4.440000e+002  1.775000e+002  3.760000e+002
      vertex  3.100000e+002  1.575000e+002  3.760000e+002
    endloop
  endfacet
  facet normal  0.000000e+000  0.000000e+000  1.000000e+000
    outer loop
      vertex  4.440000e+002  1.105000e+002  3.760000e+002
      vertex  3.100000e+002  1.575000e+002  3.760000e+002
      vertex  6.140000e+002 -1.105000e+002  3.760000e+002
    endloop
  endfacet
  facet normal  0.000000e+000  -0.000000e+000  1.000000e+000
    outer loop
      vertex  4.440000e+002  1.105000e+002  3.760000e+002
      vertex  6.140000e+002 -1.105000e+002  3.760000e+002
      vertex  6.140000e+002  1.105000e+002  3.760000e+002
    endloop
  endfacet
  facet normal  0.000000e+000  0.000000e+000  1.000000e+000
    outer loop
      vertex  1.416789e+003 -1.775000e+002  3.760000e+002
      vertex  2.219577e+003 -1.775000e+002  3.760000e+002
      vertex  1.416789e+003  1.775000e+002  3.760000e+002
    endloop
  endfacet
  facet normal  0.000000e+000  0.000000e+000  1.000000e+000
    outer loop
      vertex  1.416789e+003 -1.775000e+002  3.760000e+002
      vertex  1.416789e+003  1.775000e+002  3.760000e+002
      vertex  6.140000e+002  1.775000e+002  3.760000e+002
    endloop
  endfacet
  facet normal  0.000000e+000  0.000000e+000  9.999999e-001
    outer loop
      vertex  1.416789e+003 -1.775000e+002  3.760000e+002
      vertex  6.140000e+002  1.775000e+002  3.760000e+002
      vertex  6.140000e+002  1.105000e+002  3.760000e+002
    endloop
  endfacet
  facet normal  0.000000e+000  0.000000e+000  9.999999e-001
    outer loop
      vertex  1.416789e+003 -1.775000e+002  3.760000e+002
      vertex  6.140000e+002  1.105000e+002  3.760000e+002
      vertex  6.140000e+002 -1.105000e+002  3.760000e+002
    endloop
  endfacet
  facet normal  0.000000e+000  0.000000e+000  9.999999e-001
    outer loop
      vertex  1.416789e+003 -1.775000e+002  3.760000e+002
      vertex  6.140000e+002 -1.105000e+002  3.760000e+002
      vertex  6.140000e+002 -1.775000e+002  3.760000e+002
    endloop
  endfacet
  facet normal  0.000000e+000  -0.000000e+000  1.000000e+000
    outer loop
      vertex  3.100000e+002  1.575000e+002  3.760000e+002
      vertex  4.440000e+002 -1.105000e+002  3.760000e+002
      vertex  6.140000e+002 -1.105000e+002  3.760000e+002
    endloop
  endfacet
  facet normal  0.000000e+000  0.000000e+000  1.000000e+000
    outer loop
      vertex  2.219577e+003 -1.775000e+002  3.760000e+002
      vertex  2.219577e+003  1.775000e+002  3.760000e+002
      vertex  1.416789e+003  1.775000e+002  3.760000e+002
    endloop
  endfacet
  facet normal  0.000000e+000  0.000000e+000  1.000000e+000
    outer loop
      vertex  3.100000e+002  1.575000e+002  3.760000e+002
      vertex  4.440000e+002  1.775000e+002  3.760000e+002
      vertex  3.100000e+002  1.775000e+002  3.760000e+002
    endloop
  endfacet
  facet normal  9.680195e-001 -1.773952e-001  1.773952e-001
    outer loop
      vertex -1.651871e+003  5.243637e+002  1.413629e+001
      vertex -1.642475e+003  5.500000e+002 -1.150000e+001
      vertex -1.647173e+003  5.500000e+002  1.413629e+001
    endloop
  endfacet
  facet normal  0.000000e+000  -0.000000e+000  1.000000e+000
    outer loop
      vertex  2.329757e+003 -2.456447e+002  2.020000e+002
      vertex  2.331172e+003 -2.470589e+002  2.020000e+002
      vertex  2.358042e+003 -2.173604e+002  2.020000e+002
    endloop
  endfacet
  facet normal  0.000000e+000  0.000000e+000  1.000000e+000
    outer loop
      vertex  2.331172e+003 -2.470589e+002  2.020000e+002
      vertex  2.359456e+003 -2.187746e+002  2.020000e+002
      vertex  2.358042e+003 -2.173604e+002  2.020000e+002
    endloop
  endfacet
  facet normal -7.070839e-001 -7.071297e-001  0.000000e+000
    outer loop
      vertex  2.331172e+003 -2.470589e+002  2.020000e+002
      vertex  2.329757e+003 -2.456447e+002  2.020000e+002
      vertex  2.331172e+003 -2.470589e+002  1.660000e+002
    endloop
  endfacet
  facet normal -7.070839e-001 -7.071297e-001  -0.000000e+000
    outer loop
      vertex  2.331172e+003 -2.470589e+002  1.660000e+002
      vertex  2.329757e+003 -2.456447e+002  2.020000e+002
      vertex  2.329757e+003 -2.456447e+002  1.660000e+002
    endloop
  endfacet
  facet normal  -0.000000e+000  0.000000e+000 -1.000000e+000
    outer loop
      vertex  2.358042e+003 -2.173604e+002  1.660000e+002
      vertex  2.359456e+003 -2.187746e+002  1.660000e+002
      vertex  2.329757e+003 -2.456447e+002  1.660000e+002
    endloop
  endfacet
  facet normal  0.000000e+000  0.000000e+000 -1.000000e+000
    outer loop
      vertex  2.359456e+003 -2.187746e+002  1.660000e+002
      vertex  2.331172e+003 -2.470589e+002  1.660000e+002
      vertex  2.329757e+003 -2.456447e+002  1.660000e+002
    endloop
  endfacet
  facet normal  7.070839e-001  7.071297e-001  0.000000e+000
    outer loop
      vertex  2.359456e+003 -2.187746e+002  1.660000e+002
      vertex  2.358042e+003 -2.173604e+002  1.660000e+002
      vertex  2.359456e+003 -2.187746e+002  2.020000e+002
    endloop
  endfacet
  facet normal  7.070839e-001  7.071297e-001  -0.000000e+000
    outer loop
      vertex  2.359456e+003 -2.187746e+002  2.020000e+002
      vertex  2.358042e+003 -2.173604e+002  1.660000e+002
      vertex  2.358042e+003 -2.173604e+002  2.020000e+002
    endloop
  endfacet
  facet normal  0.000000e+000  -0.000000e+000  1.000000e+000
    outer loop
      vertex  2.297938e+003 -2.774645e+002  2.020000e+002
      vertex  2.299352e+003 -2.788787e+002  2.020000e+002
      vertex  2.326222e+003 -2.491802e+002  2.020000e+002
    endloop
  endfacet
  facet normal  0.000000e+000  0.000000e+000  1.000000e+000
    outer loop
      vertex  2.299352e+003 -2.788787e+002  2.020000e+002
      vertex  2.327636e+003 -2.505944e+002  2.020000e+002
      vertex  2.326222e+003 -2.491802e+002  2.020000e+002
    endloop
  endfacet
  facet normal -7.070839e-001 -7.071297e-001  0.000000e+000
    outer loop
      vertex  2.299352e+003 -2.788787e+002  2.020000e+002
      vertex  2.297938e+003 -2.774645e+002  2.020000e+002
      vertex  2.299352e+003 -2.788787e+002  1.660000e+002
    endloop
  endfacet
  facet normal -7.070839e-001 -7.071297e-001  -0.000000e+000
    outer loop
      vertex  2.299352e+003 -2.788787e+002  1.660000e+002
      vertex  2.297938e+003 -2.774645e+002  2.020000e+002
      vertex  2.297938e+003 -2.774645e+002  1.660000e+002
    endloop
  endfacet
  facet normal  -0.000000e+000  0.000000e+000 -1.000000e+000
    outer loop
      vertex  2.326222e+003 -2.491802e+002  1.660000e+002
      vertex  2.327636e+003 -2.505944e+002  1.660000e+002
      vertex  2.297938e+003 -2.774645e+002  1.660000e+002
    endloop
  endfacet
  facet normal  0.000000e+000  0.000000e+000 -1.000000e+000
    outer loop
      vertex  2.327636e+003 -2.505944e+002  1.660000e+002
      vertex  2.299352e+003 -2.788787e+002  1.660000e+002
      vertex  2.297938e+003 -2.774645e+002  1.660000e+002
    endloop
  endfacet
  facet normal  7.070839e-001  7.071297e-001  0.000000e+000
    outer loop
      vertex  2.327636e+003 -2.505944e+002  1.660000e+002
      vertex  2.326222e+003 -2.491802e+002  1.660000e+002
      vertex  2.327636e+003 -2.505944e+002  2.020000e+002
    endloop
  endfacet
  facet normal  7.070839e-001  7.071297e-001  -0.000000e+000
    outer loop
      vertex  2.327636e+003 -2.505944e+002  2.020000e+002
      vertex  2.326222e+003 -2.491802e+002  1.660000e+002
      vertex  2.326222e+003 -2.491802e+002  2.020000e+002
    endloop
  endfacet
  facet normal  0.000000e+000 -5.202113e-001  8.540376e-001
    outer loop
      vertex  4.487000e+003 -2.797852e+002  3.880759e+002
      vertex  4.601000e+003 -2.797852e+002  3.880759e+002
      vertex  4.487000e+003 -1.624063e+002  4.595737e+002
    endloop
  endfacet
  facet normal  0.000000e+000 -5.202113e-001  8.540376e-001
    outer loop
      vertex  4.487000e+003 -1.624063e+002  4.595737e+002
      vertex  4.601000e+003 -2.797852e+002  3.880759e+002
      vertex  4.601000e+003 -1.624063e+002  4.595737e+002
    endloop
  endfacet
  facet normal  9.238791e-001 -3.826845e-001  0.000000e+000
    outer loop
      vertex  1.250000e+001  8.240000e+002 -3.201028e+002
      vertex  1.250000e+001  8.240000e+002 -3.001028e+002
      vertex  8.838835e+000  8.151612e+002 -3.201028e+002
    endloop
  endfacet
  facet normal  9.238791e-001 -3.826845e-001  0.000000e+000
    outer loop
      vertex  8.838835e+000  8.151612e+002 -3.201028e+002
      vertex  1.250000e+001  8.240000e+002 -3.001028e+002
      vertex  8.838835e+000  8.151612e+002 -3.001028e+002
    endloop
  endfacet
  facet normal  3.826860e-001 -9.238786e-001  0.000000e+000
    outer loop
      vertex  8.838835e+000  8.151612e+002 -3.201028e+002
      vertex  8.838835e+000  8.151612e+002 -3.001028e+002
      vertex -1.339844e-014  8.115000e+002 -3.201028e+002
    endloop
  endfacet
  facet normal  3.826860e-001 -9.238786e-001  0.000000e+000
    outer loop
      vertex -1.339844e-014  8.115000e+002 -3.201028e+002
      vertex  8.838835e+000  8.151612e+002 -3.001028e+002
      vertex -1.339844e-014  8.115000e+002 -3.001028e+002
    endloop
  endfacet
  facet normal -3.826860e-001 -9.238786e-001  -0.000000e+000
    outer loop
      vertex -1.339844e-014  8.115000e+002 -3.201028e+002
      vertex -1.339844e-014  8.115000e+002 -3.001028e+002
      vertex -8.838835e+000  8.151612e+002 -3.201028e+002
    endloop
  endfacet
  facet normal -3.826860e-001 -9.238786e-001  0.000000e+000
    outer loop
      vertex -8.838835e+000  8.151612e+002 -3.201028e+002
      vertex -1.339844e-014  8.115000e+002 -3.001028e+002
      vertex -8.838835e+000  8.151612e+002 -3.001028e+002
    endloop
  endfacet
  facet normal -9.238791e-001 -3.826845e-001  -0.000000e+000
    outer loop
      vertex -8.838835e+000  8.151612e+002 -3.201028e+002
      vertex -8.838835e+000  8.151612e+002 -3.001028e+002
      vertex -1.250000e+001  8.240000e+002 -3.201028e+002
    endloop
  endfacet
  facet normal -9.238791e-001 -3.826845e-001  0.000000e+000
    outer loop
      vertex -1.250000e+001  8.240000e+002 -3.201028e+002
      vertex -8.838835e+000  8.151612e+002 -3.001028e+002
      vertex -1.250000e+001  8.240000e+002 -3.001028e+002
    endloop
  endfacet
  facet normal -9.238791e-001  3.826845e-001  0.000000e+000
    outer loop
      vertex -1.250000e+001  8.240000e+002 -3.201028e+002
      vertex -1.250000e+001  8.240000e+002 -3.001028e+002
      vertex -8.838835e+000  8.328388e+002 -3.201028e+002
    endloop
  endfacet
  facet normal -9.238791e-001  3.826845e-001  0.000000e+000
    outer loop
      vertex -8.838835e+000  8.328388e+002 -3.201028e+002
      vertex -1.250000e+001  8.240000e+002 -3.001028e+002
      vertex -8.838835e+000  8.328388e+002 -3.001028e+002
    endloop
  endfacet
  facet normal -3.826860e-001  9.238786e-001  0.000000e+000
    outer loop
      vertex -8.838835e+000  8.328388e+002 -3.201028e+002
      vertex -8.838835e+000  8.328388e+002 -3.001028e+002
      vertex -7.321156e-012  8.365000e+002 -3.201028e+002
    endloop
  endfacet
  facet normal -3.826860e-001  9.238786e-001  0.000000e+000
    outer loop
      vertex -7.321156e-012  8.365000e+002 -3.201028e+002
      vertex -8.838835e+000  8.328388e+002 -3.001028e+002
      vertex  3.540962e-015  8.365000e+002 -3.001028e+002
    endloop
  endfacet
  facet normal  3.826860e-001  9.238786e-001 -1.401529e-013
    outer loop
      vertex -7.321156e-012  8.365000e+002 -3.201028e+002
      vertex  3.540962e-015  8.365000e+002 -3.001028e+002
      vertex  8.838835e+000  8.328388e+002 -3.201028e+002
    endloop
  endfacet
  facet normal  3.826860e-001  9.238786e-001  0.000000e+000
    outer loop
      vertex  8.838835e+000  8.328388e+002 -3.201028e+002
      vertex  3.540962e-015  8.365000e+002 -3.001028e+002
      vertex  8.838835e+000  8.328388e+002 -3.001028e+002
    endloop
  endfacet
  facet normal  9.238791e-001  3.826845e-001  0.000000e+000
    outer loop
      vertex  8.838835e+000  8.328388e+002 -3.201028e+002
      vertex  8.838835e+000  8.328388e+002 -3.001028e+002
      vertex  1.250000e+001  8.240000e+002 -3.201028e+002
    endloop
  endfacet
  facet normal  9.238791e-001  3.826845e-001  0.000000e+000
    outer loop
      vertex  1.250000e+001  8.240000e+002 -3.201028e+002
      vertex  8.838835e+000  8.328388e+002 -3.001028e+002
      vertex  1.250000e+001  8.240000e+002 -3.001028e+002
    endloop
  endfacet
  facet normal  9.238791e-001 -3.826845e-001  0.000000e+000
    outer loop
      vertex  1.250000e+001  8.240000e+002 -4.081028e+002
      vertex  1.250000e+001  8.240000e+002 -3.631137e+002
      vertex  8.838835e+000  8.151612e+002 -4.081028e+002
    endloop
  endfacet
  facet normal  9.238791e-001 -3.826845e-001  0.000000e+000
    outer loop
      vertex  8.838835e+000  8.151612e+002 -4.081028e+002
      vertex  1.250000e+001  8.240000e+002 -3.631137e+002
      vertex  8.838835e+000  8.151612e+002 -3.631137e+002
    endloop
  endfacet
  facet normal  3.826860e-001 -9.238786e-001  0.000000e+000
    outer loop
      vertex  8.838835e+000  8.151612e+002 -4.081028e+002
      vertex  8.838835e+000  8.151612e+002 -3.631137e+002
      vertex -1.339844e-014  8.115000e+002 -4.081028e+002
    endloop
  endfacet
  facet normal  3.826860e-001 -9.238786e-001  0.000000e+000
    outer loop
      vertex -1.339844e-014  8.115000e+002 -4.081028e+002
      vertex  8.838835e+000  8.151612e+002 -3.631137e+002
      vertex -1.133727e-015  8.115000e+002 -3.631137e+002
    endloop
  endfacet
  facet normal -3.826860e-001 -9.238786e-001  1.043261e-016
    outer loop
      vertex -1.339844e-014  8.115000e+002 -4.081028e+002
      vertex -1.133727e-015  8.115000e+002 -3.631137e+002
      vertex -8.838835e+000  8.151612e+002 -4.081028e+002
    endloop
  endfacet
  facet normal -3.826860e-001 -9.238786e-001  0.000000e+000
    outer loop
      vertex -8.838835e+000  8.151612e+002 -4.081028e+002
      vertex -1.133727e-015  8.115000e+002 -3.631137e+002
      vertex -8.838835e+000  8.151612e+002 -3.631137e+002
    endloop
  endfacet
  facet normal -9.238791e-001 -3.826845e-001  -0.000000e+000
    outer loop
      vertex -8.838835e+000  8.151612e+002 -4.081028e+002
      vertex -8.838835e+000  8.151612e+002 -3.631137e+002
      vertex -1.250000e+001  8.240000e+002 -4.081028e+002
    endloop
  endfacet
  facet normal -9.238791e-001 -3.826845e-001  0.000000e+000
    outer loop
      vertex -1.250000e+001  8.240000e+002 -4.081028e+002
      vertex -8.838835e+000  8.151612e+002 -3.631137e+002
      vertex -1.250000e+001  8.240000e+002 -3.631137e+002
    endloop
  endfacet
  facet normal -9.238791e-001  3.826845e-001  0.000000e+000
    outer loop
      vertex -1.250000e+001  8.240000e+002 -4.081028e+002
      vertex -1.250000e+001  8.240000e+002 -3.631137e+002
      vertex -8.838835e+000  8.328388e+002 -4.081028e+002
    endloop
  endfacet
  facet normal -9.238791e-001  3.826845e-001  0.000000e+000
    outer loop
      vertex -8.838835e+000  8.328388e+002 -4.081028e+002
      vertex -1.250000e+001  8.240000e+002 -3.631137e+002
      vertex -8.838835e+000  8.328388e+002 -3.631137e+002
    endloop
  endfacet
  facet normal -3.826860e-001  9.238786e-001  0.000000e+000
    outer loop
      vertex -8.838835e+000  8.328388e+002 -4.081028e+002
      vertex -8.838835e+000  8.328388e+002 -3.631137e+002
      vertex  3.540962e-015  8.365000e+002 -4.081028e+002
    endloop
  endfacet
  facet normal -3.826860e-001  9.238786e-001  0.000000e+000
    outer loop
      vertex  3.540962e-015  8.365000e+002 -4.081028e+002
      vertex -8.838835e+000  8.328388e+002 -3.631137e+002
      vertex -5.726152e-015  8.365000e+002 -3.631137e+002
    endloop
  endfacet
  facet normal  3.826860e-001  9.238786e-001  7.882791e-017
    outer loop
      vertex  3.540962e-015  8.365000e+002 -4.081028e+002
      vertex -5.726152e-015  8.365000e+002 -3.631137e+002
      vertex  8.838835e+000  8.328388e+002 -4.081028e+002
    endloop
  endfacet
  facet normal  3.826860e-001  9.238786e-001  0.000000e+000
    outer loop
      vertex  8.838835e+000  8.328388e+002 -4.081028e+002
      vertex -5.726152e-015  8.365000e+002 -3.631137e+002
      vertex  8.838835e+000  8.328388e+002 -3.631137e+002
    endloop
  endfacet
  facet normal  9.238791e-001  3.826845e-001  0.000000e+000
    outer loop
      vertex  8.838835e+000  8.328388e+002 -4.081028e+002
      vertex  8.838835e+000  8.328388e+002 -3.631137e+002
      vertex  1.250000e+001  8.240000e+002 -4.081028e+002
    endloop
  endfacet
  facet normal  9.238791e-001  3.826845e-001  0.000000e+000
    outer loop
      vertex  1.250000e+001  8.240000e+002 -4.081028e+002
      vertex  8.838835e+000  8.328388e+002 -3.631137e+002
      vertex  1.250000e+001  8.240000e+002 -3.631137e+002
    endloop
  endfacet
  facet normal -3.162278e-001  0.000000e+000 -9.486833e-001
    outer loop
      vertex  2.326000e+002  3.748000e+002 -2.541137e+002
      vertex  1.726000e+002  3.748000e+002 -2.341137e+002
      vertex  2.926000e+002  4.848000e+002 -2.741137e+002
    endloop
  endfacet
  facet normal -3.162278e-001  0.000000e+000 -9.486833e-001
    outer loop
      vertex  1.726000e+002  3.748000e+002 -2.341137e+002
      vertex  2.326000e+002  4.848000e+002 -2.541137e+002
      vertex  2.926000e+002  4.848000e+002 -2.741137e+002
    endloop
  endfacet
  facet normal -3.162278e-001  -0.000000e+000 -9.486833e-001
    outer loop
      vertex  1.726000e+002  3.748000e+002 -2.341137e+002
      vertex  1.726000e+002  4.848000e+002 -2.341137e+002
      vertex  2.326000e+002  4.848000e+002 -2.541137e+002
    endloop
  endfacet
  facet normal -3.162278e-001  0.000000e+000 -9.486833e-001
    outer loop
      vertex  2.926000e+002  4.848000e+002 -2.741137e+002
      vertex  2.926000e+002  3.748000e+002 -2.741137e+002
      vertex  2.326000e+002  3.748000e+002 -2.541137e+002
    endloop
  endfacet
  facet normal -3.162278e-001  0.000000e+000 -9.486833e-001
    outer loop
      vertex -8.322000e+002  3.748000e+002 -2.541137e+002
      vertex -8.922000e+002  4.848000e+002 -2.341137e+002
      vertex -7.722000e+002  3.748000e+002 -2.741137e+002
    endloop
  endfacet
  facet normal -3.162278e-001  0.000000e+000 -9.486833e-001
    outer loop
      vertex -7.722000e+002  3.748000e+002 -2.741137e+002
      vertex -8.922000e+002  4.848000e+002 -2.341137e+002
      vertex -8.322000e+002  4.848000e+002 -2.541137e+002
    endloop
  endfacet
  facet normal -3.162278e-001  0.000000e+000 -9.486833e-001
    outer loop
      vertex -7.722000e+002  3.748000e+002 -2.741137e+002
      vertex -8.322000e+002  4.848000e+002 -2.541137e+002
      vertex -7.722000e+002  4.848000e+002 -2.741137e+002
    endloop
  endfacet
  facet normal -3.162278e-001  0.000000e+000 -9.486833e-001
    outer loop
      vertex -8.922000e+002  4.848000e+002 -2.341137e+002
      vertex -8.322000e+002  3.748000e+002 -2.541137e+002
      vertex -8.922000e+002  3.748000e+002 -2.341137e+002
    endloop
  endfacet
  facet normal  0.000000e+000 -1.000000e+000  0.000000e+000
    outer loop
      vertex  2.326000e+002 -4.848000e+002 -2.541137e+002
      vertex  2.926000e+002 -4.848000e+002 -2.741137e+002
      vertex  2.926000e+002 -4.848000e+002 -2.541137e+002
    endloop
  endfacet
  facet normal  0.000000e+000  1.000000e+000  0.000000e+000
    outer loop
      vertex  8.160000e+001 -4.848000e+002 -2.341137e+002
      vertex  1.726000e+002 -4.848000e+002 -2.341137e+002
      vertex  8.160000e+001 -4.848000e+002 -2.541137e+002
    endloop
  endfacet
  facet normal  0.000000e+000  1.000000e+000  0.000000e+000
    outer loop
      vertex  1.726000e+002 -4.848000e+002 -2.341137e+002
      vertex  2.326000e+002 -4.848000e+002 -2.541137e+002
      vertex  8.160000e+001 -4.848000e+002 -2.541137e+002
    endloop
  endfacet
  facet normal  1.000000e+000  0.000000e+000  0.000000e+000
    outer loop
      vertex  8.160000e+001 -4.848000e+002 -2.341137e+002
      vertex  8.160000e+001 -4.848000e+002 -2.541137e+002
      vertex  8.160000e+001 -3.748000e+002 -2.341137e+002
    endloop
  endfacet
  facet normal  1.000000e+000  0.000000e+000  0.000000e+000
    outer loop
      vertex  8.160000e+001 -3.748000e+002 -2.341137e+002
      vertex  8.160000e+001 -4.848000e+002 -2.541137e+002
      vertex  8.160000e+001 -3.748000e+002 -2.541137e+002
    endloop
  endfacet
  facet normal  0.000000e+000 -1.000000e+000  0.000000e+000
    outer loop
      vertex  1.726000e+002 -3.748000e+002 -2.341137e+002
      vertex  8.160000e+001 -3.748000e+002 -2.341137e+002
      vertex  2.326000e+002 -3.748000e+002 -2.541137e+002
    endloop
  endfacet
  facet normal  0.000000e+000 -1.000000e+000  0.000000e+000
    outer loop
      vertex  8.160000e+001 -3.748000e+002 -2.341137e+002
      vertex  8.160000e+001 -3.748000e+002 -2.541137e+002
      vertex  2.326000e+002 -3.748000e+002 -2.541137e+002
    endloop
  endfacet
  facet normal  0.000000e+000  1.000000e+000  -0.000000e+000
    outer loop
      vertex  2.926000e+002 -3.748000e+002 -2.541137e+002
      vertex  2.926000e+002 -3.748000e+002 -2.741137e+002
      vertex  2.326000e+002 -3.748000e+002 -2.541137e+002
    endloop
  endfacet
  facet normal  1.000000e+000  -0.000000e+000  0.000000e+000
    outer loop
      vertex  2.926000e+002 -3.748000e+002 -2.541137e+002
      vertex  2.926000e+002 -4.848000e+002 -2.541137e+002
      vertex  2.926000e+002 -3.748000e+002 -2.741137e+002
    endloop
  endfacet
  facet normal  1.000000e+000  0.000000e+000  0.000000e+000
    outer loop
      vertex  2.926000e+002 -4.848000e+002 -2.541137e+002
      vertex  2.926000e+002 -4.848000e+002 -2.741137e+002
      vertex  2.926000e+002 -3.748000e+002 -2.741137e+002
    endloop
  endfacet
  facet normal  0.000000e+000 -1.000000e+000  0.000000e+000
    outer loop
      vertex -8.322000e+002 -4.848000e+002 -2.541137e+002
      vertex -7.722000e+002 -4.848000e+002 -2.741137e+002
      vertex -7.722000e+002 -4.848000e+002 -2.541137e+002
    endloop
  endfacet
  facet normal  0.000000e+000  1.000000e+000  0.000000e+000
    outer loop
      vertex -9.832000e+002 -4.848000e+002 -2.341137e+002
      vertex -8.922000e+002 -4.848000e+002 -2.341137e+002
      vertex -9.832000e+002 -4.848000e+002 -2.541137e+002
    endloop
  endfacet
  facet normal  0.000000e+000  1.000000e+000  0.000000e+000
    outer loop
      vertex -8.922000e+002 -4.848000e+002 -2.341137e+002
      vertex -8.322000e+002 -4.848000e+002 -2.541137e+002
      vertex -9.832000e+002 -4.848000e+002 -2.541137e+002
    endloop
  endfacet
  facet normal  1.000000e+000  0.000000e+000  0.000000e+000
    outer loop
      vertex -9.832000e+002 -4.848000e+002 -2.341137e+002
      vertex -9.832000e+002 -4.848000e+002 -2.541137e+002
      vertex -9.832000e+002 -3.748000e+002 -2.341137e+002
    endloop
  endfacet
  facet normal  1.000000e+000  0.000000e+000  0.000000e+000
    outer loop
      vertex -9.832000e+002 -3.748000e+002 -2.341137e+002
      vertex -9.832000e+002 -4.848000e+002 -2.541137e+002
      vertex -9.832000e+002 -3.748000e+002 -2.541137e+002
    endloop
  endfacet
  facet normal  0.000000e+000 -1.000000e+000  0.000000e+000
    outer loop
      vertex -8.922000e+002 -3.748000e+002 -2.341137e+002
      vertex -9.832000e+002 -3.748000e+002 -2.341137e+002
      vertex -8.322000e+002 -3.748000e+002 -2.541137e+002
    endloop
  endfacet
  facet normal  0.000000e+000 -1.000000e+000  0.000000e+000
    outer loop
      vertex -9.832000e+002 -3.748000e+002 -2.341137e+002
      vertex -9.832000e+002 -3.748000e+002 -2.541137e+002
      vertex -8.322000e+002 -3.748000e+002 -2.541137e+002
    endloop
  endfacet
  facet normal  0.000000e+000  1.000000e+000  -0.000000e+000
    outer loop
      vertex -7.722000e+002 -3.748000e+002 -2.541137e+002
      vertex -7.722000e+002 -3.748000e+002 -2.741137e+002
      vertex -8.322000e+002 -3.748000e+002 -2.541137e+002
    endloop
  endfacet
  facet normal  1.000000e+000  -0.000000e+000  0.000000e+000
    outer loop
      vertex -7.722000e+002 -3.748000e+002 -2.541137e+002
      vertex -7.722000e+002 -4.848000e+002 -2.541137e+002
      vertex -7.722000e+002 -3.748000e+002 -2.741137e+002
    endloop
  endfacet
  facet normal  1.000000e+000  0.000000e+000  0.000000e+000
    outer loop
      vertex -7.722000e+002 -4.848000e+002 -2.541137e+002
      vertex -7.722000e+002 -4.848000e+002 -2.741137e+002
      vertex -7.722000e+002 -3.748000e+002 -2.741137e+002
    endloop
  endfacet
  facet normal  0.000000e+000 -1.000000e+000  0.000000e+000
    outer loop
      vertex -1.545117e+003  4.750000e+001 -2.541137e+002
      vertex -1.545117e+003  4.750000e+001 -3.051137e+002
      vertex -1.499117e+003  4.750000e+001 -2.541137e+002
    endloop
  endfacet
  facet normal  0.000000e+000 -1.000000e+000  0.000000e+000
    outer loop
      vertex -1.545117e+003  4.750000e+001 -3.051137e+002
      vertex -1.499117e+003  4.750000e+001 -3.051137e+002
      vertex -1.499117e+003  4.750000e+001 -2.541137e+002
    endloop
  endfacet
  facet normal -1.000000e+000  0.000000e+000  0.000000e+000
    outer loop
      vertex -1.545117e+003  4.750000e+001 -3.051137e+002
      vertex -1.545117e+003  4.750000e+001 -2.541137e+002
      vertex -1.545117e+003  1.425000e+002 -3.051137e+002
    endloop
  endfacet
  facet normal -1.000000e+000  0.000000e+000  0.000000e+000
    outer loop
      vertex -1.545117e+003  1.425000e+002 -3.051137e+002
      vertex -1.545117e+003  4.750000e+001 -2.541137e+002
      vertex -1.545117e+003  1.425000e+002 -2.541137e+002
    endloop
  endfacet
  facet normal  0.000000e+000  1.000000e+000  -0.000000e+000
    outer loop
      vertex -1.499117e+003  1.425000e+002 -2.541137e+002
      vertex -1.499117e+003  1.425000e+002 -3.051137e+002
      vertex -1.545117e+003  1.425000e+002 -2.541137e+002
    endloop
  endfacet
  facet normal  0.000000e+000  1.000000e+000  0.000000e+000
    outer loop
      vertex -1.499117e+003  1.425000e+002 -3.051137e+002
      vertex -1.545117e+003  1.425000e+002 -3.051137e+002
      vertex -1.545117e+003  1.425000e+002 -2.541137e+002
    endloop
  endfacet
  facet normal  1.000000e+000  0.000000e+000  0.000000e+000
    outer loop
      vertex -1.499117e+003  1.425000e+002 -3.051137e+002
      vertex -1.499117e+003  1.425000e+002 -2.541137e+002
      vertex -1.499117e+003  4.750000e+001 -3.051137e+002
    endloop
  endfacet
  facet normal  1.000000e+000  0.000000e+000  0.000000e+000
    outer loop
      vertex -1.499117e+003  4.750000e+001 -3.051137e+002
      vertex -1.499117e+003  1.425000e+002 -2.541137e+002
      vertex -1.499117e+003  4.750000e+001 -2.541137e+002
    endloop
  endfacet
  facet normal  9.942489e-001 -1.070943e-001  0.000000e+000
    outer loop
      vertex  8.800826e+002 -1.534162e+001 -2.541137e+002
      vertex  8.800826e+002 -1.534162e+001 -6.700000e+002
      vertex  8.827056e+002  9.009265e+000 -2.541137e+002
    endloop
  endfacet
  facet normal  9.942489e-001 -1.070943e-001  0.000000e+000
    outer loop
      vertex  8.827056e+002  9.009265e+000 -2.541137e+002
      vertex  8.800826e+002 -1.534162e+001 -6.700000e+002
      vertex  8.827056e+002  9.009265e+000 -6.700000e+002
    endloop
  endfacet
  facet normal  7.787681e-001  6.273119e-001  -0.000000e+000
    outer loop
      vertex  8.827056e+002  9.009265e+000 -2.541137e+002
      vertex  8.827056e+002  9.009265e+000 -6.700000e+002
      vertex  8.673416e+002  2.808264e+001 -2.541137e+002
    endloop
  endfacet
  facet normal  7.787681e-001  6.273119e-001  0.000000e+000
    outer loop
      vertex  8.673416e+002  2.808264e+001 -2.541137e+002
      vertex  8.827056e+002  9.009265e+000 -6.700000e+002
      vertex  8.673416e+002  2.808264e+001 -6.700000e+002
    endloop
  endfacet
  facet normal  1.070951e-001  9.942488e-001  -0.000000e+000
    outer loop
      vertex  8.673416e+002  2.808264e+001 -2.541137e+002
      vertex  8.673416e+002  2.808264e+001 -6.700000e+002
      vertex  8.429907e+002  3.070559e+001 -2.541137e+002
    endloop
  endfacet
  facet normal  1.070951e-001  9.942488e-001  0.000000e+000
    outer loop
      vertex  8.429907e+002  3.070559e+001 -2.541137e+002
      vertex  8.673416e+002  2.808264e+001 -6.700000e+002
      vertex  8.429907e+002  3.070559e+001 -6.700000e+002
    endloop
  endfacet
  facet normal -6.273126e-001  7.787676e-001  0.000000e+000
    outer loop
      vertex  8.429907e+002  3.070559e+001 -2.541137e+002
      vertex  8.429907e+002  3.070559e+001 -6.700000e+002
      vertex  8.239174e+002  1.534162e+001 -2.541137e+002
    endloop
  endfacet
  facet normal -6.273126e-001  7.787676e-001  0.000000e+000
    outer loop
      vertex  8.239174e+002  1.534162e+001 -2.541137e+002
      vertex  8.429907e+002  3.070559e+001 -6.700000e+002
      vertex  8.239174e+002  1.534162e+001 -6.700000e+002
    endloop
  endfacet
  facet normal -9.942489e-001  1.070943e-001  0.000000e+000
    outer loop
      vertex  8.239174e+002  1.534162e+001 -2.541137e+002
      vertex  8.239174e+002  1.534162e+001 -6.700000e+002
      vertex  8.212944e+002 -9.009265e+000 -2.541137e+002
    endloop
  endfacet
  facet normal -9.942489e-001  1.070943e-001  0.000000e+000
    outer loop
      vertex  8.212944e+002 -9.009265e+000 -2.541137e+002
      vertex  8.239174e+002  1.534162e+001 -6.700000e+002
      vertex  8.212944e+002 -9.009265e+000 -6.700000e+002
    endloop
  endfacet
  facet normal -7.787681e-001 -6.273119e-001  0.000000e+000
    outer loop
      vertex  8.212944e+002 -9.009265e+000 -2.541137e+002
      vertex  8.212944e+002 -9.009265e+000 -6.700000e+002
      vertex  8.366584e+002 -2.808264e+001 -2.541137e+002
    endloop
  endfacet
  facet normal -7.787681e-001 -6.273119e-001  0.000000e+000
    outer loop
      vertex  8.366584e+002 -2.808264e+001 -2.541137e+002
      vertex  8.212944e+002 -9.009265e+000 -6.700000e+002
      vertex  8.366584e+002 -2.808264e+001 -6.700000e+002
    endloop
  endfacet
  facet normal -1.070951e-001 -9.942488e-001  0.000000e+000
    outer loop
      vertex  8.366584e+002 -2.808264e+001 -2.541137e+002
      vertex  8.366584e+002 -2.808264e+001 -6.700000e+002
      vertex  8.610093e+002 -3.070559e+001 -2.541137e+002
    endloop
  endfacet
  facet normal -1.070951e-001 -9.942488e-001  0.000000e+000
    outer loop
      vertex  8.610093e+002 -3.070559e+001 -2.541137e+002
      vertex  8.366584e+002 -2.808264e+001 -6.700000e+002
      vertex  8.610093e+002 -3.070559e+001 -6.700000e+002
    endloop
  endfacet
  facet normal  6.273126e-001 -7.787676e-001  0.000000e+000
    outer loop
      vertex  8.610093e+002 -3.070559e+001 -2.541137e+002
      vertex  8.610093e+002 -3.070559e+001 -6.700000e+002
      vertex  8.800826e+002 -1.534162e+001 -2.541137e+002
    endloop
  endfacet
  facet normal  6.273126e-001 -7.787676e-001  0.000000e+000
    outer loop
      vertex  8.800826e+002 -1.534162e+001 -2.541137e+002
      vertex  8.610093e+002 -3.070559e+001 -6.700000e+002
      vertex  8.800826e+002 -1.534162e+001 -6.700000e+002
    endloop
  endfacet
  facet normal  7.092198e-001 -7.049873e-001  0.000000e+000
    outer loop
      vertex  2.842171e-014 -7.049873e+001 -2.571137e+002
      vertex  7.007801e+001  5.684342e-014 -2.571137e+002
      vertex  2.842171e-014 -7.049873e+001 -2.541137e+002
    endloop
  endfacet
  facet normal  7.092198e-001 -7.049873e-001 -4.007389e-014
    outer loop
      vertex  7.007801e+001  5.684342e-014 -2.571137e+002
      vertex  7.007801e+001 -1.136868e-013 -2.541137e+002
      vertex  2.842171e-014 -7.049873e+001 -2.541137e+002
    endloop
  endfacet
  facet normal -7.049873e-001 -7.092199e-001  -0.000000e+000
    outer loop
      vertex  2.842171e-014 -7.049873e+001 -2.571137e+002
      vertex  2.842171e-014 -7.049873e+001 -2.541137e+002
      vertex -7.092199e+001 -4.263256e-014 -2.571137e+002
    endloop
  endfacet
  facet normal -7.049873e-001 -7.092199e-001  0.000000e+000
    outer loop
      vertex -7.092199e+001 -4.263256e-014 -2.571137e+002
      vertex  2.842171e-014 -7.049873e+001 -2.541137e+002
      vertex -7.092199e+001  0.000000e+000 -2.541137e+002
    endloop
  endfacet
  facet normal -7.092198e-001  7.049874e-001  0.000000e+000
    outer loop
      vertex -8.439716e-001  7.049873e+001 -2.571137e+002
      vertex -7.092199e+001 -4.263256e-014 -2.571137e+002
      vertex -8.439716e-001  7.049873e+001 -2.541137e+002
    endloop
  endfacet
  facet normal -7.092198e-001  7.049874e-001 -1.001847e-014
    outer loop
      vertex -7.092199e+001 -4.263256e-014 -2.571137e+002
      vertex -7.092199e+001  0.000000e+000 -2.541137e+002
      vertex -8.439716e-001  7.049873e+001 -2.541137e+002
    endloop
  endfacet
  facet normal  7.049873e-001  7.092198e-001  0.000000e+000
    outer loop
      vertex -8.439716e-001  7.049873e+001 -2.571137e+002
      vertex -8.439716e-001  7.049873e+001 -2.541137e+002
      vertex  7.007801e+001  5.684342e-014 -2.571137e+002
    endloop
  endfacet
  facet normal  7.049873e-001  7.092198e-001  0.000000e+000
    outer loop
      vertex  7.007801e+001  5.684342e-014 -2.571137e+002
      vertex -8.439716e-001  7.049873e+001 -2.541137e+002
      vertex  7.007801e+001 -1.136868e-013 -2.541137e+002
    endloop
  endfacet
  facet normal  9.238795e-001  3.826833e-001  -0.000000e+000
    outer loop
      vertex  9.900000e+002 -2.400000e+002 -2.541137e+002
      vertex  9.900000e+002 -2.400000e+002 -2.591137e+002
      vertex  9.507523e+002 -1.452477e+002 -2.541137e+002
    endloop
  endfacet
  facet normal  9.238795e-001  3.826833e-001  0.000000e+000
    outer loop
      vertex  9.507523e+002 -1.452477e+002 -2.541137e+002
      vertex  9.900000e+002 -2.400000e+002 -2.591137e+002
      vertex  9.507523e+002 -1.452477e+002 -2.591137e+002
    endloop
  endfacet
  facet normal  3.826834e-001  9.238796e-001  -0.000000e+000
    outer loop
      vertex  9.507523e+002 -1.452477e+002 -2.541137e+002
      vertex  9.507523e+002 -1.452477e+002 -2.591137e+002
      vertex  8.560000e+002 -1.060000e+002 -2.541137e+002
    endloop
  endfacet
  facet normal  3.826834e-001  9.238796e-001  0.000000e+000
    outer loop
      vertex  8.560000e+002 -1.060000e+002 -2.541137e+002
      vertex  9.507523e+002 -1.452477e+002 -2.591137e+002
      vertex  8.560000e+002 -1.060000e+002 -2.591137e+002
    endloop
  endfacet
  facet normal -3.826834e-001  9.238796e-001  0.000000e+000
    outer loop
      vertex  8.560000e+002 -1.060000e+002 -2.541137e+002
      vertex  8.560000e+002 -1.060000e+002 -2.591137e+002
      vertex  7.612477e+002 -1.452477e+002 -2.541137e+002
    endloop
  endfacet
  facet normal -3.826834e-001  9.238796e-001  0.000000e+000
    outer loop
      vertex  7.612477e+002 -1.452477e+002 -2.541137e+002
      vertex  8.560000e+002 -1.060000e+002 -2.591137e+002
      vertex  7.612477e+002 -1.452477e+002 -2.591137e+002
    endloop
  endfacet
  facet normal -9.238795e-001  3.826833e-001  0.000000e+000
    outer loop
      vertex  7.612477e+002 -1.452477e+002 -2.541137e+002
      vertex  7.612477e+002 -1.452477e+002 -2.591137e+002
      vertex  7.220000e+002 -2.400000e+002 -2.541137e+002
    endloop
  endfacet
  facet normal -9.238795e-001  3.826833e-001  0.000000e+000
    outer loop
      vertex  7.220000e+002 -2.400000e+002 -2.541137e+002
      vertex  7.612477e+002 -1.452477e+002 -2.591137e+002
      vertex  7.220000e+002 -2.400000e+002 -2.591137e+002
    endloop
  endfacet
  facet normal -9.238796e-001 -3.826833e-001  0.000000e+000
    outer loop
      vertex  7.220000e+002 -2.400000e+002 -2.541137e+002
      vertex  7.220000e+002 -2.400000e+002 -2.591137e+002
      vertex  7.612477e+002 -3.347523e+002 -2.541137e+002
    endloop
  endfacet
  facet normal -9.238796e-001 -3.826833e-001  0.000000e+000
    outer loop
      vertex  7.612477e+002 -3.347523e+002 -2.541137e+002
      vertex  7.220000e+002 -2.400000e+002 -2.591137e+002
      vertex  7.612477e+002 -3.347523e+002 -2.591137e+002
    endloop
  endfacet
  facet normal -3.826833e-001 -9.238796e-001  0.000000e+000
    outer loop
      vertex  7.612477e+002 -3.347523e+002 -2.541137e+002
      vertex  7.612477e+002 -3.347523e+002 -2.591137e+002
      vertex  8.560000e+002 -3.740000e+002 -2.541137e+002
    endloop
  endfacet
  facet normal -3.826833e-001 -9.238796e-001  0.000000e+000
    outer loop
      vertex  8.560000e+002 -3.740000e+002 -2.541137e+002
      vertex  7.612477e+002 -3.347523e+002 -2.591137e+002
      vertex  8.560000e+002 -3.740000e+002 -2.591137e+002
    endloop
  endfacet
  facet normal  3.826833e-001 -9.238796e-001  0.000000e+000
    outer loop
      vertex  8.560000e+002 -3.740000e+002 -2.541137e+002
      vertex  8.560000e+002 -3.740000e+002 -2.591137e+002
      vertex  9.507523e+002 -3.347523e+002 -2.541137e+002
    endloop
  endfacet
  facet normal  3.826833e-001 -9.238796e-001  0.000000e+000
    outer loop
      vertex  9.507523e+002 -3.347523e+002 -2.541137e+002
      vertex  8.560000e+002 -3.740000e+002 -2.591137e+002
      vertex  9.507523e+002 -3.347523e+002 -2.591137e+002
    endloop
  endfacet
  facet normal  9.238796e-001 -3.826833e-001  0.000000e+000
    outer loop
      vertex  9.507523e+002 -3.347523e+002 -2.541137e+002
      vertex  9.507523e+002 -3.347523e+002 -2.591137e+002
      vertex  9.900000e+002 -2.400000e+002 -2.541137e+002
    endloop
  endfacet
  facet normal  9.238796e-001 -3.826833e-001  0.000000e+000
    outer loop
      vertex  9.900000e+002 -2.400000e+002 -2.541137e+002
      vertex  9.507523e+002 -3.347523e+002 -2.591137e+002
      vertex  9.900000e+002 -2.400000e+002 -2.591137e+002
    endloop
  endfacet
  facet normal -1.000000e+000  -0.000000e+000  0.000000e+000
    outer loop
      vertex -2.915000e+001 -8.390000e+002 -3.201028e+002
      vertex -2.915000e+001 -7.665073e+002 -3.201028e+002
      vertex -2.915000e+001 -8.390000e+002 -3.631137e+002
    endloop
  endfacet
  facet normal -1.000000e+000  0.000000e+000  0.000000e+000
    outer loop
      vertex -2.915000e+001 -7.665073e+002 -3.201028e+002
      vertex -2.915000e+001 -6.413981e+002 -3.631137e+002
      vertex -2.915000e+001 -8.390000e+002 -3.631137e+002
    endloop
  endfacet
  facet normal -1.000000e+000  0.000000e+000  0.000000e+000
    outer loop
      vertex -2.915000e+001 -7.665073e+002 -3.201028e+002
      vertex -2.915000e+001 -4.820000e+002 -2.710852e+002
      vertex -2.915000e+001 -6.413981e+002 -3.631137e+002
    endloop
  endfacet
  facet normal -1.000000e+000  0.000000e+000  -0.000000e+000
    outer loop
      vertex -2.915000e+001 -7.665073e+002 -3.201028e+002
      vertex -2.915000e+001 -7.009753e+002 -2.541137e+002
      vertex -2.915000e+001 -4.820000e+002 -2.710852e+002
    endloop
  endfacet
  facet normal -9.999999e-001  -0.000000e+000  -0.000000e+000
    outer loop
      vertex -2.915000e+001 -7.009753e+002 -2.541137e+002
      vertex -2.915000e+001 -4.820000e+002 -2.541137e+002
      vertex -2.915000e+001 -4.820000e+002 -2.710852e+002
    endloop
  endfacet
  facet normal  0.000000e+000  9.999999e-001  0.000000e+000
    outer loop
      vertex -2.915000e+001 -4.820000e+002 -2.541137e+002
      vertex  2.915000e+001 -4.820000e+002 -2.541137e+002
      vertex -2.915000e+001 -4.820000e+002 -2.710852e+002
    endloop
  endfacet
  facet normal  0.000000e+000  9.999999e-001  -0.000000e+000
    outer loop
      vertex  2.915000e+001 -4.820000e+002 -2.541137e+002
      vertex  2.915000e+001 -4.820000e+002 -2.710852e+002
      vertex -2.915000e+001 -4.820000e+002 -2.710852e+002
    endloop
  endfacet
  facet normal  1.000000e+000  0.000000e+000  0.000000e+000
    outer loop
      vertex  2.915000e+001  8.390000e+002 -3.631137e+002
      vertex  2.915000e+001  8.390000e+002 -3.201028e+002
      vertex  2.915000e+001  6.413981e+002 -3.631137e+002
    endloop
  endfacet
  facet normal  1.000000e+000  0.000000e+000  0.000000e+000
    outer loop
      vertex  2.915000e+001  6.413981e+002 -3.631137e+002
      vertex  2.915000e+001  8.390000e+002 -3.201028e+002
      vertex  2.915000e+001  7.665073e+002 -3.201028e+002
    endloop
  endfacet
  facet normal  1.000000e+000  0.000000e+000  0.000000e+000
    outer loop
      vertex  2.915000e+001  6.413981e+002 -3.631137e+002
      vertex  2.915000e+001  7.665073e+002 -3.201028e+002
      vertex  2.915000e+001  4.820000e+002 -2.710852e+002
    endloop
  endfacet
  facet normal  1.000000e+000  0.000000e+000  0.000000e+000
    outer loop
      vertex  2.915000e+001  4.820000e+002 -2.710852e+002
      vertex  2.915000e+001  7.665073e+002 -3.201028e+002
      vertex  2.915000e+001  4.820000e+002 -2.541137e+002
    endloop
  endfacet
  facet normal  1.000000e+000  0.000000e+000  0.000000e+000
    outer loop
      vertex  2.915000e+001  4.820000e+002 -2.541137e+002
      vertex  2.915000e+001  7.665073e+002 -3.201028e+002
      vertex  2.915000e+001  7.009753e+002 -2.541137e+002
    endloop
  endfacet
  facet normal  1.000000e+000  0.000000e+000  0.000000e+000
    outer loop
      vertex  2.915000e+001 -8.390000e+002 -3.201028e+002
      vertex  2.915000e+001 -8.390000e+002 -3.631137e+002
      vertex  2.915000e+001 -7.665073e+002 -3.201028e+002
    endloop
  endfacet
  facet normal  1.000000e+000  0.000000e+000  0.000000e+000
    outer loop
      vertex  2.915000e+001 -7.665073e+002 -3.201028e+002
      vertex  2.915000e+001 -8.390000e+002 -3.631137e+002
      vertex  2.915000e+001 -6.413981e+002 -3.631137e+002
    endloop
  endfacet
  facet normal  1.000000e+000  0.000000e+000  -0.000000e+000
    outer loop
      vertex  2.915000e+001 -7.665073e+002 -3.201028e+002
      vertex  2.915000e+001 -6.413981e+002 -3.631137e+002
      vertex  2.915000e+001 -4.820000e+002 -2.710852e+002
    endloop
  endfacet
  facet normal  1.000000e+000  0.000000e+000  0.000000e+000
    outer loop
      vertex  2.915000e+001 -7.665073e+002 -3.201028e+002
      vertex  2.915000e+001 -4.820000e+002 -2.710852e+002
      vertex  2.915000e+001 -7.009753e+002 -2.541137e+002
    endloop
  endfacet
  facet normal  9.999999e-001  0.000000e+000  -0.000000e+000
    outer loop
      vertex  2.915000e+001 -7.009753e+002 -2.541137e+002
      vertex  2.915000e+001 -4.820000e+002 -2.710852e+002
      vertex  2.915000e+001 -4.820000e+002 -2.541137e+002
    endloop
  endfacet
  facet normal  1.000000e+000  0.000000e+000  0.000000e+000
    outer loop
      vertex  2.219577e+003 -1.775000e+002  3.760000e+002
      vertex  2.219577e+003 -1.775000e+002  3.610000e+002
      vertex  2.219577e+003  1.775000e+002  3.760000e+002
    endloop
  endfacet
  facet normal  1.000000e+000  0.000000e+000  0.000000e+000
    outer loop
      vertex  2.219577e+003  1.775000e+002  3.760000e+002
      vertex  2.219577e+003 -1.775000e+002  3.610000e+002
      vertex  2.219577e+003  1.775000e+002  3.610000e+002
    endloop
  endfacet
  facet normal -1.000000e+000  0.000000e+000  0.000000e+000
    outer loop
      vertex -1.673250e+003  5.000000e+002 -3.911372e+001
      vertex -1.673250e+003  5.000000e+002  1.413629e+001
      vertex -1.673250e+003  5.500000e+002 -3.911372e+001
    endloop
  endfacet
  facet normal -1.000000e+000  -0.000000e+000  -0.000000e+000
    outer loop
      vertex -1.673250e+003  5.000000e+002  1.413629e+001
      vertex -1.673250e+003  5.500000e+002  1.413629e+001
      vertex -1.673250e+003  5.500000e+002 -3.911372e+001
    endloop
  endfacet
  facet normal -7.071068e-001 -7.071068e-001  -0.000000e+000
    outer loop
      vertex -1.622194e+003 -7.079479e+002 -2.491137e+002
      vertex -1.622194e+003 -7.079479e+002 -2.131137e+002
      vertex -1.629265e+003 -7.008769e+002 -2.491137e+002
    endloop
  endfacet
  facet normal -7.071068e-001 -7.071068e-001  -0.000000e+000
    outer loop
      vertex -1.622194e+003 -7.079479e+002 -2.131137e+002
      vertex -1.629265e+003 -7.008769e+002 -2.131137e+002
      vertex -1.629265e+003 -7.008769e+002 -2.491137e+002
    endloop
  endfacet
  facet normal -7.071068e-001 -7.071068e-001  -0.000000e+000
    outer loop
      vertex -1.592142e+003 -7.380000e+002 -2.541137e+002
      vertex -1.592142e+003 -7.380000e+002 -2.081137e+002
      vertex -1.595677e+003 -7.344645e+002 -2.491137e+002
    endloop
  endfacet
  facet normal -7.071068e-001 -7.071068e-001  -0.000000e+000
    outer loop
      vertex -1.592142e+003 -7.380000e+002 -2.081137e+002
      vertex -1.595677e+003 -7.344645e+002 -2.131137e+002
      vertex -1.595677e+003 -7.344645e+002 -2.491137e+002
    endloop
  endfacet
  facet normal -7.071068e-001 -7.071068e-001  0.000000e+000
    outer loop
      vertex -1.659142e+003 -6.710000e+002 -2.081137e+002
      vertex -1.595677e+003 -7.344645e+002 -2.131137e+002
      vertex -1.592142e+003 -7.380000e+002 -2.081137e+002
    endloop
  endfacet
  facet normal -7.071059e-001 -7.071076e-001  2.050776e-005
    outer loop
      vertex -1.659142e+003 -6.710000e+002 -2.081137e+002
      vertex -1.622194e+003 -7.079479e+002 -2.131137e+002
      vertex -1.595677e+003 -7.344645e+002 -2.131137e+002
    endloop
  endfacet
  facet normal -7.071068e-001 -7.071068e-001  8.544949e-006
    outer loop
      vertex -1.659142e+003 -6.710000e+002 -2.081137e+002
      vertex -1.629265e+003 -7.008769e+002 -2.131137e+002
      vertex -1.622194e+003 -7.079479e+002 -2.131137e+002
    endloop
  endfacet
  facet normal -7.071077e-001 -7.071060e-001 -1.146899e-006
    outer loop
      vertex -1.659142e+003 -6.710000e+002 -2.081137e+002
      vertex -1.655606e+003 -6.745355e+002 -2.131137e+002
      vertex -1.629265e+003 -7.008769e+002 -2.131137e+002
    endloop
  endfacet
  facet normal -7.071068e-001 -7.071068e-001  0.000000e+000
    outer loop
      vertex -1.659142e+003 -6.710000e+002 -2.081137e+002
      vertex -1.655606e+003 -6.745355e+002 -2.491137e+002
      vertex -1.655606e+003 -6.745355e+002 -2.131137e+002
    endloop
  endfacet
  facet normal -7.071068e-001 -7.071068e-001  0.000000e+000
    outer loop
      vertex -1.659142e+003 -6.710000e+002 -2.081137e+002
      vertex -1.659142e+003 -6.710000e+002 -2.541137e+002
      vertex -1.655606e+003 -6.745355e+002 -2.491137e+002
    endloop
  endfacet
  facet normal -7.071077e-001 -7.071060e-001  9.830566e-007
    outer loop
      vertex -1.659142e+003 -6.710000e+002 -2.541137e+002
      vertex -1.629265e+003 -7.008769e+002 -2.491137e+002
      vertex -1.655606e+003 -6.745355e+002 -2.491137e+002
    endloop
  endfacet
  facet normal -7.071068e-001 -7.071068e-001 -8.544949e-006
    outer loop
      vertex -1.659142e+003 -6.710000e+002 -2.541137e+002
      vertex -1.622194e+003 -7.079479e+002 -2.491137e+002
      vertex -1.629265e+003 -7.008769e+002 -2.491137e+002
    endloop
  endfacet
  facet normal -7.071059e-001 -7.071076e-001 -2.083328e-005
    outer loop
      vertex -1.659142e+003 -6.710000e+002 -2.541137e+002
      vertex -1.595677e+003 -7.344645e+002 -2.491137e+002
      vertex -1.622194e+003 -7.079479e+002 -2.491137e+002
    endloop
  endfacet
  facet normal -7.071068e-001 -7.071068e-001  0.000000e+000
    outer loop
      vertex -1.659142e+003 -6.710000e+002 -2.541137e+002
      vertex -1.592142e+003 -7.380000e+002 -2.541137e+002
      vertex -1.595677e+003 -7.344645e+002 -2.491137e+002
    endloop
  endfacet
  facet normal -7.071068e-001  7.071068e-001  0.000000e+000
    outer loop
      vertex -1.622194e+003  7.079479e+002 -2.491137e+002
      vertex -1.629265e+003  7.008769e+002 -2.491137e+002
      vertex -1.622194e+003  7.079479e+002 -2.131137e+002
    endloop
  endfacet
  facet normal -7.071068e-001  7.071068e-001  0.000000e+000
    outer loop
      vertex -1.622194e+003  7.079479e+002 -2.131137e+002
      vertex -1.629265e+003  7.008769e+002 -2.491137e+002
      vertex -1.629265e+003  7.008769e+002 -2.131137e+002
    endloop
  endfacet
  facet normal -7.071068e-001  7.071068e-001  0.000000e+000
    outer loop
      vertex -1.592142e+003  7.380000e+002 -2.541137e+002
      vertex -1.595677e+003  7.344645e+002 -2.491137e+002
      vertex -1.592142e+003  7.380000e+002 -2.081137e+002
    endloop
  endfacet
  facet normal -7.071068e-001  7.071068e-001  0.000000e+000
    outer loop
      vertex -1.592142e+003  7.380000e+002 -2.081137e+002
      vertex -1.595677e+003  7.344645e+002 -2.491137e+002
      vertex -1.595677e+003  7.344645e+002 -2.131137e+002
    endloop
  endfacet
  facet normal -7.071068e-001  7.071068e-001  0.000000e+000
    outer loop
      vertex -1.659142e+003  6.710000e+002 -2.081137e+002
      vertex -1.592142e+003  7.380000e+002 -2.081137e+002
      vertex -1.595677e+003  7.344645e+002 -2.131137e+002
    endloop
  endfacet
  facet normal -7.071059e-001  7.071076e-001  2.083328e-005
    outer loop
      vertex -1.659142e+003  6.710000e+002 -2.081137e+002
      vertex -1.595677e+003  7.344645e+002 -2.131137e+002
      vertex -1.622194e+003  7.079479e+002 -2.131137e+002
    endloop
  endfacet
  facet normal -7.071068e-001  7.071068e-001  8.544949e-006
    outer loop
      vertex -1.659142e+003  6.710000e+002 -2.081137e+002
      vertex -1.622194e+003  7.079479e+002 -2.131137e+002
      vertex -1.629265e+003  7.008769e+002 -2.131137e+002
    endloop
  endfacet
  facet normal -7.071077e-001  7.071060e-001 -9.830566e-007
    outer loop
      vertex -1.659142e+003  6.710000e+002 -2.081137e+002
      vertex -1.629265e+003  7.008769e+002 -2.131137e+002
      vertex -1.655606e+003  6.745355e+002 -2.131137e+002
    endloop
  endfacet
  facet normal -7.071068e-001  7.071068e-001  0.000000e+000
    outer loop
      vertex -1.659142e+003  6.710000e+002 -2.081137e+002
      vertex -1.655606e+003  6.745355e+002 -2.131137e+002
      vertex -1.655606e+003  6.745355e+002 -2.491137e+002
    endloop
  endfacet
  facet normal -7.071068e-001  7.071068e-001  0.000000e+000
    outer loop
      vertex -1.659142e+003  6.710000e+002 -2.081137e+002
      vertex -1.655606e+003  6.745355e+002 -2.491137e+002
      vertex -1.659142e+003  6.710000e+002 -2.541137e+002
    endloop
  endfacet
  facet normal -7.071077e-001  7.071060e-001  1.146899e-006
    outer loop
      vertex -1.659142e+003  6.710000e+002 -2.541137e+002
      vertex -1.655606e+003  6.745355e+002 -2.491137e+002
      vertex -1.629265e+003  7.008769e+002 -2.491137e+002
    endloop
  endfacet
  facet normal -7.071068e-001  7.071068e-001 -8.544949e-006
    outer loop
      vertex -1.659142e+003  6.710000e+002 -2.541137e+002
      vertex -1.629265e+003  7.008769e+002 -2.491137e+002
      vertex -1.622194e+003  7.079479e+002 -2.491137e+002
    endloop
  endfacet
  facet normal -7.071059e-001  7.071076e-001 -2.050776e-005
    outer loop
      vertex -1.659142e+003  6.710000e+002 -2.541137e+002
      vertex -1.622194e+003  7.079479e+002 -2.491137e+002
      vertex -1.595677e+003  7.344645e+002 -2.491137e+002
    endloop
  endfacet
  facet normal -7.071068e-001  7.071068e-001  0.000000e+000
    outer loop
      vertex -1.659142e+003  6.710000e+002 -2.541137e+002
      vertex -1.595677e+003  7.344645e+002 -2.491137e+002
      vertex -1.592142e+003  7.380000e+002 -2.541137e+002
    endloop
  endfacet
  facet normal -1.000000e+000  0.000000e+000  0.000000e+000
    outer loop
      vertex -2.915000e+001  8.390000e+002 -3.631137e+002
      vertex -2.915000e+001  6.413981e+002 -3.631137e+002
      vertex -2.915000e+001  8.390000e+002 -3.201028e+002
    endloop
  endfacet
  facet normal -1.000000e+000  0.000000e+000  -0.000000e+000
    outer loop
      vertex -2.915000e+001  6.413981e+002 -3.631137e+002
      vertex -2.915000e+001  7.665073e+002 -3.201028e+002
      vertex -2.915000e+001  8.390000e+002 -3.201028e+002
    endloop
  endfacet
  facet normal -1.000000e+000  0.000000e+000  0.000000e+000
    outer loop
      vertex -2.915000e+001  6.413981e+002 -3.631137e+002
      vertex -2.915000e+001  4.820000e+002 -2.710852e+002
      vertex -2.915000e+001  7.665073e+002 -3.201028e+002
    endloop
  endfacet
  facet normal -1.000000e+000  0.000000e+000  0.000000e+000
    outer loop
      vertex -2.915000e+001  4.820000e+002 -2.710852e+002
      vertex -2.915000e+001  4.820000e+002 -2.541137e+002
      vertex -2.915000e+001  7.665073e+002 -3.201028e+002
    endloop
  endfacet
  facet normal -1.000000e+000  -0.000000e+000  -0.000000e+000
    outer loop
      vertex -2.915000e+001  4.820000e+002 -2.541137e+002
      vertex -2.915000e+001  7.009753e+002 -2.541137e+002
      vertex -2.915000e+001  7.665073e+002 -3.201028e+002
    endloop
  endfacet
  facet normal  1.308858e-001 -9.238795e-001 -3.596047e-001
    outer loop
      vertex -1.748218e+003 -7.000000e+001  2.764277e+002
      vertex -1.752917e+003 -7.000000e+001  2.747176e+002
      vertex -1.731289e+003 -4.949747e+001  2.299153e+002
    endloop
  endfacet
  facet normal  1.308848e-001 -9.238795e-001 -3.596053e-001
    outer loop
      vertex -1.731289e+003 -4.949747e+001  2.299153e+002
      vertex -1.752917e+003 -7.000000e+001  2.747176e+002
      vertex -1.735988e+003 -4.949747e+001  2.282052e+002
    endloop
  endfacet
  facet normal  3.159836e-001 -3.826837e-001 -8.681633e-001
    outer loop
      vertex -1.731289e+003 -4.949747e+001  2.299153e+002
      vertex -1.735988e+003 -4.949747e+001  2.282052e+002
      vertex -1.724277e+003  1.372038e-013  2.106492e+002
    endloop
  endfacet
  facet normal  3.159837e-001 -3.826837e-001 -8.681633e-001
    outer loop
      vertex -1.724277e+003  1.372038e-013  2.106492e+002
      vertex -1.735988e+003 -4.949747e+001  2.282052e+002
      vertex -1.728975e+003  1.285879e-014  2.089391e+002
    endloop
  endfacet
  facet normal  3.159836e-001  3.826837e-001 -8.681633e-001
    outer loop
      vertex -1.724277e+003  1.372038e-013  2.106492e+002
      vertex -1.728975e+003  1.285879e-014  2.089391e+002
      vertex -1.731289e+003  4.949747e+001  2.299153e+002
    endloop
  endfacet
  facet normal  3.159835e-001  3.826837e-001 -8.681634e-001
    outer loop
      vertex -1.731289e+003  4.949747e+001  2.299153e+002
      vertex -1.728975e+003  1.285879e-014  2.089391e+002
      vertex -1.735988e+003  4.949747e+001  2.282052e+002
    endloop
  endfacet
  facet normal  1.308847e-001  9.238794e-001 -3.596051e-001
    outer loop
      vertex -1.731289e+003  4.949747e+001  2.299153e+002
      vertex -1.735988e+003  4.949747e+001  2.282052e+002
      vertex -1.748218e+003  7.000000e+001  2.764277e+002
    endloop
  endfacet
  facet normal  1.308858e-001  9.238794e-001 -3.596049e-001
    outer loop
      vertex -1.748218e+003  7.000000e+001  2.764277e+002
      vertex -1.735988e+003  4.949747e+001  2.282052e+002
      vertex -1.752917e+003  7.000000e+001  2.747176e+002
    endloop
  endfacet
  facet normal -1.308857e-001  9.238795e-001  3.596047e-001
    outer loop
      vertex -1.748218e+003  7.000000e+001  2.764277e+002
      vertex -1.752917e+003  7.000000e+001  2.747176e+002
      vertex -1.765147e+003  4.949747e+001  3.229401e+002
    endloop
  endfacet
  facet normal -1.308837e-001  9.238796e-001  3.596053e-001
    outer loop
      vertex -1.765147e+003  4.949747e+001  3.229401e+002
      vertex -1.752917e+003  7.000000e+001  2.747176e+002
      vertex -1.769846e+003  4.949747e+001  3.212300e+002
    endloop
  endfacet
  facet normal -3.159811e-001  3.826832e-001  8.681644e-001
    outer loop
      vertex -1.765147e+003  4.949747e+001  3.229401e+002
      vertex -1.769846e+003  4.949747e+001  3.212300e+002
      vertex -1.772160e+003 -4.286264e-015  3.422061e+002
    endloop
  endfacet
  facet normal -3.159862e-001  3.826828e-001  8.681628e-001
    outer loop
      vertex -1.772160e+003 -4.286264e-015  3.422061e+002
      vertex -1.769846e+003  4.949747e+001  3.212300e+002
      vertex -1.776858e+003 -4.286264e-015  3.404960e+002
    endloop
  endfacet
  facet normal -3.159862e-001 -3.826832e-001  8.681626e-001
    outer loop
      vertex -1.772160e+003 -4.286264e-015  3.422061e+002
      vertex -1.776858e+003 -4.286264e-015  3.404960e+002
      vertex -1.765147e+003 -4.949747e+001  3.229401e+002
    endloop
  endfacet
  facet normal -3.159812e-001 -3.826828e-001  8.681646e-001
    outer loop
      vertex -1.765147e+003 -4.949747e+001  3.229401e+002
      vertex -1.776858e+003 -4.286264e-015  3.404960e+002
      vertex -1.769846e+003 -4.949747e+001  3.212300e+002
    endloop
  endfacet
  facet normal -1.308837e-001 -9.238794e-001  3.596054e-001
    outer loop
      vertex -1.765147e+003 -4.949747e+001  3.229401e+002
      vertex -1.769846e+003 -4.949747e+001  3.212300e+002
      vertex -1.748218e+003 -7.000000e+001  2.764277e+002
    endloop
  endfacet
  facet normal -1.308857e-001 -9.238797e-001  3.596045e-001
    outer loop
      vertex -1.748218e+003 -7.000000e+001  2.764277e+002
      vertex -1.769846e+003 -4.949747e+001  3.212300e+002
      vertex -1.752917e+003 -7.000000e+001  2.747176e+002
    endloop
  endfacet
  facet normal  1.308850e-001 -9.238796e-001 -3.596049e-001
    outer loop
      vertex -1.674000e+003 -1.300000e+002  7.251437e+001
      vertex -1.676819e+003 -1.300000e+002  7.148830e+001
      vertex -1.642560e+003 -9.192388e+001 -1.386583e+001
    endloop
  endfacet
  facet normal  1.308847e-001 -9.238796e-001 -3.596049e-001
    outer loop
      vertex -1.642560e+003 -9.192388e+001 -1.386583e+001
      vertex -1.676819e+003 -1.300000e+002  7.148830e+001
      vertex -1.645379e+003 -9.192388e+001 -1.489189e+001
    endloop
  endfacet
  facet normal  3.159842e-001 -3.826832e-001 -8.681633e-001
    outer loop
      vertex -1.642560e+003 -9.192388e+001 -1.386583e+001
      vertex -1.645379e+003 -9.192388e+001 -1.489189e+001
      vertex -1.629537e+003  2.388061e-014 -4.964568e+001
    endloop
  endfacet
  facet normal  3.159837e-001 -3.826832e-001 -8.681635e-001
    outer loop
      vertex -1.629537e+003  2.388061e-014 -4.964568e+001
      vertex -1.645379e+003 -9.192388e+001 -1.489189e+001
      vertex -1.632356e+003  2.388061e-014 -5.067173e+001
    endloop
  endfacet
  facet normal  3.159835e-001  3.826832e-001 -8.681636e-001
    outer loop
      vertex -1.629537e+003  2.388061e-014 -4.964568e+001
      vertex -1.632356e+003  2.388061e-014 -5.067173e+001
      vertex -1.642560e+003  9.192388e+001 -1.386583e+001
    endloop
  endfacet
  facet normal  3.159844e-001  3.826831e-001 -8.681632e-001
    outer loop
      vertex -1.642560e+003  9.192388e+001 -1.386583e+001
      vertex -1.632356e+003  2.388061e-014 -5.067173e+001
      vertex -1.645379e+003  9.192388e+001 -1.489189e+001
    endloop
  endfacet
  facet normal  1.308849e-001  9.238796e-001 -3.596050e-001
    outer loop
      vertex -1.642560e+003  9.192388e+001 -1.386583e+001
      vertex -1.645379e+003  9.192388e+001 -1.489189e+001
      vertex -1.674000e+003  1.300000e+002  7.251437e+001
    endloop
  endfacet
  facet normal  1.308856e-001  9.238793e-001 -3.596052e-001
    outer loop
      vertex -1.674000e+003  1.300000e+002  7.251437e+001
      vertex -1.645379e+003  9.192388e+001 -1.489189e+001
      vertex -1.676819e+003  1.300000e+002  7.148830e+001
    endloop
  endfacet
  facet normal -1.308850e-001  9.238796e-001  3.596049e-001
    outer loop
      vertex -1.674000e+003  1.300000e+002  7.251437e+001
      vertex -1.676819e+003  1.300000e+002  7.148830e+001
      vertex -1.705440e+003  9.192388e+001  1.588946e+002
    endloop
  endfacet
  facet normal -1.308856e-001  9.238793e-001  3.596052e-001
    outer loop
      vertex -1.705440e+003  9.192388e+001  1.588946e+002
      vertex -1.676819e+003  1.300000e+002  7.148830e+001
      vertex -1.708259e+003  9.192388e+001  1.578685e+002
    endloop
  endfacet
  facet normal -3.159845e-001  3.826835e-001  8.681630e-001
    outer loop
      vertex -1.705440e+003  9.192388e+001  1.588946e+002
      vertex -1.708259e+003  9.192388e+001  1.578685e+002
      vertex -1.718462e+003 -7.960204e-015  1.946744e+002
    endloop
  endfacet
  facet normal -3.159844e-001  3.826836e-001  8.681630e-001
    outer loop
      vertex -1.718462e+003 -7.960204e-015  1.946744e+002
      vertex -1.708259e+003  9.192388e+001  1.578685e+002
      vertex -1.721281e+003 -7.960204e-015  1.936483e+002
    endloop
  endfacet
  facet normal -3.159845e-001 -3.826835e-001  8.681630e-001
    outer loop
      vertex -1.718462e+003 -7.960204e-015  1.946744e+002
      vertex -1.721281e+003 -7.960204e-015  1.936483e+002
      vertex -1.705440e+003 -9.192388e+001  1.588946e+002
    endloop
  endfacet
  facet normal -3.159851e-001 -3.826832e-001  8.681630e-001
    outer loop
      vertex -1.705440e+003 -9.192388e+001  1.588946e+002
      vertex -1.721281e+003 -7.960204e-015  1.936483e+002
      vertex -1.708259e+003 -9.192388e+001  1.578685e+002
    endloop
  endfacet
  facet normal -1.308850e-001 -9.238796e-001  3.596049e-001
    outer loop
      vertex -1.705440e+003 -9.192388e+001  1.588946e+002
      vertex -1.708259e+003 -9.192388e+001  1.578685e+002
      vertex -1.674000e+003 -1.300000e+002  7.251437e+001
    endloop
  endfacet
  facet normal -1.308847e-001 -9.238796e-001  3.596049e-001
    outer loop
      vertex -1.674000e+003 -1.300000e+002  7.251437e+001
      vertex -1.708259e+003 -9.192388e+001  1.578685e+002
      vertex -1.676819e+003 -1.300000e+002  7.148830e+001
    endloop
  endfacet
  facet normal  0.000000e+000  1.000000e+000  0.000000e+000
    outer loop
      vertex -1.673250e+003  5.500000e+002 -3.911372e+001
      vertex -1.673250e+003  5.500000e+002  1.413629e+001
      vertex -1.642475e+003  5.500000e+002 -1.409794e+001
    endloop
  endfacet
  facet normal  0.000000e+000  9.999999e-001  0.000000e+000
    outer loop
      vertex -1.673250e+003  5.500000e+002  1.413629e+001
      vertex -1.642475e+003  5.500000e+002 -1.150000e+001
      vertex -1.642475e+003  5.500000e+002 -1.409794e+001
    endloop
  endfacet
  facet normal  0.000000e+000  1.000000e+000  0.000000e+000
    outer loop
      vertex -1.673250e+003  5.500000e+002  1.413629e+001
      vertex -1.647173e+003  5.500000e+002  1.413629e+001
      vertex -1.642475e+003  5.500000e+002 -1.150000e+001
    endloop
  endfacet
  facet normal  0.000000e+000  1.000000e+000  0.000000e+000
    outer loop
      vertex -1.642475e+003  5.500000e+002 -1.409794e+001
      vertex -1.626989e+003  5.500000e+002 -5.664708e+001
      vertex -1.673250e+003  5.500000e+002 -3.911372e+001
    endloop
  endfacet
  facet normal -3.544075e-001  -0.000000e+000 -9.350910e-001
    outer loop
      vertex -1.673250e+003  5.000000e+002 -3.911372e+001
      vertex -1.673250e+003  5.500000e+002 -3.911372e+001
      vertex -1.626989e+003  5.000000e+002 -5.664708e+001
    endloop
  endfacet
  facet normal -3.544075e-001  -0.000000e+000 -9.350910e-001
    outer loop
      vertex -1.673250e+003  5.500000e+002 -3.911372e+001
      vertex -1.626989e+003  5.500000e+002 -5.664708e+001
      vertex -1.626989e+003  5.000000e+002 -5.664708e+001
    endloop
  endfacet
  facet normal  -0.000000e+000  0.000000e+000  1.000000e+000
    outer loop
      vertex -1.647173e+003  5.500000e+002  1.413629e+001
      vertex -1.673250e+003  5.500000e+002  1.413629e+001
      vertex -1.651871e+003  5.243637e+002  1.413629e+001
    endloop
  endfacet
  facet normal  0.000000e+000  -0.000000e+000  1.000000e+000
    outer loop
      vertex -1.673250e+003  5.500000e+002  1.413629e+001
      vertex -1.652752e+003  5.219613e+002  1.413629e+001
      vertex -1.651871e+003  5.243637e+002  1.413629e+001
    endloop
  endfacet
  facet normal  0.000000e+000  0.000000e+000  1.000000e+000
    outer loop
      vertex -1.673250e+003  5.500000e+002  1.413629e+001
      vertex -1.673250e+003  5.000000e+002  1.413629e+001
      vertex -1.652752e+003  5.219613e+002  1.413629e+001
    endloop
  endfacet
  facet normal  0.000000e+000  -0.000000e+000  9.999999e-001
    outer loop
      vertex -1.673250e+003  5.000000e+002  1.413629e+001
      vertex -1.652752e+003  5.000000e+002  1.413629e+001
      vertex -1.652752e+003  5.219613e+002  1.413629e+001
    endloop
  endfacet
  facet normal -1.000000e+000  0.000000e+000  0.000000e+000
    outer loop
      vertex -1.779000e+003  1.775000e+002  3.810000e+002
      vertex -1.779000e+003  1.775000e+002  3.610000e+002
      vertex -1.779000e+003 -1.775000e+002  3.810000e+002
    endloop
  endfacet
  facet normal -1.000000e+000  0.000000e+000  0.000000e+000
    outer loop
      vertex -1.779000e+003 -1.775000e+002  3.810000e+002
      vertex -1.779000e+003  1.775000e+002  3.610000e+002
      vertex -1.779000e+003 -1.775000e+002  3.610000e+002
    endloop
  endfacet
  facet normal  0.000000e+000  1.000000e+000  0.000000e+000
    outer loop
      vertex -1.652752e+003 -5.000000e+002  1.413629e+001
      vertex -1.626989e+003 -5.000000e+002 -5.664708e+001
      vertex -1.673250e+003 -5.000000e+002  1.413629e+001
    endloop
  endfacet
  facet normal  -0.000000e+000  1.000000e+000  0.000000e+000
    outer loop
      vertex -1.626989e+003 -5.000000e+002 -5.664708e+001
      vertex -1.673250e+003 -5.000000e+002 -3.911372e+001
      vertex -1.673250e+003 -5.000000e+002  1.413629e+001
    endloop
  endfacet
  facet normal -3.544075e-001  -0.000000e+000 -9.350910e-001
    outer loop
      vertex -1.673250e+003 -5.500000e+002 -3.911372e+001
      vertex -1.673250e+003 -5.000000e+002 -3.911372e+001
      vertex -1.626989e+003 -5.500000e+002 -5.664708e+001
    endloop
  endfacet
  facet normal -3.544075e-001  -0.000000e+000 -9.350910e-001
    outer loop
      vertex -1.673250e+003 -5.000000e+002 -3.911372e+001
      vertex -1.626989e+003 -5.000000e+002 -5.664708e+001
      vertex -1.626989e+003 -5.500000e+002 -5.664708e+001
    endloop
  endfacet
  facet normal  0.000000e+000  7.095597e-001 -7.046454e-001
    outer loop
      vertex -1.555117e+003 -7.009753e+002 -2.541137e+002
      vertex -7.921335e+002 -7.009753e+002 -2.541137e+002
      vertex -1.531099e+003 -7.665073e+002 -3.201028e+002
    endloop
  endfacet
  facet normal  0.000000e+000  7.095597e-001 -7.046453e-001
    outer loop
      vertex -7.921335e+002 -7.009753e+002 -2.541137e+002
      vertex -7.801245e+002 -7.665073e+002 -3.201028e+002
      vertex -1.531099e+003 -7.665073e+002 -3.201028e+002
    endloop
  endfacet
  facet normal  0.000000e+000  7.095597e-001 -7.046454e-001
    outer loop
      vertex -7.921335e+002 -7.009753e+002 -2.541137e+002
      vertex -2.915000e+001 -7.009753e+002 -2.541137e+002
      vertex -7.801245e+002 -7.665073e+002 -3.201028e+002
    endloop
  endfacet
  facet normal  0.000000e+000  7.095597e-001 -7.046453e-001
    outer loop
      vertex -2.915000e+001 -7.009753e+002 -2.541137e+002
      vertex -2.915000e+001 -7.665073e+002 -3.201028e+002
      vertex -7.801245e+002 -7.665073e+002 -3.201028e+002
    endloop
  endfacet
  facet normal  0.000000e+000  -0.000000e+000  1.000000e+000
    outer loop
      vertex -1.659142e+003 -6.710000e+002 -2.081137e+002
      vertex -1.592142e+003 -7.380000e+002 -2.081137e+002
      vertex -1.571859e+003 -5.837179e+002 -2.081137e+002
    endloop
  endfacet
  facet normal  0.000000e+000  -0.000000e+000  1.000000e+000
    outer loop
      vertex -1.592142e+003 -7.380000e+002 -2.081137e+002
      vertex -1.571859e+003 -7.177179e+002 -2.081137e+002
      vertex -1.571859e+003 -5.837179e+002 -2.081137e+002
    endloop
  endfacet
  facet normal -7.071068e-001  7.071068e-001  9.459424e-007
    outer loop
      vertex -1.571859e+003 -5.837179e+002 -2.081137e+002
      vertex -1.555117e+003 -5.669753e+002 -2.541137e+002
      vertex -1.659142e+003 -6.710000e+002 -2.081137e+002
    endloop
  endfacet
  facet normal -7.071070e-001  7.071066e-001  0.000000e+000
    outer loop
      vertex -1.659142e+003 -6.710000e+002 -2.081137e+002
      vertex -1.555117e+003 -5.669753e+002 -2.541137e+002
      vertex -1.659142e+003 -6.710000e+002 -2.541137e+002
    endloop
  endfacet
  facet normal  0.000000e+000  0.000000e+000  1.000000e+000
    outer loop
      vertex -1.659142e+003  6.710000e+002 -2.081137e+002
      vertex -1.571859e+003  5.837179e+002 -2.081137e+002
      vertex -1.592142e+003  7.380000e+002 -2.081137e+002
    endloop
  endfacet
  facet normal  0.000000e+000  0.000000e+000  1.000000e+000
    outer loop
      vertex -1.571859e+003  5.837179e+002 -2.081137e+002
      vertex -1.571859e+003  7.177179e+002 -2.081137e+002
      vertex -1.592142e+003  7.380000e+002 -2.081137e+002
    endloop
  endfacet
  facet normal  7.071068e-001  7.071068e-001  0.000000e+000
    outer loop
      vertex -1.592142e+003  7.380000e+002 -2.081137e+002
      vertex -1.571859e+003  7.177179e+002 -2.081137e+002
      vertex -1.592142e+003  7.380000e+002 -2.541137e+002
    endloop
  endfacet
  facet normal  7.071074e-001  7.071062e-001 -5.068107e-007
    outer loop
      vertex -1.571859e+003  7.177179e+002 -2.081137e+002
      vertex -1.555117e+003  7.009753e+002 -2.541137e+002
      vertex -1.592142e+003  7.380000e+002 -2.541137e+002
    endloop
  endfacet
  facet normal  0.000000e+000  0.000000e+000  1.000000e+000
    outer loop
      vertex -1.673250e+003 -5.000000e+002  1.413629e+001
      vertex -1.673250e+003 -5.500000e+002  1.413629e+001
      vertex -1.652752e+003 -5.000000e+002  1.413629e+001
    endloop
  endfacet
  facet normal  0.000000e+000  -0.000000e+000  9.999999e-001
    outer loop
      vertex -1.673250e+003 -5.500000e+002  1.413629e+001
      vertex -1.652752e+003 -5.219613e+002  1.413629e+001
      vertex -1.652752e+003 -5.000000e+002  1.413629e+001
    endloop
  endfacet
  facet normal  0.000000e+000  0.000000e+000  1.000000e+000
    outer loop
      vertex -1.673250e+003 -5.500000e+002  1.413629e+001
      vertex -1.647173e+003 -5.500000e+002  1.413629e+001
      vertex -1.652752e+003 -5.219613e+002  1.413629e+001
    endloop
  endfacet
  facet normal  0.000000e+000  0.000000e+000  1.000000e+000
    outer loop
      vertex -1.647173e+003 -5.500000e+002  1.413629e+001
      vertex -1.651871e+003 -5.243637e+002  1.413629e+001
      vertex -1.652752e+003 -5.219613e+002  1.413629e+001
    endloop
  endfacet
  facet normal  -0.000000e+000 -7.046456e-001 -7.095594e-001
    outer loop
      vertex -1.531099e+003 -7.665073e+002 -3.201028e+002
      vertex -7.801245e+002 -7.665073e+002 -3.201028e+002
      vertex -1.547000e+003 -8.105000e+002 -2.764148e+002
    endloop
  endfacet
  facet normal  -0.000000e+000 -7.046456e-001 -7.095594e-001
    outer loop
      vertex -7.801245e+002 -7.665073e+002 -3.201028e+002
      vertex -7.480216e+002 -8.105000e+002 -2.764148e+002
      vertex -1.547000e+003 -8.105000e+002 -2.764148e+002
    endloop
  endfacet
  facet normal  -0.000000e+000 -7.046456e-001 -7.095594e-001
    outer loop
      vertex -7.801245e+002 -7.665073e+002 -3.201028e+002
      vertex -2.915000e+001 -7.665073e+002 -3.201028e+002
      vertex -7.480216e+002 -8.105000e+002 -2.764148e+002
    endloop
  endfacet
  facet normal  -0.000000e+000 -7.046456e-001 -7.095594e-001
    outer loop
      vertex -2.915000e+001 -7.665073e+002 -3.201028e+002
      vertex  5.095685e+001 -8.105000e+002 -2.764148e+002
      vertex -7.480216e+002 -8.105000e+002 -2.764148e+002
    endloop
  endfacet
  facet normal  -0.000000e+000 -7.046456e-001 -7.095594e-001
    outer loop
      vertex -2.915000e+001 -7.665073e+002 -3.201028e+002
      vertex  2.915000e+001 -7.665073e+002 -3.201028e+002
      vertex  5.095685e+001 -8.105000e+002 -2.764148e+002
    endloop
  endfacet
  facet normal  0.000000e+000 -7.046456e-001 -7.095594e-001
    outer loop
      vertex  5.095685e+001 -8.105000e+002 -2.764148e+002
      vertex  2.915000e+001 -7.665073e+002 -3.201028e+002
      vertex  8.499352e+002 -8.105000e+002 -2.764148e+002
    endloop
  endfacet
  facet normal  -0.000000e+000 -7.046456e-001 -7.095594e-001
    outer loop
      vertex  2.915000e+001 -7.665073e+002 -3.201028e+002
      vertex  8.503538e+002 -7.665073e+002 -3.201028e+002
      vertex  8.499352e+002 -8.105000e+002 -2.764148e+002
    endloop
  endfacet
  facet normal  -0.000000e+000 -1.000000e+000  0.000000e+000
    outer loop
      vertex -1.673250e+003 -5.500000e+002 -3.911372e+001
      vertex -1.647173e+003 -5.500000e+002  1.413629e+001
      vertex -1.673250e+003 -5.500000e+002  1.413629e+001
    endloop
  endfacet
  facet normal  -0.000000e+000 -1.000000e+000  0.000000e+000
    outer loop
      vertex -1.673250e+003 -5.500000e+002 -3.911372e+001
      vertex -1.642475e+003 -5.500000e+002 -1.150000e+001
      vertex -1.647173e+003 -5.500000e+002  1.413629e+001
    endloop
  endfacet
  facet normal  -0.000000e+000 -9.999999e-001  0.000000e+000
    outer loop
      vertex -1.673250e+003 -5.500000e+002 -3.911372e+001
      vertex -1.642475e+003 -5.500000e+002 -1.409794e+001
      vertex -1.642475e+003 -5.500000e+002 -1.150000e+001
    endloop
  endfacet
  facet normal  0.000000e+000 -1.000000e+000  0.000000e+000
    outer loop
      vertex -1.673250e+003 -5.500000e+002 -3.911372e+001
      vertex -1.626989e+003 -5.500000e+002 -5.664708e+001
      vertex -1.642475e+003 -5.500000e+002 -1.409794e+001
    endloop
  endfacet
  facet normal  1.000000e+000  0.000000e+000  0.000000e+000
    outer loop
      vertex  1.530000e+003  5.000000e+000 -4.290000e+002
      vertex  1.530000e+003 -5.322330e+000 -4.116777e+002
      vertex  1.530000e+003  1.232233e+001 -4.466777e+002
    endloop
  endfacet
  facet normal  1.000000e+000  0.000000e+000  0.000000e+000
    outer loop
      vertex  1.530000e+003  1.232233e+001 -4.466777e+002
      vertex  1.530000e+003 -5.322330e+000 -4.116777e+002
      vertex  1.530000e+003 -2.300000e+001 -4.190000e+002
    endloop
  endfacet
  facet normal  1.000000e+000  0.000000e+000  0.000000e+000
    outer loop
      vertex  1.530000e+003  1.232233e+001 -4.466777e+002
      vertex  1.530000e+003 -2.300000e+001 -4.190000e+002
      vertex  1.530000e+003 -4.067767e+001 -4.116777e+002
    endloop
  endfacet
  facet normal  1.000000e+000  -0.000000e+000  0.000000e+000
    outer loop
      vertex  1.530000e+003  2.000000e+000 -3.940000e+002
      vertex  1.530000e+003 -5.322330e+000 -4.116777e+002
      vertex  1.530000e+003  5.000000e+000 -4.290000e+002
    endloop
  endfacet
  facet normal  1.000000e+000  0.000000e+000  -0.000000e+000
    outer loop
      vertex  1.530000e+003  2.000000e+000 -3.940000e+002
      vertex  1.530000e+003  5.000000e+000 -4.290000e+002
      vertex  1.530000e+003  1.232233e+001 -4.113223e+002
    endloop
  endfacet
  facet normal  1.000000e+000  0.000000e+000  -0.000000e+000
    outer loop
      vertex  1.530000e+003  2.000000e+000 -3.940000e+002
      vertex  1.530000e+003  1.232233e+001 -4.113223e+002
      vertex  1.530000e+003  3.000000e+001 -4.040000e+002
    endloop
  endfacet
  facet normal  1.000000e+000  0.000000e+000  0.000000e+000
    outer loop
      vertex  1.530000e+003  5.800000e+001 -4.640000e+002
      vertex  1.530000e+003  5.500000e+001 -4.290000e+002
      vertex  1.530000e+003  4.767767e+001 -4.466777e+002
    endloop
  endfacet
  facet normal  1.000000e+000  0.000000e+000  0.000000e+000
    outer loop
      vertex  1.530000e+003  5.800000e+001 -4.640000e+002
      vertex  1.530000e+003  4.767767e+001 -4.466777e+002
      vertex  1.530000e+003  3.000000e+001 -4.540000e+002
    endloop
  endfacet
  facet normal  1.000000e+000  0.000000e+000  0.000000e+000
    outer loop
      vertex  1.530000e+003  5.800000e+001 -4.640000e+002
      vertex  1.530000e+003  3.000000e+001 -4.540000e+002
      vertex  1.530000e+003 -5.800000e+001 -4.640000e+002
    endloop
  endfacet
  facet normal  1.000000e+000  -0.000000e+000  0.000000e+000
    outer loop
      vertex  1.530000e+003  5.800000e+001 -3.600000e+002
      vertex  1.530000e+003 -2.300000e+001 -3.690000e+002
      vertex  1.530000e+003 -5.322330e+000 -3.763223e+002
    endloop
  endfacet
  facet normal  1.000000e+000  -0.000000e+000  0.000000e+000
    outer loop
      vertex  1.530000e+003  5.800000e+001 -3.600000e+002
      vertex  1.530000e+003 -5.322330e+000 -3.763223e+002
      vertex  1.530000e+003  2.000000e+000 -3.940000e+002
    endloop
  endfacet
  facet normal  9.999999e-001  -0.000000e+000  0.000000e+000
    outer loop
      vertex  1.530000e+003  5.800000e+001 -3.600000e+002
      vertex  1.530000e+003  2.000000e+000 -3.940000e+002
      vertex  1.530000e+003  3.000000e+001 -4.040000e+002
    endloop
  endfacet
  facet normal  9.999999e-001  -0.000000e+000  0.000000e+000
    outer loop
      vertex  1.530000e+003  5.800000e+001 -3.600000e+002
      vertex  1.530000e+003  3.000000e+001 -4.040000e+002
      vertex  1.530000e+003  4.767767e+001 -4.113223e+002
    endloop
  endfacet
  facet normal  1.000000e+000  -0.000000e+000  0.000000e+000
    outer loop
      vertex  1.530000e+003  5.800000e+001 -3.600000e+002
      vertex  1.530000e+003  4.767767e+001 -4.113223e+002
      vertex  1.530000e+003  5.500000e+001 -4.290000e+002
    endloop
  endfacet
  facet normal  1.000000e+000  -0.000000e+000  0.000000e+000
    outer loop
      vertex  1.530000e+003  5.800000e+001 -3.600000e+002
      vertex  1.530000e+003  5.500000e+001 -4.290000e+002
      vertex  1.530000e+003  5.800000e+001 -4.640000e+002
    endloop
  endfacet
  facet normal  1.000000e+000  0.000000e+000  0.000000e+000
    outer loop
      vertex  1.530000e+003 -5.800000e+001 -4.640000e+002
      vertex  1.530000e+003  3.000000e+001 -4.540000e+002
      vertex  1.530000e+003  1.232233e+001 -4.466777e+002
    endloop
  endfacet
  facet normal  1.000000e+000  0.000000e+000  0.000000e+000
    outer loop
      vertex  1.530000e+003 -5.800000e+001 -4.640000e+002
      vertex  1.530000e+003  1.232233e+001 -4.466777e+002
      vertex  1.530000e+003 -4.067767e+001 -4.116777e+002
    endloop
  endfacet
  facet normal  1.000000e+000  0.000000e+000  0.000000e+000
    outer loop
      vertex  1.530000e+003 -5.800000e+001 -4.640000e+002
      vertex  1.530000e+003 -4.067767e+001 -4.116777e+002
      vertex  1.530000e+003 -4.800000e+001 -3.940000e+002
    endloop
  endfacet
  facet normal  1.000000e+000  0.000000e+000  0.000000e+000
    outer loop
      vertex  1.530000e+003 -5.800000e+001 -4.640000e+002
      vertex  1.530000e+003 -4.800000e+001 -3.940000e+002
      vertex  1.530000e+003 -5.800000e+001 -3.600000e+002
    endloop
  endfacet
  facet normal  1.000000e+000  0.000000e+000  -0.000000e+000
    outer loop
      vertex  1.530000e+003 -5.800000e+001 -3.600000e+002
      vertex  1.530000e+003 -4.800000e+001 -3.940000e+002
      vertex  1.530000e+003 -4.067767e+001 -3.763223e+002
    endloop
  endfacet
  facet normal  9.999999e-001  0.000000e+000  -0.000000e+000
    outer loop
      vertex  1.530000e+003 -5.800000e+001 -3.600000e+002
      vertex  1.530000e+003 -4.067767e+001 -3.763223e+002
      vertex  1.530000e+003 -2.300000e+001 -3.690000e+002
    endloop
  endfacet
  facet normal  1.000000e+000  0.000000e+000  -0.000000e+000
    outer loop
      vertex  1.530000e+003 -5.800000e+001 -3.600000e+002
      vertex  1.530000e+003 -2.300000e+001 -3.690000e+002
      vertex  1.530000e+003  5.800000e+001 -3.600000e+002
    endloop
  endfacet
  facet normal  0.000000e+000  1.000000e+000  -0.000000e+000
    outer loop
      vertex  1.530000e+003  5.800000e+001 -3.600000e+002
      vertex  1.530000e+003  5.800000e+001 -4.640000e+002
      vertex  1.427000e+003  5.800000e+001 -3.600000e+002
    endloop
  endfacet
  facet normal  0.000000e+000  1.000000e+000  0.000000e+000
    outer loop
      vertex  1.530000e+003  5.800000e+001 -4.640000e+002
      vertex  1.427000e+003  5.800000e+001 -4.640000e+002
      vertex  1.427000e+003  5.800000e+001 -3.600000e+002
    endloop
  endfacet
  facet normal -1.000000e+000  0.000000e+000  0.000000e+000
    outer loop
      vertex  1.427000e+003 -5.800000e+001 -4.640000e+002
      vertex  1.427000e+003 -5.800000e+001 -3.600000e+002
      vertex  1.427000e+003  5.800000e+001 -4.640000e+002
    endloop
  endfacet
  facet normal -1.000000e+000  0.000000e+000  0.000000e+000
    outer loop
      vertex  1.427000e+003  5.800000e+001 -4.640000e+002
      vertex  1.427000e+003 -5.800000e+001 -3.600000e+002
      vertex  1.427000e+003  5.800000e+001 -3.600000e+002
    endloop
  endfacet
  facet normal  0.000000e+000 -1.000000e+000  0.000000e+000
    outer loop
      vertex  1.427000e+003 -5.800000e+001 -3.600000e+002
      vertex  1.427000e+003 -5.800000e+001 -4.640000e+002
      vertex  1.530000e+003 -5.800000e+001 -3.600000e+002
    endloop
  endfacet
  facet normal  0.000000e+000 -1.000000e+000  0.000000e+000
    outer loop
      vertex  1.427000e+003 -5.800000e+001 -4.640000e+002
      vertex  1.530000e+003 -5.800000e+001 -4.640000e+002
      vertex  1.530000e+003 -5.800000e+001 -3.600000e+002
    endloop
  endfacet
  facet normal  0.000000e+000  7.071081e-001  7.071053e-001
    outer loop
      vertex -3.170000e+002 -2.277046e+002  3.263518e+002
      vertex -9.700000e+001 -2.277046e+002  3.263518e+002
      vertex -3.170000e+002 -2.199264e+002  3.185736e+002
    endloop
  endfacet
  facet normal  0.000000e+000  7.071081e-001  7.071053e-001
    outer loop
      vertex -9.700000e+001 -2.277046e+002  3.263518e+002
      vertex -9.700000e+001 -2.199264e+002  3.185736e+002
      vertex -3.170000e+002 -2.199264e+002  3.185736e+002
    endloop
  endfacet
  facet normal -9.999999e-001  0.000000e+000  0.000000e+000
    outer loop
      vertex -3.170000e+002 -2.199264e+002  3.185736e+002
      vertex -3.170000e+002 -3.365990e+002  2.019010e+002
      vertex -3.170000e+002 -2.277046e+002  3.263518e+002
    endloop
  endfacet
  facet normal -9.999999e-001  0.000000e+000  0.000000e+000
    outer loop
      vertex -3.170000e+002 -2.277046e+002  3.263518e+002
      vertex -3.170000e+002 -3.365990e+002  2.019010e+002
      vertex -3.170000e+002 -3.443772e+002  2.096792e+002
    endloop
  endfacet
  facet normal  0.000000e+000 -7.071075e-001 -7.071061e-001
    outer loop
      vertex -9.700000e+001 -3.443772e+002  2.096792e+002
      vertex -3.170000e+002 -3.443772e+002  2.096792e+002
      vertex -9.700000e+001 -3.365990e+002  2.019010e+002
    endloop
  endfacet
  facet normal  0.000000e+000 -7.071075e-001 -7.071061e-001
    outer loop
      vertex -3.170000e+002 -3.443772e+002  2.096792e+002
      vertex -3.170000e+002 -3.365990e+002  2.019010e+002
      vertex -9.700000e+001 -3.365990e+002  2.019010e+002
    endloop
  endfacet
  facet normal  1.000000e+000  0.000000e+000  0.000000e+000
    outer loop
      vertex -9.700000e+001 -3.365990e+002  2.019010e+002
      vertex -9.700000e+001 -2.199264e+002  3.185736e+002
      vertex -9.700000e+001 -3.443772e+002  2.096792e+002
    endloop
  endfacet
  facet normal  9.999999e-001  0.000000e+000  0.000000e+000
    outer loop
      vertex -9.700000e+001 -3.443772e+002  2.096792e+002
      vertex -9.700000e+001 -2.199264e+002  3.185736e+002
      vertex -9.700000e+001 -2.277046e+002  3.263518e+002
    endloop
  endfacet
  facet normal  0.000000e+000 -1.000000e+000  0.000000e+000
    outer loop
      vertex -1.337000e+003 -1.775000e+002  3.810000e+002
      vertex -1.779000e+003 -1.775000e+002  3.810000e+002
      vertex -1.337000e+003 -1.775000e+002  3.610000e+002
    endloop
  endfacet
  facet normal  0.000000e+000 -1.000000e+000  0.000000e+000
    outer loop
      vertex -1.779000e+003 -1.775000e+002  3.810000e+002
      vertex -1.779000e+003 -1.775000e+002  3.610000e+002
      vertex -1.337000e+003 -1.775000e+002  3.610000e+002
    endloop
  endfacet
  facet normal  0.000000e+000  0.000000e+000  1.000000e+000
    outer loop
      vertex -1.337000e+003 -1.775000e+002  3.610000e+002
      vertex -1.287000e+003 -1.775000e+002  3.610000e+002
      vertex -1.337000e+003  1.775000e+002  3.610000e+002
    endloop
  endfacet
  facet normal  0.000000e+000  -0.000000e+000  1.000000e+000
    outer loop
      vertex -1.337000e+003  1.775000e+002  3.610000e+002
      vertex -1.287000e+003 -1.775000e+002  3.610000e+002
      vertex -1.287000e+003  1.775000e+002  3.610000e+002
    endloop
  endfacet
  facet normal  0.000000e+000 -9.999999e-001  0.000000e+000
    outer loop
      vertex -1.287000e+003 -1.775000e+002  3.610000e+002
      vertex -5.585000e+002 -1.775000e+002  3.610000e+002
      vertex -1.287000e+003 -1.775000e+002  3.760000e+002
    endloop
  endfacet
  facet normal  -0.000000e+000 -9.999999e-001  -0.000000e+000
    outer loop
      vertex -5.585000e+002 -1.775000e+002  3.610000e+002
      vertex -5.585000e+002 -1.775000e+002  3.760000e+002
      vertex -1.287000e+003 -1.775000e+002  3.760000e+002
    endloop
  endfacet
  facet normal  0.000000e+000 -9.999999e-001  0.000000e+000
    outer loop
      vertex -5.585000e+002 -1.775000e+002  3.610000e+002
      vertex  1.700000e+002 -1.775000e+002  3.610000e+002
      vertex -5.585000e+002 -1.775000e+002  3.760000e+002
    endloop
  endfacet
  facet normal  -0.000000e+000 -9.999999e-001  -0.000000e+000
    outer loop
      vertex  1.700000e+002 -1.775000e+002  3.610000e+002
      vertex  1.700000e+002 -1.775000e+002  3.760000e+002
      vertex -5.585000e+002 -1.775000e+002  3.760000e+002
    endloop
  endfacet
  facet normal  0.000000e+000  0.000000e+000  1.000000e+000
    outer loop
      vertex  3.100000e+002 -1.775000e+002  3.610000e+002
      vertex  3.100000e+002 -1.575000e+002  3.610000e+002
      vertex  1.700000e+002 -1.775000e+002  3.610000e+002
    endloop
  endfacet
  facet normal  0.000000e+000  0.000000e+000  1.000000e+000
    outer loop
      vertex  1.700000e+002 -1.775000e+002  3.610000e+002
      vertex  3.100000e+002 -1.575000e+002  3.610000e+002
      vertex  1.900000e+002 -1.575000e+002  3.610000e+002
    endloop
  endfacet
  facet normal  0.000000e+000  0.000000e+000  1.000000e+000
    outer loop
      vertex  1.700000e+002 -1.775000e+002  3.610000e+002
      vertex  1.900000e+002 -1.575000e+002  3.610000e+002
      vertex  1.700000e+002  1.775000e+002  3.610000e+002
    endloop
  endfacet
  facet normal  0.000000e+000  -0.000000e+000  9.999999e-001
    outer loop
      vertex  1.700000e+002  1.775000e+002  3.610000e+002
      vertex  1.900000e+002 -1.575000e+002  3.610000e+002
      vertex  1.900000e+002  1.575000e+002  3.610000e+002
    endloop
  endfacet
  facet normal  0.000000e+000  -0.000000e+000  1.000000e+000
    outer loop
      vertex  1.700000e+002  1.775000e+002  3.610000e+002
      vertex  1.900000e+002  1.575000e+002  3.610000e+002
      vertex  3.100000e+002  1.775000e+002  3.610000e+002
    endloop
  endfacet
  facet normal  0.000000e+000  0.000000e+000  1.000000e+000
    outer loop
      vertex  3.100000e+002  1.775000e+002  3.610000e+002
      vertex  1.900000e+002  1.575000e+002  3.610000e+002
      vertex  3.100000e+002  1.575000e+002  3.610000e+002
    endloop
  endfacet
  facet normal  0.000000e+000 -1.000000e+000  0.000000e+000
    outer loop
      vertex  4.440000e+002 -1.775000e+002  3.760000e+002
      vertex  3.100000e+002 -1.775000e+002  3.760000e+002
      vertex  4.440000e+002 -1.775000e+002  3.610000e+002
    endloop
  endfacet
  facet normal  0.000000e+000 -1.000000e+000  0.000000e+000
    outer loop
      vertex  3.100000e+002 -1.775000e+002  3.760000e+002
      vertex  3.100000e+002 -1.775000e+002  3.610000e+002
      vertex  4.440000e+002 -1.775000e+002  3.610000e+002
    endloop
  endfacet
  facet normal  0.000000e+000  0.000000e+000  1.000000e+000
    outer loop
      vertex  4.440000e+002 -1.775000e+002  3.610000e+002
      vertex  6.140000e+002 -1.775000e+002  3.610000e+002
      vertex  4.440000e+002 -1.105000e+002  3.610000e+002
    endloop
  endfacet
  facet normal  0.000000e+000  -0.000000e+000  1.000000e+000
    outer loop
      vertex  4.440000e+002 -1.105000e+002  3.610000e+002
      vertex  6.140000e+002 -1.775000e+002  3.610000e+002
      vertex  6.140000e+002 -1.105000e+002  3.610000e+002
    endloop
  endfacet
  facet normal  0.000000e+000 -9.999999e-001  0.000000e+000
    outer loop
      vertex  6.140000e+002 -1.775000e+002  3.610000e+002
      vertex  1.416789e+003 -1.775000e+002  3.610000e+002
      vertex  6.140000e+002 -1.775000e+002  3.760000e+002
    endloop
  endfacet
  facet normal  -0.000000e+000 -9.999999e-001  -0.000000e+000
    outer loop
      vertex  1.416789e+003 -1.775000e+002  3.610000e+002
      vertex  1.416789e+003 -1.775000e+002  3.760000e+002
      vertex  6.140000e+002 -1.775000e+002  3.760000e+002
    endloop
  endfacet
  facet normal  0.000000e+000 -9.999999e-001  0.000000e+000
    outer loop
      vertex  1.416789e+003 -1.775000e+002  3.610000e+002
      vertex  2.219577e+003 -1.775000e+002  3.610000e+002
      vertex  1.416789e+003 -1.775000e+002  3.760000e+002
    endloop
  endfacet
  facet normal  -0.000000e+000 -9.999999e-001  -0.000000e+000
    outer loop
      vertex  2.219577e+003 -1.775000e+002  3.610000e+002
      vertex  2.219577e+003 -1.775000e+002  3.760000e+002
      vertex  1.416789e+003 -1.775000e+002  3.760000e+002
    endloop
  endfacet
  facet normal  0.000000e+000  0.000000e+000  1.000000e+000
    outer loop
      vertex  2.296937e+003  1.491846e+002  2.070000e+002
      vertex  2.361577e+003  2.138249e+002  2.070000e+002
      vertex  2.269577e+003  1.591428e+002  2.070000e+002
    endloop
  endfacet
  facet normal  0.000000e+000  0.000000e+000  1.000000e+000
    outer loop
      vertex  2.361577e+003  2.138249e+002  2.070000e+002
      vertex  2.269577e+003  2.561751e+002  2.070000e+002
      vertex  2.269577e+003  1.591428e+002  2.070000e+002
    endloop
  endfacet
  facet normal  0.000000e+000  0.000000e+000  1.000000e+000
    outer loop
      vertex  2.361577e+003  2.138249e+002  2.070000e+002
      vertex  2.294402e+003  2.810000e+002  2.070000e+002
      vertex  2.269577e+003  2.561751e+002  2.070000e+002
    endloop
  endfacet
  facet normal  7.070961e-001  7.071175e-001  0.000000e+000
    outer loop
      vertex  2.326222e+003  2.491802e+002  1.660000e+002
      vertex  2.326222e+003  2.491802e+002  2.020000e+002
      vertex  2.329757e+003  2.456447e+002  1.660000e+002
    endloop
  endfacet
  facet normal  7.070961e-001  7.071175e-001  0.000000e+000
    outer loop
      vertex  2.326222e+003  2.491802e+002  2.020000e+002
      vertex  2.329757e+003  2.456447e+002  2.020000e+002
      vertex  2.329757e+003  2.456447e+002  1.660000e+002
    endloop
  endfacet
  facet normal  7.071190e-001  7.070946e-001  0.000000e+000
    outer loop
      vertex  2.294402e+003  2.810000e+002  1.610000e+002
      vertex  2.294402e+003  2.810000e+002  2.070000e+002
      vertex  2.297938e+003  2.774645e+002  1.660000e+002
    endloop
  endfacet
  facet normal  7.071190e-001  7.070946e-001  0.000000e+000
    outer loop
      vertex  2.294402e+003  2.810000e+002  2.070000e+002
      vertex  2.297938e+003  2.774645e+002  2.020000e+002
      vertex  2.297938e+003  2.774645e+002  1.660000e+002
    endloop
  endfacet
  facet normal  7.071072e-001  7.071063e-001 -1.657588e-005
    outer loop
      vertex  2.361577e+003  2.138249e+002  2.070000e+002
      vertex  2.297938e+003  2.774645e+002  2.020000e+002
      vertex  2.294402e+003  2.810000e+002  2.070000e+002
    endloop
  endfacet
  facet normal  7.071081e-001  7.071055e-001 -3.845220e-005
    outer loop
      vertex  2.361577e+003  2.138249e+002  2.070000e+002
      vertex  2.326222e+003  2.491802e+002  2.020000e+002
      vertex  2.297938e+003  2.774645e+002  2.020000e+002
    endloop
  endfacet
  facet normal  7.070962e-001  7.071175e-001  1.315286e-004
    outer loop
      vertex  2.361577e+003  2.138249e+002  2.070000e+002
      vertex  2.329757e+003  2.456447e+002  2.020000e+002
      vertex  2.326222e+003  2.491802e+002  2.020000e+002
    endloop
  endfacet
  facet normal  7.071079e-001  7.071056e-001 -1.888278e-005
    outer loop
      vertex  2.361577e+003  2.138249e+002  2.070000e+002
      vertex  2.358042e+003  2.173604e+002  2.020000e+002
      vertex  2.329757e+003  2.456447e+002  2.020000e+002
    endloop
  endfacet
  facet normal  7.070946e-001  7.071190e-001  -0.000000e+000
    outer loop
      vertex  2.361577e+003  2.138249e+002  2.070000e+002
      vertex  2.358042e+003  2.173604e+002  1.660000e+002
      vertex  2.358042e+003  2.173604e+002  2.020000e+002
    endloop
  endfacet
  facet normal  7.070946e-001  7.071190e-001  -0.000000e+000
    outer loop
      vertex  2.361577e+003  2.138249e+002  2.070000e+002
      vertex  2.361577e+003  2.138249e+002  1.610000e+002
      vertex  2.358042e+003  2.173604e+002  1.660000e+002
    endloop
  endfacet
  facet normal  7.071079e-001  7.071056e-001  1.892093e-005
    outer loop
      vertex  2.361577e+003  2.138249e+002  1.610000e+002
      vertex  2.329757e+003  2.456447e+002  1.660000e+002
      vertex  2.358042e+003  2.173604e+002  1.660000e+002
    endloop
  endfacet
  facet normal  7.070962e-001  7.071175e-001 -1.315286e-004
    outer loop
      vertex  2.361577e+003  2.138249e+002  1.610000e+002
      vertex  2.326222e+003  2.491802e+002  1.660000e+002
      vertex  2.329757e+003  2.456447e+002  1.660000e+002
    endloop
  endfacet
  facet normal  7.071081e-001  7.071055e-001  3.845220e-005
    outer loop
      vertex  2.361577e+003  2.138249e+002  1.610000e+002
      vertex  2.297938e+003  2.774645e+002  1.660000e+002
      vertex  2.326222e+003  2.491802e+002  1.660000e+002
    endloop
  endfacet
  facet normal  7.071072e-001  7.071063e-001  1.660800e-005
    outer loop
      vertex  2.361577e+003  2.138249e+002  1.610000e+002
      vertex  2.294402e+003  2.810000e+002  1.610000e+002
      vertex  2.297938e+003  2.774645e+002  1.660000e+002
    endloop
  endfacet
  facet normal  0.000000e+000 -7.095597e-001 -7.046453e-001
    outer loop
      vertex  2.915000e+001  7.009753e+002 -2.541137e+002
      vertex  2.915000e+001  7.665073e+002 -3.201028e+002
      vertex  5.300897e+002  7.009753e+002 -2.541137e+002
    endloop
  endfacet
  facet normal  0.000000e+000 -7.095597e-001 -7.046454e-001
    outer loop
      vertex  5.300897e+002  7.009753e+002 -2.541137e+002
      vertex  2.915000e+001  7.665073e+002 -3.201028e+002
      vertex  8.503538e+002  7.665073e+002 -3.201028e+002
    endloop
  endfacet
  facet normal  0.000000e+000 -7.095596e-001 -7.046453e-001
    outer loop
      vertex  5.300897e+002  7.009753e+002 -2.541137e+002
      vertex  8.503538e+002  7.665073e+002 -3.201028e+002
      vertex  1.031029e+003  7.009753e+002 -2.541137e+002
    endloop
  endfacet
  facet normal  0.000000e+000  7.046456e-001 -7.095594e-001
    outer loop
      vertex -1.531099e+003  7.665073e+002 -3.201028e+002
      vertex -1.547000e+003  8.105000e+002 -2.764148e+002
      vertex -7.801245e+002  7.665073e+002 -3.201028e+002
    endloop
  endfacet
  facet normal  0.000000e+000  7.046456e-001 -7.095594e-001
    outer loop
      vertex -7.801245e+002  7.665073e+002 -3.201028e+002
      vertex -1.547000e+003  8.105000e+002 -2.764148e+002
      vertex -7.480216e+002  8.105000e+002 -2.764148e+002
    endloop
  endfacet
  facet normal  0.000000e+000  7.046456e-001 -7.095595e-001
    outer loop
      vertex -7.801245e+002  7.665073e+002 -3.201028e+002
      vertex -7.480216e+002  8.105000e+002 -2.764148e+002
      vertex -2.915000e+001  7.665073e+002 -3.201028e+002
    endloop
  endfacet
  facet normal  0.000000e+000  7.046456e-001 -7.095594e-001
    outer loop
      vertex -2.915000e+001  7.665073e+002 -3.201028e+002
      vertex -7.480216e+002  8.105000e+002 -2.764148e+002
      vertex  5.095685e+001  8.105000e+002 -2.764148e+002
    endloop
  endfacet
  facet normal  0.000000e+000  7.046456e-001 -7.095594e-001
    outer loop
      vertex -2.915000e+001  7.665073e+002 -3.201028e+002
      vertex  5.095685e+001  8.105000e+002 -2.764148e+002
      vertex  2.915000e+001  7.665073e+002 -3.201028e+002
    endloop
  endfacet
  facet normal  0.000000e+000  7.046456e-001 -7.095594e-001
    outer loop
      vertex  5.095685e+001  8.105000e+002 -2.764148e+002
      vertex  8.499352e+002  8.105000e+002 -2.764148e+002
      vertex  2.915000e+001  7.665073e+002 -3.201028e+002
    endloop
  endfacet
  facet normal  0.000000e+000  7.046456e-001 -7.095594e-001
    outer loop
      vertex  2.915000e+001  7.665073e+002 -3.201028e+002
      vertex  8.499352e+002  8.105000e+002 -2.764148e+002
      vertex  8.503538e+002  7.665073e+002 -3.201028e+002
    endloop
  endfacet
  facet normal  0.000000e+000  1.000000e+000  0.000000e+000
    outer loop
      vertex -1.547000e+003  8.105000e+002 -2.720000e+002
      vertex -7.460000e+002  8.105000e+002 -2.720000e+002
      vertex -1.547000e+003  8.105000e+002 -2.764148e+002
    endloop
  endfacet
  facet normal  0.000000e+000  1.000000e+000  -0.000000e+000
    outer loop
      vertex -7.460000e+002  8.105000e+002 -2.720000e+002
      vertex -7.480216e+002  8.105000e+002 -2.764148e+002
      vertex -1.547000e+003  8.105000e+002 -2.764148e+002
    endloop
  endfacet
  facet normal  0.000000e+000  1.000000e+000  0.000000e+000
    outer loop
      vertex -7.460000e+002  8.105000e+002 -2.720000e+002
      vertex  5.500000e+001  8.105000e+002 -2.720000e+002
      vertex -7.480216e+002  8.105000e+002 -2.764148e+002
    endloop
  endfacet
  facet normal  0.000000e+000  1.000000e+000  -0.000000e+000
    outer loop
      vertex  5.500000e+001  8.105000e+002 -2.720000e+002
      vertex  5.095685e+001  8.105000e+002 -2.764148e+002
      vertex -7.480216e+002  8.105000e+002 -2.764148e+002
    endloop
  endfacet
  facet normal  0.000000e+000  1.000000e+000  0.000000e+000
    outer loop
      vertex  5.500000e+001  8.105000e+002 -2.720000e+002
      vertex  8.560000e+002  8.105000e+002 -2.720000e+002
      vertex  5.095685e+001  8.105000e+002 -2.764148e+002
    endloop
  endfacet
  facet normal  0.000000e+000  1.000000e+000  -0.000000e+000
    outer loop
      vertex  8.560000e+002  8.105000e+002 -2.720000e+002
      vertex  8.499352e+002  8.105000e+002 -2.764148e+002
      vertex  5.095685e+001  8.105000e+002 -2.764148e+002
    endloop
  endfacet
  facet normal  0.000000e+000  7.071068e-001  7.071068e-001
    outer loop
      vertex  1.459862e+003  4.940000e+002  4.450000e+001
      vertex  1.459862e+003  2.782627e+002  2.602373e+002
      vertex  1.562789e+003  5.532500e+002 -1.475000e+001
    endloop
  endfacet
  facet normal  0.000000e+000  7.071068e-001  7.071068e-001
    outer loop
      vertex  1.459862e+003  2.782627e+002  2.602373e+002
      vertex  2.269577e+003  2.960000e+002  2.425000e+002
      vertex  1.562789e+003  5.532500e+002 -1.475000e+001
    endloop
  endfacet
  facet normal  0.000000e+000  7.071068e-001  7.071068e-001
    outer loop
      vertex  1.459862e+003  2.782627e+002  2.602373e+002
      vertex  2.219577e+003  1.775000e+002  3.610000e+002
      vertex  2.269577e+003  2.960000e+002  2.425000e+002
    endloop
  endfacet
  facet normal  0.000000e+000  7.071068e-001  7.071068e-001
    outer loop
      vertex  2.219577e+003  1.775000e+002  3.610000e+002
      vertex  2.269577e+003  1.775000e+002  3.610000e+002
      vertex  2.269577e+003  2.960000e+002  2.425000e+002
    endloop
  endfacet
  facet normal  0.000000e+000  7.071067e-001  7.071067e-001
    outer loop
      vertex  6.501463e+002  4.940000e+002  4.450000e+001
      vertex  6.501463e+002  2.782627e+002  2.602373e+002
      vertex  1.459862e+003  4.940000e+002  4.450000e+001
    endloop
  endfacet
  facet normal  0.000000e+000  7.071067e-001  7.071067e-001
    outer loop
      vertex  6.501463e+002  2.782627e+002  2.602373e+002
      vertex  1.459862e+003  2.782627e+002  2.602373e+002
      vertex  1.459862e+003  4.940000e+002  4.450000e+001
    endloop
  endfacet
  facet normal  0.000000e+000  7.071068e-001  7.071068e-001
    outer loop
      vertex  6.501463e+002  2.782627e+002  2.602373e+002
      vertex  1.416789e+003  1.775000e+002  3.610000e+002
      vertex  1.459862e+003  2.782627e+002  2.602373e+002
    endloop
  endfacet
  facet normal  0.000000e+000  7.071068e-001  7.071068e-001
    outer loop
      vertex -9.700000e+001  3.365990e+002  2.019010e+002
      vertex -1.595692e+002  4.940000e+002  4.450000e+001
      vertex -3.170000e+002  3.365990e+002  2.019010e+002
    endloop
  endfacet
  facet normal  0.000000e+000  7.071068e-001  7.071068e-001
    outer loop
      vertex -9.700000e+001  3.365990e+002  2.019010e+002
      vertex  6.501463e+002  4.940000e+002  4.450000e+001
      vertex -1.595692e+002  4.940000e+002  4.450000e+001
    endloop
  endfacet
  facet normal  0.000000e+000  7.071068e-001  7.071068e-001
    outer loop
      vertex -9.700000e+001  3.365990e+002  2.019010e+002
      vertex  6.501463e+002  2.782627e+002  2.602373e+002
      vertex  6.501463e+002  4.940000e+002  4.450000e+001
    endloop
  endfacet
  facet normal -7.921556e-009  7.071068e-001  7.071068e-001
    outer loop
      vertex -9.700000e+001  3.365990e+002  2.019010e+002
      vertex -9.700000e+001  2.199264e+002  3.185736e+002
      vertex  6.501463e+002  2.782627e+002  2.602373e+002
    endloop
  endfacet
  facet normal  0.000000e+000  7.071068e-001  7.071068e-001
    outer loop
      vertex  8.560000e+002  8.105000e+002 -2.720000e+002
      vertex  1.459862e+003  4.940000e+002  4.450000e+001
      vertex  1.562789e+003  5.532500e+002 -1.475000e+001
    endloop
  endfacet
  facet normal  -0.000000e+000  7.071068e-001  7.071068e-001
    outer loop
      vertex  8.560000e+002  8.105000e+002 -2.720000e+002
      vertex  6.501463e+002  4.940000e+002  4.450000e+001
      vertex  1.459862e+003  4.940000e+002  4.450000e+001
    endloop
  endfacet
  facet normal  -0.000000e+000  7.071068e-001  7.071068e-001
    outer loop
      vertex  8.560000e+002  8.105000e+002 -2.720000e+002
      vertex  5.500000e+001  8.105000e+002 -2.720000e+002
      vertex  6.501463e+002  4.940000e+002  4.450000e+001
    endloop
  endfacet
  facet normal -1.415496e-008  7.071068e-001  7.071068e-001
    outer loop
      vertex -9.700000e+001  2.199264e+002  3.185736e+002
      vertex  6.140000e+002  1.775000e+002  3.610000e+002
      vertex  6.501463e+002  2.782627e+002  2.602373e+002
    endloop
  endfacet
  facet normal  -0.000000e+000  7.071069e-001  7.071066e-001
    outer loop
      vertex -9.700000e+001  2.199264e+002  3.185736e+002
      vertex  4.440000e+002  1.775000e+002  3.610000e+002
      vertex  6.140000e+002  1.775000e+002  3.610000e+002
    endloop
  endfacet
  facet normal  -0.000000e+000  7.071069e-001  7.071066e-001
    outer loop
      vertex -9.700000e+001  2.199264e+002  3.185736e+002
      vertex  3.100000e+002  1.775000e+002  3.610000e+002
      vertex  4.440000e+002  1.775000e+002  3.610000e+002
    endloop
  endfacet
  facet normal  -0.000000e+000  7.071069e-001  7.071066e-001
    outer loop
      vertex -9.700000e+001  2.199264e+002  3.185736e+002
      vertex  1.700000e+002  1.775000e+002  3.610000e+002
      vertex  3.100000e+002  1.775000e+002  3.610000e+002
    endloop
  endfacet
  facet normal  -0.000000e+000  7.071069e-001  7.071066e-001
    outer loop
      vertex -9.700000e+001  2.199264e+002  3.185736e+002
      vertex -5.585000e+002  1.775000e+002  3.610000e+002
      vertex  1.700000e+002  1.775000e+002  3.610000e+002
    endloop
  endfacet
  facet normal  -0.000000e+000  7.071069e-001  7.071066e-001
    outer loop
      vertex -9.700000e+001  2.199264e+002  3.185736e+002
      vertex -3.170000e+002  2.199264e+002  3.185736e+002
      vertex -5.585000e+002  1.775000e+002  3.610000e+002
    endloop
  endfacet
  facet normal -1.456061e-008  7.071066e-001  7.071068e-001
    outer loop
      vertex -9.692845e+002  4.940000e+002  4.450000e+001
      vertex -1.642475e+003  5.500000e+002 -1.150000e+001
      vertex -1.651871e+003  5.243637e+002  1.413629e+001
    endloop
  endfacet
  facet normal  0.000000e+000  7.071067e-001  7.071067e-001
    outer loop
      vertex -9.692845e+002  4.940000e+002  4.450000e+001
      vertex -1.547000e+003  8.105000e+002 -2.720000e+002
      vertex -1.642475e+003  5.500000e+002 -1.150000e+001
    endloop
  endfacet
  facet normal  0.000000e+000  7.071068e-001  7.071068e-001
    outer loop
      vertex -9.692845e+002  4.940000e+002  4.450000e+001
      vertex -7.460000e+002  8.105000e+002 -2.720000e+002
      vertex -1.547000e+003  8.105000e+002 -2.720000e+002
    endloop
  endfacet
  facet normal  0.000000e+000  7.071068e-001  7.071068e-001
    outer loop
      vertex -9.692845e+002  4.940000e+002  4.450000e+001
      vertex -1.595692e+002  4.940000e+002  4.450000e+001
      vertex -7.460000e+002  8.105000e+002 -2.720000e+002
    endloop
  endfacet
  facet normal  0.000000e+000  7.071068e-001  7.071068e-001
    outer loop
      vertex -9.692845e+002  4.940000e+002  4.450000e+001
      vertex -3.170000e+002  3.365990e+002  2.019010e+002
      vertex -1.595692e+002  4.940000e+002  4.450000e+001
    endloop
  endfacet
  facet normal  0.000000e+000  7.071068e-001  7.071068e-001
    outer loop
      vertex -9.692845e+002  4.940000e+002  4.450000e+001
      vertex -3.170000e+002  2.199264e+002  3.185736e+002
      vertex -3.170000e+002  3.365990e+002  2.019010e+002
    endloop
  endfacet
  facet normal  1.472123e-008  7.071068e-001  7.071068e-001
    outer loop
      vertex -9.692845e+002  4.940000e+002  4.450000e+001
      vertex -9.692845e+002  2.782627e+002  2.602373e+002
      vertex -3.170000e+002  2.199264e+002  3.185736e+002
    endloop
  endfacet
  facet normal  0.000000e+000  7.071068e-001  7.071068e-001
    outer loop
      vertex -9.692845e+002  4.940000e+002  4.450000e+001
      vertex -1.779000e+003  1.775000e+002  3.610000e+002
      vertex -9.692845e+002  2.782627e+002  2.602373e+002
    endloop
  endfacet
  facet normal -5.739510e-009  7.071068e-001  7.071068e-001
    outer loop
      vertex -9.692845e+002  4.940000e+002  4.450000e+001
      vertex -1.651871e+003  5.243637e+002  1.413629e+001
      vertex -1.779000e+003  1.775000e+002  3.610000e+002
    endloop
  endfacet
  facet normal  0.000000e+000  7.071068e-001  7.071068e-001
    outer loop
      vertex  6.140000e+002  1.775000e+002  3.610000e+002
      vertex  1.416789e+003  1.775000e+002  3.610000e+002
      vertex  6.501463e+002  2.782627e+002  2.602373e+002
    endloop
  endfacet
  facet normal  0.000000e+000  7.071068e-001  7.071068e-001
    outer loop
      vertex -1.287000e+003  1.775000e+002  3.610000e+002
      vertex -5.585000e+002  1.775000e+002  3.610000e+002
      vertex -9.692845e+002  2.782627e+002  2.602373e+002
    endloop
  endfacet
  facet normal  0.000000e+000  7.071068e-001  7.071068e-001
    outer loop
      vertex -1.287000e+003  1.775000e+002  3.610000e+002
      vertex -9.692845e+002  2.782627e+002  2.602373e+002
      vertex -1.337000e+003  1.775000e+002  3.610000e+002
    endloop
  endfacet
  facet normal  0.000000e+000  7.071068e-001  7.071068e-001
    outer loop
      vertex -1.779000e+003  1.775000e+002  3.610000e+002
      vertex -1.337000e+003  1.775000e+002  3.610000e+002
      vertex -9.692845e+002  2.782627e+002  2.602373e+002
    endloop
  endfacet
  facet normal  2.480229e-008  7.071068e-001  7.071068e-001
    outer loop
      vertex -3.170000e+002  2.199264e+002  3.185736e+002
      vertex -9.692845e+002  2.782627e+002  2.602373e+002
      vertex -5.585000e+002  1.775000e+002  3.610000e+002
    endloop
  endfacet
  facet normal  0.000000e+000  7.071068e-001  7.071068e-001
    outer loop
      vertex  6.501463e+002  4.940000e+002  4.450000e+001
      vertex  5.500000e+001  8.105000e+002 -2.720000e+002
      vertex -1.595692e+002  4.940000e+002  4.450000e+001
    endloop
  endfacet
  facet normal  0.000000e+000  7.071068e-001  7.071068e-001
    outer loop
      vertex -7.460000e+002  8.105000e+002 -2.720000e+002
      vertex -1.595692e+002  4.940000e+002  4.450000e+001
      vertex  5.500000e+001  8.105000e+002 -2.720000e+002
    endloop
  endfacet
  facet normal  0.000000e+000  7.071068e-001  7.071068e-001
    outer loop
      vertex  2.219577e+003  1.775000e+002  3.610000e+002
      vertex  1.459862e+003  2.782627e+002  2.602373e+002
      vertex  1.416789e+003  1.775000e+002  3.610000e+002
    endloop
  endfacet
  facet normal  7.070961e-001 -7.071175e-001  0.000000e+000
    outer loop
      vertex  2.326222e+003 -2.491802e+002  1.660000e+002
      vertex  2.329757e+003 -2.456447e+002  1.660000e+002
      vertex  2.326222e+003 -2.491802e+002  2.020000e+002
    endloop
  endfacet
  facet normal  7.070961e-001 -7.071175e-001  0.000000e+000
    outer loop
      vertex  2.326222e+003 -2.491802e+002  2.020000e+002
      vertex  2.329757e+003 -2.456447e+002  1.660000e+002
      vertex  2.329757e+003 -2.456447e+002  2.020000e+002
    endloop
  endfacet
  facet normal  7.071190e-001 -7.070946e-001  0.000000e+000
    outer loop
      vertex  2.294402e+003 -2.810000e+002  1.610000e+002
      vertex  2.297938e+003 -2.774645e+002  1.660000e+002
      vertex  2.294402e+003 -2.810000e+002  2.070000e+002
    endloop
  endfacet
  facet normal  7.071190e-001 -7.070946e-001  0.000000e+000
    outer loop
      vertex  2.294402e+003 -2.810000e+002  2.070000e+002
      vertex  2.297938e+003 -2.774645e+002  1.660000e+002
      vertex  2.297938e+003 -2.774645e+002  2.020000e+002
    endloop
  endfacet
  facet normal  7.071072e-001 -7.071063e-001 -1.660800e-005
    outer loop
      vertex  2.361577e+003 -2.138249e+002  2.070000e+002
      vertex  2.294402e+003 -2.810000e+002  2.070000e+002
      vertex  2.297938e+003 -2.774645e+002  2.020000e+002
    endloop
  endfacet
  facet normal  7.071081e-001 -7.071055e-001 -3.845220e-005
    outer loop
      vertex  2.361577e+003 -2.138249e+002  2.070000e+002
      vertex  2.297938e+003 -2.774645e+002  2.020000e+002
      vertex  2.326222e+003 -2.491802e+002  2.020000e+002
    endloop
  endfacet
  facet normal  7.070962e-001 -7.071175e-001  1.315286e-004
    outer loop
      vertex  2.361577e+003 -2.138249e+002  2.070000e+002
      vertex  2.326222e+003 -2.491802e+002  2.020000e+002
      vertex  2.329757e+003 -2.456447e+002  2.020000e+002
    endloop
  endfacet
  facet normal  7.071079e-001 -7.071056e-001 -1.892093e-005
    outer loop
      vertex  2.361577e+003 -2.138249e+002  2.070000e+002
      vertex  2.329757e+003 -2.456447e+002  2.020000e+002
      vertex  2.358042e+003 -2.173604e+002  2.020000e+002
    endloop
  endfacet
  facet normal  7.070946e-001 -7.071190e-001  0.000000e+000
    outer loop
      vertex  2.361577e+003 -2.138249e+002  2.070000e+002
      vertex  2.358042e+003 -2.173604e+002  2.020000e+002
      vertex  2.358042e+003 -2.173604e+002  1.660000e+002
    endloop
  endfacet
  facet normal  7.070946e-001 -7.071190e-001  0.000000e+000
    outer loop
      vertex  2.361577e+003 -2.138249e+002  2.070000e+002
      vertex  2.358042e+003 -2.173604e+002  1.660000e+002
      vertex  2.361577e+003 -2.138249e+002  1.610000e+002
    endloop
  endfacet
  facet normal  7.071079e-001 -7.071056e-001  1.888278e-005
    outer loop
      vertex  2.361577e+003 -2.138249e+002  1.610000e+002
      vertex  2.358042e+003 -2.173604e+002  1.660000e+002
      vertex  2.329757e+003 -2.456447e+002  1.660000e+002
    endloop
  endfacet
  facet normal  7.070962e-001 -7.071175e-001 -1.315286e-004
    outer loop
      vertex  2.361577e+003 -2.138249e+002  1.610000e+002
      vertex  2.329757e+003 -2.456447e+002  1.660000e+002
      vertex  2.326222e+003 -2.491802e+002  1.660000e+002
    endloop
  endfacet
  facet normal  7.071081e-001 -7.071055e-001  3.845220e-005
    outer loop
      vertex  2.361577e+003 -2.138249e+002  1.610000e+002
      vertex  2.326222e+003 -2.491802e+002  1.660000e+002
      vertex  2.297938e+003 -2.774645e+002  1.660000e+002
    endloop
  endfacet
  facet normal  7.071072e-001 -7.071063e-001  1.657588e-005
    outer loop
      vertex  2.361577e+003 -2.138249e+002  1.610000e+002
      vertex  2.297938e+003 -2.774645e+002  1.660000e+002
      vertex  2.294402e+003 -2.810000e+002  1.610000e+002
    endloop
  endfacet
  facet normal  0.000000e+000 -1.000000e+000  0.000000e+000
    outer loop
      vertex  2.415193e+003 -7.000000e+001  4.140000e+002
      vertex  2.423604e+003 -7.000000e+001  4.140000e+002
      vertex  2.423604e+003 -7.000000e+001  4.244576e+002
    endloop
  endfacet
  facet normal  0.000000e+000 -1.000000e+000  0.000000e+000
    outer loop
      vertex  2.415193e+003 -7.000000e+001  4.140000e+002
      vertex  2.423604e+003 -7.000000e+001  4.244576e+002
      vertex  2.269577e+003 -7.000000e+001  3.610000e+002
    endloop
  endfacet
  facet normal -1.000000e+000  0.000000e+000  0.000000e+000
    outer loop
      vertex  4.601000e+003 -2.797852e+002  3.880759e+002
      vertex  4.601000e+003 -2.901894e+002  4.051566e+002
      vertex  4.601000e+003 -1.624063e+002  4.595737e+002
    endloop
  endfacet
  facet normal -1.000000e+000  0.000000e+000  0.000000e+000
    outer loop
      vertex  4.601000e+003 -1.624063e+002  4.595737e+002
      vertex  4.601000e+003 -2.901894e+002  4.051566e+002
      vertex  4.601000e+003 -1.728106e+002  4.766544e+002
    endloop
  endfacet
  facet normal  -0.000000e+000  8.540380e-001  5.202106e-001
    outer loop
      vertex  4.601000e+003 -2.797852e+002  3.880759e+002
      vertex  4.487000e+003 -2.797852e+002  3.880759e+002
      vertex  4.601000e+003 -2.901894e+002  4.051566e+002
    endloop
  endfacet
  facet normal  -0.000000e+000  8.540380e-001  5.202106e-001
    outer loop
      vertex  4.487000e+003 -2.797852e+002  3.880759e+002
      vertex  4.487000e+003 -2.901894e+002  4.051566e+002
      vertex  4.601000e+003 -2.901894e+002  4.051566e+002
    endloop
  endfacet
  facet normal  9.999999e-001  0.000000e+000  0.000000e+000
    outer loop
      vertex  4.487000e+003 -1.624063e+002  4.595737e+002
      vertex  4.487000e+003 -1.728106e+002  4.766544e+002
      vertex  4.487000e+003 -2.797852e+002  3.880759e+002
    endloop
  endfacet
  facet normal  1.000000e+000  0.000000e+000  0.000000e+000
    outer loop
      vertex  4.487000e+003 -2.797852e+002  3.880759e+002
      vertex  4.487000e+003 -1.728106e+002  4.766544e+002
      vertex  4.487000e+003 -2.901894e+002  4.051566e+002
    endloop
  endfacet
  facet normal  -0.000000e+000 -8.540376e-001 -5.202112e-001
    outer loop
      vertex  4.487000e+003 -1.624063e+002  4.595737e+002
      vertex  4.601000e+003 -1.624063e+002  4.595737e+002
      vertex  4.487000e+003 -1.728106e+002  4.766544e+002
    endloop
  endfacet
  facet normal  -0.000000e+000 -8.540376e-001 -5.202112e-001
    outer loop
      vertex  4.601000e+003 -1.624063e+002  4.595737e+002
      vertex  4.601000e+003 -1.728106e+002  4.766544e+002
      vertex  4.487000e+003 -1.728106e+002  4.766544e+002
    endloop
  endfacet
  facet normal  1.000000e+000  -0.000000e+000  0.000000e+000
    outer loop
      vertex  1.542000e+003  7.750000e+001 -8.031642e+001
      vertex  1.542000e+003 -7.750000e+001 -8.031642e+001
      vertex  1.542000e+003  7.750000e+001 -3.600000e+002
    endloop
  endfacet
  facet normal  1.000000e+000  0.000000e+000  0.000000e+000
    outer loop
      vertex  1.542000e+003  7.750000e+001 -3.600000e+002
      vertex  1.542000e+003 -7.750000e+001 -8.031642e+001
      vertex  1.542000e+003 -7.750000e+001 -3.600000e+002
    endloop
  endfacet
  facet normal  0.000000e+000 -1.000000e+000  -0.000000e+000
    outer loop
      vertex  1.542000e+003 -7.750000e+001 -3.600000e+002
      vertex  1.542000e+003 -7.750000e+001 -8.031642e+001
      vertex  1.419000e+003 -7.750000e+001 -3.600000e+002
    endloop
  endfacet
  facet normal  0.000000e+000 -1.000000e+000  0.000000e+000
    outer loop
      vertex  1.542000e+003 -7.750000e+001 -8.031642e+001
      vertex  1.419000e+003 -7.750000e+001 -1.250848e+002
      vertex  1.419000e+003 -7.750000e+001 -3.600000e+002
    endloop
  endfacet
  facet normal  7.071067e-001 -7.071068e-001  0.000000e+000
    outer loop
      vertex  2.220156e+003  7.240350e+001  1.610000e+002
      vertex  2.361577e+003  2.138249e+002  1.610000e+002
      vertex  2.220156e+003  7.240350e+001  1.665121e+002
    endloop
  endfacet
  facet normal  7.071066e-001 -7.071069e-001 -1.972777e-006
    outer loop
      vertex  2.361577e+003  2.138249e+002  1.610000e+002
      vertex  2.296937e+003  1.491846e+002  1.944581e+002
      vertex  2.220156e+003  7.240350e+001  1.665121e+002
    endloop
  endfacet
  facet normal  7.071072e-001 -7.071064e-001  0.000000e+000
    outer loop
      vertex  2.361577e+003  2.138249e+002  1.610000e+002
      vertex  2.361577e+003  2.138249e+002  2.070000e+002
      vertex  2.296937e+003  1.491846e+002  1.944581e+002
    endloop
  endfacet
  facet normal  7.071072e-001 -7.071064e-001  0.000000e+000
    outer loop
      vertex  2.361577e+003  2.138249e+002  2.070000e+002
      vertex  2.296937e+003  1.491846e+002  2.070000e+002
      vertex  2.296937e+003  1.491846e+002  1.944581e+002
    endloop
  endfacet
  facet normal -7.071086e-001 -7.071050e-001  0.000000e+000
    outer loop
      vertex  2.220156e+003  7.240350e+001  1.665121e+002
      vertex  2.205011e+003  8.754786e+001  1.610000e+002
      vertex  2.220156e+003  7.240350e+001  1.610000e+002
    endloop
  endfacet
  facet normal  0.000000e+000  0.000000e+000 -1.000000e+000
    outer loop
      vertex  2.220156e+003  7.240350e+001  1.610000e+002
      vertex  2.205011e+003  8.754786e+001  1.610000e+002
      vertex  2.361577e+003  2.138249e+002  1.610000e+002
    endloop
  endfacet
  facet normal  0.000000e+000  0.000000e+000 -9.999999e-001
    outer loop
      vertex  2.361577e+003  2.138249e+002  1.610000e+002
      vertex  2.205011e+003  8.754786e+001  1.610000e+002
      vertex  2.205011e+003  1.916094e+002  1.610000e+002
    endloop
  endfacet
  facet normal  0.000000e+000  0.000000e+000 -9.999999e-001
    outer loop
      vertex  2.361577e+003  2.138249e+002  1.610000e+002
      vertex  2.205011e+003  1.916094e+002  1.610000e+002
      vertex  2.294402e+003  2.810000e+002  1.610000e+002
    endloop
  endfacet
  facet normal  -0.000000e+000  0.000000e+000 -1.000000e+000
    outer loop
      vertex  8.827056e+002  9.009265e+000 -2.541137e+002
      vertex  1.064496e+003  2.273737e-013 -2.541137e+002
      vertex  8.800826e+002 -1.534162e+001 -2.541137e+002
    endloop
  endfacet
  facet normal  0.000000e+000  0.000000e+000 -1.000000e+000
    outer loop
      vertex  8.800826e+002 -1.534162e+001 -2.541137e+002
      vertex  1.064496e+003  2.273737e-013 -2.541137e+002
      vertex  9.507523e+002 -1.452477e+002 -2.541137e+002
    endloop
  endfacet
  facet normal  0.000000e+000  0.000000e+000 -1.000000e+000
    outer loop
      vertex  8.800826e+002 -1.534162e+001 -2.541137e+002
      vertex  9.507523e+002 -1.452477e+002 -2.541137e+002
      vertex  8.610093e+002 -3.070559e+001 -2.541137e+002
    endloop
  endfacet
  facet normal  0.000000e+000  0.000000e+000 -1.000000e+000
    outer loop
      vertex  8.610093e+002 -3.070559e+001 -2.541137e+002
      vertex  9.507523e+002 -1.452477e+002 -2.541137e+002
      vertex  8.560000e+002 -1.060000e+002 -2.541137e+002
    endloop
  endfacet
  facet normal  0.000000e+000  0.000000e+000 -1.000000e+000
    outer loop
      vertex  8.610093e+002 -3.070559e+001 -2.541137e+002
      vertex  8.560000e+002 -1.060000e+002 -2.541137e+002
      vertex  8.366584e+002 -2.808264e+001 -2.541137e+002
    endloop
  endfacet
  facet normal  0.000000e+000  0.000000e+000 -9.999999e-001
    outer loop
      vertex -2.973229e+002  9.500000e+001 -2.541137e+002
      vertex -2.973229e+002  0.000000e+000 -2.541137e+002
      vertex -9.782322e+002  9.500000e+001 -2.541137e+002
    endloop
  endfacet
  facet normal  0.000000e+000  0.000000e+000 -9.999999e-001
    outer loop
      vertex -9.782322e+002  9.500000e+001 -2.541137e+002
      vertex -2.973229e+002  0.000000e+000 -2.541137e+002
      vertex -9.782322e+002  0.000000e+000 -2.541137e+002
    endloop
  endfacet
  facet normal  0.000000e+000  0.000000e+000 -1.000000e+000
    outer loop
      vertex -9.782322e+002  9.500000e+001 -2.541137e+002
      vertex -9.782322e+002  0.000000e+000 -2.541137e+002
      vertex -1.499117e+003  1.425000e+002 -2.541137e+002
    endloop
  endfacet
  facet normal  0.000000e+000  0.000000e+000 -1.000000e+000
    outer loop
      vertex -1.499117e+003  1.425000e+002 -2.541137e+002
      vertex -9.782322e+002  0.000000e+000 -2.541137e+002
      vertex -1.499117e+003  4.750000e+001 -2.541137e+002
    endloop
  endfacet
  facet normal  0.000000e+000  0.000000e+000 -1.000000e+000
    outer loop
      vertex -2.973229e+002  4.298000e+002 -2.541137e+002
      vertex  8.160000e+001  4.848000e+002 -2.541137e+002
      vertex -2.973229e+002  9.500000e+001 -2.541137e+002
    endloop
  endfacet
  facet normal  0.000000e+000  -0.000000e+000 -1.000000e+000
    outer loop
      vertex -2.973229e+002  9.500000e+001 -2.541137e+002
      vertex  8.160000e+001  4.848000e+002 -2.541137e+002
      vertex  8.160000e+001  3.748000e+002 -2.541137e+002
    endloop
  endfacet
  facet normal  0.000000e+000  -0.000000e+000 -1.000000e+000
    outer loop
      vertex -2.973229e+002  9.500000e+001 -2.541137e+002
      vertex  8.160000e+001  3.748000e+002 -2.541137e+002
      vertex  3.835865e+002  9.500000e+001 -2.541137e+002
    endloop
  endfacet
  facet normal  0.000000e+000  0.000000e+000 -9.999999e-001
    outer loop
      vertex  3.835865e+002  9.500000e+001 -2.541137e+002
      vertex  8.160000e+001  3.748000e+002 -2.541137e+002
      vertex  2.326000e+002  3.748000e+002 -2.541137e+002
    endloop
  endfacet
  facet normal  0.000000e+000  0.000000e+000 -1.000000e+000
    outer loop
      vertex  3.835865e+002  9.500000e+001 -2.541137e+002
      vertex  2.326000e+002  3.748000e+002 -2.541137e+002
      vertex  2.926000e+002  3.748000e+002 -2.541137e+002
    endloop
  endfacet
  facet normal  -0.000000e+000  0.000000e+000 -1.000000e+000
    outer loop
      vertex -7.722000e+002  4.848000e+002 -2.541137e+002
      vertex -2.973229e+002  4.298000e+002 -2.541137e+002
      vertex -7.722000e+002  3.748000e+002 -2.541137e+002
    endloop
  endfacet
  facet normal  0.000000e+000  -0.000000e+000 -1.000000e+000
    outer loop
      vertex -7.722000e+002  3.748000e+002 -2.541137e+002
      vertex -2.973229e+002  4.298000e+002 -2.541137e+002
      vertex -2.973229e+002  9.500000e+001 -2.541137e+002
    endloop
  endfacet
  facet normal  0.000000e+000  0.000000e+000 -1.000000e+000
    outer loop
      vertex -7.722000e+002  3.748000e+002 -2.541137e+002
      vertex -2.973229e+002  9.500000e+001 -2.541137e+002
      vertex -8.322000e+002  3.748000e+002 -2.541137e+002
    endloop
  endfacet
  facet normal  -0.000000e+000  0.000000e+000 -1.000000e+000
    outer loop
      vertex  2.926000e+002 -3.748000e+002 -2.541137e+002
      vertex  3.835865e+002 -4.298000e+002 -2.541137e+002
      vertex  2.926000e+002 -4.848000e+002 -2.541137e+002
    endloop
  endfacet
  facet normal  0.000000e+000  -0.000000e+000 -1.000000e+000
    outer loop
      vertex  2.926000e+002 -4.848000e+002 -2.541137e+002
      vertex  3.835865e+002 -4.298000e+002 -2.541137e+002
      vertex  5.300897e+002 -7.009753e+002 -2.541137e+002
    endloop
  endfacet
  facet normal  0.000000e+000  0.000000e+000 -1.000000e+000
    outer loop
      vertex  2.926000e+002 -4.848000e+002 -2.541137e+002
      vertex  5.300897e+002 -7.009753e+002 -2.541137e+002
      vertex  2.326000e+002 -4.848000e+002 -2.541137e+002
    endloop
  endfacet
  facet normal  0.000000e+000  0.000000e+000 -1.000000e+000
    outer loop
      vertex  2.326000e+002 -4.848000e+002 -2.541137e+002
      vertex  5.300897e+002 -7.009753e+002 -2.541137e+002
      vertex  8.160000e+001 -4.848000e+002 -2.541137e+002
    endloop
  endfacet
  facet normal  0.000000e+000  0.000000e+000 -9.999999e-001
    outer loop
      vertex  8.160000e+001 -4.848000e+002 -2.541137e+002
      vertex  5.300897e+002 -7.009753e+002 -2.541137e+002
      vertex  2.915000e+001 -7.009753e+002 -2.541137e+002
    endloop
  endfacet
  facet normal  0.000000e+000  0.000000e+000 -1.000000e+000
    outer loop
      vertex  8.160000e+001 -4.848000e+002 -2.541137e+002
      vertex  2.915000e+001 -7.009753e+002 -2.541137e+002
      vertex  8.160000e+001 -3.748000e+002 -2.541137e+002
    endloop
  endfacet
  facet normal  0.000000e+000  0.000000e+000 -1.000000e+000
    outer loop
      vertex  8.160000e+001 -3.748000e+002 -2.541137e+002
      vertex  2.915000e+001 -7.009753e+002 -2.541137e+002
      vertex  2.915000e+001 -4.820000e+002 -2.541137e+002
    endloop
  endfacet
  facet normal  0.000000e+000  0.000000e+000 -1.000000e+000
    outer loop
      vertex  8.160000e+001 -3.748000e+002 -2.541137e+002
      vertex  2.915000e+001 -4.820000e+002 -2.541137e+002
      vertex -2.973229e+002 -4.298000e+002 -2.541137e+002
    endloop
  endfacet
  facet normal  0.000000e+000  0.000000e+000 -1.000000e+000
    outer loop
      vertex -2.973229e+002 -4.298000e+002 -2.541137e+002
      vertex  2.915000e+001 -4.820000e+002 -2.541137e+002
      vertex -2.915000e+001 -4.820000e+002 -2.541137e+002
    endloop
  endfacet
  facet normal  -0.000000e+000  -0.000000e+000 -9.999999e-001
    outer loop
      vertex -2.973229e+002 -4.298000e+002 -2.541137e+002
      vertex -2.915000e+001 -4.820000e+002 -2.541137e+002
      vertex -2.915000e+001 -7.009753e+002 -2.541137e+002
    endloop
  endfacet
  facet normal  0.000000e+000  0.000000e+000 -1.000000e+000
    outer loop
      vertex -9.782322e+002 -2.400000e+002 -2.541137e+002
      vertex -9.782322e+002  0.000000e+000 -2.541137e+002
      vertex -2.973229e+002 -2.400000e+002 -2.541137e+002
    endloop
  endfacet
  facet normal  0.000000e+000  0.000000e+000 -1.000000e+000
    outer loop
      vertex -2.973229e+002 -2.400000e+002 -2.541137e+002
      vertex -9.782322e+002  0.000000e+000 -2.541137e+002
      vertex -2.973229e+002  0.000000e+000 -2.541137e+002
    endloop
  endfacet
  facet normal  0.000000e+000  0.000000e+000 -1.000000e+000
    outer loop
      vertex -2.973229e+002 -2.400000e+002 -2.541137e+002
      vertex -2.973229e+002  0.000000e+000 -2.541137e+002
      vertex  2.842171e-014 -7.049873e+001 -2.541137e+002
    endloop
  endfacet
  facet normal  0.000000e+000  0.000000e+000 -1.000000e+000
    outer loop
      vertex  2.842171e-014 -7.049873e+001 -2.541137e+002
      vertex -2.973229e+002  0.000000e+000 -2.541137e+002
      vertex -7.092199e+001  0.000000e+000 -2.541137e+002
    endloop
  endfacet
  facet normal  0.000000e+000  0.000000e+000 -1.000000e+000
    outer loop
      vertex  8.366584e+002 -2.808264e+001 -2.541137e+002
      vertex  8.560000e+002 -1.060000e+002 -2.541137e+002
      vertex  8.212944e+002 -9.009265e+000 -2.541137e+002
    endloop
  endfacet
  facet normal  -0.000000e+000  0.000000e+000 -9.999999e-001
    outer loop
      vertex  8.212944e+002 -9.009265e+000 -2.541137e+002
      vertex  8.560000e+002 -1.060000e+002 -2.541137e+002
      vertex  7.612477e+002 -1.452477e+002 -2.541137e+002
    endloop
  endfacet
  facet normal  0.000000e+000  -0.000000e+000 -1.000000e+000
    outer loop
      vertex -9.832000e+002 -3.748000e+002 -2.541137e+002
      vertex -9.782322e+002 -2.400000e+002 -2.541137e+002
      vertex -8.322000e+002 -3.748000e+002 -2.541137e+002
    endloop
  endfacet
  facet normal  0.000000e+000  0.000000e+000 -1.000000e+000
    outer loop
      vertex -8.322000e+002 -3.748000e+002 -2.541137e+002
      vertex -9.782322e+002 -2.400000e+002 -2.541137e+002
      vertex -2.973229e+002 -2.400000e+002 -2.541137e+002
    endloop
  endfacet
  facet normal  0.000000e+000  0.000000e+000 -9.999999e-001
    outer loop
      vertex -8.322000e+002 -3.748000e+002 -2.541137e+002
      vertex -2.973229e+002 -2.400000e+002 -2.541137e+002
      vertex -7.722000e+002 -3.748000e+002 -2.541137e+002
    endloop
  endfacet
  facet normal  0.000000e+000  0.000000e+000 -1.000000e+000
    outer loop
      vertex -1.592142e+003 -7.380000e+002 -2.541137e+002
      vertex -1.659142e+003 -6.710000e+002 -2.541137e+002
      vertex -1.555117e+003 -7.009753e+002 -2.541137e+002
    endloop
  endfacet
  facet normal  0.000000e+000  0.000000e+000 -1.000000e+000
    outer loop
      vertex -1.555117e+003 -7.009753e+002 -2.541137e+002
      vertex -1.659142e+003 -6.710000e+002 -2.541137e+002
      vertex -1.555117e+003 -5.669753e+002 -2.541137e+002
    endloop
  endfacet
  facet normal  0.000000e+000  0.000000e+000 -1.000000e+000
    outer loop
      vertex -1.555117e+003 -7.009753e+002 -2.541137e+002
      vertex -1.555117e+003 -5.669753e+002 -2.541137e+002
      vertex -9.832000e+002 -4.848000e+002 -2.541137e+002
    endloop
  endfacet
  facet normal  0.000000e+000  0.000000e+000 -1.000000e+000
    outer loop
      vertex -8.322000e+002 -4.848000e+002 -2.541137e+002
      vertex -7.921335e+002 -7.009753e+002 -2.541137e+002
      vertex -9.832000e+002 -4.848000e+002 -2.541137e+002
    endloop
  endfacet
  facet normal  0.000000e+000  0.000000e+000 -1.000000e+000
    outer loop
      vertex -9.832000e+002 -4.848000e+002 -2.541137e+002
      vertex -7.921335e+002 -7.009753e+002 -2.541137e+002
      vertex -1.555117e+003 -7.009753e+002 -2.541137e+002
    endloop
  endfacet
  facet normal  0.000000e+000  0.000000e+000 -1.000000e+000
    outer loop
      vertex -9.832000e+002  4.848000e+002 -2.541137e+002
      vertex -1.555117e+003  7.009753e+002 -2.541137e+002
      vertex -8.322000e+002  4.848000e+002 -2.541137e+002
    endloop
  endfacet
  facet normal  0.000000e+000  0.000000e+000 -1.000000e+000
    outer loop
      vertex -8.322000e+002  4.848000e+002 -2.541137e+002
      vertex -1.555117e+003  7.009753e+002 -2.541137e+002
      vertex -7.921335e+002  7.009753e+002 -2.541137e+002
    endloop
  endfacet
  facet normal  0.000000e+000  -0.000000e+000 -1.000000e+000
    outer loop
      vertex -8.322000e+002  4.848000e+002 -2.541137e+002
      vertex -7.921335e+002  7.009753e+002 -2.541137e+002
      vertex -7.722000e+002  4.848000e+002 -2.541137e+002
    endloop
  endfacet
  facet normal  0.000000e+000  0.000000e+000 -1.000000e+000
    outer loop
      vertex  5.300897e+002  7.009753e+002 -2.541137e+002
      vertex  2.326000e+002  4.848000e+002 -2.541137e+002
      vertex  2.915000e+001  7.009753e+002 -2.541137e+002
    endloop
  endfacet
  facet normal  0.000000e+000  0.000000e+000 -1.000000e+000
    outer loop
      vertex  2.915000e+001  7.009753e+002 -2.541137e+002
      vertex  2.326000e+002  4.848000e+002 -2.541137e+002
      vertex  8.160000e+001  4.848000e+002 -2.541137e+002
    endloop
  endfacet
  facet normal  0.000000e+000  0.000000e+000 -1.000000e+000
    outer loop
      vertex -8.322000e+002  3.748000e+002 -2.541137e+002
      vertex -2.973229e+002  9.500000e+001 -2.541137e+002
      vertex -9.832000e+002  3.748000e+002 -2.541137e+002
    endloop
  endfacet
  facet normal  0.000000e+000  0.000000e+000 -1.000000e+000
    outer loop
      vertex -9.832000e+002  3.748000e+002 -2.541137e+002
      vertex -2.973229e+002  9.500000e+001 -2.541137e+002
      vertex -9.782322e+002  9.500000e+001 -2.541137e+002
    endloop
  endfacet
  facet normal  0.000000e+000  0.000000e+000 -1.000000e+000
    outer loop
      vertex -9.832000e+002  3.748000e+002 -2.541137e+002
      vertex -9.782322e+002  9.500000e+001 -2.541137e+002
      vertex -1.499117e+003  1.425000e+002 -2.541137e+002
    endloop
  endfacet
  facet normal  0.000000e+000  0.000000e+000 -1.000000e+000
    outer loop
      vertex  2.926000e+002  4.848000e+002 -2.541137e+002
      vertex  2.326000e+002  4.848000e+002 -2.541137e+002
      vertex  5.300897e+002  7.009753e+002 -2.541137e+002
    endloop
  endfacet
  facet normal  0.000000e+000  0.000000e+000 -1.000000e+000
    outer loop
      vertex  2.926000e+002  4.848000e+002 -2.541137e+002
      vertex  5.300897e+002  7.009753e+002 -2.541137e+002
      vertex  3.835865e+002  4.298000e+002 -2.541137e+002
    endloop
  endfacet
  facet normal  -0.000000e+000  -0.000000e+000 -1.000000e+000
    outer loop
      vertex  2.926000e+002  4.848000e+002 -2.541137e+002
      vertex  3.835865e+002  4.298000e+002 -2.541137e+002
      vertex  3.835865e+002  9.500000e+001 -2.541137e+002
    endloop
  endfacet
  facet normal  0.000000e+000  0.000000e+000 -1.000000e+000
    outer loop
      vertex  2.926000e+002  4.848000e+002 -2.541137e+002
      vertex  3.835865e+002  9.500000e+001 -2.541137e+002
      vertex  2.926000e+002  3.748000e+002 -2.541137e+002
    endloop
  endfacet
  facet normal  0.000000e+000  0.000000e+000 -1.000000e+000
    outer loop
      vertex -7.722000e+002 -4.848000e+002 -2.541137e+002
      vertex -7.722000e+002 -3.748000e+002 -2.541137e+002
      vertex -2.973229e+002 -4.298000e+002 -2.541137e+002
    endloop
  endfacet
  facet normal  0.000000e+000  -0.000000e+000 -1.000000e+000
    outer loop
      vertex -7.722000e+002 -4.848000e+002 -2.541137e+002
      vertex -2.973229e+002 -4.298000e+002 -2.541137e+002
      vertex -2.915000e+001 -7.009753e+002 -2.541137e+002
    endloop
  endfacet
  facet normal  0.000000e+000  0.000000e+000 -1.000000e+000
    outer loop
      vertex -7.722000e+002 -4.848000e+002 -2.541137e+002
      vertex -2.915000e+001 -7.009753e+002 -2.541137e+002
      vertex -7.921335e+002 -7.009753e+002 -2.541137e+002
    endloop
  endfacet
  facet normal  0.000000e+000  0.000000e+000 -1.000000e+000
    outer loop
      vertex -7.722000e+002 -4.848000e+002 -2.541137e+002
      vertex -7.921335e+002 -7.009753e+002 -2.541137e+002
      vertex -8.322000e+002 -4.848000e+002 -2.541137e+002
    endloop
  endfacet
  facet normal  0.000000e+000  0.000000e+000 -1.000000e+000
    outer loop
      vertex -8.439716e-001  7.049873e+001 -2.541137e+002
      vertex -7.092199e+001  0.000000e+000 -2.541137e+002
      vertex -2.973229e+002  0.000000e+000 -2.541137e+002
    endloop
  endfacet
  facet normal  0.000000e+000  0.000000e+000 -1.000000e+000
    outer loop
      vertex -8.439716e-001  7.049873e+001 -2.541137e+002
      vertex -2.973229e+002  0.000000e+000 -2.541137e+002
      vertex -2.973229e+002  9.500000e+001 -2.541137e+002
    endloop
  endfacet
  facet normal  0.000000e+000  0.000000e+000 -1.000000e+000
    outer loop
      vertex -8.439716e-001  7.049873e+001 -2.541137e+002
      vertex -2.973229e+002  9.500000e+001 -2.541137e+002
      vertex  3.835865e+002  9.500000e+001 -2.541137e+002
    endloop
  endfacet
  facet normal  0.000000e+000  -0.000000e+000 -1.000000e+000
    outer loop
      vertex -8.439716e-001  7.049873e+001 -2.541137e+002
      vertex  3.835865e+002  9.500000e+001 -2.541137e+002
      vertex  3.835865e+002  0.000000e+000 -2.541137e+002
    endloop
  endfacet
  facet normal  -0.000000e+000  0.000000e+000 -1.000000e+000
    outer loop
      vertex -8.439716e-001  7.049873e+001 -2.541137e+002
      vertex  3.835865e+002  0.000000e+000 -2.541137e+002
      vertex  7.007801e+001 -1.136868e-013 -2.541137e+002
    endloop
  endfacet
  facet normal  0.000000e+000  0.000000e+000 -1.000000e+000
    outer loop
      vertex  2.915000e+001  4.820000e+002 -2.541137e+002
      vertex  2.915000e+001  7.009753e+002 -2.541137e+002
      vertex  8.160000e+001  4.848000e+002 -2.541137e+002
    endloop
  endfacet
  facet normal  0.000000e+000  0.000000e+000 -9.999999e-001
    outer loop
      vertex  2.915000e+001  4.820000e+002 -2.541137e+002
      vertex  8.160000e+001  4.848000e+002 -2.541137e+002
      vertex -2.973229e+002  4.298000e+002 -2.541137e+002
    endloop
  endfacet
  facet normal  0.000000e+000  0.000000e+000 -1.000000e+000
    outer loop
      vertex  2.915000e+001  4.820000e+002 -2.541137e+002
      vertex -2.973229e+002  4.298000e+002 -2.541137e+002
      vertex -2.915000e+001  4.820000e+002 -2.541137e+002
    endloop
  endfacet
  facet normal  -0.000000e+000  0.000000e+000 -9.999999e-001
    outer loop
      vertex -2.915000e+001  7.009753e+002 -2.541137e+002
      vertex -2.915000e+001  4.820000e+002 -2.541137e+002
      vertex -2.973229e+002  4.298000e+002 -2.541137e+002
    endloop
  endfacet
  facet normal  0.000000e+000  0.000000e+000 -1.000000e+000
    outer loop
      vertex -2.915000e+001  7.009753e+002 -2.541137e+002
      vertex -2.973229e+002  4.298000e+002 -2.541137e+002
      vertex -7.722000e+002  4.848000e+002 -2.541137e+002
    endloop
  endfacet
  facet normal  0.000000e+000  0.000000e+000 -1.000000e+000
    outer loop
      vertex -2.915000e+001  7.009753e+002 -2.541137e+002
      vertex -7.722000e+002  4.848000e+002 -2.541137e+002
      vertex -7.921335e+002  7.009753e+002 -2.541137e+002
    endloop
  endfacet
  facet normal  0.000000e+000  0.000000e+000 -9.999999e-001
    outer loop
      vertex -1.555117e+003  5.669753e+002 -2.541137e+002
      vertex -1.659142e+003  6.710000e+002 -2.541137e+002
      vertex -1.592142e+003  7.380000e+002 -2.541137e+002
    endloop
  endfacet
  facet normal  0.000000e+000  0.000000e+000 -1.000000e+000
    outer loop
      vertex -1.555117e+003  5.669753e+002 -2.541137e+002
      vertex -1.592142e+003  7.380000e+002 -2.541137e+002
      vertex -1.555117e+003  7.009753e+002 -2.541137e+002
    endloop
  endfacet
  facet normal  0.000000e+000  0.000000e+000 -1.000000e+000
    outer loop
      vertex -1.555117e+003  5.669753e+002 -2.541137e+002
      vertex -1.555117e+003  7.009753e+002 -2.541137e+002
      vertex -9.832000e+002  4.848000e+002 -2.541137e+002
    endloop
  endfacet
  facet normal  -0.000000e+000  -0.000000e+000 -1.000000e+000
    outer loop
      vertex -1.555117e+003  5.669753e+002 -2.541137e+002
      vertex -9.832000e+002  4.848000e+002 -2.541137e+002
      vertex -9.832000e+002  3.748000e+002 -2.541137e+002
    endloop
  endfacet
  facet normal  -0.000000e+000  0.000000e+000 -1.000000e+000
    outer loop
      vertex -1.555117e+003  5.669753e+002 -2.541137e+002
      vertex -9.832000e+002  3.748000e+002 -2.541137e+002
      vertex -1.499117e+003  1.425000e+002 -2.541137e+002
    endloop
  endfacet
  facet normal  0.000000e+000  0.000000e+000 -9.999999e-001
    outer loop
      vertex -1.555117e+003  5.669753e+002 -2.541137e+002
      vertex -1.499117e+003  1.425000e+002 -2.541137e+002
      vertex -1.545117e+003  1.425000e+002 -2.541137e+002
    endloop
  endfacet
  facet normal  -0.000000e+000  -0.000000e+000 -9.999999e-001
    outer loop
      vertex -1.555117e+003  5.669753e+002 -2.541137e+002
      vertex -1.545117e+003  1.425000e+002 -2.541137e+002
      vertex -1.545117e+003  4.750000e+001 -2.541137e+002
    endloop
  endfacet
  facet normal  -0.000000e+000  0.000000e+000 -1.000000e+000
    outer loop
      vertex -1.555117e+003  5.669753e+002 -2.541137e+002
      vertex -1.545117e+003  4.750000e+001 -2.541137e+002
      vertex -1.555117e+003  3.410605e-013 -2.541137e+002
    endloop
  endfacet
  facet normal  0.000000e+000  0.000000e+000 -9.999999e-001
    outer loop
      vertex  1.064496e+003  6.766137e+002 -2.541137e+002
      vertex  1.064496e+003  2.273737e-013 -2.541137e+002
      vertex  8.827056e+002  9.009265e+000 -2.541137e+002
    endloop
  endfacet
  facet normal  0.000000e+000  0.000000e+000 -1.000000e+000
    outer loop
      vertex  1.064496e+003  6.766137e+002 -2.541137e+002
      vertex  8.827056e+002  9.009265e+000 -2.541137e+002
      vertex  8.673416e+002  2.808264e+001 -2.541137e+002
    endloop
  endfacet
  facet normal  0.000000e+000  0.000000e+000 -1.000000e+000
    outer loop
      vertex  1.064496e+003  6.766137e+002 -2.541137e+002
      vertex  8.673416e+002  2.808264e+001 -2.541137e+002
      vertex  8.429907e+002  3.070559e+001 -2.541137e+002
    endloop
  endfacet
  facet normal  0.000000e+000  0.000000e+000 -1.000000e+000
    outer loop
      vertex  1.064496e+003  6.766137e+002 -2.541137e+002
      vertex  8.429907e+002  3.070559e+001 -2.541137e+002
      vertex  3.835865e+002  9.500000e+001 -2.541137e+002
    endloop
  endfacet
  facet normal  0.000000e+000  0.000000e+000 -1.000000e+000
    outer loop
      vertex  1.064496e+003  6.766137e+002 -2.541137e+002
      vertex  3.835865e+002  9.500000e+001 -2.541137e+002
      vertex  3.835865e+002  4.298000e+002 -2.541137e+002
    endloop
  endfacet
  facet normal  0.000000e+000  0.000000e+000 -1.000000e+000
    outer loop
      vertex  1.064496e+003  6.766137e+002 -2.541137e+002
      vertex  3.835865e+002  4.298000e+002 -2.541137e+002
      vertex  5.300897e+002  7.009753e+002 -2.541137e+002
    endloop
  endfacet
  facet normal  0.000000e+000  0.000000e+000 -1.000000e+000
    outer loop
      vertex  1.064496e+003  6.766137e+002 -2.541137e+002
      vertex  5.300897e+002  7.009753e+002 -2.541137e+002
      vertex  1.031029e+003  7.009753e+002 -2.541137e+002
    endloop
  endfacet
  facet normal  0.000000e+000  -0.000000e+000 -1.000000e+000
    outer loop
      vertex -1.555117e+003  3.410605e-013 -2.541137e+002
      vertex -1.545117e+003  4.750000e+001 -2.541137e+002
      vertex -1.499117e+003  4.750000e+001 -2.541137e+002
    endloop
  endfacet
  facet normal  0.000000e+000  -0.000000e+000 -1.000000e+000
    outer loop
      vertex -1.555117e+003  3.410605e-013 -2.541137e+002
      vertex -1.499117e+003  4.750000e+001 -2.541137e+002
      vertex -9.782322e+002  0.000000e+000 -2.541137e+002
    endloop
  endfacet
  facet normal  -0.000000e+000  -0.000000e+000 -1.000000e+000
    outer loop
      vertex -1.555117e+003  3.410605e-013 -2.541137e+002
      vertex -9.782322e+002  0.000000e+000 -2.541137e+002
      vertex -9.782322e+002 -2.400000e+002 -2.541137e+002
    endloop
  endfacet
  facet normal  -0.000000e+000  0.000000e+000 -1.000000e+000
    outer loop
      vertex -1.555117e+003  3.410605e-013 -2.541137e+002
      vertex -9.782322e+002 -2.400000e+002 -2.541137e+002
      vertex -9.832000e+002 -3.748000e+002 -2.541137e+002
    endloop
  endfacet
  facet normal  -0.000000e+000  -0.000000e+000 -1.000000e+000
    outer loop
      vertex -1.555117e+003  3.410605e-013 -2.541137e+002
      vertex -9.832000e+002 -3.748000e+002 -2.541137e+002
      vertex -9.832000e+002 -4.848000e+002 -2.541137e+002
    endloop
  endfacet
  facet normal  -0.000000e+000  0.000000e+000 -9.999999e-001
    outer loop
      vertex -1.555117e+003  3.410605e-013 -2.541137e+002
      vertex -9.832000e+002 -4.848000e+002 -2.541137e+002
      vertex -1.555117e+003 -5.669753e+002 -2.541137e+002
    endloop
  endfacet
  facet normal  0.000000e+000  0.000000e+000 -1.000000e+000
    outer loop
      vertex  1.064496e+003 -6.766137e+002 -2.541137e+002
      vertex  1.031029e+003 -7.009753e+002 -2.541137e+002
      vertex  5.300897e+002 -7.009753e+002 -2.541137e+002
    endloop
  endfacet
  facet normal  0.000000e+000  0.000000e+000 -1.000000e+000
    outer loop
      vertex  1.064496e+003 -6.766137e+002 -2.541137e+002
      vertex  5.300897e+002 -7.009753e+002 -2.541137e+002
      vertex  3.835865e+002 -4.298000e+002 -2.541137e+002
    endloop
  endfacet
  facet normal  0.000000e+000  0.000000e+000 -1.000000e+000
    outer loop
      vertex  1.064496e+003 -6.766137e+002 -2.541137e+002
      vertex  3.835865e+002 -4.298000e+002 -2.541137e+002
      vertex  8.560000e+002 -3.740000e+002 -2.541137e+002
    endloop
  endfacet
  facet normal  0.000000e+000  0.000000e+000 -1.000000e+000
    outer loop
      vertex  1.064496e+003 -6.766137e+002 -2.541137e+002
      vertex  8.560000e+002 -3.740000e+002 -2.541137e+002
      vertex  9.507523e+002 -3.347523e+002 -2.541137e+002
    endloop
  endfacet
  facet normal  0.000000e+000  0.000000e+000 -1.000000e+000
    outer loop
      vertex  1.064496e+003 -6.766137e+002 -2.541137e+002
      vertex  9.507523e+002 -3.347523e+002 -2.541137e+002
      vertex  9.900000e+002 -2.400000e+002 -2.541137e+002
    endloop
  endfacet
  facet normal  0.000000e+000  0.000000e+000 -1.000000e+000
    outer loop
      vertex  1.064496e+003 -6.766137e+002 -2.541137e+002
      vertex  9.900000e+002 -2.400000e+002 -2.541137e+002
      vertex  1.064496e+003  2.273737e-013 -2.541137e+002
    endloop
  endfacet
  facet normal  0.000000e+000  0.000000e+000 -9.999999e-001
    outer loop
      vertex  3.835865e+002 -2.400000e+002 -2.541137e+002
      vertex  2.926000e+002 -3.748000e+002 -2.541137e+002
      vertex  2.326000e+002 -3.748000e+002 -2.541137e+002
    endloop
  endfacet
  facet normal  0.000000e+000  0.000000e+000 -1.000000e+000
    outer loop
      vertex  3.835865e+002 -2.400000e+002 -2.541137e+002
      vertex  2.326000e+002 -3.748000e+002 -2.541137e+002
      vertex  8.160000e+001 -3.748000e+002 -2.541137e+002
    endloop
  endfacet
  facet normal  0.000000e+000  0.000000e+000 -1.000000e+000
    outer loop
      vertex  3.835865e+002 -2.400000e+002 -2.541137e+002
      vertex  8.160000e+001 -3.748000e+002 -2.541137e+002
      vertex -2.973229e+002 -2.400000e+002 -2.541137e+002
    endloop
  endfacet
  facet normal  0.000000e+000  0.000000e+000 -1.000000e+000
    outer loop
      vertex  3.835865e+002 -2.400000e+002 -2.541137e+002
      vertex -2.973229e+002 -2.400000e+002 -2.541137e+002
      vertex  2.842171e-014 -7.049873e+001 -2.541137e+002
    endloop
  endfacet
  facet normal  0.000000e+000  0.000000e+000 -1.000000e+000
    outer loop
      vertex  3.835865e+002 -2.400000e+002 -2.541137e+002
      vertex  2.842171e-014 -7.049873e+001 -2.541137e+002
      vertex  7.007801e+001 -1.136868e-013 -2.541137e+002
    endloop
  endfacet
  facet normal  0.000000e+000  0.000000e+000 -1.000000e+000
    outer loop
      vertex  3.835865e+002 -2.400000e+002 -2.541137e+002
      vertex  7.007801e+001 -1.136868e-013 -2.541137e+002
      vertex  3.835865e+002  0.000000e+000 -2.541137e+002
    endloop
  endfacet
  facet normal  0.000000e+000  0.000000e+000 -1.000000e+000
    outer loop
      vertex  3.835865e+002 -2.400000e+002 -2.541137e+002
      vertex  3.835865e+002  0.000000e+000 -2.541137e+002
      vertex  8.212944e+002 -9.009265e+000 -2.541137e+002
    endloop
  endfacet
  facet normal  0.000000e+000  0.000000e+000 -1.000000e+000
    outer loop
      vertex  3.835865e+002 -2.400000e+002 -2.541137e+002
      vertex  8.212944e+002 -9.009265e+000 -2.541137e+002
      vertex  7.612477e+002 -1.452477e+002 -2.541137e+002
    endloop
  endfacet
  facet normal  0.000000e+000  0.000000e+000 -9.999999e-001
    outer loop
      vertex  3.835865e+002 -2.400000e+002 -2.541137e+002
      vertex  7.612477e+002 -1.452477e+002 -2.541137e+002
      vertex  7.220000e+002 -2.400000e+002 -2.541137e+002
    endloop
  endfacet
  facet normal  -0.000000e+000  -0.000000e+000 -9.999999e-001
    outer loop
      vertex  3.835865e+002 -2.400000e+002 -2.541137e+002
      vertex  7.220000e+002 -2.400000e+002 -2.541137e+002
      vertex  7.612477e+002 -3.347523e+002 -2.541137e+002
    endloop
  endfacet
  facet normal  -0.000000e+000  0.000000e+000 -1.000000e+000
    outer loop
      vertex  3.835865e+002 -2.400000e+002 -2.541137e+002
      vertex  7.612477e+002 -3.347523e+002 -2.541137e+002
      vertex  3.835865e+002 -4.298000e+002 -2.541137e+002
    endloop
  endfacet
  facet normal  0.000000e+000  0.000000e+000 -1.000000e+000
    outer loop
      vertex  3.835865e+002 -2.400000e+002 -2.541137e+002
      vertex  3.835865e+002 -4.298000e+002 -2.541137e+002
      vertex  2.926000e+002 -3.748000e+002 -2.541137e+002
    endloop
  endfacet
  facet normal  0.000000e+000  0.000000e+000 -9.999999e-001
    outer loop
      vertex  8.239174e+002  1.534162e+001 -2.541137e+002
      vertex  3.835865e+002  0.000000e+000 -2.541137e+002
      vertex  8.429907e+002  3.070559e+001 -2.541137e+002
    endloop
  endfacet
  facet normal  0.000000e+000  0.000000e+000 -1.000000e+000
    outer loop
      vertex  8.239174e+002  1.534162e+001 -2.541137e+002
      vertex  8.212944e+002 -9.009265e+000 -2.541137e+002
      vertex  3.835865e+002  0.000000e+000 -2.541137e+002
    endloop
  endfacet
  facet normal  0.000000e+000  -0.000000e+000 -1.000000e+000
    outer loop
      vertex -7.722000e+002 -3.748000e+002 -2.541137e+002
      vertex -2.973229e+002 -2.400000e+002 -2.541137e+002
      vertex -2.973229e+002 -4.298000e+002 -2.541137e+002
    endloop
  endfacet
  facet normal  -0.000000e+000  0.000000e+000 -1.000000e+000
    outer loop
      vertex  3.835865e+002  9.500000e+001 -2.541137e+002
      vertex  8.429907e+002  3.070559e+001 -2.541137e+002
      vertex  3.835865e+002  0.000000e+000 -2.541137e+002
    endloop
  endfacet
  facet normal  0.000000e+000  0.000000e+000 -1.000000e+000
    outer loop
      vertex  9.900000e+002 -2.400000e+002 -2.541137e+002
      vertex  9.507523e+002 -1.452477e+002 -2.541137e+002
      vertex  1.064496e+003  2.273737e-013 -2.541137e+002
    endloop
  endfacet
  facet normal  0.000000e+000  0.000000e+000 -1.000000e+000
    outer loop
      vertex  8.160000e+001 -3.748000e+002 -2.541137e+002
      vertex -2.973229e+002 -4.298000e+002 -2.541137e+002
      vertex -2.973229e+002 -2.400000e+002 -2.541137e+002
    endloop
  endfacet
  facet normal  0.000000e+000  -0.000000e+000 -1.000000e+000
    outer loop
      vertex  3.835865e+002 -4.298000e+002 -2.541137e+002
      vertex  7.612477e+002 -3.347523e+002 -2.541137e+002
      vertex  8.560000e+002 -3.740000e+002 -2.541137e+002
    endloop
  endfacet
  facet normal  4.576615e-001 -6.287072e-001 -6.287075e-001
    outer loop
      vertex  1.031029e+003 -7.009753e+002 -2.541137e+002
      vertex  1.064496e+003 -6.766137e+002 -2.541137e+002
      vertex  1.562789e+003 -5.532500e+002 -1.475000e+001
    endloop
  endfacet
  facet normal  4.576615e-001 -6.287073e-001 -6.287074e-001
    outer loop
      vertex  1.562789e+003 -5.532500e+002 -1.475000e+001
      vertex  1.064496e+003 -6.766137e+002 -2.541137e+002
      vertex  1.660374e+003 -4.597318e+002 -3.723184e+001
    endloop
  endfacet
  facet normal  4.576615e-001 -6.287073e-001 -6.287074e-001
    outer loop
      vertex  1.562789e+003 -5.532500e+002 -1.475000e+001
      vertex  1.660374e+003 -4.597318e+002 -3.723184e+001
      vertex  2.269577e+003 -2.960000e+002  2.425000e+002
    endloop
  endfacet
  facet normal  4.576616e-001 -6.287073e-001 -6.287074e-001
    outer loop
      vertex  2.269577e+003 -2.960000e+002  2.425000e+002
      vertex  1.660374e+003 -4.597318e+002 -3.723184e+001
      vertex  2.256252e+003 -2.428500e+002  1.796500e+002
    endloop
  endfacet
  facet normal  4.576605e-001 -6.287077e-001 -6.287078e-001
    outer loop
      vertex  2.269577e+003 -2.960000e+002  2.425000e+002
      vertex  2.256252e+003 -2.428500e+002  1.796500e+002
      vertex  2.269577e+003 -2.561751e+002  2.026751e+002
    endloop
  endfacet
  facet normal  4.576598e-001 -6.287083e-001 -6.287077e-001
    outer loop
      vertex  8.499352e+002 -8.105000e+002 -2.764148e+002
      vertex  8.503538e+002 -7.665073e+002 -3.201028e+002
      vertex  8.560000e+002 -8.105000e+002 -2.720000e+002
    endloop
  endfacet
  facet normal  4.576617e-001 -6.287075e-001 -6.287072e-001
    outer loop
      vertex  8.560000e+002 -8.105000e+002 -2.720000e+002
      vertex  8.503538e+002 -7.665073e+002 -3.201028e+002
      vertex  1.031029e+003 -7.009753e+002 -2.541137e+002
    endloop
  endfacet
  facet normal  4.576615e-001 -6.287073e-001 -6.287075e-001
    outer loop
      vertex  8.560000e+002 -8.105000e+002 -2.720000e+002
      vertex  1.031029e+003 -7.009753e+002 -2.541137e+002
      vertex  1.562789e+003 -5.532500e+002 -1.475000e+001
    endloop
  endfacet
  facet normal -7.071055e-001 -7.071081e-001  -0.000000e+000
    outer loop
      vertex  2.294402e+003 -2.810000e+002  1.610000e+002
      vertex  2.294402e+003 -2.810000e+002  2.070000e+002
      vertex  2.269577e+003 -2.561751e+002  2.070000e+002
    endloop
  endfacet
  facet normal -7.071055e-001 -7.071080e-001  -0.000000e+000
    outer loop
      vertex  2.294402e+003 -2.810000e+002  1.610000e+002
      vertex  2.269577e+003 -2.561751e+002  2.070000e+002
      vertex  2.269577e+003 -2.561751e+002  2.026751e+002
    endloop
  endfacet
  facet normal -7.071059e-001 -7.071076e-001 -5.170158e-007
    outer loop
      vertex  2.294402e+003 -2.810000e+002  1.610000e+002
      vertex  2.269577e+003 -2.561751e+002  2.026751e+002
      vertex  2.256252e+003 -2.428500e+002  1.796500e+002
    endloop
  endfacet
  facet normal -7.071066e-001 -7.071069e-001 -3.313625e-006
    outer loop
      vertex  2.294402e+003 -2.810000e+002  1.610000e+002
      vertex  2.256252e+003 -2.428500e+002  1.796500e+002
      vertex  2.205011e+003 -1.916094e+002  1.610000e+002
    endloop
  endfacet
  facet normal  0.000000e+000  0.000000e+000 -1.000000e+000
    outer loop
      vertex  2.205011e+003 -8.754786e+001  1.610000e+002
      vertex  2.220156e+003 -7.240350e+001  1.610000e+002
      vertex  2.205011e+003 -1.916094e+002  1.610000e+002
    endloop
  endfacet
  facet normal  0.000000e+000  -0.000000e+000 -1.000000e+000
    outer loop
      vertex  2.205011e+003 -1.916094e+002  1.610000e+002
      vertex  2.220156e+003 -7.240350e+001  1.610000e+002
      vertex  2.361577e+003 -2.138249e+002  1.610000e+002
    endloop
  endfacet
  facet normal  -0.000000e+000  0.000000e+000 -9.999999e-001
    outer loop
      vertex  2.205011e+003 -1.916094e+002  1.610000e+002
      vertex  2.361577e+003 -2.138249e+002  1.610000e+002
      vertex  2.294402e+003 -2.810000e+002  1.610000e+002
    endloop
  endfacet
  facet normal  0.000000e+000  0.000000e+000 -1.000000e+000
    outer loop
      vertex  2.423604e+003 -1.061428e+002  2.604576e+002
      vertex  2.423604e+003 -1.030816e+002  2.604576e+002
      vertex  2.453604e+003 -1.061428e+002  2.604576e+002
    endloop
  endfacet
  facet normal  0.000000e+000  -0.000000e+000 -1.000000e+000
    outer loop
      vertex  2.423604e+003 -1.030816e+002  2.604576e+002
      vertex  2.453604e+003 -9.216248e+001  2.604576e+002
      vertex  2.453604e+003 -1.061428e+002  2.604576e+002
    endloop
  endfacet
  facet normal  7.071067e-001  7.071068e-001  0.000000e+000
    outer loop
      vertex  2.220156e+003 -7.240350e+001  1.610000e+002
      vertex  2.220156e+003 -7.240350e+001  1.665121e+002
      vertex  2.361577e+003 -2.138249e+002  1.610000e+002
    endloop
  endfacet
  facet normal  7.071066e-001  7.071069e-001 -1.893866e-006
    outer loop
      vertex  2.361577e+003 -2.138249e+002  1.610000e+002
      vertex  2.220156e+003 -7.240350e+001  1.665121e+002
      vertex  2.296937e+003 -1.491846e+002  1.944581e+002
    endloop
  endfacet
  facet normal  7.071072e-001  7.071063e-001  0.000000e+000
    outer loop
      vertex  2.361577e+003 -2.138249e+002  1.610000e+002
      vertex  2.296937e+003 -1.491846e+002  1.944581e+002
      vertex  2.361577e+003 -2.138249e+002  2.070000e+002
    endloop
  endfacet
  facet normal  7.071072e-001  7.071064e-001  -0.000000e+000
    outer loop
      vertex  2.361577e+003 -2.138249e+002  2.070000e+002
      vertex  2.296937e+003 -1.491846e+002  1.944581e+002
      vertex  2.296937e+003 -1.491846e+002  2.070000e+002
    endloop
  endfacet
  facet normal -3.420203e-001  0.000000e+000  9.396925e-001
    outer loop
      vertex  2.269577e+003 -1.591428e+002  3.610000e+002
      vertex  2.415193e+003 -1.061428e+002  4.140000e+002
      vertex  2.269577e+003 -7.000000e+001  3.610000e+002
    endloop
  endfacet
  facet normal -3.420203e-001  0.000000e+000  9.396926e-001
    outer loop
      vertex  2.269577e+003 -7.000000e+001  3.610000e+002
      vertex  2.415193e+003 -1.061428e+002  4.140000e+002
      vertex  2.415193e+003 -7.000000e+001  4.140000e+002
    endloop
  endfacet
  facet normal  1.000000e+000  0.000000e+000  0.000000e+000
    outer loop
      vertex  6.554000e+003 -1.050000e+002  3.433943e+002
      vertex  6.554000e+003  1.050000e+002  3.433943e+002
      vertex  6.554000e+003 -1.050000e+002  3.783996e+002
    endloop
  endfacet
  facet normal  1.000000e+000  0.000000e+000  0.000000e+000
    outer loop
      vertex  6.554000e+003  1.050000e+002  3.433943e+002
      vertex  6.554000e+003  1.050000e+002  3.783996e+002
      vertex  6.554000e+003 -1.050000e+002  3.783996e+002
    endloop
  endfacet
  facet normal  1.745238e-002  -0.000000e+000  9.998477e-001
    outer loop
      vertex  6.374000e+003  1.050000e+002  3.815415e+002
      vertex  6.374000e+003 -1.050000e+002  3.815415e+002
      vertex  6.554000e+003  1.050000e+002  3.783996e+002
    endloop
  endfacet
  facet normal  1.745238e-002  0.000000e+000  9.998477e-001
    outer loop
      vertex  6.554000e+003  1.050000e+002  3.783996e+002
      vertex  6.374000e+003 -1.050000e+002  3.815415e+002
      vertex  6.554000e+003 -1.050000e+002  3.783996e+002
    endloop
  endfacet
  facet normal  1.745247e-002  0.000000e+000  9.998477e-001
    outer loop
      vertex  5.073874e+003 -7.000000e+001  3.692300e+002
      vertex  5.609988e+003 -7.000000e+001  3.598720e+002
      vertex  5.073874e+003  7.000000e+001  3.692300e+002
    endloop
  endfacet
  facet normal  1.745247e-002  0.000000e+000  9.998477e-001
    outer loop
      vertex  5.609988e+003 -7.000000e+001  3.598720e+002
      vertex  5.609988e+003  7.000000e+001  3.598720e+002
      vertex  5.073874e+003  7.000000e+001  3.692300e+002
    endloop
  endfacet
  facet normal  1.745239e-002  0.000000e+000  9.998477e-001
    outer loop
      vertex  5.609988e+003 -7.000000e+001  3.598720e+002
      vertex  6.146103e+003 -7.000000e+001  3.505141e+002
      vertex  5.609988e+003  7.000000e+001  3.598720e+002
    endloop
  endfacet
  facet normal  1.745239e-002  0.000000e+000  9.998477e-001
    outer loop
      vertex  6.146103e+003 -7.000000e+001  3.505141e+002
      vertex  6.146103e+003  7.000000e+001  3.505141e+002
      vertex  5.609988e+003  7.000000e+001  3.598720e+002
    endloop
  endfacet
  facet normal  4.124585e-001  0.000000e+000  9.109764e-001
    outer loop
      vertex  5.010231e+003 -1.050000e+002  4.053462e+002
      vertex  5.074000e+003 -1.050000e+002  3.764740e+002
      vertex  5.010231e+003  1.050000e+002  4.053462e+002
    endloop
  endfacet
  facet normal  4.124585e-001  -0.000000e+000  9.109764e-001
    outer loop
      vertex  5.010231e+003  1.050000e+002  4.053462e+002
      vertex  5.074000e+003 -1.050000e+002  3.764740e+002
      vertex  5.074000e+003  1.050000e+002  3.764740e+002
    endloop
  endfacet
  facet normal  0.000000e+000  1.000000e+000  0.000000e+000
    outer loop
      vertex  4.809533e+003  1.050000e+002  4.088494e+002
      vertex  5.010231e+003  1.050000e+002  4.053462e+002
      vertex  4.674000e+003  1.050000e+002  3.762098e+002
    endloop
  endfacet
  facet normal  0.000000e+000  1.000000e+000  0.000000e+000
    outer loop
      vertex  4.674000e+003  1.050000e+002  3.762098e+002
      vertex  5.010231e+003  1.050000e+002  4.053462e+002
      vertex  5.074000e+003  1.050000e+002  3.764740e+002
    endloop
  endfacet
  facet normal  0.000000e+000  1.000000e+000  0.000000e+000
    outer loop
      vertex  4.674000e+003  1.050000e+002  3.762098e+002
      vertex  5.074000e+003  1.050000e+002  3.764740e+002
      vertex  4.671557e+003  1.050000e+002  2.362311e+002
    endloop
  endfacet
  facet normal  0.000000e+000  1.000000e+000  0.000000e+000
    outer loop
      vertex  4.671557e+003  1.050000e+002  2.362311e+002
      vertex  5.074000e+003  1.050000e+002  3.764740e+002
      vertex  5.071430e+003  1.050000e+002  2.292513e+002
    endloop
  endfacet
  facet normal  0.000000e+000  9.999999e-001  0.000000e+000
    outer loop
      vertex  5.071430e+003  7.000000e+001  2.292513e+002
      vertex  5.073874e+003  7.000000e+001  3.692300e+002
      vertex  5.607544e+003  7.000000e+001  2.198934e+002
    endloop
  endfacet
  facet normal  0.000000e+000  1.000000e+000  0.000000e+000
    outer loop
      vertex  5.607544e+003  7.000000e+001  2.198934e+002
      vertex  5.073874e+003  7.000000e+001  3.692300e+002
      vertex  5.609988e+003  7.000000e+001  3.598720e+002
    endloop
  endfacet
  facet normal  0.000000e+000  1.000000e+000  0.000000e+000
    outer loop
      vertex  5.607544e+003  7.000000e+001  2.198934e+002
      vertex  5.609988e+003  7.000000e+001  3.598720e+002
      vertex  6.143659e+003  7.000000e+001  2.105355e+002
    endloop
  endfacet
  facet normal  0.000000e+000  1.000000e+000  0.000000e+000
    outer loop
      vertex  6.143659e+003  7.000000e+001  2.105355e+002
      vertex  5.609988e+003  7.000000e+001  3.598720e+002
      vertex  6.146103e+003  7.000000e+001  3.505141e+002
    endloop
  endfacet
  facet normal  0.000000e+000  1.000000e+000  0.000000e+000
    outer loop
      vertex  6.374000e+003  1.050000e+002  3.815415e+002
      vertex  6.554000e+003  1.050000e+002  3.783996e+002
      vertex  6.146103e+003  1.050000e+002  3.505141e+002
    endloop
  endfacet
  facet normal  0.000000e+000  1.000000e+000  0.000000e+000
    outer loop
      vertex  6.146103e+003  1.050000e+002  3.505141e+002
      vertex  6.554000e+003  1.050000e+002  3.783996e+002
      vertex  6.554000e+003  1.050000e+002  3.433943e+002
    endloop
  endfacet
  facet normal  0.000000e+000  9.999999e-001  0.000000e+000
    outer loop
      vertex  6.146103e+003  1.050000e+002  3.505141e+002
      vertex  6.554000e+003  1.050000e+002  3.433943e+002
      vertex  6.143659e+003  1.050000e+002  2.105355e+002
    endloop
  endfacet
  facet normal  0.000000e+000  1.000000e+000  0.000000e+000
    outer loop
      vertex  6.143659e+003  1.050000e+002  2.105355e+002
      vertex  6.554000e+003  1.050000e+002  3.433943e+002
      vertex  6.554000e+003  1.050000e+002  2.033729e+002
    endloop
  endfacet
  facet normal  9.999999e-001  0.000000e+000  0.000000e+000
    outer loop
      vertex  6.554000e+003 -1.050000e+002  2.033729e+002
      vertex  6.554000e+003  1.050000e+002  2.033729e+002
      vertex  6.554000e+003 -1.050000e+002  3.433943e+002
    endloop
  endfacet
  facet normal  9.999999e-001  0.000000e+000  0.000000e+000
    outer loop
      vertex  6.554000e+003  1.050000e+002  2.033729e+002
      vertex  6.554000e+003  1.050000e+002  3.433943e+002
      vertex  6.554000e+003 -1.050000e+002  3.433943e+002
    endloop
  endfacet
  facet normal  9.998477e-001  0.000000e+000 -1.745270e-002
    outer loop
      vertex  5.071430e+003 -1.050000e+002  2.292513e+002
      vertex  5.071430e+003 -7.000000e+001  2.292513e+002
      vertex  5.074000e+003 -1.050000e+002  3.764740e+002
    endloop
  endfacet
  facet normal  9.998477e-001  5.542989e-007 -1.745257e-002
    outer loop
      vertex  5.074000e+003 -1.050000e+002  3.764740e+002
      vertex  5.071430e+003 -7.000000e+001  2.292513e+002
      vertex  5.073874e+003 -7.000000e+001  3.692300e+002
    endloop
  endfacet
  facet normal  9.998477e-001  0.000000e+000 -1.745524e-002
    outer loop
      vertex  5.074000e+003 -1.050000e+002  3.764740e+002
      vertex  5.073874e+003 -7.000000e+001  3.692300e+002
      vertex  5.074000e+003  1.050000e+002  3.764740e+002
    endloop
  endfacet
  facet normal  9.998477e-001  0.000000e+000 -1.745524e-002
    outer loop
      vertex  5.074000e+003  1.050000e+002  3.764740e+002
      vertex  5.073874e+003 -7.000000e+001  3.692300e+002
      vertex  5.073874e+003  7.000000e+001  3.692300e+002
    endloop
  endfacet
  facet normal  9.998477e-001 -5.270250e-007 -1.745270e-002
    outer loop
      vertex  5.074000e+003  1.050000e+002  3.764740e+002
      vertex  5.073874e+003  7.000000e+001  3.692300e+002
      vertex  5.071430e+003  1.050000e+002  2.292513e+002
    endloop
  endfacet
  facet normal  9.998477e-001  0.000000e+000 -1.745257e-002
    outer loop
      vertex  5.071430e+003  1.050000e+002  2.292513e+002
      vertex  5.073874e+003  7.000000e+001  3.692300e+002
      vertex  5.071430e+003  7.000000e+001  2.292513e+002
    endloop
  endfacet
  facet normal -9.939113e-001  1.088089e-001  1.734764e-002
    outer loop
      vertex  4.457000e+003 -3.030000e+002  3.973535e+002
      vertex  4.474175e+003 -1.600000e+002  4.844576e+002
      vertex  4.480083e+003 -7.000000e+001  2.584576e+002
    endloop
  endfacet
  facet normal -9.939110e-001  1.088113e-001  1.734861e-002
    outer loop
      vertex  4.480083e+003 -7.000000e+001  2.584576e+002
      vertex  4.474175e+003 -1.600000e+002  4.844576e+002
      vertex  4.482004e+003 -7.000000e+001  3.684789e+002
    endloop
  endfacet
  facet normal  -0.000000e+000  7.900306e-001  6.130675e-001
    outer loop
      vertex  4.605848e+003 -7.000000e+001  3.684789e+002
      vertex  4.482004e+003 -7.000000e+001  3.684789e+002
      vertex  4.617393e+003 -1.600000e+002  4.844576e+002
    endloop
  endfacet
  facet normal  -0.000000e+000  7.900305e-001  6.130674e-001
    outer loop
      vertex  4.482004e+003 -7.000000e+001  3.684789e+002
      vertex  4.474175e+003 -1.600000e+002  4.844576e+002
      vertex  4.617393e+003 -1.600000e+002  4.844576e+002
    endloop
  endfacet
  facet normal -1.000000e+000  0.000000e+000  0.000000e+000
    outer loop
      vertex  2.423604e+003 -5.614280e+001  4.314576e+002
      vertex  2.423604e+003 -5.614280e+001  4.244576e+002
      vertex  2.423604e+003 -1.061428e+002  4.314576e+002
    endloop
  endfacet
  facet normal -1.000000e+000  0.000000e+000  0.000000e+000
    outer loop
      vertex  2.423604e+003 -1.061428e+002  4.314576e+002
      vertex  2.423604e+003 -5.614280e+001  4.244576e+002
      vertex  2.423604e+003 -7.000000e+001  4.244576e+002
    endloop
  endfacet
  facet normal -1.000000e+000  0.000000e+000  0.000000e+000
    outer loop
      vertex  2.423604e+003 -1.030816e+002  4.140000e+002
      vertex  2.423604e+003 -1.030816e+002  2.604576e+002
      vertex  2.423604e+003 -1.061428e+002  2.604576e+002
    endloop
  endfacet
  facet normal -1.000000e+000  0.000000e+000  0.000000e+000
    outer loop
      vertex  2.423604e+003 -1.030816e+002  4.140000e+002
      vertex  2.423604e+003 -1.061428e+002  2.604576e+002
      vertex  2.423604e+003 -1.061428e+002  4.314576e+002
    endloop
  endfacet
  facet normal -1.000000e+000  0.000000e+000  0.000000e+000
    outer loop
      vertex  2.423604e+003 -1.030816e+002  4.140000e+002
      vertex  2.423604e+003 -1.061428e+002  4.314576e+002
      vertex  2.423604e+003 -7.000000e+001  4.244576e+002
    endloop
  endfacet
  facet normal -9.999999e-001  0.000000e+000  -0.000000e+000
    outer loop
      vertex  2.423604e+003 -1.030816e+002  4.140000e+002
      vertex  2.423604e+003 -7.000000e+001  4.244576e+002
      vertex  2.423604e+003 -7.000000e+001  4.140000e+002
    endloop
  endfacet
  facet normal  0.000000e+000  0.000000e+000  1.000000e+000
    outer loop
      vertex  2.423604e+003 -1.061428e+002  4.314576e+002
      vertex  2.453604e+003 -1.061428e+002  4.314576e+002
      vertex  2.423604e+003 -5.614280e+001  4.314576e+002
    endloop
  endfacet
  facet normal  0.000000e+000  -0.000000e+000  1.000000e+000
    outer loop
      vertex  2.423604e+003 -5.614280e+001  4.314576e+002
      vertex  2.453604e+003 -1.061428e+002  4.314576e+002
      vertex  2.453604e+003 -5.614280e+001  4.314576e+002
    endloop
  endfacet
  facet normal  0.000000e+000  -0.000000e+000  1.000000e+000
    outer loop
      vertex  2.219577e+003 -1.775000e+002  3.610000e+002
      vertex  2.269577e+003 -1.775000e+002  3.610000e+002
      vertex  2.269577e+003 -1.591428e+002  3.610000e+002
    endloop
  endfacet
  facet normal  0.000000e+000  -0.000000e+000  1.000000e+000
    outer loop
      vertex  2.219577e+003 -1.775000e+002  3.610000e+002
      vertex  2.269577e+003 -1.591428e+002  3.610000e+002
      vertex  2.269577e+003 -7.000000e+001  3.610000e+002
    endloop
  endfacet
  facet normal  0.000000e+000  -0.000000e+000  1.000000e+000
    outer loop
      vertex  2.219577e+003 -1.775000e+002  3.610000e+002
      vertex  2.269577e+003 -7.000000e+001  3.610000e+002
      vertex  2.269577e+003  7.000000e+001  3.610000e+002
    endloop
  endfacet
  facet normal  0.000000e+000  -0.000000e+000  1.000000e+000
    outer loop
      vertex  2.219577e+003 -1.775000e+002  3.610000e+002
      vertex  2.269577e+003  7.000000e+001  3.610000e+002
      vertex  2.269577e+003  1.591428e+002  3.610000e+002
    endloop
  endfacet
  facet normal  0.000000e+000  -0.000000e+000  1.000000e+000
    outer loop
      vertex  2.219577e+003 -1.775000e+002  3.610000e+002
      vertex  2.269577e+003  1.591428e+002  3.610000e+002
      vertex  2.269577e+003  1.775000e+002  3.610000e+002
    endloop
  endfacet
  facet normal  0.000000e+000  0.000000e+000  1.000000e+000
    outer loop
      vertex  2.219577e+003 -1.775000e+002  3.610000e+002
      vertex  2.269577e+003  1.775000e+002  3.610000e+002
      vertex  2.219577e+003  1.775000e+002  3.610000e+002
    endloop
  endfacet
  facet normal  0.000000e+000  5.120429e-001 -8.589599e-001
    outer loop
      vertex  4.457000e+003  3.030000e+002  3.973535e+002
      vertex  4.631000e+003  3.030000e+002  3.973535e+002
      vertex  4.457000e+003  7.000000e+001  2.584576e+002
    endloop
  endfacet
  facet normal  0.000000e+000  5.120429e-001 -8.589599e-001
    outer loop
      vertex  4.457000e+003  7.000000e+001  2.584576e+002
      vertex  4.631000e+003  3.030000e+002  3.973535e+002
      vertex  4.631000e+003  7.000000e+001  2.584576e+002
    endloop
  endfacet
  facet normal -1.000000e+000  0.000000e+000  0.000000e+000
    outer loop
      vertex  4.457000e+003  3.030000e+002  3.973535e+002
      vertex  4.457000e+003  7.000000e+001  2.584576e+002
      vertex  4.457000e+003  1.600000e+002  4.844576e+002
    endloop
  endfacet
  facet normal -1.000000e+000  0.000000e+000  0.000000e+000
    outer loop
      vertex  4.457000e+003  1.600000e+002  4.844576e+002
      vertex  4.457000e+003  7.000000e+001  2.584576e+002
      vertex  4.457000e+003  7.000000e+001  3.684789e+002
    endloop
  endfacet
  facet normal -9.998477e-001  0.000000e+000  1.745257e-002
    outer loop
      vertex  4.671557e+003  7.000000e+001  2.362311e+002
      vertex  4.674000e+003  7.000000e+001  3.762098e+002
      vertex  4.671557e+003  1.050000e+002  2.362311e+002
    endloop
  endfacet
  facet normal -9.998477e-001  0.000000e+000  1.745257e-002
    outer loop
      vertex  4.671557e+003  1.050000e+002  2.362311e+002
      vertex  4.674000e+003  7.000000e+001  3.762098e+002
      vertex  4.674000e+003  1.050000e+002  3.762098e+002
    endloop
  endfacet
  facet normal  1.000000e+000  0.000000e+000  0.000000e+000
    outer loop
      vertex  2.453604e+003 -1.061428e+002  4.314576e+002
      vertex  2.453604e+003 -1.061428e+002  2.604576e+002
      vertex  2.453604e+003 -9.216248e+001  2.604576e+002
    endloop
  endfacet
  facet normal  1.000000e+000  0.000000e+000  -0.000000e+000
    outer loop
      vertex  2.453604e+003 -1.061428e+002  4.314576e+002
      vertex  2.453604e+003 -9.216248e+001  2.604576e+002
      vertex  2.453604e+003 -9.216248e+001  4.140000e+002
    endloop
  endfacet
  facet normal  1.000000e+000  0.000000e+000  -0.000000e+000
    outer loop
      vertex  2.453604e+003 -1.061428e+002  4.314576e+002
      vertex  2.453604e+003 -9.216248e+001  4.140000e+002
      vertex  2.453604e+003 -7.000000e+001  4.140000e+002
    endloop
  endfacet
  facet normal  1.000000e+000  0.000000e+000  -0.000000e+000
    outer loop
      vertex  2.453604e+003 -1.061428e+002  4.314576e+002
      vertex  2.453604e+003 -7.000000e+001  4.140000e+002
      vertex  2.453604e+003 -7.000000e+001  4.244576e+002
    endloop
  endfacet
  facet normal  1.000000e+000  0.000000e+000  -0.000000e+000
    outer loop
      vertex  2.453604e+003 -1.061428e+002  4.314576e+002
      vertex  2.453604e+003 -7.000000e+001  4.244576e+002
      vertex  2.453604e+003 -5.614280e+001  4.244576e+002
    endloop
  endfacet
  facet normal  1.000000e+000  0.000000e+000  -0.000000e+000
    outer loop
      vertex  2.453604e+003 -1.061428e+002  4.314576e+002
      vertex  2.453604e+003 -5.614280e+001  4.244576e+002
      vertex  2.453604e+003 -5.614280e+001  4.314576e+002
    endloop
  endfacet
  facet normal  0.000000e+000  0.000000e+000  1.000000e+000
    outer loop
      vertex  2.453604e+003  9.216248e+001  4.140000e+002
      vertex  2.453604e+003  7.000000e+001  4.140000e+002
      vertex  2.509000e+003  7.200000e+001  4.140000e+002
    endloop
  endfacet
  facet normal  0.000000e+000  -0.000000e+000  1.000000e+000
    outer loop
      vertex  2.453604e+003  7.000000e+001  4.140000e+002
      vertex  2.509000e+003  7.000000e+001  4.140000e+002
      vertex  2.509000e+003  7.200000e+001  4.140000e+002
    endloop
  endfacet
  facet normal -3.809283e-001  0.000000e+000  9.246045e-001
    outer loop
      vertex  2.269577e+003  7.000000e+001  3.610000e+002
      vertex  2.269577e+003 -7.000000e+001  3.610000e+002
      vertex  2.423604e+003 -7.000000e+001  4.244576e+002
    endloop
  endfacet
  facet normal -3.809283e-001  0.000000e+000  9.246045e-001
    outer loop
      vertex  2.269577e+003  7.000000e+001  3.610000e+002
      vertex  2.423604e+003 -7.000000e+001  4.244576e+002
      vertex  2.423604e+003 -5.614280e+001  4.244576e+002
    endloop
  endfacet
  facet normal -3.809284e-001  0.000000e+000  9.246046e-001
    outer loop
      vertex  2.269577e+003  7.000000e+001  3.610000e+002
      vertex  2.423604e+003 -5.614280e+001  4.244576e+002
      vertex  2.423604e+003  5.614280e+001  4.244576e+002
    endloop
  endfacet
  facet normal -3.809283e-001  0.000000e+000  9.246045e-001
    outer loop
      vertex  2.269577e+003  7.000000e+001  3.610000e+002
      vertex  2.423604e+003  5.614280e+001  4.244576e+002
      vertex  2.423604e+003  7.000000e+001  4.244576e+002
    endloop
  endfacet
  facet normal  0.000000e+000  1.000000e+000  0.000000e+000
    outer loop
      vertex  2.415193e+003  7.000000e+001  4.140000e+002
      vertex  2.423604e+003  7.000000e+001  4.244576e+002
      vertex  2.423604e+003  7.000000e+001  4.140000e+002
    endloop
  endfacet
  facet normal  0.000000e+000  1.000000e+000  0.000000e+000
    outer loop
      vertex  2.415193e+003  7.000000e+001  4.140000e+002
      vertex  2.269577e+003  7.000000e+001  3.610000e+002
      vertex  2.423604e+003  7.000000e+001  4.244576e+002
    endloop
  endfacet
  facet normal  3.420193e-001  9.396929e-001  2.892182e-006
    outer loop
      vertex  2.509000e+003  7.200000e+001  2.716428e+002
      vertex  2.296937e+003  1.491846e+002  1.944581e+002
      vertex  2.453604e+003  9.216248e+001  2.604576e+002
    endloop
  endfacet
  facet normal  3.420204e-001  9.396924e-001  -0.000000e+000
    outer loop
      vertex  2.453604e+003  9.216248e+001  2.604576e+002
      vertex  2.296937e+003  1.491846e+002  1.944581e+002
      vertex  2.296937e+003  1.491846e+002  2.070000e+002
    endloop
  endfacet
  facet normal  3.420201e-001  9.396926e-001  1.144419e-006
    outer loop
      vertex  2.453604e+003  9.216248e+001  2.604576e+002
      vertex  2.296937e+003  1.491846e+002  2.070000e+002
      vertex  2.423604e+003  1.030816e+002  2.604576e+002
    endloop
  endfacet
  facet normal  3.420192e-001  9.396929e-001  3.372415e-006
    outer loop
      vertex  2.423604e+003  1.030816e+002  2.604576e+002
      vertex  2.296937e+003  1.491846e+002  2.070000e+002
      vertex  2.269577e+003  1.591428e+002  2.070000e+002
    endloop
  endfacet
  facet normal  3.420203e-001  9.396926e-001  0.000000e+000
    outer loop
      vertex  2.423604e+003  1.030816e+002  2.604576e+002
      vertex  2.269577e+003  1.591428e+002  2.070000e+002
      vertex  2.423604e+003  1.030816e+002  4.140000e+002
    endloop
  endfacet
  facet normal  3.420203e-001  9.396926e-001  -0.000000e+000
    outer loop
      vertex  2.423604e+003  1.030816e+002  4.140000e+002
      vertex  2.269577e+003  1.591428e+002  2.070000e+002
      vertex  2.269577e+003  1.591428e+002  3.610000e+002
    endloop
  endfacet
  facet normal  3.420197e-001  9.396929e-001  3.087963e-006
    outer loop
      vertex  2.423604e+003  1.030816e+002  4.140000e+002
      vertex  2.269577e+003  1.591428e+002  3.610000e+002
      vertex  2.415193e+003  1.061428e+002  4.140000e+002
    endloop
  endfacet
  facet normal  3.420199e-001  9.396927e-001  0.000000e+000
    outer loop
      vertex  2.453604e+003  9.216248e+001  4.140000e+002
      vertex  2.509000e+003  7.200000e+001  4.140000e+002
      vertex  2.453604e+003  9.216248e+001  2.604576e+002
    endloop
  endfacet
  facet normal  3.420199e-001  9.396927e-001  0.000000e+000
    outer loop
      vertex  2.453604e+003  9.216248e+001  2.604576e+002
      vertex  2.509000e+003  7.200000e+001  4.140000e+002
      vertex  2.509000e+003  7.200000e+001  2.716428e+002
    endloop
  endfacet
  facet normal -4.768677e-001 -8.286482e-001  2.931541e-001
    outer loop
      vertex  1.260075e+001 -3.692242e+001 -2.750288e+002
      vertex  1.368734e+001 -3.800252e+001 -2.763144e+002
      vertex  2.175114e+001 -3.887252e+001 -2.656564e+002
    endloop
  endfacet
  facet normal -4.768688e-001 -8.286473e-001  2.931549e-001
    outer loop
      vertex  2.175114e+001 -3.887252e+001 -2.656564e+002
      vertex  1.368734e+001 -3.800252e+001 -2.763144e+002
      vertex  2.283773e+001 -3.995262e+001 -2.669419e+002
    endloop
  endfacet
  facet normal  1.513845e-001 -6.900647e-001  7.077382e-001
    outer loop
      vertex  2.175114e+001 -3.887252e+001 -2.656564e+002
      vertex  2.283773e+001 -3.995262e+001 -2.669419e+002
      vertex  3.268690e+001 -3.249183e+001 -2.617742e+002
    endloop
  endfacet
  facet normal  1.513845e-001 -6.900647e-001  7.077383e-001
    outer loop
      vertex  3.268690e+001 -3.249183e+001 -2.617742e+002
      vertex  2.283773e+001 -3.995262e+001 -2.669419e+002
      vertex  3.377349e+001 -3.357193e+001 -2.630597e+002
    endloop
  endfacet
  facet normal  6.909584e-001 -1.472513e-001  7.077383e-001
    outer loop
      vertex  3.268690e+001 -3.249183e+001 -2.617742e+002
      vertex  3.377349e+001 -3.357193e+001 -2.630597e+002
      vertex  3.900201e+001 -2.151807e+001 -2.656564e+002
    endloop
  endfacet
  facet normal  6.909586e-001 -1.472513e-001  7.077382e-001
    outer loop
      vertex  3.900201e+001 -2.151807e+001 -2.656564e+002
      vertex  3.377349e+001 -3.357193e+001 -2.630597e+002
      vertex  4.008860e+001 -2.259818e+001 -2.669419e+002
    endloop
  endfacet
  facet normal  8.257780e-001  4.818203e-001  2.931552e-001
    outer loop
      vertex  3.900201e+001 -2.151807e+001 -2.656564e+002
      vertex  4.008860e+001 -2.259818e+001 -2.669419e+002
      vertex  3.699718e+001 -1.237952e+001 -2.750288e+002
    endloop
  endfacet
  facet normal  8.257781e-001  4.818202e-001  2.931551e-001
    outer loop
      vertex  3.699718e+001 -1.237952e+001 -2.750288e+002
      vertex  4.008860e+001 -2.259818e+001 -2.669419e+002
      vertex  3.808377e+001 -1.345963e+001 -2.763144e+002
    endloop
  endfacet
  facet normal -5.432934e-001  5.400516e-001  6.427882e-001
    outer loop
      vertex  3.900201e+001 -2.151807e+001 -2.656564e+002
      vertex  2.784679e+001 -1.042942e+001 -2.844013e+002
      vertex  3.268690e+001 -3.249183e+001 -2.617742e+002
    endloop
  endfacet
  facet normal -5.432939e-001  5.400513e-001  6.427880e-001
    outer loop
      vertex  3.268690e+001 -3.249183e+001 -2.617742e+002
      vertex  2.784679e+001 -1.042942e+001 -2.844013e+002
      vertex  1.691103e+001 -1.681011e+001 -2.882835e+002
    endloop
  endfacet
  facet normal -5.432939e-001  5.400512e-001  6.427879e-001
    outer loop
      vertex  3.268690e+001 -3.249183e+001 -2.617742e+002
      vertex  1.691103e+001 -1.681011e+001 -2.882835e+002
      vertex  2.175114e+001 -3.887252e+001 -2.656564e+002
    endloop
  endfacet
  facet normal -5.432934e-001  5.400515e-001  6.427882e-001
    outer loop
      vertex  2.175114e+001 -3.887252e+001 -2.656564e+002
      vertex  1.691103e+001 -1.681011e+001 -2.882835e+002
      vertex  1.059592e+001 -2.778387e+001 -2.844013e+002
    endloop
  endfacet
  facet normal -5.432950e-001  5.400499e-001  6.427881e-001
    outer loop
      vertex  2.175114e+001 -3.887252e+001 -2.656564e+002
      vertex  1.059592e+001 -2.778387e+001 -2.844013e+002
      vertex  1.260075e+001 -3.692242e+001 -2.750288e+002
    endloop
  endfacet
  facet normal -5.432923e-001  5.400528e-001  6.427881e-001
    outer loop
      vertex  3.699718e+001 -1.237952e+001 -2.750288e+002
      vertex  2.784679e+001 -1.042942e+001 -2.844013e+002
      vertex  3.900201e+001 -2.151807e+001 -2.656564e+002
    endloop
  endfacet
  facet normal  5.432940e-001 -5.400516e-001 -6.427875e-001
    outer loop
      vertex  4.008860e+001 -2.259818e+001 -2.669419e+002
      vertex  2.283773e+001 -3.995262e+001 -2.669419e+002
      vertex  3.808377e+001 -1.345963e+001 -2.763144e+002
    endloop
  endfacet
  facet normal  5.432939e-001 -5.400517e-001 -6.427876e-001
    outer loop
      vertex  3.808377e+001 -1.345963e+001 -2.763144e+002
      vertex  2.283773e+001 -3.995262e+001 -2.669419e+002
      vertex  1.368734e+001 -3.800252e+001 -2.763144e+002
    endloop
  endfacet
  facet normal  5.432939e-001 -5.400517e-001 -6.427876e-001
    outer loop
      vertex  3.808377e+001 -1.345963e+001 -2.763144e+002
      vertex  1.368734e+001 -3.800252e+001 -2.763144e+002
      vertex  2.893338e+001 -1.150953e+001 -2.856869e+002
    endloop
  endfacet
  facet normal  5.432940e-001 -5.400518e-001 -6.427875e-001
    outer loop
      vertex  2.893338e+001 -1.150953e+001 -2.856869e+002
      vertex  1.368734e+001 -3.800252e+001 -2.763144e+002
      vertex  1.168250e+001 -2.886397e+001 -2.856869e+002
    endloop
  endfacet
  facet normal  5.432939e-001 -5.400517e-001 -6.427877e-001
    outer loop
      vertex  2.893338e+001 -1.150953e+001 -2.856869e+002
      vertex  1.168250e+001 -2.886397e+001 -2.856869e+002
      vertex  1.799762e+001 -1.789021e+001 -2.895691e+002
    endloop
  endfacet
  facet normal  5.432939e-001 -5.400516e-001 -6.427876e-001
    outer loop
      vertex  2.283773e+001 -3.995262e+001 -2.669419e+002
      vertex  4.008860e+001 -2.259818e+001 -2.669419e+002
      vertex  3.377349e+001 -3.357193e+001 -2.630597e+002
    endloop
  endfacet
  facet normal  4.768675e-001  8.286481e-001 -2.931546e-001
    outer loop
      vertex  3.699718e+001 -1.237952e+001 -2.750288e+002
      vertex  3.808377e+001 -1.345963e+001 -2.763144e+002
      vertex  2.784679e+001 -1.042942e+001 -2.844013e+002
    endloop
  endfacet
  facet normal  4.768658e-001  8.286502e-001 -2.931516e-001
    outer loop
      vertex  2.784679e+001 -1.042942e+001 -2.844013e+002
      vertex  3.808377e+001 -1.345963e+001 -2.763144e+002
      vertex  2.893338e+001 -1.150953e+001 -2.856869e+002
    endloop
  endfacet
  facet normal -1.513908e-001  6.900710e-001 -7.077308e-001
    outer loop
      vertex  2.784679e+001 -1.042942e+001 -2.844013e+002
      vertex  2.893338e+001 -1.150953e+001 -2.856869e+002
      vertex  1.691103e+001 -1.681011e+001 -2.882835e+002
    endloop
  endfacet
  facet normal -1.513908e-001  6.900710e-001 -7.077308e-001
    outer loop
      vertex  1.691103e+001 -1.681011e+001 -2.882835e+002
      vertex  2.893338e+001 -1.150953e+001 -2.856869e+002
      vertex  1.799762e+001 -1.789021e+001 -2.895691e+002
    endloop
  endfacet
  facet normal -6.909647e-001  1.472575e-001 -7.077309e-001
    outer loop
      vertex  1.691103e+001 -1.681011e+001 -2.882835e+002
      vertex  1.799762e+001 -1.789021e+001 -2.895691e+002
      vertex  1.059592e+001 -2.778387e+001 -2.844013e+002
    endloop
  endfacet
  facet normal -6.909648e-001  1.472575e-001 -7.077308e-001
    outer loop
      vertex  1.059592e+001 -2.778387e+001 -2.844013e+002
      vertex  1.799762e+001 -1.789021e+001 -2.895691e+002
      vertex  1.168250e+001 -2.886397e+001 -2.856869e+002
    endloop
  endfacet
  facet normal -8.257809e-001 -4.818169e-001 -2.931523e-001
    outer loop
      vertex  1.059592e+001 -2.778387e+001 -2.844013e+002
      vertex  1.168250e+001 -2.886397e+001 -2.856869e+002
      vertex  1.260075e+001 -3.692242e+001 -2.750288e+002
    endloop
  endfacet
  facet normal -8.257782e-001 -4.818201e-001 -2.931549e-001
    outer loop
      vertex  1.260075e+001 -3.692242e+001 -2.750288e+002
      vertex  1.168250e+001 -2.886397e+001 -2.856869e+002
      vertex  1.368734e+001 -3.800252e+001 -2.763144e+002
    endloop
  endfacet
  facet normal  8.286482e-001 -4.768677e-001  2.931541e-001
    outer loop
      vertex  3.692242e+001  1.260075e+001 -2.750288e+002
      vertex  3.800252e+001  1.368734e+001 -2.763144e+002
      vertex  3.887252e+001  2.175114e+001 -2.656564e+002
    endloop
  endfacet
  facet normal  8.286473e-001 -4.768688e-001  2.931549e-001
    outer loop
      vertex  3.887252e+001  2.175114e+001 -2.656564e+002
      vertex  3.800252e+001  1.368734e+001 -2.763144e+002
      vertex  3.995262e+001  2.283773e+001 -2.669419e+002
    endloop
  endfacet
  facet normal  6.900647e-001  1.513845e-001  7.077382e-001
    outer loop
      vertex  3.887252e+001  2.175114e+001 -2.656564e+002
      vertex  3.995262e+001  2.283773e+001 -2.669419e+002
      vertex  3.249183e+001  3.268690e+001 -2.617742e+002
    endloop
  endfacet
  facet normal  6.900647e-001  1.513845e-001  7.077383e-001
    outer loop
      vertex  3.249183e+001  3.268690e+001 -2.617742e+002
      vertex  3.995262e+001  2.283773e+001 -2.669419e+002
      vertex  3.357193e+001  3.377349e+001 -2.630597e+002
    endloop
  endfacet
  facet normal  1.472513e-001  6.909584e-001  7.077383e-001
    outer loop
      vertex  3.249183e+001  3.268690e+001 -2.617742e+002
      vertex  3.357193e+001  3.377349e+001 -2.630597e+002
      vertex  2.151807e+001  3.900201e+001 -2.656564e+002
    endloop
  endfacet
  facet normal  1.472513e-001  6.909586e-001  7.077382e-001
    outer loop
      vertex  2.151807e+001  3.900201e+001 -2.656564e+002
      vertex  3.357193e+001  3.377349e+001 -2.630597e+002
      vertex  2.259818e+001  4.008860e+001 -2.669419e+002
    endloop
  endfacet
  facet normal -4.818203e-001  8.257780e-001  2.931552e-001
    outer loop
      vertex  2.151807e+001  3.900201e+001 -2.656564e+002
      vertex  2.259818e+001  4.008860e+001 -2.669419e+002
      vertex  1.237952e+001  3.699718e+001 -2.750288e+002
    endloop
  endfacet
  facet normal -4.818202e-001  8.257781e-001  2.931551e-001
    outer loop
      vertex  1.237952e+001  3.699718e+001 -2.750288e+002
      vertex  2.259818e+001  4.008860e+001 -2.669419e+002
      vertex  1.345963e+001  3.808377e+001 -2.763144e+002
    endloop
  endfacet
  facet normal -5.400516e-001 -5.432934e-001  6.427882e-001
    outer loop
      vertex  2.151807e+001  3.900201e+001 -2.656564e+002
      vertex  1.042942e+001  2.784679e+001 -2.844013e+002
      vertex  3.249183e+001  3.268690e+001 -2.617742e+002
    endloop
  endfacet
  facet normal -5.400513e-001 -5.432939e-001  6.427880e-001
    outer loop
      vertex  3.249183e+001  3.268690e+001 -2.617742e+002
      vertex  1.042942e+001  2.784679e+001 -2.844013e+002
      vertex  1.681011e+001  1.691103e+001 -2.882835e+002
    endloop
  endfacet
  facet normal -5.400512e-001 -5.432939e-001  6.427879e-001
    outer loop
      vertex  3.249183e+001  3.268690e+001 -2.617742e+002
      vertex  1.681011e+001  1.691103e+001 -2.882835e+002
      vertex  3.887252e+001  2.175114e+001 -2.656564e+002
    endloop
  endfacet
  facet normal -5.400515e-001 -5.432934e-001  6.427882e-001
    outer loop
      vertex  3.887252e+001  2.175114e+001 -2.656564e+002
      vertex  1.681011e+001  1.691103e+001 -2.882835e+002
      vertex  2.778387e+001  1.059592e+001 -2.844013e+002
    endloop
  endfacet
  facet normal -5.400499e-001 -5.432950e-001  6.427881e-001
    outer loop
      vertex  3.887252e+001  2.175114e+001 -2.656564e+002
      vertex  2.778387e+001  1.059592e+001 -2.844013e+002
      vertex  3.692242e+001  1.260075e+001 -2.750288e+002
    endloop
  endfacet
  facet normal -5.400528e-001 -5.432923e-001  6.427881e-001
    outer loop
      vertex  1.237952e+001  3.699718e+001 -2.750288e+002
      vertex  1.042942e+001  2.784679e+001 -2.844013e+002
      vertex  2.151807e+001  3.900201e+001 -2.656564e+002
    endloop
  endfacet
  facet normal  5.400516e-001  5.432940e-001 -6.427875e-001
    outer loop
      vertex  2.259818e+001  4.008860e+001 -2.669419e+002
      vertex  3.995262e+001  2.283773e+001 -2.669419e+002
      vertex  1.345963e+001  3.808377e+001 -2.763144e+002
    endloop
  endfacet
  facet normal  5.400517e-001  5.432939e-001 -6.427876e-001
    outer loop
      vertex  1.345963e+001  3.808377e+001 -2.763144e+002
      vertex  3.995262e+001  2.283773e+001 -2.669419e+002
      vertex  3.800252e+001  1.368734e+001 -2.763144e+002
    endloop
  endfacet
  facet normal  5.400517e-001  5.432939e-001 -6.427876e-001
    outer loop
      vertex  1.345963e+001  3.808377e+001 -2.763144e+002
      vertex  3.800252e+001  1.368734e+001 -2.763144e+002
      vertex  1.150953e+001  2.893338e+001 -2.856869e+002
    endloop
  endfacet
  facet normal  5.400518e-001  5.432940e-001 -6.427875e-001
    outer loop
      vertex  1.150953e+001  2.893338e+001 -2.856869e+002
      vertex  3.800252e+001  1.368734e+001 -2.763144e+002
      vertex  2.886397e+001  1.168250e+001 -2.856869e+002
    endloop
  endfacet
  facet normal  5.400517e-001  5.432939e-001 -6.427877e-001
    outer loop
      vertex  1.150953e+001  2.893338e+001 -2.856869e+002
      vertex  2.886397e+001  1.168250e+001 -2.856869e+002
      vertex  1.789021e+001  1.799762e+001 -2.895691e+002
    endloop
  endfacet
  facet normal  5.400516e-001  5.432939e-001 -6.427876e-001
    outer loop
      vertex  3.995262e+001  2.283773e+001 -2.669419e+002
      vertex  2.259818e+001  4.008860e+001 -2.669419e+002
      vertex  3.357193e+001  3.377349e+001 -2.630597e+002
    endloop
  endfacet
  facet normal -8.286481e-001  4.768675e-001 -2.931546e-001
    outer loop
      vertex  1.237952e+001  3.699718e+001 -2.750288e+002
      vertex  1.345963e+001  3.808377e+001 -2.763144e+002
      vertex  1.042942e+001  2.784679e+001 -2.844013e+002
    endloop
  endfacet
  facet normal -8.286502e-001  4.768658e-001 -2.931516e-001
    outer loop
      vertex  1.042942e+001  2.784679e+001 -2.844013e+002
      vertex  1.345963e+001  3.808377e+001 -2.763144e+002
      vertex  1.150953e+001  2.893338e+001 -2.856869e+002
    endloop
  endfacet
  facet normal -6.900710e-001 -1.513908e-001 -7.077308e-001
    outer loop
      vertex  1.042942e+001  2.784679e+001 -2.844013e+002
      vertex  1.150953e+001  2.893338e+001 -2.856869e+002
      vertex  1.681011e+001  1.691103e+001 -2.882835e+002
    endloop
  endfacet
  facet normal -6.900710e-001 -1.513908e-001 -7.077308e-001
    outer loop
      vertex  1.681011e+001  1.691103e+001 -2.882835e+002
      vertex  1.150953e+001  2.893338e+001 -2.856869e+002
      vertex  1.789021e+001  1.799762e+001 -2.895691e+002
    endloop
  endfacet
  facet normal -1.472575e-001 -6.909647e-001 -7.077309e-001
    outer loop
      vertex  1.681011e+001  1.691103e+001 -2.882835e+002
      vertex  1.789021e+001  1.799762e+001 -2.895691e+002
      vertex  2.778387e+001  1.059592e+001 -2.844013e+002
    endloop
  endfacet
  facet normal -1.472575e-001 -6.909648e-001 -7.077308e-001
    outer loop
      vertex  2.778387e+001  1.059592e+001 -2.844013e+002
      vertex  1.789021e+001  1.799762e+001 -2.895691e+002
      vertex  2.886397e+001  1.168250e+001 -2.856869e+002
    endloop
  endfacet
  facet normal  4.818169e-001 -8.257809e-001 -2.931523e-001
    outer loop
      vertex  2.778387e+001  1.059592e+001 -2.844013e+002
      vertex  2.886397e+001  1.168250e+001 -2.856869e+002
      vertex  3.692242e+001  1.260075e+001 -2.750288e+002
    endloop
  endfacet
  facet normal  4.818201e-001 -8.257782e-001 -2.931549e-001
    outer loop
      vertex  3.692242e+001  1.260075e+001 -2.750288e+002
      vertex  2.886397e+001  1.168250e+001 -2.856869e+002
      vertex  3.800252e+001  1.368734e+001 -2.763144e+002
    endloop
  endfacet
endsolid CATIA STL
