# https://github.com/mikedh/trimesh

o GRACE_CAD_clean.stl
v -0.100000 -3.900000 -2.290000
v -0.100000 -3.900000 -2.940000
v -0.070711 -3.970711 -2.290000
v -0.070711 -3.970711 -2.940000
v 0.000000 -4.000000 -2.290000
v 0.000000 -4.000000 -2.940000
v 0.070711 -3.970711 -2.290000
v 0.070711 -3.970711 -2.940000
v 0.100000 -3.900000 -2.290000
v 0.100000 -3.900000 -2.940000
v 10.102660 -3.422330 -2.290000
v 15.011500 -4.600000 -2.290000
v 10.102660 -4.172330 -2.290000
v 13.796500 -4.600000 -2.290000
v 9.572330 -4.702660 -2.290000
v -14.671500 0.000000 -2.290000
v -0.239887 0.070385 -2.290000
v -8.822330 -2.892000 -2.290000
v -0.219396 -0.119856 -2.290000
v -8.292000 -3.422330 -2.290000
v -0.070385 -0.239887 -2.290000
v -8.822330 4.702660 -2.290000
v -0.100000 4.200000 -2.290000
v -8.292000 4.172330 -2.290000
v -6.000000 3.982107 -2.290000
v -8.292000 3.422330 -2.290000
v -6.707107 3.275000 -2.290000
v -8.822330 2.892000 -2.290000
v -5.292893 3.275000 -2.290000
v -0.100000 3.900000 -2.290000
v -0.119856 0.219396 -2.290000
v 9.572330 4.702660 -2.290000
v 13.796500 7.280000 -2.290000
v 10.102660 4.172330 -2.290000
v 13.796500 4.600000 -2.290000
v 14.442430 0.042426 -2.290000
v 15.011500 4.600000 -2.290000
v 14.460000 0.000000 -2.290000
v 9.572330 -2.892000 -2.290000
v 8.822330 -2.892000 -2.290000
v 14.340000 -0.000000 -2.290000
v 0.239887 -0.070385 -2.290000
v 0.219396 0.119856 -2.290000
v 0.100000 3.900000 -2.290000
v 8.292000 3.422330 -2.290000
v 8.822330 2.892000 -2.290000
v 9.572330 2.892000 -2.290000
v -0.000000 -3.800000 -2.290000
v -8.292000 -4.172330 -2.290000
v -0.070711 -3.829289 -2.290000
v 0.100000 -4.200000 -2.290000
v 0.070711 -4.129289 -2.290000
v -0.000000 -4.100000 -2.290000
v -0.070711 -4.129289 -2.290000
v -0.100000 -4.200000 -2.290000
v -8.822330 -4.702660 -2.290000
v -15.011500 -8.304014 -2.290000
v -15.011500 -6.960000 -2.290000
v 15.011500 -8.304014 -2.290000
v -14.081500 -6.960000 -2.290000
v 13.796500 -7.280000 -2.290000
v 0.070711 3.829289 -2.290000
v 0.070385 0.239887 -2.290000
v 0.000000 3.800000 -2.290000
v -0.070711 3.829289 -2.290000
v 0.100000 4.200000 -2.290000
v 0.070711 4.129289 -2.290000
v 0.070711 3.970711 -2.290000
v 0.000000 4.100000 -2.290000
v -0.000000 4.000000 -2.290000
v -0.070711 4.129289 -2.290000
v -0.070711 3.970711 -2.290000
v 14.357570 -0.042426 -2.290000
v 14.400000 -0.060000 -2.290000
v 8.292000 -4.172330 -2.290000
v 0.070711 -3.829289 -2.290000
v 8.292000 -3.422330 -2.290000
v 0.119856 -0.219396 -2.290000
v 8.292000 4.172330 -2.290000
v 0.070711 4.270711 -2.290000
v -0.000000 4.300000 -2.290000
v -14.981500 7.570000 -2.290000
v 8.822330 4.702660 -2.290000
v 10.102660 3.422330 -2.290000
v 14.400000 0.060000 -2.290000
v 14.357570 0.042426 -2.290000
v -6.000000 2.567893 -2.290000
v -15.011500 4.730000 -2.290000
v -9.572330 4.702660 -2.290000
v -10.102660 4.172330 -2.290000
v -14.731500 0.060000 -2.290000
v -14.773929 0.042426 -2.290000
v -14.791500 -0.000000 -2.290000
v -15.011500 -4.730000 -2.290000
v -14.773929 -0.042426 -2.290000
v -14.731500 -0.060000 -2.290000
v -14.689070 -0.042426 -2.290000
v -10.102660 -3.422330 -2.290000
v -10.102660 -4.172330 -2.290000
v -9.572330 -4.702660 -2.290000
v -13.861500 -4.730000 -2.290000
v -14.081500 -6.330000 -2.290000
v -13.861500 -6.330000 -2.290000
v -0.070711 -4.270711 -2.290000
v 0.000000 -4.300000 -2.290000
v 8.822330 -4.702660 -2.290000
v -15.011500 7.570000 -2.290000
v -15.011500 8.304014 -2.290000
v 15.011500 8.304014 -2.290000
v -10.102660 3.422330 -2.290000
v -9.572330 2.892000 -2.290000
v -14.689070 0.042426 -2.290000
v -13.861500 4.730000 -2.290000
v -13.861500 6.330000 -2.290000
v 0.070711 -4.270711 -2.290000
v -0.070711 4.270711 -2.290000
v -14.822230 6.970000 -2.290000
v -14.822230 6.330000 -2.290000
v 14.442430 -0.042426 -2.290000
v 15.011500 -7.280000 -2.290000
v -9.572330 -2.892000 -2.290000
v 15.011500 7.280000 -2.290000
v -14.981500 6.970000 -2.290000
v -14.981500 6.970000 -2.956367
v -15.011500 8.606426 -2.650400
v -15.011500 7.245494 -2.650400
v -15.212000 9.188752 -3.344389
v -1.745000 9.188752 -3.344389
v -15.212000 8.690000 -2.750000
v -1.745000 9.128061 -3.272061
v 15.212500 8.606426 -2.650400
v 15.011500 8.606426 -2.650400
v 15.212500 8.690000 -2.750000
v 15.212000 8.690000 -2.750000
v -0.755000 9.188752 -3.344389
v 15.212000 9.188752 -3.344389
v -15.212500 8.690000 -2.750000
v -15.212500 8.606426 -2.650400
v -0.755000 9.128061 -3.272061
v -15.011500 -6.960000 -2.650400
v -15.011500 -8.606426 -2.650400
v -15.011500 -4.730000 -2.330000
v -15.011500 4.730000 -2.330000
v -15.011500 5.050400 -2.650400
v -15.011500 4.730000 -2.650400
v -15.011500 -4.730000 -2.650400
v -15.011500 -5.050400 -2.650400
v -8.292000 3.422330 -2.490000
v -8.292000 4.172330 -2.490000
v -8.822330 4.702660 -2.490000
v -9.572330 4.702660 -2.490000
v -10.102660 4.172330 -2.490000
v -10.102660 3.422330 -2.490000
v -9.572330 2.892000 -2.490000
v -8.822330 2.892000 -2.490000
v 8.292000 4.172330 -2.490000
v 8.292000 3.422330 -2.490000
v 8.822330 2.892000 -2.490000
v 9.572330 2.892000 -2.490000
v 10.102660 3.422330 -2.490000
v 10.102660 4.172330 -2.490000
v 9.572330 4.702660 -2.490000
v 8.822330 4.702660 -2.490000
v -0.219396 -0.119856 -2.740000
v -0.239887 0.070385 -2.740000
v -0.119856 0.219396 -2.740000
v 0.070385 0.239887 -2.740000
v 0.219396 0.119856 -2.740000
v 0.239887 -0.070385 -2.740000
v 0.119856 -0.219396 -2.740000
v -0.070385 -0.239887 -2.740000
v -15.212000 9.341194 -3.216475
v -1.745000 9.341194 -3.216475
v -15.212000 8.949776 -2.750000
v 15.212500 -8.606426 -2.650400
v 15.011500 7.280000 -2.650400
v 15.011500 6.959600 -2.650400
v 15.011500 4.920400 -2.650400
v 15.011500 4.600000 -2.650400
v 15.011500 -4.600000 -2.650400
v 15.011500 -4.920400 -2.650400
v 15.011500 -6.959600 -2.650400
v 15.011500 -7.280000 -2.650400
v 15.011500 -8.606426 -2.650400
v 15.212500 -8.690000 -2.750000
v 15.212000 -8.690000 -2.750000
v 15.212000 -8.949776 -2.750000
v 15.612500 -8.949776 -2.750000
v 15.612500 8.949776 -2.750000
v 15.212000 8.949776 -2.750000
v 15.212000 9.341194 -3.216475
v -0.755000 9.341194 -3.216475
v -1.745000 9.128061 -3.344389
v -8.942330 3.022000 -2.490000
v -8.994291 3.112000 -2.490000
v -8.759594 3.359594 -2.490000
v -8.423340 3.543670 -2.490000
v -8.333340 3.595631 -2.490000
v -9.098215 3.112000 -2.490000
v -9.198000 3.178000 -2.490000
v -9.400369 3.112000 -2.490000
v -9.452330 3.022000 -2.490000
v -9.636406 3.359594 -2.490000
v -9.972660 3.542330 -2.490000
v -10.062660 3.594292 -2.490000
v -9.636406 4.236406 -2.490000
v -9.400369 4.482660 -2.490000
v -9.198000 4.418000 -2.490000
v -9.296445 4.482660 -2.490000
v -9.296445 3.112000 -2.490000
v -9.244484 3.022000 -2.490000
v -10.062660 3.698215 -2.490000
v -10.062660 3.896446 -2.490000
v -9.972660 3.750176 -2.490000
v -9.972660 3.844484 -2.490000
v -9.882660 3.698215 -2.490000
v -9.818000 3.798000 -2.490000
v -9.882660 3.594292 -2.490000
v -9.882660 4.000369 -2.490000
v -9.882660 3.896446 -2.490000
v -8.423340 3.751516 -2.490000
v -8.423340 3.845824 -2.490000
v -8.333340 3.699554 -2.490000
v -8.333340 3.897785 -2.490000
v -9.150176 3.022000 -2.490000
v -9.098215 2.932000 -2.490000
v -9.296445 2.932000 -2.490000
v -9.244484 4.572660 -2.490000
v -9.296445 4.662660 -2.490000
v -9.098215 4.662660 -2.490000
v -9.150176 4.572660 -2.490000
v -8.994291 4.662660 -2.490000
v -9.400369 4.662660 -2.490000
v -9.452330 4.572660 -2.490000
v -9.972660 4.052330 -2.490000
v -10.062660 4.000369 -2.490000
v -9.400369 2.932000 -2.490000
v -8.994291 2.932000 -2.490000
v -8.333340 4.001708 -2.490000
v -8.423340 4.053670 -2.490000
v -8.759594 4.236406 -2.490000
v -8.994291 4.482660 -2.490000
v -8.942330 4.572660 -2.490000
v -8.578000 3.798000 -2.490000
v -8.513340 3.897785 -2.490000
v -8.513340 3.699554 -2.490000
v -8.513340 3.595631 -2.490000
v -9.098215 4.482660 -2.490000
v -8.513340 4.001708 -2.490000
v 9.636406 3.359594 -2.490000
v 9.400369 3.112000 -2.490000
v 9.198000 3.178000 -2.490000
v 9.296445 3.112000 -2.490000
v 9.098215 3.112000 -2.490000
v 8.994291 3.112000 -2.490000
v 8.942330 3.022000 -2.490000
v 8.759594 3.359594 -2.490000
v 8.422000 3.543670 -2.490000
v 8.332000 3.595631 -2.490000
v 8.759594 4.236406 -2.490000
v 8.995632 4.484000 -2.490000
v 9.198000 4.418000 -2.490000
v 9.099554 4.484000 -2.490000
v 8.332000 3.897785 -2.490000
v 8.422000 3.845824 -2.490000
v 8.332000 3.699554 -2.490000
v 8.422000 3.751516 -2.490000
v 8.512000 3.699554 -2.490000
v 8.578000 3.798000 -2.490000
v 8.512000 3.595631 -2.490000
v 9.296445 2.932000 -2.490000
v 9.098215 2.932000 -2.490000
v 9.244484 3.022000 -2.490000
v 9.150176 3.022000 -2.490000
v 9.099554 4.664000 -2.490000
v 9.297786 4.664000 -2.490000
v 9.151516 4.574000 -2.490000
v 9.245824 4.574000 -2.490000
v 10.064000 3.896446 -2.490000
v 10.064000 3.698215 -2.490000
v 9.974000 3.844484 -2.490000
v 9.974000 3.750176 -2.490000
v 9.818000 3.798000 -2.490000
v 9.884000 3.698215 -2.490000
v 9.884000 3.594292 -2.490000
v 9.974000 3.542330 -2.490000
v 9.636406 4.236406 -2.490000
v 9.884000 4.000369 -2.490000
v 9.884000 3.896446 -2.490000
v 8.512000 3.897785 -2.490000
v 8.512000 4.001708 -2.490000
v 9.297786 4.484000 -2.490000
v 9.401708 4.484000 -2.490000
v 9.401708 4.664000 -2.490000
v 8.995632 4.664000 -2.490000
v 8.943670 4.574000 -2.490000
v 8.422000 4.053670 -2.490000
v 8.332000 4.001708 -2.490000
v 8.994291 2.932000 -2.490000
v 9.400369 2.932000 -2.490000
v 9.452330 3.022000 -2.490000
v 10.064000 3.594292 -2.490000
v 10.064000 4.000369 -2.490000
v 9.974000 4.052330 -2.490000
v 9.453670 4.574000 -2.490000
v 0.064754 0.220696 -2.740000
v 0.201844 0.110268 -2.740000
v 0.220696 -0.064754 -2.740000
v 0.110268 -0.201844 -2.740000
v -0.064754 -0.220696 -2.740000
v -0.201844 -0.110268 -2.740000
v -0.220696 0.064754 -2.740000
v -0.110268 0.201844 -2.740000
v -1.745000 9.405474 -3.293079
v -15.612500 9.405474 -3.293079
v -15.612500 8.949776 -2.750000
v 15.212000 -9.188752 -3.344389
v 15.212000 -9.341194 -3.216475
v 15.612500 5.280000 -1.470000
v 15.612500 6.270000 -1.470000
v 15.612500 3.470000 4.395054
v 15.612500 0.888500 0.000000
v 15.612500 0.628264 -0.628264
v 15.612500 -0.000000 -0.888500
v 15.612500 -9.708061 -3.039178
v 15.612500 -9.405474 -3.293079
v 15.612500 -0.628264 0.628264
v 15.612500 0.000000 0.888500
v 15.612500 -3.470000 4.395054
v 15.612500 9.405474 -3.293079
v 15.612500 9.708061 -3.039178
v 15.612500 6.270000 -1.970000
v 15.612500 5.280000 -1.970000
v 15.612500 -0.628264 -0.628264
v 15.612500 -0.888500 0.000000
v 15.612500 0.628264 0.628264
v -0.755000 9.405474 -3.293079
v -0.755000 9.728061 -2.844389
v -0.755000 9.544614 -2.844389
v -0.755000 9.708061 -3.039178
v -0.755000 9.728061 -3.344389
v -0.755000 9.128061 -3.344389
v -1.745000 9.728061 -3.344389
v -8.628000 3.798000 -2.540000
v -8.794949 3.394949 -2.540000
v -9.198000 3.228000 -2.540000
v -9.601051 3.394949 -2.540000
v -9.768000 3.798000 -2.540000
v -9.601051 4.201051 -2.540000
v -9.198000 4.368000 -2.540000
v -8.794949 4.201051 -2.540000
v -9.452330 4.572660 -2.590000
v -9.400369 4.482660 -2.590000
v -9.296445 4.482660 -2.590000
v -9.244484 4.572660 -2.590000
v -9.296445 4.662660 -2.590000
v -9.400369 4.662660 -2.590000
v -9.150176 4.572660 -2.590000
v -9.098215 4.482660 -2.590000
v -8.994291 4.482660 -2.590000
v -8.942330 4.572660 -2.590000
v -8.994291 4.662660 -2.590000
v -9.098215 4.662660 -2.590000
v -9.150176 3.022000 -2.590000
v -9.098215 2.932000 -2.590000
v -8.994291 2.932000 -2.590000
v -8.942330 3.022000 -2.590000
v -8.994291 3.112000 -2.590000
v -9.098215 3.112000 -2.590000
v -9.244484 3.022000 -2.590000
v -9.296445 3.112000 -2.590000
v -9.400369 3.112000 -2.590000
v -9.452330 3.022000 -2.590000
v -9.400369 2.932000 -2.590000
v -9.296445 2.932000 -2.590000
v 9.768000 3.798000 -2.540000
v 9.601051 3.394949 -2.540000
v 9.198000 3.228000 -2.540000
v 8.794949 3.394949 -2.540000
v 8.628000 3.798000 -2.540000
v 8.794949 4.201051 -2.540000
v 9.198000 4.368000 -2.540000
v 9.601051 4.201051 -2.540000
v -0.201844 -0.110268 -2.790000
v -0.220696 0.064754 -2.790000
v -0.110268 0.201844 -2.790000
v 0.064754 0.220696 -2.790000
v 0.201844 0.110268 -2.790000
v 0.220696 -0.064754 -2.790000
v 0.110268 -0.201844 -2.790000
v -0.064754 -0.220696 -2.790000
v -15.612500 9.708061 -3.039178
v -1.745000 9.708061 -3.039178
v 4.025746 5.210191 2.321175
v 1.218131 5.210191 2.321175
v 1.112243 5.210191 2.321175
v -15.612500 3.470000 4.395054
v -1.745000 9.544614 -2.844389
v 1.112243 3.836528 3.958243
v 1.112243 3.833159 3.962258
v 1.122997 3.833159 3.962258
v 4.025746 3.833159 3.962258
v 4.025746 3.860209 3.930021
v -2.072500 0.493000 4.395054
v -2.072500 -0.497000 4.395054
v -1.088944 1.088944 4.395054
v -1.540000 -0.000000 4.395054
v -1.982500 -1.357000 4.395054
v -1.088944 -1.088944 4.395054
v -1.982500 -2.177000 4.395054
v -0.000000 -1.540000 4.395054
v -2.802500 -1.357000 4.395054
v -2.572500 -0.497000 4.395054
v -0.000000 1.540000 4.395054
v -2.572500 0.493000 4.395054
v -15.612500 -3.470000 4.395054
v -2.802500 -2.177000 4.395054
v 1.088944 -1.088944 4.395054
v 1.540000 0.000000 4.395054
v 1.088944 1.088944 4.395054
v 4.026807 -3.813468 3.985724
v 1.111105 -3.813468 3.985724
v -15.612500 -9.708061 -3.039178
v 1.111105 -5.263770 2.257322
v -1.745000 -9.544614 -2.844389
v 4.026807 -5.263770 2.257322
v 4.026807 -3.838698 3.955657
v -0.755000 -9.708061 -3.039178
v -0.755000 -9.544614 -2.844389
v 1.182679 -5.263770 2.257322
v -1.745000 -9.708061 -3.039178
v -0.755000 -9.405474 -3.293079
v -1.280000 9.728061 -3.314389
v -1.280000 9.728061 -2.879389
v -1.220000 9.728061 -3.314389
v -1.220000 9.728061 -2.879389
v -1.745000 9.728061 -2.844389
v -1.715000 9.728061 -3.314389
v -1.715000 9.728061 -2.879389
v -0.785000 9.728061 -2.879389
v -0.785000 9.728061 -3.314389
v -9.768000 3.798000 -2.590000
v -9.601051 3.394949 -2.590000
v -9.198000 3.228000 -2.590000
v -8.794949 3.394949 -2.590000
v -8.628000 3.798000 -2.590000
v -8.794949 4.201051 -2.590000
v -9.198000 4.368000 -2.590000
v -9.601051 4.201051 -2.590000
v 8.628000 3.798000 -2.590000
v 8.794949 3.394949 -2.590000
v 9.198000 3.228000 -2.590000
v 9.601051 3.394949 -2.590000
v 9.768000 3.798000 -2.590000
v 9.601051 4.201051 -2.590000
v 9.198000 4.368000 -2.590000
v 8.794949 4.201051 -2.590000
v -0.307154 -0.167799 -4.535881
v -0.335842 0.098539 -4.535881
v -0.167799 0.307154 -4.535881
v 0.098539 0.335842 -4.535881
v 0.307154 0.167799 -4.535881
v 0.335842 -0.098539 -4.535881
v 0.167799 -0.307154 -4.535881
v -0.098539 -0.335842 -4.535881
v 4.025746 3.856140 3.981541
v 1.112243 3.856140 3.981541
v 4.025746 5.233173 2.340458
v 1.112243 5.233173 2.340458
v -1.745000 -9.728061 -2.844389
v -0.755000 -9.728061 -2.844389
v -1.745000 -9.728061 -3.344389
v -1.745000 -9.405474 -3.293079
v -1.745000 -9.188752 -3.344389
v -1.745000 -9.341194 -3.216475
v -15.612500 -9.405474 -3.293079
v 1.111105 -3.836450 4.005008
v 4.026807 -3.836450 4.005008
v 1.111105 -5.286751 2.276606
v 4.026807 -5.286751 2.276606
v -1.280000 9.738061 -3.314389
v -1.280000 9.738061 -2.879389
v -1.715000 9.738061 -3.314389
v -1.715000 9.738061 -2.879389
v -0.785000 9.738061 -3.314389
v -0.785000 9.738061 -2.879389
v -1.220000 9.738061 -3.314389
v -1.220000 9.738061 -2.879389
v -0.307154 -0.167799 -6.135881
v -0.335842 0.098539 -6.135881
v -0.167799 0.307154 -6.135881
v 0.098539 0.335842 -6.135881
v 0.307154 0.167799 -6.135881
v 0.335842 -0.098539 -6.135881
v 0.167799 -0.307154 -6.135881
v -0.098539 -0.335842 -6.135881
v -15.212000 -9.341194 -3.216475
v -15.612500 -8.949776 -2.750000
v -15.212000 -8.949776 -2.750000
v 0.104170 0.355033 -6.135881
v 0.324706 0.177387 -6.135881
v 0.355033 -0.104170 -6.135881
v 0.177387 -0.324706 -6.135881
v -0.104170 -0.355033 -6.135881
v -0.324706 -0.177387 -6.135881
v -0.355033 0.104170 -6.135881
v -0.177387 0.324706 -6.135881
v -15.212000 -9.188752 -3.344389
v -15.212000 -8.690000 -2.750000
v 0.324706 0.177387 -6.385881
v 0.355033 -0.104170 -6.385881
v 0.177387 -0.324706 -6.385881
v -0.104170 -0.355033 -6.385881
v -0.324706 -0.177387 -6.385881
v -0.355033 0.104170 -6.385881
v -0.177387 0.324706 -6.385881
v 0.104170 0.355033 -6.385881
v 0.118247 0.403011 -6.385881
v 0.368585 0.201359 -6.385881
v 0.403011 -0.118247 -6.385881
v 0.201359 -0.368585 -6.385881
v -0.118247 -0.403011 -6.385881
v -0.368585 -0.201359 -6.385881
v -0.403011 0.118247 -6.385881
v -0.201359 0.368585 -6.385881
v 0.368585 0.201359 -6.425881
v 0.403011 -0.118247 -6.425881
v 0.201359 -0.368585 -6.425881
v -0.118247 -0.403011 -6.425881
v -0.368585 -0.201359 -6.425881
v -0.403011 0.118247 -6.425881
v -0.201359 0.368585 -6.425881
v 0.118247 0.403011 -6.425881
v 0.101354 0.345438 -6.425881
v 0.315930 0.172593 -6.425881
v 0.345438 -0.101354 -6.425881
v 0.172593 -0.315930 -6.425881
v -0.101354 -0.345438 -6.425881
v -0.315930 -0.172593 -6.425881
v -0.345438 0.101354 -6.425881
v -0.172593 0.315930 -6.425881
v -0.324706 -0.177387 -6.805750
v -0.355033 0.104170 -6.805750
v -0.177387 0.324706 -6.805750
v 0.104170 0.355033 -6.805750
v 0.324706 0.177387 -6.805750
v 0.355033 -0.104170 -6.805750
v 0.177387 -0.324706 -6.805750
v -0.104170 -0.355033 -6.805750
v 0.140770 0.479775 -6.805750
v 0.438791 0.239713 -6.805750
v 0.479775 -0.140770 -6.805750
v 0.239713 -0.438791 -6.805750
v -0.140770 -0.479775 -6.805750
v -0.438791 -0.239713 -6.805750
v -0.479775 0.140770 -6.805750
v -0.239713 0.438791 -6.805750
v 0.438791 0.239713 -6.900000
v 0.479775 -0.140770 -6.900000
v 0.239713 -0.438791 -6.900000
v -0.140770 -0.479775 -6.900000
v -0.438791 -0.239713 -6.900000
v -0.479775 0.140770 -6.900000
v -0.239713 0.438791 -6.900000
v 0.140770 0.479775 -6.900000
v 0.263275 0.143828 -7.200000
v 0.287865 -0.084462 -7.200000
v 0.143828 -0.263275 -7.200000
v -0.084462 -0.287865 -7.200000
v -0.263275 -0.143828 -7.200000
v -0.287865 0.084462 -7.200000
v -0.143828 0.263275 -7.200000
v 0.084462 0.287865 -7.200000
v -0.160040 -0.087430 -7.978803
v -0.051343 -0.174988 -7.978803
v 0.087430 -0.160040 -7.978803
v 0.174988 -0.051343 -7.978803
v 0.160040 0.087430 -7.978803
v 0.051343 0.174988 -7.978803
v -0.087430 0.160040 -7.978803
v -0.174988 0.051343 -7.978803
v 0.222207 0.121392 -8.062480
v 0.242961 -0.071287 -8.062480
v 0.121392 -0.222207 -8.062480
v -0.071287 -0.242961 -8.062480
v -0.222207 -0.121392 -8.062480
v -0.242961 0.071287 -8.062480
v -0.121392 0.222207 -8.062480
v 0.071287 0.242961 -8.062480
v 0.351033 0.191770 -8.235880
v 0.383820 -0.112616 -8.235880
v 0.191770 -0.351033 -8.235880
v -0.112616 -0.383820 -8.235880
v -0.351033 -0.191770 -8.235880
v -0.383820 0.112616 -8.235880
v -0.191770 0.351033 -8.235880
v 0.112616 0.383820 -8.235880
v 0.351033 0.191770 -8.561368
v 0.383820 -0.112616 -8.561368
v 0.191770 -0.351033 -8.561368
v -0.112616 -0.383820 -8.561368
v -0.351033 -0.191770 -8.561368
v -0.383820 0.112616 -8.561368
v -0.191770 0.351033 -8.561368
v 0.112616 0.383820 -8.561368
v 0.249483 -0.073200 -8.561368
v 0.124651 -0.228172 -8.561368
v -0.073200 -0.249483 -8.561368
v -0.249483 0.073200 -8.561368
v -0.124651 0.228172 -8.561368
v 0.073200 0.249483 -8.561368
v -0.228172 -0.124651 -8.561368
v 0.228172 0.124651 -8.561368
v -0.228172 -0.124651 -8.681368
v -0.249483 0.073200 -8.681368
v -0.124651 0.228172 -8.681368
v 0.073200 0.249483 -8.681368
v 0.228172 0.124651 -8.681368
v 0.249483 -0.073200 -8.681368
v 0.124651 -0.228172 -8.681368
v -0.073200 -0.249483 -8.681368
v 0.184292 0.100679 -8.890474
v 0.059123 0.201505 -8.890474
v -0.100679 0.184292 -8.890474
v -0.201505 0.059123 -8.890474
v -0.184292 -0.100679 -8.890474
v -0.059123 -0.201505 -8.890474
v 0.100679 -0.184292 -8.890474
v 0.201505 -0.059123 -8.890474
v 0.157965 0.086297 -9.840000
v 0.050677 0.172719 -9.840000
v -0.086297 0.157965 -9.840000
v -0.172719 0.050677 -9.840000
v -0.157965 -0.086297 -9.840000
v -0.050677 -0.172719 -9.840000
v 0.086297 -0.157965 -9.840000
v 0.172719 -0.050677 -9.840000
v -13.861500 6.330000 -2.330000
v -13.861500 4.730000 -2.330000
v -14.301500 5.890000 -2.770000
v -14.301500 5.170000 -2.770000
v -14.981500 5.890000 -2.770000
v -14.981500 5.812194 -2.770000
v -15.011500 5.170000 -2.770000
v -15.011500 5.812194 -2.770000
v -14.981500 5.980000 -2.956367
v -15.011500 5.980000 -2.956367
v -15.011500 5.980000 -3.344389
v -14.511500 5.980000 -3.344389
v -14.511500 5.980000 -2.956367
v -14.981500 5.980000 -2.680000
v -14.640370 5.980000 -2.680000
v -14.541500 6.445000 -3.344389
v -14.981500 6.445000 -3.344389
v -14.541500 6.505000 -3.344389
v -14.981500 6.505000 -3.344389
v -14.541500 6.940000 -3.344389
v -14.981500 6.940000 -3.344389
v -14.511500 6.970000 -3.344389
v -15.011500 6.970000 -3.344389
v -14.981500 6.010000 -3.344389
v -14.541500 6.010000 -3.344389
v 13.796500 4.600000 -2.330000
v 13.796500 7.280000 -2.330000
v 14.236500 5.040000 -2.770000
v 14.236500 6.840000 -2.770000
v 15.011500 5.040000 -2.770000
v 15.011500 4.600000 -2.330000
v 15.011500 6.840000 -2.770000
v 13.796500 -7.280000 -2.330000
v 13.796500 -4.600000 -2.330000
v 14.236500 -6.840000 -2.770000
v 14.236500 -5.040000 -2.770000
v 15.011500 -6.840000 -2.770000
v 15.011500 -7.280000 -2.330000
v 15.011500 -5.040000 -2.770000
v -0.755000 -9.128061 -3.272061
v -0.755000 -9.128061 -3.344389
v -1.745000 -9.128061 -3.272061
v -1.745000 -9.128061 -3.344389
v -0.755000 -9.188752 -3.344389
v -15.011500 -5.170000 -2.770000
v -15.011500 -6.030000 -2.770000
v -15.011500 -6.960000 -3.344389
v -15.011500 -6.030000 -3.344389
v -14.081500 -6.030000 -3.344389
v -14.546500 -6.070000 -3.344389
v -14.847020 -6.194479 -3.344389
v -14.971500 -6.495000 -3.344389
v -14.847020 -6.795521 -3.344389
v -14.546500 -6.920000 -3.344389
v -14.081500 -6.960000 -3.344389
v -14.245980 -6.795521 -3.344389
v -14.121500 -6.495000 -3.344389
v -14.245980 -6.194479 -3.344389
v -14.301500 -5.170000 -2.770000
v -14.301500 -6.030000 -2.770000
v -14.081500 -6.030000 -2.550000
v -13.861500 -6.330000 -2.330000
v -14.081500 -6.330000 -2.550000
v -13.861500 -4.730000 -2.330000
v -15.612500 -2.574000 0.000000
v -15.612500 -2.552033 0.053033
v -15.512500 -2.574000 0.000000
v -15.512500 -2.552033 0.053033
v -15.612500 -2.499000 0.075000
v -15.512500 -2.499000 0.075000
v -15.612500 -2.445967 0.053033
v -15.512500 -2.445967 0.053033
v -15.612500 -2.424000 0.000000
v -15.512500 -2.424000 0.000000
v -15.612500 -2.445967 -0.053033
v -15.512500 -2.445967 -0.053033
v -15.612500 -2.499000 -0.075000
v -15.512500 -2.499000 -0.075000
v -15.612500 -2.552033 -0.053033
v -15.512500 -2.552033 -0.053033
v -15.512500 -2.499000 -0.040000
v -15.512500 -2.470716 -0.028284
v -15.512500 -2.459000 0.000000
v -15.512500 -2.470716 0.028284
v -15.512500 -2.499000 0.040000
v -15.512500 -2.527284 0.028284
v -15.512500 -2.539000 0.000000
v -15.512500 -2.527284 -0.028284
v -15.612500 -2.459000 -0.000000
v -15.612500 -2.470716 -0.028284
v -15.612500 -2.499000 -0.040000
v -15.612500 -2.527284 -0.028284
v -15.612500 -2.539000 0.000000
v -15.612500 -2.527284 0.028284
v -15.612500 -2.499000 0.040000
v -15.612500 -2.470716 0.028284
v -9.548000 3.798000 -2.690000
v -9.548000 3.798000 -2.590000
v -9.445488 4.045487 -2.690000
v -9.445488 4.045487 -2.590000
v -9.198000 4.148000 -2.690000
v -9.198000 4.148000 -2.590000
v -8.950513 4.045487 -2.690000
v -8.950513 4.045487 -2.590000
v -8.848000 3.798000 -2.690000
v -8.848000 3.798000 -2.590000
v -8.950513 3.550513 -2.690000
v -8.950513 3.550513 -2.590000
v -9.198000 3.448000 -2.690000
v -9.198000 3.448000 -2.590000
v -9.445488 3.550513 -2.690000
v -9.445488 3.550513 -2.590000
v -9.368000 3.798000 -2.690000
v -9.318208 3.677792 -2.690000
v -9.198000 3.628000 -2.690000
v -9.077792 3.677792 -2.690000
v -9.028000 3.798000 -2.690000
v -9.077792 3.918208 -2.690000
v -9.198000 3.968000 -2.690000
v -9.318208 3.918208 -2.690000
v -9.028000 3.798000 -2.590000
v -9.077792 3.677792 -2.590000
v -9.198000 3.628000 -2.590000
v -9.318208 3.677792 -2.590000
v -9.368000 3.798000 -2.590000
v -9.318208 3.918208 -2.590000
v -9.198000 3.968000 -2.590000
v -9.077792 3.918208 -2.590000
v 8.848000 3.798000 -2.690000
v 8.848000 3.798000 -2.590000
v 8.950513 4.045487 -2.690000
v 8.950513 4.045487 -2.590000
v 9.198000 4.148000 -2.690000
v 9.198000 4.148000 -2.590000
v 9.445488 4.045487 -2.690000
v 9.445488 4.045487 -2.590000
v 9.548000 3.798000 -2.690000
v 9.548000 3.798000 -2.590000
v 9.445488 3.550513 -2.690000
v 9.445488 3.550513 -2.590000
v 9.198000 3.448000 -2.690000
v 9.198000 3.448000 -2.590000
v 8.950513 3.550513 -2.690000
v 8.950513 3.550513 -2.590000
v 9.028000 3.798000 -2.690000
v 9.077792 3.677792 -2.690000
v 9.198000 3.628000 -2.690000
v 9.318208 3.677792 -2.690000
v 9.368000 3.798000 -2.690000
v 9.318208 3.918208 -2.690000
v 9.198000 3.968000 -2.690000
v 9.077792 3.918208 -2.690000
v 9.368000 3.798000 -2.590000
v 9.318208 3.677792 -2.590000
v 9.198000 3.628000 -2.590000
v 9.077792 3.677792 -2.590000
v 9.028000 3.798000 -2.590000
v 9.077792 3.918208 -2.590000
v 9.198000 3.968000 -2.590000
v 9.318208 3.918208 -2.590000
v -8.578000 -3.798000 -2.490000
v -8.759594 -4.236406 -2.490000
v -8.628000 -3.798000 -2.540000
v -8.794949 -4.201051 -2.540000
v -9.198000 -4.418000 -2.490000
v -9.198000 -4.368000 -2.540000
v -9.636406 -4.236406 -2.490000
v -9.601051 -4.201051 -2.540000
v -9.818000 -3.798000 -2.490000
v -9.768000 -3.798000 -2.540000
v -9.636406 -3.359594 -2.490000
v -9.601051 -3.394949 -2.540000
v -9.198000 -3.178000 -2.490000
v -9.198000 -3.228000 -2.540000
v -8.759594 -3.359594 -2.490000
v -8.794949 -3.394949 -2.540000
v -9.768000 -3.798000 -2.590000
v -9.601051 -4.201051 -2.590000
v -9.198000 -4.368000 -2.590000
v -8.794949 -4.201051 -2.590000
v -8.628000 -3.798000 -2.590000
v -8.794949 -3.394949 -2.590000
v -9.198000 -3.228000 -2.590000
v -9.601051 -3.394949 -2.590000
v 9.452330 -4.572660 -2.590000
v 9.400369 -4.482660 -2.590000
v 9.452330 -4.572660 -2.490000
v 9.400369 -4.482660 -2.490000
v 9.296445 -4.482660 -2.490000
v 9.296445 -4.482660 -2.590000
v 9.244484 -4.572660 -2.590000
v 9.244484 -4.572660 -2.490000
v 9.296445 -4.662660 -2.590000
v 9.296445 -4.662660 -2.490000
v 9.400369 -4.662660 -2.490000
v 9.400369 -4.662660 -2.590000
v 9.150176 -4.572660 -2.590000
v 9.098215 -4.482660 -2.590000
v 9.150176 -4.572660 -2.490000
v 9.098215 -4.482660 -2.490000
v 8.994291 -4.482660 -2.490000
v 8.994291 -4.482660 -2.590000
v 8.942330 -4.572660 -2.590000
v 8.942330 -4.572660 -2.490000
v 8.994291 -4.662660 -2.590000
v 8.994291 -4.662660 -2.490000
v 9.098215 -4.662660 -2.490000
v 9.098215 -4.662660 -2.590000
v 9.150176 -3.022000 -2.590000
v 9.098215 -2.932000 -2.590000
v 9.150176 -3.022000 -2.490000
v 9.098215 -2.932000 -2.490000
v 8.994291 -2.932000 -2.590000
v 8.994291 -2.932000 -2.490000
v 8.942330 -3.022000 -2.590000
v 8.942330 -3.022000 -2.490000
v 8.994291 -3.112000 -2.590000
v 8.994291 -3.112000 -2.490000
v 9.098215 -3.112000 -2.590000
v 9.098215 -3.112000 -2.490000
v 9.244484 -3.022000 -2.590000
v 9.296445 -3.112000 -2.590000
v 9.244484 -3.022000 -2.490000
v 9.296445 -3.112000 -2.490000
v 9.400369 -3.112000 -2.590000
v 9.400369 -3.112000 -2.490000
v 9.452330 -3.022000 -2.590000
v 9.452330 -3.022000 -2.490000
v 9.400369 -2.932000 -2.590000
v 9.400369 -2.932000 -2.490000
v 9.296445 -2.932000 -2.590000
v 9.296445 -2.932000 -2.490000
v 15.642500 0.476590 0.476590
v 15.642500 0.000000 0.674000
v 15.652500 0.469468 0.469570
v 15.652500 0.000072 0.664000
v 15.652500 -0.000000 0.664000
v 15.652500 -0.469468 0.469570
v 15.652500 -0.000072 0.664000
v 15.642500 -0.476590 0.476590
v 15.642500 0.674000 0.000000
v 15.652500 0.664000 0.000072
v 15.652500 0.664000 -0.000000
v 15.652500 0.663998 0.000314
v 15.642500 -0.674000 -0.000000
v 15.652500 -0.469519 0.469519
v 15.652500 -0.469570 0.469468
v 15.652500 -0.663998 0.000314
v 15.652500 -0.664000 0.000072
v 15.652500 -0.664000 -0.000000
v 15.652500 0.469570 0.469468
v 15.652500 0.469519 0.469519
v 15.642500 -0.476590 -0.476590
v 15.642500 -0.000000 -0.674000
v 15.652500 -0.469468 -0.469570
v 15.652500 -0.000314 -0.663998
v 15.652500 -0.000072 -0.664000
v 15.652500 0.469468 -0.469570
v 15.652500 0.000314 -0.663998
v 15.642500 0.476590 -0.476590
v 15.652500 0.000072 -0.664000
v 15.652500 -0.664000 -0.000072
v 15.652500 -0.663998 -0.000314
v 15.652500 0.469519 -0.469519
v 15.652500 0.469570 -0.469468
v 15.652500 0.663998 -0.000314
v 15.652500 0.664000 -0.000072
v 15.652500 -0.469570 -0.469468
v 15.652500 -0.469519 -0.469519
v 15.652500 0.000000 -0.664000
v 15.647500 0.654481 -0.022981
v 15.647500 0.664000 -0.000000
v 15.652500 0.631500 -0.032500
v 15.652500 0.654370 -0.023092
v 15.647500 0.631500 -0.032500
v 15.647500 0.654481 0.022981
v 15.652500 0.631500 0.032500
v 15.647500 0.631500 0.032500
v 15.652500 0.654370 0.023092
v 15.652500 -0.175634 0.535377
v 15.652500 -0.022981 0.608519
v 15.652500 -0.200494 0.536245
v 15.652500 -0.032500 0.631500
v 15.652500 -0.446502 0.479038
v 15.652500 -0.023006 0.654456
v 15.652500 0.608519 -0.022981
v 15.652500 0.599000 -0.000000
v 15.652500 0.504857 -0.194361
v 15.652500 0.517185 0.158670
v 15.652500 0.491000 -0.000000
v 15.652500 0.492325 0.159538
v 15.652500 0.475361 0.177730
v 15.652500 0.347189 0.347189
v 15.652500 0.423557 0.423557
v 15.652500 0.235316 0.460937
v 15.652500 0.414038 0.446538
v 15.652500 0.253508 0.477902
v 15.652500 0.423557 0.469519
v 15.652500 0.254376 0.502761
v 15.652500 0.446502 0.479038
v 15.652500 0.237412 0.520953
v 15.652500 -0.210457 -0.461805
v 15.652500 -0.347189 -0.347189
v 15.652500 -0.235316 -0.460937
v 15.652500 -0.446538 -0.414038
v 15.652500 -0.423557 -0.423557
v 15.652500 -0.218686 0.519281
v 15.652500 -0.219554 0.494421
v 15.652500 -0.423557 0.469519
v 15.652500 -0.347189 0.347189
v 15.652500 -0.414038 0.446538
v 15.652500 -0.423557 0.423557
v 15.652500 -0.494421 -0.219554
v 15.652500 -0.479038 -0.446502
v 15.652500 -0.476229 -0.202589
v 15.652500 -0.469519 -0.423557
v 15.652500 -0.446538 0.414038
v 15.652500 -0.477902 0.253508
v 15.652500 -0.469519 0.423557
v 15.652500 -0.502761 0.254376
v 15.652500 -0.479038 0.446502
v 15.652500 -0.520953 0.237412
v 15.652500 -0.423557 -0.469519
v 15.652500 -0.253508 -0.477902
v 15.652500 -0.446502 -0.479038
v 15.652500 -0.254376 -0.502761
v 15.652500 0.477902 -0.253508
v 15.652500 0.460937 -0.235316
v 15.652500 0.347189 -0.347189
v 15.652500 0.446538 -0.414038
v 15.652500 0.469519 -0.423557
v 15.652500 0.479038 -0.446502
v 15.652500 0.502761 -0.254376
v 15.652500 0.461805 -0.210457
v 15.652500 0.479997 -0.193493
v 15.652500 -0.491000 -0.000000
v 15.652500 -0.504857 0.194361
v 15.652500 -0.492325 -0.159538
v 15.652500 -0.475361 -0.177730
v 15.652500 0.469519 0.423557
v 15.652500 0.446538 0.414038
v 15.652500 0.476229 0.202589
v 15.652500 0.494421 0.219554
v 15.652500 0.479038 0.446502
v 15.652500 0.536245 0.200494
v 15.652500 0.535377 0.175634
v 15.652500 0.608519 0.022981
v 15.652500 0.521821 -0.212553
v 15.652500 0.520953 -0.237412
v 15.652500 -0.032500 -0.631500
v 15.652500 -0.022981 -0.608519
v 15.652500 -0.000000 -0.491000
v 15.652500 -0.193493 -0.479997
v 15.652500 -0.194361 -0.504857
v 15.652500 -0.212553 -0.521821
v 15.652500 -0.237412 -0.520953
v 15.652500 -0.023092 -0.654370
v 15.652500 -0.631500 -0.032500
v 15.652500 -0.654370 -0.023092
v 15.652500 -0.536245 -0.200494
v 15.652500 -0.535377 -0.175634
v 15.652500 -0.517185 -0.158670
v 15.652500 -0.000000 0.491000
v 15.652500 -0.177730 0.475361
v 15.652500 -0.202589 0.476229
v 15.652500 0.023092 -0.654370
v 15.652500 0.446502 -0.479038
v 15.652500 0.423557 -0.469519
v 15.652500 0.414038 -0.446538
v 15.652500 0.200494 -0.536245
v 15.652500 0.175634 -0.535377
v 15.652500 0.032500 -0.631500
v 15.652500 0.177730 -0.475361
v 15.652500 0.202589 -0.476229
v 15.652500 0.219554 -0.494421
v 15.652500 0.218686 -0.519281
v 15.652500 0.423557 -0.423557
v 15.652500 0.519281 0.218686
v 15.652500 0.023006 0.654456
v 15.652500 0.032500 0.631500
v 15.652500 0.194361 0.504857
v 15.652500 0.212553 0.521821
v 15.652500 0.210457 0.461805
v 15.652500 0.193493 0.479997
v 15.652500 0.022981 0.608519
v 15.652500 -0.000000 0.599000
v 15.652500 -0.158670 0.517185
v 15.652500 -0.159538 0.492325
v 15.652500 0.000000 -0.599000
v 15.652500 0.022981 -0.608519
v 15.652500 0.158670 -0.517185
v 15.652500 -0.521821 0.212553
v 15.652500 -0.654370 0.023092
v 15.652500 -0.631500 0.032500
v 15.652500 -0.608519 0.022981
v 15.652500 -0.599000 -0.000000
v 15.652500 -0.608519 -0.022981
v 15.652500 -0.460937 0.235316
v 15.652500 -0.461805 0.210457
v 15.652500 -0.479997 0.193493
v 15.652500 0.159538 -0.492325
v 15.652500 -0.519281 -0.218686
v 15.652500 -0.414038 -0.446538
v 15.647500 0.423557 0.469519
v 15.647500 0.446538 0.479038
v 15.647500 0.469519 0.423557
v 15.647500 0.479038 0.446538
v 15.647500 0.469519 0.469519
v 15.647500 -0.032500 0.631500
v 15.647500 -0.022981 0.654481
v 15.647500 0.032500 0.631500
v 15.647500 0.022981 0.654481
v 15.647500 -0.000000 0.664000
v 15.647500 -0.469519 0.423557
v 15.647500 -0.479038 0.446538
v 15.647500 -0.423557 0.469519
v 15.647500 -0.446538 0.479038
v 15.647500 -0.469519 0.469519
v 15.647500 -0.423557 -0.469519
v 15.647500 -0.446538 -0.479038
v 15.647500 -0.469519 -0.423557
v 15.647500 -0.479038 -0.446538
v 15.647500 -0.469519 -0.469519
v 15.647500 0.469519 -0.423557
v 15.647500 0.479038 -0.446538
v 15.647500 0.423557 -0.469519
v 15.647500 0.446538 -0.479038
v 15.647500 0.469519 -0.469519
v 3.796955 3.843496 3.679445
v 3.796955 5.077845 2.445097
v 3.796955 5.071508 2.439779
v 3.796955 5.083579 2.425393
v 3.796955 5.076422 2.418236
v 3.796955 3.829354 3.665303
v 1.339932 5.076422 2.418236
v 1.339932 5.083579 2.425393
v 1.628573 5.158232 2.336425
v 3.949675 5.154798 2.339860
v 3.949675 3.745852 3.748806
v 1.339932 3.829354 3.665303
v 1.231357 3.718654 3.776004
v 1.231357 3.723327 3.771331
v 1.189482 5.158232 2.336425
v 1.189482 3.720414 3.774243
v 1.232771 5.178702 2.312030
v 1.190644 5.181779 2.308363
v 1.233109 5.183589 2.306206
v 3.807727 4.805856 2.137258
v 3.807727 3.532459 3.410655
v 1.430072 3.508669 3.434445
v 1.430072 3.514019 3.429095
v 1.331430 3.507021 3.436093
v 1.430072 4.833761 2.109353
v 1.430072 4.827485 2.115629
v 1.491430 3.620158 3.322956
v 3.647727 3.620158 3.322956
v 3.647727 4.722557 2.220557
v 1.491430 4.722557 2.220557
v 1.331430 4.835694 2.107420
v 3.647727 3.606016 3.308814
v 3.647727 4.708415 2.206415
v 1.491430 4.708415 2.206415
v 1.491430 3.606016 3.308814
v 1.440262 3.497901 3.416929
v 3.800448 3.521516 3.393314
v 3.800448 4.787961 2.126868
v 1.440262 4.815661 2.099169
v 1.440262 4.809339 2.105491
v 1.338710 4.817800 2.097030
v 1.440262 3.503291 3.411539
v 1.338710 3.496078 3.418752
v 1.549812 4.298860 1.795726
v 1.549812 3.178725 2.915861
v 1.735787 4.290776 1.803810
v 1.735787 4.282695 1.811891
v 3.589345 3.204163 2.890424
v 1.735787 3.185617 2.908969
v 1.735787 3.192506 2.902080
v 1.709812 4.185723 1.908863
v 1.709812 3.291862 2.802724
v 3.429345 3.291862 2.802724
v 3.429345 4.185723 1.908863
v 3.589345 4.269022 1.825564
v 3.429345 3.277720 2.788582
v 3.429345 4.171581 1.894720
v 1.709812 4.171581 1.894720
v 1.709812 3.277720 2.788582
v 1.557092 4.280966 1.785336
v 1.745977 4.264517 1.801785
v 1.557092 3.167782 2.898520
v 1.745977 3.181805 2.884497
v 3.582065 3.193219 2.873082
v 1.745977 3.174848 2.891453
v 1.745977 4.272677 1.793625
v 3.582065 4.251128 1.815174
v 2.041502 2.872260 2.373798
v 1.768195 2.850428 2.395629
v 1.768195 3.732188 1.513870
v 1.775474 3.718046 1.499727
v 1.950180 3.314665 1.224286
v 1.950180 2.576848 1.962103
v 1.775474 2.839485 2.378288
v 2.169482 3.506746 1.384098
v 2.296265 3.295304 1.243647
v 2.296265 3.277941 1.261010
v 3.370963 2.875866 2.370192
v 2.041502 2.862564 2.383493
v 3.370963 3.732188 1.513870
v 3.210963 2.963565 2.282492
v 3.210963 3.619051 1.627007
v 2.263037 3.732188 1.513870
v 1.928195 3.619051 1.627007
v 1.928195 2.963565 2.282492
v 2.150180 2.704127 1.834824
v 2.150180 3.187386 1.351565
v 2.296265 2.608156 1.930795
v 2.988978 2.704127 1.834824
v 3.188978 2.602286 1.936665
v 2.296265 2.593354 1.945597
v 2.988978 3.187386 1.351565
v 3.188978 3.284827 1.254124
v 2.210902 3.718046 1.499727
v 3.210963 2.949424 2.268350
v 3.210963 3.604909 1.612865
v 1.928195 3.604909 1.612865
v 1.928195 2.949424 2.268350
v 2.051693 2.861626 2.356148
v 2.051693 2.851796 2.365978
v 2.988978 2.689985 1.820682
v 2.988978 3.173244 1.337423
v 2.150180 3.173244 1.337423
v 2.150180 2.689985 1.820682
v 1.957459 2.565905 1.944762
v 1.957459 3.296771 1.213896
v 2.306456 3.259462 1.251205
v 2.306456 2.597711 1.912955
v 3.181698 2.591342 1.919324
v 2.306456 2.582585 1.928081
v 2.306456 3.277205 1.233462
v 3.181698 3.266932 1.243734
v 2.132165 2.867304 0.964541
v 2.132165 2.303268 1.528577
v 2.551028 2.842817 0.989028
v 2.506649 2.889461 1.065559
v 2.551028 2.802358 1.029486
v 2.431785 3.030143 1.132667
v 3.006992 2.328705 1.503139
v 2.551028 2.324143 1.507701
v 2.299054 2.375430 1.578099
v 2.311263 2.328240 1.503604
v 2.390710 2.338876 1.492968
v 2.461619 2.347979 1.483865
v 2.493938 2.410464 1.579836
v 2.551028 2.358635 1.473210
v 2.974500 2.410913 1.420931
v 3.006992 2.837465 0.994379
v 2.974500 2.760931 1.070913
v 2.174500 2.760931 1.070913
v 2.174500 2.410913 1.420931
v 2.312182 2.837864 0.993980
v 2.391243 2.825453 1.006391
v 2.461867 2.814821 1.017024
v 2.974500 2.403842 1.413860
v 2.974500 2.753860 1.063842
v 2.556123 2.753860 1.063842
v 2.556059 2.753949 1.063931
v 2.555995 2.753860 1.063842
v 2.174500 2.753860 1.063842
v 2.174500 2.403842 1.413860
v 2.555995 2.403842 1.413860
v 2.556059 2.403931 1.413949
v 2.556123 2.403842 1.413860
v 2.556059 2.743342 1.074537
v 2.555995 2.743253 1.074449
v 2.556059 2.414537 1.403342
v 2.556123 2.414449 1.403253
v 2.555995 2.414449 1.403253
v 1.182203 3.731357 3.791584
v 1.182203 5.010729 2.512213
v 1.123425 3.819718 3.931605
v 1.138952 3.820713 3.930419
v 1.221166 3.734065 3.788877
v 4.014564 3.843399 3.903383
v 3.956955 3.756795 3.766147
v 1.138668 3.816599 3.935321
v 1.234949 3.730359 3.792582
v 1.223997 3.726430 3.788654
v 3.956955 5.010729 2.512213
v 2.124500 1.795730 1.046164
v 2.124500 2.283634 1.534068
v 3.024500 1.795730 1.046164
v 3.024500 2.283634 1.534068
v 2.124500 2.386165 0.455730
v 2.124500 2.874068 0.943634
v 3.024500 2.386165 0.455730
v 3.024500 2.874068 0.943634
v 2.817000 2.255350 0.586545
v 2.352000 2.255350 0.586545
v 2.352000 1.926545 0.915350
v 2.817000 1.926545 0.915350
v 2.352000 1.504402 -0.164402
v 2.817000 1.504402 -0.164402
v 2.352000 1.175598 0.164402
v 4.015611 -3.822180 3.928670
v 3.956955 -3.735652 3.787289
v 3.956955 -5.010729 2.512213
v 1.613992 -3.492879 3.421951
v 1.350161 -3.811709 3.941149
v 1.605088 -3.507021 3.436093
v 1.349890 -3.807219 3.946500
v 1.872225 -3.183024 2.911562
v 1.872225 -3.190543 2.904043
v 1.613992 -3.497496 3.417334
v 1.605087 -3.508094 3.435021
v 1.549812 -4.298860 1.795726
v 2.251680 -4.298860 1.795726
v 1.709812 -4.185723 1.908863
v 2.817015 -4.284586 1.810000
v 3.429345 -4.185723 1.908863
v 1.705949 -3.178725 2.915861
v 1.549812 -3.178725 2.915861
v 1.709812 -3.291862 2.802724
v 3.589345 -3.193360 2.901226
v 3.429345 -3.291862 2.802724
v 3.589345 -4.298860 1.795726
v 3.382320 -4.298860 1.795726
v 1.331430 -4.835694 2.107420
v 2.253623 -4.835694 2.107420
v 1.491430 -4.722557 2.220557
v 2.816997 -4.824568 2.118546
v 3.647727 -4.722557 2.220557
v 3.380377 -4.835694 2.107420
v 3.807727 -4.835694 2.107420
v 3.647727 -3.620158 3.322956
v 3.807727 -3.515514 3.427600
v 1.491430 -3.620158 3.322956
v 1.680330 -3.507021 3.436093
v 1.331430 -3.507021 3.436093
v 1.588894 -3.507021 3.436093
v 3.469590 -4.821552 2.093278
v 3.452663 -4.284718 1.781583
v 2.816999 -4.806569 2.108261
v 2.164410 -4.821552 2.093278
v 2.181337 -4.284718 1.781583
v 1.435428 -5.224149 2.257869
v 2.361976 -3.313273 1.225678
v 2.816993 -4.266587 1.799715
v 3.188978 -3.307270 1.231682
v 3.947223 -5.207927 2.277201
v 3.582065 -4.284718 1.781583
v 3.188978 -2.602745 1.936206
v 3.363683 -2.860468 2.357306
v 3.363683 -3.718046 1.499727
v 3.582065 -3.182621 2.883680
v 3.370963 -2.871206 2.374852
v 3.370963 -3.732188 1.513870
v 3.800448 -4.821552 2.093278
v 3.800448 -3.504775 3.410055
v 3.949675 -5.158232 2.336425
v 3.949675 -3.724914 3.769744
v 1.557092 -3.164583 2.901719
v 1.668560 -3.164583 2.901719
v 1.557092 -4.284718 1.781583
v 1.338710 -3.492879 3.421951
v 1.545495 -3.492879 3.421951
v 1.338710 -4.821552 2.093278
v 2.361976 -2.613954 1.924998
v 1.960816 -2.576848 1.962103
v 2.150180 -2.704127 1.834824
v 1.950180 -2.576848 1.962103
v 2.150180 -3.187386 1.351565
v 1.950180 -3.314665 1.224286
v 2.361976 -3.293752 1.245199
v 2.154071 -3.314665 1.224286
v 2.361976 -2.597766 1.941185
v 2.988978 -2.704127 1.834824
v 2.988978 -3.187386 1.351565
v 1.435097 -5.218666 2.264404
v 2.049190 -3.947133 1.585346
v 1.709812 -4.171581 1.894720
v 3.429345 -4.171581 1.894720
v 1.709812 -3.277720 2.788582
v 3.429345 -3.277720 2.788582
v 1.881129 -3.179975 2.886327
v 1.881129 -3.172383 2.893919
v 2.139362 -2.863793 2.382265
v 1.775474 -3.718046 1.499727
v 1.768195 -3.732188 1.513870
v 2.148266 -2.853152 2.364622
v 2.148266 -2.863886 2.353887
v 1.952681 -2.571989 1.957244
v 2.124212 -3.300523 1.210144
v 1.957459 -3.300523 1.210144
v 2.139362 -2.874380 2.371677
v 2.150180 -2.689985 1.820682
v 2.150180 -3.173244 1.337423
v 1.957459 -2.564940 1.945726
v 2.370881 -3.274958 1.235709
v 2.370881 -2.603669 1.906998
v 2.988978 -2.689985 1.820682
v 3.181698 -2.592006 1.918661
v 2.370881 -2.587126 1.923541
v 2.988978 -3.173244 1.337423
v 2.370881 -3.294908 1.215758
v 3.181698 -3.289023 1.221644
v 3.050669 -2.960578 1.040972
v 2.531163 -2.964349 1.037201
v 3.050669 -2.398714 1.602836
v 2.531163 -2.930436 1.071114
v 2.890669 -2.880082 1.121468
v 2.890669 -2.511851 1.489699
v 2.583331 -2.398714 1.602836
v 2.480439 -2.419045 1.582505
v 2.296590 -2.398714 1.602836
v 2.248488 -2.511851 1.489699
v 2.088488 -2.398714 1.602836
v 2.531163 -2.423707 1.577843
v 2.531163 -2.398714 1.602836
v 2.248488 -2.880082 1.121468
v 2.481759 -2.935904 1.065646
v 2.334275 -2.955129 1.046421
v 2.088488 -2.993219 1.008331
v 2.248488 -2.497709 1.475557
v 2.248488 -2.865940 1.107326
v 2.890669 -2.865940 1.107326
v 2.890669 -2.497709 1.475557
v 3.043390 -2.387975 1.585290
v 2.540068 -2.414294 1.558971
v 2.460758 -2.406593 1.566672
v 2.272844 -2.384572 1.588694
v 2.095768 -2.384572 1.588694
v 3.043390 -2.942331 1.030935
v 2.931582 -2.936650 1.036615
v 2.702418 -2.936650 1.036615
v 2.540068 -2.945984 1.027281
v 2.540068 -2.936650 1.036615
v 2.338091 -2.936650 1.036615
v 2.294739 -2.943098 1.030168
v 2.095768 -2.974972 0.998294
v 2.540068 -2.384946 1.588320
v 2.148488 -2.349752 0.449717
v 2.148488 -2.834227 0.934192
v 2.163727 -2.804622 0.904587
v 2.243262 -2.875685 0.975651
v 2.559753 -2.905387 1.005352
v 2.990669 -2.926860 1.026825
v 2.990669 -2.349752 0.449717
v 2.647023 -2.257134 1.376403
v 2.562497 -2.391251 1.510771
v 2.562497 -2.391376 1.510646
v 2.990669 -2.810179 0.958240
v 2.990669 -2.324575 1.443844
v 2.959932 -2.264860 1.384129
v 2.990669 -1.840099 0.959369
v 2.352000 -2.234137 0.565332
v 2.817000 -2.234137 0.565332
v 2.817000 -1.905332 0.894137
v 2.148488 -1.840099 0.959369
v 2.352000 -1.905332 0.894137
v 2.562179 -2.390871 1.510140
v 2.817000 -1.504402 -0.164402
v 2.817000 -1.175598 0.164402
v 2.352000 -1.175598 0.164402
v 2.352000 -1.504402 -0.164402
v 1.189482 -3.716217 3.778440
v 1.182203 -3.730359 3.792582
v 1.533994 -3.716217 3.778440
v 1.583621 -3.730359 3.792582
v 15.622500 -0.481000 -0.000000
v 15.622500 -0.340118 -0.340118
v 15.612500 -0.471000 -0.000000
v 15.612500 -0.333047 -0.333047
v 15.622500 -0.000000 -0.481000
v 15.612500 -0.000000 -0.471000
v 15.622500 0.340118 -0.340118
v 15.612500 0.333047 -0.333047
v 15.622500 0.481000 0.000000
v 15.612500 0.471000 0.000000
v 15.612500 0.333047 0.333047
v 15.612500 -0.333047 0.333047
v 15.612500 -0.000000 0.471000
v -15.767860 -0.010000 2.023062
v -15.012500 -0.010000 2.192254
v -15.812500 -0.010000 2.023062
v -15.812500 -0.010000 2.083466
v -15.012500 -0.010000 2.202254
v -15.062500 -0.010000 2.202254
v -15.767860 0.123062 1.910000
v -15.012500 0.292254 1.910000
v -15.812500 0.123062 1.910000
v -15.812500 0.183466 1.910000
v -15.012500 0.302254 1.910000
v -15.062500 0.302254 1.910000
v -15.767860 -0.123062 1.910000
v -15.812500 -0.123062 1.900000
v -15.812500 -0.123062 1.910000
v -15.812500 -0.000000 1.776938
v -15.812500 0.123062 1.900000
v -15.812500 0.000000 2.023062
v -15.812500 -0.183466 1.910000
v -15.812500 -0.183466 1.890000
v -15.812500 -0.123062 1.890000
v -15.012500 0.010000 1.607746
v -15.767860 0.010000 1.776938
v -15.012500 0.292254 1.890000
v -15.767860 0.123062 1.890000
v -15.767860 -0.010000 1.776938
v -15.767860 -0.123062 1.890000
v -15.012500 -0.292254 1.890000
v -15.012500 -0.010000 1.607746
v -15.013621 -0.302254 1.890000
v -15.062500 -0.302254 1.890000
v -15.062500 -0.302254 1.910000
v -15.013621 0.010000 1.597746
v -15.014490 0.009096 1.589096
v -15.012500 -0.000000 1.597746
v -15.014490 0.311127 1.891127
v -15.013621 0.302254 1.890000
v -15.012500 0.302254 1.900000
v -15.812500 0.123062 1.890000
v -15.812500 0.183466 1.890000
v -15.062500 0.302254 1.890000
v -15.013621 -0.010000 1.597746
v -15.014490 0.000000 1.580000
v -15.012500 0.008873 1.588873
v -15.014490 -0.310904 1.890904
v -15.012500 -0.302254 1.900000
v -15.812500 -0.010000 1.776938
v -15.812500 -0.010000 1.716534
v -15.062500 -0.010000 1.597746
v -15.062500 0.010000 1.597746
v -15.812500 0.010000 1.716534
v -15.812500 0.010000 1.776938
v -15.767860 0.010000 2.023062
v -15.812500 0.010000 2.023062
v 0.000000 0.000000 4.863168
v -0.286082 0.156287 4.748278
v -0.325898 -0.007692 4.748278
v -0.278390 -0.169611 4.748278
v -0.156287 -0.286082 4.748278
v 0.007692 -0.325898 4.748278
v 0.169611 -0.278390 4.748278
v 0.286082 -0.156287 4.748278
v 0.482670 -0.263684 4.485054
v 0.154847 -0.527752 4.485054
v -0.482670 0.263684 4.485054
v -0.527752 -0.154847 4.485054
v -0.263684 -0.482670 4.485054
v 0.325898 0.007692 4.748278
v 0.278390 0.169611 4.748278
v 0.156287 0.286082 4.748278
v -0.007692 0.325898 4.748278
v -0.169611 0.278390 4.748278
v -0.154847 0.527752 4.485054
v 0.527752 0.154847 4.485054
v 0.263684 0.482670 4.485054
v 0.635000 0.000000 4.485054
v 0.449013 0.449013 4.485054
v 0.449013 -0.449013 4.485054
v -0.635000 0.000000 4.485054
v -0.449013 -0.449013 4.485054
v -0.449013 0.449013 4.485054
v -0.000000 -0.635000 4.485054
v 0.000000 0.635000 4.485054
v 0.635000 0.000000 4.475054
v 0.449013 -0.449013 4.475054
v -0.000000 -0.635000 4.475054
v -0.449013 -0.449013 4.475054
v -0.635000 0.000000 4.475054
v -0.449013 0.449013 4.475054
v 0.000000 0.635000 4.475054
v 0.449013 0.449013 4.475054
v -0.960000 0.000000 4.475054
v -0.678822 0.678822 4.475054
v 0.000000 0.960000 4.475054
v 0.678822 0.678822 4.475054
v 0.960000 -0.000000 4.475054
v 0.678822 -0.678822 4.475054
v -0.678822 -0.678822 4.475054
v -0.000000 -0.960000 4.475054
v -0.960000 0.000000 3.845054
v -0.678822 0.678822 3.845054
v 0.000000 0.960000 3.845054
v 0.678822 0.678822 3.845054
v 0.960000 0.000000 3.845054
v 0.678822 -0.678822 3.845054
v -0.000000 -0.960000 3.845054
v -0.678822 -0.678822 3.845054
v -0.000000 -1.240000 3.845054
v -0.876812 -0.876812 3.845054
v -1.240000 0.000000 3.845054
v -0.876812 0.876812 3.845054
v 0.000000 1.240000 3.845054
v 0.876812 0.876812 3.845054
v 1.240000 0.000000 3.845054
v 0.876812 -0.876812 3.845054
v 9.318208 -3.918208 -2.590000
v 9.077792 -3.918208 -2.590000
v 9.368000 -3.798000 -2.590000
v 9.028000 -3.798000 -2.590000
v 9.318208 -3.677792 -2.590000
v 9.077792 -3.677792 -2.590000
v 9.198000 -3.628000 -2.590000
v 9.198000 -3.968000 -2.590000
v 1.240000 0.000000 4.475054
v 0.876812 -0.876812 4.475054
v -0.000000 -1.240000 4.475054
v -0.876812 -0.876812 4.475054
v -1.240000 0.000000 4.475054
v -0.876812 0.876812 4.475054
v 0.000000 1.240000 4.475054
v 0.876812 0.876812 4.475054
v 9.028000 -3.798000 -2.690000
v 9.077792 -3.918208 -2.690000
v 9.198000 -3.968000 -2.690000
v 9.318208 -3.918208 -2.690000
v 9.368000 -3.798000 -2.690000
v 9.318208 -3.677792 -2.690000
v 9.198000 -3.628000 -2.690000
v 9.077792 -3.677792 -2.690000
v -9.077792 -3.918208 -2.590000
v -9.318208 -3.918208 -2.590000
v -9.028000 -3.798000 -2.590000
v -9.368000 -3.798000 -2.590000
v -9.077792 -3.677792 -2.590000
v -9.318208 -3.677792 -2.590000
v -9.198000 -3.628000 -2.590000
v -9.198000 -3.968000 -2.590000
v -2.173297 -1.547797 4.485054
v -2.611703 -1.547797 4.485054
v -2.082500 -1.767000 4.485054
v -2.702500 -1.767000 4.485054
v -2.173297 -1.986203 4.485054
v -2.611703 -1.986203 4.485054
v -2.392500 -2.077000 4.485054
v -2.392500 -1.457000 4.485054
v 0.000000 1.250000 4.475054
v -0.883884 0.883884 4.475054
v -1.250000 0.000000 4.475054
v -0.883884 -0.883884 4.475054
v -0.000000 -1.250000 4.475054
v 0.883884 -0.883884 4.475054
v 1.250000 -0.000000 4.475054
v 0.883884 0.883884 4.475054
v -15.062500 0.010000 2.202254
v -15.812500 0.010000 2.083466
v -15.012500 0.010000 2.192254
v -15.012500 0.010000 2.202254
v -15.012500 0.311127 1.891127
v -15.012500 0.000000 1.580000
v -15.012500 -0.311127 1.891127
v -15.012500 -0.302254 1.910000
v -15.012500 -0.292254 1.910000
v 8.848000 -3.798000 -2.690000
v 8.950513 -4.045487 -2.690000
v 9.198000 -4.148000 -2.690000
v 9.445488 -4.045487 -2.690000
v 9.548000 -3.798000 -2.690000
v 9.445488 -3.550513 -2.690000
v 8.950513 -3.550513 -2.690000
v 9.198000 -3.448000 -2.690000
v -9.368000 -3.798000 -2.690000
v -9.318208 -3.918208 -2.690000
v -9.198000 -3.968000 -2.690000
v -9.077792 -3.918208 -2.690000
v -9.028000 -3.798000 -2.690000
v -9.077792 -3.677792 -2.690000
v -9.198000 -3.628000 -2.690000
v -9.318208 -3.677792 -2.690000
v 1.928195 -2.949424 2.268350
v 3.210963 -2.949424 2.268350
v 1.928195 -2.963565 2.282492
v 3.210963 -2.963565 2.282492
v 1.928195 -3.604909 1.612865
v 1.928195 -3.619051 1.627007
v 3.210963 -3.604909 1.612865
v 3.210963 -3.619051 1.627007
v 1.775474 -2.836286 2.381487
v 1.768195 -2.850428 2.395629
v 1.806389 -2.836286 2.381487
v 1.836768 -2.850428 2.395629
v -2.082500 -1.767000 4.475054
v -2.173297 -1.986203 4.475054
v -2.392500 -2.077000 4.475054
v -2.611703 -1.986203 4.475054
v -2.702500 -1.767000 4.475054
v -2.611703 -1.547797 4.475054
v -2.392500 -1.457000 4.475054
v -2.173297 -1.547797 4.475054
v -1.250000 0.000000 3.845054
v -0.883884 0.883884 3.845054
v 0.000000 1.250000 3.845054
v 0.883884 0.883884 3.845054
v 1.250000 0.000000 3.845054
v 0.883884 -0.883884 3.845054
v -0.000000 -1.250000 3.845054
v -0.883884 -0.883884 3.845054
v 15.622500 0.340118 0.340118
v 15.622500 -0.000000 0.481000
v 15.622500 -0.340118 0.340118
v -15.612500 2.527284 0.028284
v -15.612500 2.539000 0.000000
v -15.612500 2.470716 0.028284
v -15.612500 2.459000 -0.000000
v -15.612500 2.527284 -0.028284
v -15.612500 2.470716 -0.028284
v -15.612500 2.499000 -0.040000
v -15.612500 2.499000 0.040000
v -15.012500 -0.784889 2.684889
v -15.012500 -0.000000 3.010000
v -15.012500 0.784889 2.684889
v -15.012500 1.110000 1.900000
v -15.012500 0.784889 1.115111
v -15.012500 0.000000 0.790000
v -15.012500 -0.784889 1.115111
v -15.012500 -1.110000 1.900000
v -15.772500 -5.805000 -1.940000
v -15.772500 -6.240000 -1.940000
v -15.772500 -5.805000 -1.500000
v -15.772500 -6.240000 -1.500000
v -15.772500 -5.310000 -1.940000
v -15.772500 -5.745000 -1.940000
v -15.772500 -5.310000 -1.500000
v -15.772500 -5.745000 -1.500000
v 9.548000 -3.798000 -2.590000
v 9.445488 -3.550513 -2.590000
v 9.198000 -3.448000 -2.590000
v 8.950513 -3.550513 -2.590000
v 8.848000 -3.798000 -2.590000
v 8.950513 -4.045487 -2.590000
v 9.198000 -4.148000 -2.590000
v 9.445488 -4.045487 -2.590000
v -9.548000 -3.798000 -2.690000
v -9.445488 -4.045487 -2.690000
v -9.198000 -4.148000 -2.690000
v -8.950513 -4.045487 -2.690000
v -8.848000 -3.798000 -2.690000
v -8.950513 -3.550513 -2.690000
v -9.445488 -3.550513 -2.690000
v -9.198000 -3.448000 -2.690000
v 1.339932 -3.829354 3.665303
v 3.796955 -3.829354 3.665303
v 1.339932 -3.843496 3.679445
v 3.796955 -3.843496 3.679445
v 1.339932 -5.076422 2.418236
v 1.339932 -5.090564 2.432378
v 3.796955 -5.076422 2.418236
v 3.796955 -5.090564 2.432378
v 2.433156 -2.336128 1.455398
v 2.352863 -2.283359 1.402628
v 2.286839 -2.221484 1.340754
v 2.237111 -2.152402 1.271672
v 2.148488 -2.324575 1.443844
v 2.539117 -2.386082 1.590204
v 2.289836 -2.399140 1.605582
v 2.470132 -2.478678 1.685120
v 2.097285 -2.358671 1.608699
v 1.640928 -4.115097 1.625457
v 1.193368 -5.236975 2.242583
v 2.244196 -3.095067 1.109626
v 1.864708 -3.554158 1.316894
v 2.158569 -3.679603 1.441924
v 1.189482 -5.158232 2.336425
v 1.491430 -3.606016 3.308814
v 3.647727 -3.606016 3.308814
v 1.491430 -4.708415 2.206415
v 3.647727 -4.708415 2.206415
v 1.633573 -3.492879 3.421951
v 1.537491 -3.184470 2.957990
v 1.122302 -3.796951 3.958737
v 1.182203 -5.010729 2.512213
v 2.817000 1.175598 0.164402
v 1.221166 3.730359 3.792582
v -2.542500 -0.467000 4.555054
v -2.107500 -0.467000 4.555054
v -2.542500 -0.032000 4.555054
v -2.107500 -0.032000 4.555054
v -2.542500 0.028000 4.555054
v -2.107500 0.028000 4.555054
v -2.542500 0.463000 4.555054
v -2.107500 0.463000 4.555054
v -2.392500 -2.177000 4.475054
v -2.682414 -2.056914 4.475054
v -2.802500 -1.767000 4.475054
v -2.682414 -1.477086 4.475054
v -2.392500 -1.357000 4.475054
v -2.102586 -1.477086 4.475054
v -1.982500 -1.767000 4.475054
v -2.102586 -2.056914 4.475054
v -0.000000 -1.530000 3.845054
v -1.081873 -1.081873 3.845054
v -1.530000 0.000000 3.845054
v -1.081873 1.081873 3.845054
v 0.000000 1.530000 3.845054
v 1.081873 1.081873 3.845054
v 1.530000 0.000000 3.845054
v 1.081873 -1.081873 3.845054
v 15.647500 -0.175634 0.535377
v 15.647500 -0.200494 0.536245
v 15.647500 -0.158670 0.517185
v 15.647500 -0.218686 0.519281
v 15.647500 -0.159538 0.492325
v 15.647500 -0.219554 0.494421
v 15.647500 -0.177730 0.475361
v 15.647500 -0.202589 0.476229
v 15.647500 -0.477902 0.253508
v 15.647500 -0.502761 0.254376
v 15.647500 -0.460937 0.235316
v 15.647500 -0.520953 0.237412
v 15.647500 -0.461805 0.210457
v 15.647500 -0.521821 0.212553
v 15.647500 -0.479997 0.193493
v 15.647500 -0.504857 0.194361
v 15.647500 -0.492325 -0.159538
v 15.647500 -0.517185 -0.158670
v 15.647500 -0.475361 -0.177730
v 15.647500 -0.535377 -0.175634
v 15.647500 -0.476229 -0.202589
v 15.647500 -0.536245 -0.200494
v 15.647500 -0.494421 -0.219554
v 15.647500 -0.519281 -0.218686
v 15.647500 -0.210457 -0.461805
v 15.647500 -0.235316 -0.460937
v 15.647500 -0.193493 -0.479997
v 15.647500 -0.253508 -0.477902
v 15.647500 -0.194361 -0.504857
v 15.647500 -0.254376 -0.502761
v 15.647500 -0.212553 -0.521821
v 15.647500 -0.237412 -0.520953
v 15.647500 0.202589 -0.476229
v 15.647500 0.177730 -0.475361
v 15.647500 0.219554 -0.494421
v 15.647500 0.159538 -0.492325
v 15.647500 0.218686 -0.519281
v 15.647500 0.158670 -0.517185
v 15.647500 0.200494 -0.536245
v 15.647500 0.175634 -0.535377
v 15.647500 0.504857 -0.194361
v 15.647500 0.479997 -0.193493
v 15.647500 0.521821 -0.212553
v 15.647500 0.461805 -0.210457
v 15.647500 0.520953 -0.237412
v 15.647500 0.460937 -0.235316
v 15.647500 0.502761 -0.254376
v 15.647500 0.477902 -0.253508
v 15.647500 0.519281 0.218686
v 15.647500 0.494421 0.219554
v 15.647500 0.536245 0.200494
v 15.647500 0.476229 0.202589
v 15.647500 0.535377 0.175634
v 15.647500 0.475361 0.177730
v 15.647500 0.517185 0.158670
v 15.647500 0.492325 0.159538
v 15.642500 -0.481000 -0.000000
v 15.642500 -0.340118 0.340118
v 15.642500 -0.000000 0.481000
v 15.642500 0.340118 0.340118
v 15.642500 0.481000 -0.000000
v 15.642500 0.340118 -0.340118
v 15.642500 -0.000000 -0.481000
v 15.642500 -0.340118 -0.340118
v 15.647500 0.237412 0.520953
v 15.647500 0.212553 0.521821
v 15.647500 0.254376 0.502761
v 15.647500 0.194361 0.504857
v 15.647500 0.253508 0.477902
v 15.647500 0.193493 0.479997
v 15.647500 0.235316 0.460937
v 15.647500 0.210457 0.461805
v 15.647500 0.022981 -0.608519
v 15.647500 -0.022981 -0.608519
v 15.647500 0.032500 -0.631500
v 15.647500 -0.032500 -0.631500
v 15.647500 0.022981 -0.654481
v 15.647500 -0.022981 -0.654481
v 15.647500 0.000000 -0.664000
v 15.647500 0.000000 -0.599000
v 15.647500 -0.608519 0.022981
v 15.647500 -0.654481 0.022981
v 15.647500 -0.599000 -0.000000
v 15.647500 -0.664000 -0.000000
v 15.647500 -0.608519 -0.022981
v 15.647500 -0.654481 -0.022981
v 15.647500 -0.631500 -0.032500
v 15.647500 -0.631500 0.032500
v 15.637500 -0.185629 0.781568
v 15.637500 -0.210291 0.784815
v 15.637500 -0.170486 0.761834
v 15.637500 -0.230025 0.769672
v 15.637500 -0.173733 0.737172
v 15.637500 -0.233271 0.745011
v 15.637500 -0.193467 0.722030
v 15.637500 -0.218129 0.725276
v 15.637500 -0.381588 0.706892
v 15.637500 -0.406250 0.703646
v 15.637500 -0.361854 0.691750
v 15.637500 -0.421393 0.683911
v 15.637500 -0.358607 0.667088
v 15.637500 -0.418146 0.659250
v 15.637500 -0.373750 0.647354
v 15.637500 -0.398412 0.644107
v 15.637500 -0.528562 0.574524
v 15.637500 -0.574524 0.574524
v 15.637500 -0.519043 0.551543
v 15.637500 -0.584043 0.551543
v 15.637500 -0.528562 0.528562
v 15.637500 -0.574524 0.528562
v 15.637500 -0.551543 0.519043
v 15.637500 -0.551543 0.584043
v 15.637500 -0.659250 0.418146
v 15.637500 -0.683911 0.421393
v 15.637500 -0.644107 0.398412
v 15.637500 -0.703646 0.406250
v 15.637500 -0.647354 0.373750
v 15.637500 -0.706892 0.381588
v 15.637500 -0.667088 0.358607
v 15.637500 -0.691750 0.361854
v 15.637500 -0.745011 0.233271
v 15.637500 -0.769672 0.230025
v 15.637500 -0.725276 0.218129
v 15.637500 -0.784815 0.210291
v 15.637500 -0.722030 0.193467
v 15.637500 -0.781568 0.185629
v 15.637500 -0.737172 0.173733
v 15.637500 -0.761834 0.170486
v 15.637500 -0.757019 0.022981
v 15.637500 -0.802981 0.022981
v 15.637500 -0.747500 -0.000000
v 15.637500 -0.812500 -0.000000
v 15.637500 -0.757019 -0.022981
v 15.637500 -0.802981 -0.022981
v 15.637500 -0.780000 -0.032500
v 15.637500 -0.780000 0.032500
v 15.637500 -0.737172 -0.173733
v 15.637500 -0.761834 -0.170486
v 15.637500 -0.722030 -0.193467
v 15.637500 -0.781568 -0.185629
v 15.637500 -0.725276 -0.218129
v 15.637500 -0.784815 -0.210291
v 15.637500 -0.745011 -0.233271
v 15.637500 -0.769672 -0.230025
v 15.637500 -0.667088 -0.358607
v 15.637500 -0.691750 -0.361854
v 15.637500 -0.647354 -0.373750
v 15.637500 -0.706892 -0.381588
v 15.637500 -0.644107 -0.398412
v 15.637500 -0.703646 -0.406250
v 15.637500 -0.659250 -0.418146
v 15.637500 -0.683911 -0.421393
v 15.637500 -0.528562 -0.528562
v 15.637500 -0.574524 -0.528562
v 15.637500 -0.519043 -0.551543
v 15.637500 -0.584043 -0.551543
v 15.637500 -0.528562 -0.574524
v 15.637500 -0.574524 -0.574524
v 15.637500 -0.551543 -0.584043
v 15.637500 -0.551543 -0.519043
v 15.637500 -0.373750 -0.647354
v 15.637500 -0.398412 -0.644107
v 15.637500 -0.358607 -0.667088
v 15.637500 -0.418146 -0.659250
v 15.637500 -0.361854 -0.691750
v 15.637500 -0.421393 -0.683911
v 15.637500 -0.381588 -0.706892
v 15.637500 -0.406250 -0.703646
v 15.637500 -0.193467 -0.722030
v 15.637500 -0.218129 -0.725276
v 15.637500 -0.173733 -0.737172
v 15.637500 -0.233271 -0.745011
v 15.637500 -0.170486 -0.761834
v 15.637500 -0.230025 -0.769672
v 15.637500 -0.185629 -0.781568
v 15.637500 -0.210291 -0.784815
v 15.637500 0.022981 -0.757019
v 15.637500 -0.022981 -0.757019
v 15.637500 0.032500 -0.780000
v 15.637500 -0.032500 -0.780000
v 15.637500 0.022981 -0.802981
v 15.637500 -0.022981 -0.802981
v 15.637500 0.000000 -0.812500
v 15.637500 0.000000 -0.747500
v 15.637500 0.218129 -0.725276
v 15.637500 0.193467 -0.722030
v 15.637500 0.233271 -0.745011
v 15.637500 0.173733 -0.737172
v 15.637500 0.230025 -0.769672
v 15.637500 0.170486 -0.761834
v 15.637500 0.210291 -0.784815
v 15.637500 0.185629 -0.781568
v 15.637500 0.398412 -0.644107
v 15.637500 0.373750 -0.647354
v 15.637500 0.418146 -0.659250
v 15.637500 0.358607 -0.667088
v 15.637500 0.421393 -0.683911
v 15.637500 0.361854 -0.691750
v 15.637500 0.406250 -0.703646
v 15.637500 0.381588 -0.706892
v 15.637500 0.574524 -0.528562
v 15.637500 0.528562 -0.528562
v 15.637500 0.584043 -0.551543
v 15.637500 0.519043 -0.551543
v 15.637500 0.574524 -0.574524
v 15.637500 0.528562 -0.574524
v 15.637500 0.551543 -0.584043
v 15.637500 0.551543 -0.519043
v 15.637500 0.691750 -0.361854
v 15.637500 0.667088 -0.358607
v 15.637500 0.706892 -0.381588
v 15.637500 0.647354 -0.373750
v 15.637500 0.703646 -0.406250
v 15.637500 0.644107 -0.398412
v 15.637500 0.683911 -0.421393
v 15.637500 0.659250 -0.418146
v 15.637500 0.761834 -0.170486
v 15.637500 0.737172 -0.173733
v 15.637500 0.781568 -0.185629
v 15.637500 0.722030 -0.193467
v 15.637500 0.784815 -0.210291
v 15.637500 0.725276 -0.218129
v 15.637500 0.769672 -0.230025
v 15.637500 0.745011 -0.233271
v 15.637500 0.802981 0.022981
v 15.637500 0.757019 0.022981
v 15.637500 0.812500 -0.000000
v 15.637500 0.747500 -0.000000
v 15.637500 0.802981 -0.022981
v 15.637500 0.757019 -0.022981
v 15.637500 0.780000 -0.032500
v 15.637500 0.780000 0.032500
v 15.637500 0.769672 0.230025
v 15.637500 0.745011 0.233271
v 15.637500 0.784815 0.210291
v 15.637500 0.725276 0.218129
v 15.637500 0.781568 0.185629
v 15.637500 0.722030 0.193467
v 15.637500 0.761834 0.170486
v 15.637500 0.737172 0.173733
v 15.637500 0.683911 0.421393
v 15.637500 0.659250 0.418146
v 15.637500 0.703646 0.406250
v 15.637500 0.644107 0.398412
v 15.637500 0.706892 0.381588
v 15.637500 0.647354 0.373750
v 15.637500 0.691750 0.361854
v 15.637500 0.667088 0.358607
v 15.637500 0.574524 0.574524
v 15.637500 0.528562 0.574524
v 15.637500 0.584043 0.551543
v 15.637500 0.519043 0.551543
v 15.637500 0.574524 0.528562
v 15.637500 0.528562 0.528562
v 15.637500 0.551543 0.519043
v 15.637500 0.551543 0.584043
v 15.637500 0.406250 0.703646
v 15.637500 0.381588 0.706892
v 15.637500 0.421393 0.683911
v 15.637500 0.361854 0.691750
v 15.637500 0.418146 0.659250
v 15.637500 0.358607 0.667088
v 15.637500 0.398412 0.644107
v 15.637500 0.373750 0.647354
v 15.637500 0.210291 0.784815
v 15.637500 0.185629 0.781568
v 15.637500 0.230025 0.769672
v 15.637500 0.170486 0.761834
v 15.637500 0.233271 0.745011
v 15.637500 0.173733 0.737172
v 15.637500 0.218129 0.725276
v 15.637500 0.193467 0.722030
v 15.637500 0.022981 0.802981
v 15.637500 -0.022981 0.802981
v 15.637500 0.032500 0.780000
v 15.637500 -0.032500 0.780000
v 15.637500 0.022981 0.757019
v 15.637500 -0.022981 0.757019
v 15.637500 -0.000000 0.747500
v 15.637500 -0.000000 0.812500
v 15.772500 5.805000 -1.940000
v 15.772500 6.240000 -1.940000
v 15.772500 5.805000 -1.505000
v 15.772500 6.240000 -1.505000
v 15.772500 5.310000 -1.940000
v 15.772500 5.745000 -1.940000
v 15.772500 5.310000 -1.505000
v 15.772500 5.745000 -1.505000
v -15.512500 2.539000 0.000000
v -15.512500 2.527284 0.028284
v -15.512500 2.499000 0.040000
v -15.512500 2.470716 0.028284
v -15.512500 2.459000 0.000000
v -15.512500 2.470716 -0.028284
v -15.512500 2.499000 -0.040000
v -15.512500 2.527284 -0.028284
v -15.632500 1.110000 1.900000
v -15.632500 0.784889 2.684889
v -15.632500 -0.000000 3.010000
v -15.632500 -0.784889 2.684889
v -15.632500 -1.110000 1.900000
v -15.632500 -0.784889 1.115111
v -15.632500 0.000000 0.790000
v -15.632500 0.784889 1.115111
v -15.762500 -5.805000 -1.500000
v -15.762500 -6.240000 -1.500000
v -15.762500 -5.805000 -1.940000
v -15.762500 -6.240000 -1.940000
v -15.762500 -5.310000 -1.500000
v -15.762500 -5.745000 -1.500000
v -15.762500 -5.310000 -1.940000
v -15.762500 -5.745000 -1.940000
v 14.428280 0.028284 -2.290000
v 14.428280 -0.028284 -2.290000
v 14.400000 0.040000 -2.290000
v 14.400000 -0.040000 -2.290000
v 14.371720 0.028284 -2.290000
v 14.371720 -0.028284 -2.290000
v 14.360000 -0.000000 -2.290000
v 14.440000 0.000000 -2.290000
v -14.703220 0.028284 -2.290000
v -14.703220 -0.028284 -2.290000
v -14.731500 0.040000 -2.290000
v -14.731500 -0.040000 -2.290000
v -14.759780 0.028284 -2.290000
v -14.759780 -0.028284 -2.290000
v -14.771500 -0.000000 -2.290000
v -14.691500 0.000000 -2.290000
v 9.884000 -3.949747 -2.590000
v 10.064000 -3.949747 -2.590000
v 9.884000 -4.053670 -2.590000
v 10.064000 -4.053670 -2.590000
v 9.974000 -4.105631 -2.590000
v 9.974000 -3.897785 -2.590000
v 9.884000 -3.595631 -2.590000
v 10.064000 -3.595631 -2.590000
v 9.884000 -3.699554 -2.590000
v 10.064000 -3.699554 -2.590000
v 9.974000 -3.751516 -2.590000
v 9.974000 -3.543670 -2.590000
v 8.332000 -3.542330 -2.590000
v 8.512000 -3.542330 -2.590000
v 8.332000 -3.646253 -2.590000
v 8.512000 -3.646253 -2.590000
v 8.422000 -3.698215 -2.590000
v 8.422000 -3.490369 -2.590000
v 8.332000 -3.896446 -2.590000
v 8.512000 -3.896446 -2.590000
v 8.332000 -4.000369 -2.590000
v 8.512000 -4.000369 -2.590000
v 8.422000 -4.052330 -2.590000
v 8.422000 -3.844484 -2.590000
v 8.628000 -3.798000 -2.590000
v 8.794949 -4.201051 -2.590000
v 9.198000 -4.368000 -2.590000
v 9.601051 -4.201051 -2.590000
v 9.768000 -3.798000 -2.590000
v 9.601051 -3.394949 -2.590000
v 8.794949 -3.394949 -2.590000
v 9.198000 -3.228000 -2.590000
v -8.848000 -3.798000 -2.590000
v -8.950513 -3.550513 -2.590000
v -9.198000 -3.448000 -2.590000
v -9.445488 -3.550513 -2.590000
v -9.548000 -3.798000 -2.590000
v -9.445488 -4.045487 -2.590000
v -9.198000 -4.148000 -2.590000
v -8.950513 -4.045487 -2.590000
v -8.513340 -3.896446 -2.590000
v -8.333340 -3.896446 -2.590000
v -8.513340 -4.000369 -2.590000
v -8.333340 -4.000369 -2.590000
v -8.423340 -4.052330 -2.590000
v -8.423340 -3.844484 -2.590000
v -8.513340 -3.594292 -2.590000
v -8.333340 -3.594292 -2.590000
v -8.513340 -3.698215 -2.590000
v -8.333340 -3.698215 -2.590000
v -8.423340 -3.750176 -2.590000
v -8.423340 -3.542330 -2.590000
v -8.995632 -3.113340 -2.590000
v -9.099554 -3.113340 -2.590000
v -8.943670 -3.023340 -2.590000
v -9.151516 -3.023340 -2.590000
v -8.995632 -2.933340 -2.590000
v -9.099554 -2.933340 -2.590000
v -9.297786 -3.113340 -2.590000
v -9.401708 -3.113340 -2.590000
v -9.245824 -3.023340 -2.590000
v -9.453670 -3.023340 -2.590000
v -9.297786 -2.933340 -2.590000
v -9.401708 -2.933340 -2.590000
v -10.062660 -3.595631 -2.590000
v -9.882660 -3.595631 -2.590000
v -10.062660 -3.699554 -2.590000
v -9.882660 -3.699554 -2.590000
v -9.972660 -3.751516 -2.590000
v -9.972660 -3.543670 -2.590000
v -10.062660 -3.897785 -2.590000
v -9.882660 -3.897785 -2.590000
v -10.062660 -4.001708 -2.590000
v -9.882660 -4.001708 -2.590000
v -9.972660 -4.053670 -2.590000
v -9.972660 -3.845824 -2.590000
v 3.846807 -5.137010 2.385932
v 1.291105 -5.137010 2.385932
v 3.846807 -5.010729 2.512213
v 1.291105 -5.010729 2.512213
v 3.846807 -3.906189 3.828553
v 1.291105 -3.906189 3.828553
v -1.220000 -9.738061 -3.314389
v -0.785000 -9.738061 -3.314389
v -1.220000 -9.738061 -2.879389
v -0.785000 -9.738061 -2.879389
v -1.715000 -9.738061 -3.314389
v -1.280000 -9.738061 -3.314389
v -1.715000 -9.738061 -2.879389
v -1.280000 -9.738061 -2.879389
v 2.556123 2.743253 1.074449
v 2.299054 2.914868 1.038661
v 3.363683 2.864923 2.352851
v 3.363683 3.714294 1.503480
v 1.339932 3.843496 3.679445
v 1.339932 5.071508 2.439779
v 1.339932 5.077845 2.445097
v 3.845746 5.010729 2.512213
v 3.845746 5.077845 2.445097
v 1.292243 5.010729 2.512213
v 1.292243 5.077845 2.445097
v 3.845746 3.925880 3.805086
v 1.292243 3.925880 3.805086
v -2.542500 -0.032000 4.545054
v -2.107500 -0.032000 4.545054
v -2.542500 -0.467000 4.545054
v -2.107500 -0.467000 4.545054
v -2.542500 0.463000 4.545054
v -2.107500 0.463000 4.545054
v -2.542500 0.028000 4.545054
v -2.107500 0.028000 4.545054
v -1.982500 -1.767000 4.455054
v -2.102586 -2.056914 4.455054
v -2.392500 -2.177000 4.455054
v -2.682414 -2.056914 4.455054
v -2.802500 -1.767000 4.455054
v -2.682414 -1.477086 4.455054
v -2.392500 -1.357000 4.455054
v -2.102586 -1.477086 4.455054
v 1.530000 0.000000 4.475054
v 1.081873 -1.081873 4.475054
v -0.000000 -1.530000 4.475054
v -1.081873 -1.081873 4.475054
v -1.530000 0.000000 4.475054
v -1.081873 1.081873 4.475054
v 0.000000 1.530000 4.475054
v 1.081873 1.081873 4.475054
v 15.647500 0.423557 -0.423557
v 15.647500 0.414038 -0.446538
v 15.647500 0.446538 -0.414038
v 15.647500 -0.423557 -0.423557
v 15.647500 -0.414038 -0.446538
v 15.647500 -0.446538 -0.414038
v 15.647500 -0.414038 0.446538
v 15.647500 -0.423557 0.423557
v 15.647500 -0.446538 0.414038
v 15.647500 0.022981 0.608519
v 15.647500 -0.022981 0.608519
v 15.647500 -0.000000 0.599000
v 15.647500 0.414038 0.446538
v 15.647500 0.423557 0.423557
v 15.647500 0.446538 0.414038
v 15.647500 0.608519 0.022981
v 15.647500 0.599000 -0.000000
v 15.647500 0.608519 -0.022981
v 15.642500 -0.170486 0.761834
v 15.642500 -0.173733 0.737172
v 15.642500 -0.193467 0.722030
v 15.642500 -0.218129 0.725276
v 15.642500 -0.233271 0.745011
v 15.642500 -0.230025 0.769672
v 15.642500 -0.210291 0.784815
v 15.642500 -0.185629 0.781568
v 15.642500 -0.361854 0.691750
v 15.642500 -0.358607 0.667088
v 15.642500 -0.373750 0.647354
v 15.642500 -0.398412 0.644107
v 15.642500 -0.418146 0.659250
v 15.642500 -0.421393 0.683911
v 15.642500 -0.406250 0.703646
v 15.642500 -0.381588 0.706892
v 15.642500 -0.528562 0.574524
v 15.642500 -0.519043 0.551543
v 15.642500 -0.528562 0.528562
v 15.642500 -0.551543 0.519043
v 15.642500 -0.574524 0.528562
v 15.642500 -0.584043 0.551543
v 15.642500 -0.574524 0.574524
v 15.642500 -0.551543 0.584043
v 15.642500 -0.659250 0.418146
v 15.642500 -0.644107 0.398412
v 15.642500 -0.647354 0.373750
v 15.642500 -0.667088 0.358607
v 15.642500 -0.691750 0.361854
v 15.642500 -0.706892 0.381588
v 15.642500 -0.703646 0.406250
v 15.642500 -0.683911 0.421393
v 15.642500 -0.745011 0.233271
v 15.642500 -0.725276 0.218129
v 15.642500 -0.722030 0.193467
v 15.642500 -0.737172 0.173733
v 15.642500 -0.761834 0.170486
v 15.642500 -0.781568 0.185629
v 15.642500 -0.784815 0.210291
v 15.642500 -0.769672 0.230025
v 15.642500 -0.780000 0.032500
v 15.642500 -0.757019 0.022981
v 15.642500 -0.747500 -0.000000
v 15.642500 -0.757019 -0.022981
v 15.642500 -0.780000 -0.032500
v 15.642500 -0.802981 -0.022981
v 15.642500 -0.812500 -0.000000
v 15.642500 -0.802981 0.022981
v 15.642500 -0.761834 -0.170486
v 15.642500 -0.737172 -0.173733
v 15.642500 -0.722030 -0.193467
v 15.642500 -0.725276 -0.218129
v 15.642500 -0.745011 -0.233271
v 15.642500 -0.769672 -0.230025
v 15.642500 -0.784815 -0.210291
v 15.642500 -0.781568 -0.185629
v 15.642500 -0.691750 -0.361854
v 15.642500 -0.667088 -0.358607
v 15.642500 -0.647354 -0.373750
v 15.642500 -0.644107 -0.398412
v 15.642500 -0.659250 -0.418146
v 15.642500 -0.683911 -0.421393
v 15.642500 -0.703646 -0.406250
v 15.642500 -0.706892 -0.381588
v 15.642500 -0.574524 -0.528562
v 15.642500 -0.551543 -0.519043
v 15.642500 -0.528562 -0.528562
v 15.642500 -0.519043 -0.551543
v 15.642500 -0.528562 -0.574524
v 15.642500 -0.551543 -0.584043
v 15.642500 -0.574524 -0.574524
v 15.642500 -0.584043 -0.551543
v 15.642500 -0.418146 -0.659250
v 15.642500 -0.398412 -0.644107
v 15.642500 -0.373750 -0.647354
v 15.642500 -0.358607 -0.667088
v 15.642500 -0.361854 -0.691750
v 15.642500 -0.381588 -0.706892
v 15.642500 -0.406250 -0.703646
v 15.642500 -0.421393 -0.683911
v 15.642500 -0.233271 -0.745011
v 15.642500 -0.218129 -0.725276
v 15.642500 -0.193467 -0.722030
v 15.642500 -0.173733 -0.737172
v 15.642500 -0.170486 -0.761834
v 15.642500 -0.185629 -0.781568
v 15.642500 -0.210291 -0.784815
v 15.642500 -0.230025 -0.769672
v 15.642500 -0.032500 -0.780000
v 15.642500 -0.022981 -0.757019
v 15.642500 0.000000 -0.747500
v 15.642500 0.022981 -0.757019
v 15.642500 0.032500 -0.780000
v 15.642500 0.022981 -0.802981
v 15.642500 0.000000 -0.812500
v 15.642500 -0.022981 -0.802981
v 15.642500 0.170486 -0.761834
v 15.642500 0.173733 -0.737172
v 15.642500 0.193467 -0.722030
v 15.642500 0.218129 -0.725276
v 15.642500 0.233271 -0.745011
v 15.642500 0.230025 -0.769672
v 15.642500 0.210291 -0.784815
v 15.642500 0.185629 -0.781568
v 15.642500 0.361854 -0.691750
v 15.642500 0.358607 -0.667088
v 15.642500 0.373750 -0.647354
v 15.642500 0.398412 -0.644107
v 15.642500 0.418146 -0.659250
v 15.642500 0.421393 -0.683911
v 15.642500 0.406250 -0.703646
v 15.642500 0.381588 -0.706892
v 15.642500 0.528562 -0.574524
v 15.642500 0.519043 -0.551543
v 15.642500 0.528562 -0.528562
v 15.642500 0.551543 -0.519043
v 15.642500 0.574524 -0.528562
v 15.642500 0.584043 -0.551543
v 15.642500 0.574524 -0.574524
v 15.642500 0.551543 -0.584043
v 15.642500 0.659250 -0.418146
v 15.642500 0.644107 -0.398412
v 15.642500 0.647354 -0.373750
v 15.642500 0.667088 -0.358607
v 15.642500 0.691750 -0.361854
v 15.642500 0.706892 -0.381588
v 15.642500 0.703646 -0.406250
v 15.642500 0.683911 -0.421393
v 15.642500 0.745011 -0.233271
v 15.642500 0.725276 -0.218129
v 15.642500 0.722030 -0.193467
v 15.642500 0.737172 -0.173733
v 15.642500 0.761834 -0.170486
v 15.642500 0.781568 -0.185629
v 15.642500 0.784815 -0.210291
v 15.642500 0.769672 -0.230025
v 15.642500 0.780000 -0.032500
v 15.642500 0.757019 -0.022981
v 15.642500 0.747500 -0.000000
v 15.642500 0.757019 0.022981
v 15.642500 0.780000 0.032500
v 15.642500 0.802981 0.022981
v 15.642500 0.812500 -0.000000
v 15.642500 0.802981 -0.022981
v 15.642500 0.761834 0.170486
v 15.642500 0.737172 0.173733
v 15.642500 0.722030 0.193467
v 15.642500 0.725276 0.218129
v 15.642500 0.745011 0.233271
v 15.642500 0.769672 0.230025
v 15.642500 0.784815 0.210291
v 15.642500 0.781568 0.185629
v 15.642500 0.691750 0.361854
v 15.642500 0.667088 0.358607
v 15.642500 0.647354 0.373750
v 15.642500 0.644107 0.398412
v 15.642500 0.659250 0.418146
v 15.642500 0.683911 0.421393
v 15.642500 0.703646 0.406250
v 15.642500 0.706892 0.381588
v 15.642500 0.574524 0.528562
v 15.642500 0.551543 0.519043
v 15.642500 0.528562 0.528562
v 15.642500 0.519043 0.551543
v 15.642500 0.528562 0.574524
v 15.642500 0.551543 0.584043
v 15.642500 0.574524 0.574524
v 15.642500 0.584043 0.551543
v 15.642500 0.418146 0.659250
v 15.642500 0.398412 0.644107
v 15.642500 0.373750 0.647354
v 15.642500 0.358607 0.667088
v 15.642500 0.361854 0.691750
v 15.642500 0.381588 0.706892
v 15.642500 0.406250 0.703646
v 15.642500 0.421393 0.683911
v 15.642500 0.233271 0.745011
v 15.642500 0.218129 0.725276
v 15.642500 0.193467 0.722030
v 15.642500 0.173733 0.737172
v 15.642500 0.170486 0.761834
v 15.642500 0.185629 0.781568
v 15.642500 0.210291 0.784815
v 15.642500 0.230025 0.769672
v 15.642500 0.032500 0.780000
v 15.642500 0.022981 0.757019
v 15.642500 -0.000000 0.747500
v 15.642500 -0.022981 0.757019
v 15.642500 -0.032500 0.780000
v 15.642500 -0.022981 0.802981
v 15.642500 -0.000000 0.812500
v 15.642500 0.022981 0.802981
v 15.762500 5.805000 -1.505000
v 15.762500 6.240000 -1.505000
v 15.762500 5.805000 -1.940000
v 15.762500 6.240000 -1.940000
v 15.762500 5.310000 -1.505000
v 15.762500 5.745000 -1.505000
v 15.762500 5.310000 -1.940000
v 15.762500 5.745000 -1.940000
v -15.512500 2.574000 0.000000
v -15.512500 2.552033 0.053033
v -15.512500 2.499000 0.075000
v -15.512500 2.445967 0.053033
v -15.512500 2.424000 0.000000
v -15.512500 2.445967 -0.053033
v -15.512500 2.552033 -0.053033
v -15.512500 2.499000 -0.075000
v -15.312500 -2.837070 2.129254
v -15.312500 -3.447718 1.401511
v -15.312500 -3.396282 2.598488
v -15.312500 -4.006930 1.870746
v -15.312500 -1.575000 2.475000
v -15.312500 -2.525000 2.475000
v -15.312500 -1.575000 3.205000
v -15.312500 -2.525000 3.205000
v -15.312500 2.525000 2.475000
v -15.312500 1.575000 2.475000
v -15.312500 2.525000 3.205000
v -15.312500 1.575000 3.205000
v -15.632500 -0.000000 3.125000
v -15.632500 0.866206 2.766206
v -15.632500 1.225000 1.900000
v -15.632500 0.866206 1.033794
v -15.632500 0.000000 0.675000
v -15.632500 -0.866206 1.033794
v -15.632500 -1.225000 1.900000
v -15.632500 -0.866206 2.766206
v -15.762500 -6.270000 -1.470000
v -15.762500 -6.270000 -1.970000
v -15.762500 -5.280000 -1.470000
v -15.762500 -5.280000 -1.970000
v -15.642280 3.471960 2.157833
v -15.897230 3.281606 2.053842
v -15.642280 3.151411 2.416041
v -15.897230 3.090343 2.207908
v -15.642280 2.742167 2.371960
v -15.897230 2.846158 2.181606
v -15.642280 2.483959 2.051411
v -15.897230 2.692091 1.990343
v -15.642280 2.528040 1.642167
v -15.897230 2.718394 1.746158
v -15.992500 3.000000 1.900000
v -15.642280 2.848589 1.383959
v -15.897230 2.909657 1.592092
v -15.642280 3.257833 1.428040
v -15.897230 3.153842 1.618394
v -15.642280 3.516041 1.748589
v -15.897230 3.307909 1.809657
v 14.360000 -0.000000 -2.590000
v 14.371720 -0.028284 -2.590000
v 14.400000 -0.040000 -2.590000
v 14.428280 -0.028284 -2.590000
v 14.440000 0.000000 -2.590000
v 14.428280 0.028284 -2.590000
v 14.400000 0.040000 -2.590000
v 14.371720 0.028284 -2.590000
v -14.771500 -0.000000 -2.590000
v -14.759780 -0.028284 -2.590000
v -14.731500 -0.040000 -2.590000
v -14.703220 -0.028284 -2.590000
v -14.691500 0.000000 -2.590000
v -14.703220 0.028284 -2.590000
v -14.731500 0.040000 -2.590000
v -14.759780 0.028284 -2.590000
v 9.974000 -3.897785 -2.490000
v 10.064000 -3.949747 -2.490000
v 10.064000 -4.053670 -2.490000
v 9.974000 -4.105631 -2.490000
v 9.884000 -4.053670 -2.490000
v 9.884000 -3.949747 -2.490000
v 9.974000 -3.543670 -2.490000
v 10.064000 -3.595631 -2.490000
v 10.064000 -3.699554 -2.490000
v 9.974000 -3.751516 -2.490000
v 9.884000 -3.699554 -2.490000
v 9.884000 -3.595631 -2.490000
v 8.422000 -3.698215 -2.490000
v 8.332000 -3.646253 -2.490000
v 8.332000 -3.542330 -2.490000
v 8.422000 -3.490369 -2.490000
v 8.512000 -3.542330 -2.490000
v 8.512000 -3.646253 -2.490000
v 8.422000 -4.052330 -2.490000
v 8.332000 -4.000369 -2.490000
v 8.332000 -3.896446 -2.490000
v 8.422000 -3.844484 -2.490000
v 8.512000 -3.896446 -2.490000
v 8.512000 -4.000369 -2.490000
v 9.768000 -3.798000 -2.490000
v 9.601051 -3.394949 -2.490000
v 9.198000 -3.228000 -2.490000
v 8.794949 -3.394949 -2.490000
v 8.628000 -3.798000 -2.490000
v 8.794949 -4.201051 -2.490000
v 9.198000 -4.368000 -2.490000
v 9.601051 -4.201051 -2.490000
v -8.423340 -3.844484 -2.490000
v -8.333340 -3.896446 -2.490000
v -8.333340 -4.000369 -2.490000
v -8.423340 -4.052330 -2.490000
v -8.513340 -4.000369 -2.490000
v -8.513340 -3.896446 -2.490000
v -8.423340 -3.542330 -2.490000
v -8.333340 -3.594292 -2.490000
v -8.333340 -3.698215 -2.490000
v -8.423340 -3.750176 -2.490000
v -8.513340 -3.698215 -2.490000
v -8.513340 -3.594292 -2.490000
v -9.151516 -3.023340 -2.490000
v -9.099554 -2.933340 -2.490000
v -8.995632 -2.933340 -2.490000
v -8.943670 -3.023340 -2.490000
v -8.995632 -3.113340 -2.490000
v -9.099554 -3.113340 -2.490000
v -9.453670 -3.023340 -2.490000
v -9.401708 -2.933340 -2.490000
v -9.297786 -2.933340 -2.490000
v -9.245824 -3.023340 -2.490000
v -9.297786 -3.113340 -2.490000
v -9.401708 -3.113340 -2.490000
v -9.972660 -3.751516 -2.490000
v -10.062660 -3.699554 -2.490000
v -10.062660 -3.595631 -2.490000
v -9.972660 -3.543670 -2.490000
v -9.882660 -3.595631 -2.490000
v -9.882660 -3.699554 -2.490000
v -9.882660 -3.897785 -2.490000
v -9.882660 -4.001708 -2.490000
v -9.972660 -4.053670 -2.490000
v -10.062660 -4.001708 -2.490000
v -10.062660 -3.897785 -2.490000
v -9.972660 -3.845824 -2.490000
v -6.000000 3.073511 -2.640000
v -6.201489 3.275000 -2.640000
v -5.798511 3.275000 -2.640000
v -6.000000 3.476489 -2.640000
v -14.245980 -6.795521 -3.374389
v -14.847020 -6.795521 -3.374389
v -14.121500 -6.495000 -3.374389
v -14.971500 -6.495000 -3.374389
v -14.245980 -6.194479 -3.374389
v -14.847020 -6.194479 -3.374389
v -14.546500 -6.070000 -3.374389
v -14.546500 -6.920000 -3.374389
v -14.981500 6.940000 -3.354389
v -14.541500 6.940000 -3.354389
v -14.981500 6.505000 -3.354389
v -14.541500 6.505000 -3.354389
v -14.981500 6.445000 -3.354389
v -14.541500 6.445000 -3.354389
v -14.981500 6.010000 -3.354389
v -14.541500 6.010000 -3.354389
v 1.291105 -3.952151 3.867120
v 1.291105 -5.171049 2.414494
v 3.846807 -5.171049 2.414494
v 3.846807 -3.952151 3.867120
v -1.220000 -9.728061 -2.879389
v -0.785000 -9.728061 -2.879389
v -1.220000 -9.728061 -3.314389
v -0.785000 -9.728061 -3.314389
v -1.715000 -9.728061 -2.879389
v -1.280000 -9.728061 -2.879389
v -1.715000 -9.728061 -3.314389
v -1.280000 -9.728061 -3.314389
v 3.845746 3.971842 3.843653
v 3.845746 5.117471 2.478346
v 1.292243 5.117471 2.478346
v 1.292243 3.971842 3.843653
v -2.072500 -0.497000 4.545054
v -2.572500 -0.497000 4.545054
v -2.572500 0.493000 4.545054
v -2.072500 0.493000 4.545054
v -1.982500 -1.357000 4.455054
v -1.982500 -2.177000 4.455054
v -2.802500 -2.177000 4.455054
v -2.802500 -1.357000 4.455054
v 0.000000 1.540000 4.475054
v -1.088944 1.088944 4.475054
v -1.540000 0.000000 4.475054
v -1.088944 -1.088944 4.475054
v -0.000000 -1.540000 4.475054
v 1.088944 -1.088944 4.475054
v 1.540000 0.000000 4.475054
v 1.088944 1.088944 4.475054
v 15.642500 0.628264 -0.628264
v 15.642500 0.628264 0.628264
v 15.642500 -0.888500 0.000000
v 15.642500 -0.628264 -0.628264
v 15.642500 0.000000 0.888500
v 15.642500 -0.628264 0.628264
v 15.642500 -0.000000 -0.888500
v 15.642500 0.888500 0.000000
v 15.762500 6.270000 -1.470000
v 15.762500 6.270000 -1.970000
v 15.762500 5.280000 -1.470000
v 15.762500 5.280000 -1.970000
v -15.612500 2.424000 0.000000
v -15.612500 2.445967 -0.053033
v -15.612500 2.499000 -0.075000
v -15.612500 2.552033 -0.053033
v -15.612500 2.574000 0.000000
v -15.612500 2.552033 0.053033
v -15.612500 2.499000 0.075000
v -15.612500 2.445967 0.053033
v -15.612500 -3.447718 1.401511
v -15.612500 -4.006930 1.870746
v -15.612500 -2.837070 2.129254
v -15.612500 -3.396282 2.598488
v -15.612500 -2.525000 2.475000
v -15.612500 -2.525000 3.205000
v -15.612500 -1.575000 2.475000
v -15.612500 -1.575000 3.205000
v -15.612500 1.575000 2.475000
v -15.612500 1.575000 3.205000
v -15.612500 2.525000 2.475000
v -15.612500 2.525000 3.205000
v -15.612500 -1.225000 1.900000
v -15.612500 -0.866206 1.033794
v -15.612500 0.000000 0.675000
v -15.612500 0.866206 1.033794
v -15.612500 1.225000 1.900000
v -15.612500 0.866206 2.766206
v -15.612500 -0.000000 3.125000
v -15.612500 -0.866206 2.766206
v -15.612500 -6.270000 -1.970000
v -15.612500 -6.270000 -1.470000
v -15.612500 -5.280000 -1.970000
v -15.612500 -5.280000 -1.470000
v -15.620601 2.511855 1.633325
v -15.620601 2.466261 2.056603
v -15.612500 2.487910 1.620244
v -15.612500 2.440080 2.064285
v -15.620601 3.156603 2.433739
v -15.620601 3.488145 2.166675
v -15.612500 3.164285 2.459920
v -15.612500 3.512090 2.179756
v -15.620601 2.733325 2.388145
v -15.612500 2.720244 2.412090
v -15.620601 3.533738 1.743397
v -15.612500 3.559920 1.735715
v -15.620601 2.843397 1.366261
v -15.612500 2.835715 1.340080
v -15.620601 3.266675 1.411855
v -15.612500 3.279756 1.387910
v 8.332000 3.699554 -2.590000
v 8.512000 3.699554 -2.590000
v 8.332000 3.595631 -2.590000
v 8.512000 3.595631 -2.590000
v 8.422000 3.543670 -2.590000
v 8.422000 3.751516 -2.590000
v 8.332000 4.001708 -2.590000
v 8.512000 4.001708 -2.590000
v 8.332000 3.897785 -2.590000
v 8.512000 3.897785 -2.590000
v 8.422000 3.845824 -2.590000
v 8.422000 4.053670 -2.590000
v 9.099554 4.484000 -2.590000
v 8.995632 4.484000 -2.590000
v 9.151516 4.574000 -2.590000
v 8.943670 4.574000 -2.590000
v 9.099554 4.664000 -2.590000
v 8.995632 4.664000 -2.590000
v 9.401708 4.484000 -2.590000
v 9.297786 4.484000 -2.590000
v 9.453670 4.574000 -2.590000
v 9.245824 4.574000 -2.590000
v 9.401708 4.664000 -2.590000
v 9.297786 4.664000 -2.590000
v 9.884000 4.000369 -2.590000
v 10.064000 4.000369 -2.590000
v 9.884000 3.896446 -2.590000
v 10.064000 3.896446 -2.590000
v 9.974000 3.844484 -2.590000
v 9.974000 4.052330 -2.590000
v 9.884000 3.698215 -2.590000
v 10.064000 3.698215 -2.590000
v 9.884000 3.594292 -2.590000
v 10.064000 3.594292 -2.590000
v 9.974000 3.542330 -2.590000
v 9.974000 3.750176 -2.590000
v 9.400369 2.932000 -2.590000
v 9.296445 2.932000 -2.590000
v 9.452330 3.022000 -2.590000
v 9.244484 3.022000 -2.590000
v 9.400369 3.112000 -2.590000
v 9.296445 3.112000 -2.590000
v 9.098215 2.932000 -2.590000
v 8.994291 2.932000 -2.590000
v 9.150176 3.022000 -2.590000
v 8.942330 3.022000 -2.590000
v 9.098215 3.112000 -2.590000
v 8.994291 3.112000 -2.590000
v -8.513340 3.699554 -2.590000
v -8.333340 3.699554 -2.590000
v -8.513340 3.595631 -2.590000
v -8.333340 3.595631 -2.590000
v -8.423340 3.543670 -2.590000
v -8.423340 3.751516 -2.590000
v -8.513340 4.001708 -2.590000
v -8.333340 4.001708 -2.590000
v -8.513340 3.897785 -2.590000
v -8.333340 3.897785 -2.590000
v -8.423340 3.845824 -2.590000
v -8.423340 4.053670 -2.590000
v -10.062660 4.000369 -2.590000
v -9.882660 4.000369 -2.590000
v -10.062660 3.896446 -2.590000
v -9.882660 3.896446 -2.590000
v -9.972660 3.844484 -2.590000
v -9.972660 4.052330 -2.590000
v -10.062660 3.698215 -2.590000
v -9.882660 3.698215 -2.590000
v -10.062660 3.594292 -2.590000
v -9.882660 3.594292 -2.590000
v -9.972660 3.542330 -2.590000
v -9.972660 3.750176 -2.590000
v 0.070711 3.829289 -2.940000
v -0.070711 3.829289 -2.940000
v 0.100000 3.900000 -2.940000
v -0.100000 3.900000 -2.940000
v 0.070711 3.970711 -2.940000
v -0.070711 3.970711 -2.940000
v -0.000000 4.000000 -2.940000
v 0.000000 3.800000 -2.940000
v 14.340000 -0.000000 -2.590000
v 14.357570 -0.042426 -2.590000
v 14.400000 -0.060000 -2.590000
v 14.442430 -0.042426 -2.590000
v 14.460000 0.000000 -2.590000
v 14.442430 0.042426 -2.590000
v 14.357570 0.042426 -2.590000
v 14.400000 0.060000 -2.590000
v -14.791500 -0.000000 -2.590000
v -14.773929 -0.042426 -2.590000
v -14.731500 -0.060000 -2.590000
v -14.689070 -0.042426 -2.590000
v -14.671500 0.000000 -2.590000
v -14.689070 0.042426 -2.590000
v -14.773929 0.042426 -2.590000
v -14.731500 0.060000 -2.590000
v 0.070711 4.129289 -2.790000
v -0.070711 4.129289 -2.790000
v 0.100000 4.200000 -2.790000
v -0.100000 4.200000 -2.790000
v 0.070711 4.270711 -2.790000
v -0.070711 4.270711 -2.790000
v -0.000000 4.300000 -2.790000
v 0.000000 4.100000 -2.790000
v 0.070711 -4.270711 -2.790000
v -0.070711 -4.270711 -2.790000
v 0.100000 -4.200000 -2.790000
v -0.100000 -4.200000 -2.790000
v 0.070711 -4.129289 -2.790000
v -0.070711 -4.129289 -2.790000
v -0.000000 -4.100000 -2.790000
v 0.000000 -4.300000 -2.790000
v 9.572330 -4.702660 -2.490000
v 10.102660 -4.172330 -2.490000
v 8.822330 -4.702660 -2.490000
v 8.292000 -4.172330 -2.490000
v 10.102660 -3.422330 -2.490000
v 9.572330 -2.892000 -2.490000
v 8.822330 -2.892000 -2.490000
v 8.292000 -3.422330 -2.490000
v -8.292000 -4.172330 -2.490000
v -8.822330 -4.702660 -2.490000
v -9.572330 -4.702660 -2.490000
v -10.102660 -4.172330 -2.490000
v -8.292000 -3.422330 -2.490000
v -8.822330 -2.892000 -2.490000
v -9.572330 -2.892000 -2.490000
v -10.102660 -3.422330 -2.490000
v -6.000000 2.567893 -2.340000
v -6.707107 3.275000 -2.340000
v -6.000000 3.982107 -2.340000
v -5.292893 3.275000 -2.340000
v 15.011500 -4.600000 -2.330000
v 15.011500 7.280000 -2.330000
v -14.511500 6.970000 -2.956367
v -15.011500 6.970000 -2.956367
v -14.803580 6.330000 -2.330000
v -0.755000 -9.728061 -3.344389
v -0.755000 -9.341194 -3.216475
v -15.212500 -8.690000 -2.750000
v -15.212500 -8.606426 -2.650400
v 0.070711 -3.829289 -2.940000
v -0.070711 -3.829289 -2.940000
v -0.000000 -3.800000 -2.940000
f 1 2 3
f 3 2 4
f 3 4 5
f 5 4 6
f 5 6 7
f 7 6 8
f 7 8 9
f 9 8 10
f 11 12 13
f 13 12 14
f 13 14 15
f 16 17 18
f 18 17 19
f 18 19 20
f 20 19 21
f 22 23 24
f 24 23 25
f 24 25 26
f 26 25 27
f 26 27 28
f 25 23 29
f 29 23 30
f 29 30 17
f 17 30 31
f 32 33 34
f 34 33 35
f 34 35 36
f 36 35 37
f 36 37 38
f 39 40 41
f 41 40 42
f 41 42 43
f 44 45 43
f 43 45 46
f 43 46 41
f 41 46 47
f 20 48 49
f 49 48 50
f 49 50 1
f 9 51 7
f 7 51 52
f 7 52 5
f 5 52 53
f 5 53 3
f 3 53 54
f 3 54 1
f 1 54 55
f 1 55 49
f 49 55 56
f 57 58 59
f 59 58 60
f 59 60 61
f 44 43 62
f 62 43 63
f 62 63 64
f 64 63 31
f 64 31 65
f 66 44 67
f 67 44 68
f 67 68 69
f 69 68 70
f 69 70 71
f 71 70 72
f 71 72 23
f 23 72 30
f 11 39 41
f 11 41 73
f 11 73 74
f 11 74 12
f 75 51 9
f 75 9 76
f 75 76 48
f 75 48 77
f 77 48 20
f 77 20 21
f 77 21 78
f 77 78 42
f 77 42 40
f 79 45 44
f 79 44 66
f 79 66 80
f 79 80 81
f 79 81 82
f 79 82 83
f 84 34 36
f 84 36 85
f 84 85 86
f 84 86 41
f 84 41 47
f 87 29 17
f 87 17 16
f 87 16 28
f 87 28 27
f 88 89 90
f 88 90 91
f 88 91 92
f 88 92 93
f 94 88 93
f 94 93 95
f 94 95 96
f 94 96 97
f 94 97 98
f 94 98 99
f 94 99 100
f 94 100 101
f 60 102 103
f 60 103 100
f 60 100 56
f 60 56 55
f 60 55 104
f 60 104 105
f 60 105 106
f 60 106 15
f 60 15 14
f 60 14 61
f 82 107 108
f 82 108 109
f 82 109 33
f 82 33 32
f 82 32 83
f 110 111 16
f 110 16 112
f 110 112 91
f 110 91 90
f 89 88 113
f 89 113 114
f 89 114 82
f 106 105 115
f 106 115 51
f 106 51 75
f 82 81 116
f 82 116 23
f 82 23 22
f 82 22 89
f 114 117 82
f 114 118 117
f 37 12 38
f 12 119 38
f 12 74 119
f 61 120 59
f 111 28 16
f 121 16 18
f 121 98 16
f 16 98 97
f 100 103 101
f 30 65 31
f 33 109 122
f 82 117 123
f 124 82 123
f 125 108 126
f 108 107 126
f 127 128 129
f 128 125 129
f 128 130 125
f 130 108 125
f 131 132 133
f 132 134 133
f 132 135 134
f 135 136 134
f 129 125 137
f 125 138 137
f 109 135 132
f 109 139 135
f 109 130 139
f 109 108 130
f 140 58 141
f 58 57 141
f 142 88 94
f 142 143 88
f 142 144 143
f 142 145 144
f 142 146 145
f 142 147 146
f 148 149 26
f 149 24 26
f 150 22 149
f 149 22 24
f 151 89 150
f 150 89 22
f 152 90 151
f 151 90 89
f 152 153 90
f 153 110 90
f 154 111 153
f 153 111 110
f 155 28 154
f 154 28 111
f 148 26 155
f 155 26 28
f 156 157 79
f 157 45 79
f 158 46 157
f 157 46 45
f 159 47 158
f 158 47 46
f 160 84 159
f 159 84 47
f 160 161 84
f 161 34 84
f 162 32 161
f 161 32 34
f 163 83 162
f 162 83 32
f 156 79 163
f 163 79 83
f 164 19 165
f 165 19 17
f 165 17 166
f 166 17 31
f 166 31 167
f 167 31 63
f 167 63 168
f 168 63 43
f 168 43 169
f 169 43 42
f 169 42 170
f 170 42 78
f 170 78 171
f 171 78 21
f 171 21 164
f 164 21 19
f 172 173 127
f 173 128 127
f 127 129 172
f 129 174 172
f 175 132 131
f 175 176 132
f 175 177 176
f 175 178 177
f 175 179 178
f 175 180 179
f 175 181 180
f 175 182 181
f 175 183 182
f 175 184 183
f 185 175 133
f 175 131 133
f 186 185 187
f 185 188 187
f 185 133 188
f 133 189 188
f 133 134 189
f 134 190 189
f 191 190 136
f 190 134 136
f 192 191 135
f 191 136 135
f 130 128 193
f 194 195 155
f 155 195 196
f 155 196 148
f 148 196 197
f 148 197 198
f 199 200 195
f 195 200 196
f 201 202 203
f 203 202 154
f 203 154 204
f 204 154 153
f 204 153 205
f 206 207 208
f 208 207 209
f 201 203 210
f 210 203 200
f 210 200 211
f 212 213 214
f 214 213 215
f 214 215 216
f 216 215 217
f 216 217 218
f 218 217 203
f 218 203 204
f 219 206 220
f 220 206 217
f 220 217 215
f 221 222 223
f 223 222 224
f 225 226 227
f 225 227 211
f 225 211 200
f 225 200 199
f 228 229 230
f 228 230 231
f 228 231 208
f 228 208 209
f 151 150 232
f 151 232 230
f 151 230 229
f 151 229 233
f 151 233 234
f 151 234 207
f 151 207 206
f 151 206 235
f 151 235 152
f 152 235 236
f 152 236 213
f 152 213 212
f 152 212 205
f 152 205 153
f 154 202 237
f 154 237 227
f 154 227 226
f 154 226 238
f 154 238 155
f 149 148 198
f 149 198 223
f 149 223 224
f 149 224 239
f 149 239 240
f 149 240 241
f 149 241 150
f 150 241 242
f 150 242 243
f 150 243 232
f 244 241 245
f 244 245 222
f 244 222 221
f 244 221 246
f 244 246 247
f 244 247 196
f 248 208 231
f 248 242 208
f 249 241 240
f 249 245 241
f 194 155 238
f 242 241 208
f 235 206 219
f 197 196 247
f 250 251 252
f 252 251 253
f 252 253 254
f 255 256 257
f 257 256 158
f 257 158 258
f 258 158 157
f 258 157 259
f 260 261 262
f 262 261 263
f 254 255 252
f 252 255 257
f 264 265 266
f 266 265 267
f 268 269 270
f 270 269 257
f 270 257 258
f 271 272 273
f 273 272 274
f 273 274 253
f 253 274 254
f 275 276 277
f 277 276 278
f 279 280 281
f 281 280 282
f 281 282 283
f 283 282 284
f 283 284 250
f 250 284 285
f 250 285 286
f 287 288 283
f 283 288 289
f 283 289 281
f 290 291 260
f 290 260 269
f 290 269 267
f 290 267 265
f 292 293 262
f 292 262 263
f 292 263 277
f 292 277 278
f 163 162 294
f 163 294 276
f 163 276 275
f 163 275 295
f 163 295 296
f 163 296 261
f 163 261 260
f 163 260 297
f 163 297 156
f 156 297 298
f 156 298 264
f 156 264 266
f 156 266 259
f 156 259 157
f 158 256 299
f 158 299 272
f 158 272 271
f 158 271 300
f 158 300 159
f 159 300 301
f 159 301 251
f 159 251 250
f 159 250 286
f 159 286 160
f 161 160 302
f 161 302 280
f 161 280 279
f 161 279 303
f 161 303 304
f 161 304 287
f 161 287 162
f 162 287 293
f 162 293 305
f 162 305 294
f 293 287 262
f 267 269 268
f 297 260 291
f 288 287 304
f 302 160 286
f 167 168 306
f 168 307 306
f 168 169 307
f 169 308 307
f 169 170 308
f 170 309 308
f 170 171 309
f 171 310 309
f 171 164 310
f 164 311 310
f 164 165 311
f 165 312 311
f 165 166 312
f 166 313 312
f 166 306 313
f 166 167 306
f 173 172 314
f 172 315 314
f 172 174 315
f 174 316 315
f 317 186 318
f 186 187 318
f 319 320 321
f 319 321 322
f 319 322 323
f 319 323 324
f 325 326 188
f 325 188 327
f 325 327 328
f 325 328 321
f 325 321 329
f 189 330 331
f 189 331 320
f 189 320 332
f 189 332 188
f 188 332 333
f 188 333 319
f 188 319 324
f 188 324 334
f 188 334 335
f 188 335 327
f 321 336 322
f 321 328 336
f 320 331 321
f 337 330 192
f 330 191 192
f 330 189 191
f 189 190 191
f 338 339 340
f 338 340 341
f 341 340 337
f 341 337 135
f 337 192 135
f 342 193 135
f 135 193 128
f 135 128 341
f 341 128 343
f 244 196 344
f 196 345 344
f 196 200 345
f 200 346 345
f 200 203 346
f 203 347 346
f 203 217 347
f 217 348 347
f 217 206 348
f 206 349 348
f 206 208 349
f 208 350 349
f 208 241 350
f 241 351 350
f 241 244 351
f 244 344 351
f 352 353 234
f 353 207 234
f 353 354 207
f 354 209 207
f 354 355 209
f 355 228 209
f 355 356 228
f 356 229 228
f 356 357 229
f 357 233 229
f 357 352 233
f 352 234 233
f 358 359 231
f 359 248 231
f 359 360 248
f 360 242 248
f 360 361 242
f 361 243 242
f 361 362 243
f 362 232 243
f 362 363 232
f 363 230 232
f 363 358 230
f 358 231 230
f 364 365 225
f 365 226 225
f 366 238 365
f 365 238 226
f 366 367 238
f 367 194 238
f 367 368 194
f 368 195 194
f 369 199 368
f 368 199 195
f 369 364 199
f 364 225 199
f 370 371 211
f 371 210 211
f 372 201 371
f 371 201 210
f 372 373 201
f 373 202 201
f 373 374 202
f 374 237 202
f 375 227 374
f 374 227 237
f 375 370 227
f 370 211 227
f 283 250 376
f 250 377 376
f 250 252 377
f 252 378 377
f 252 257 378
f 257 379 378
f 257 269 379
f 269 380 379
f 269 260 380
f 260 381 380
f 260 262 381
f 262 382 381
f 262 287 382
f 287 383 382
f 287 283 383
f 283 376 383
f 384 311 385
f 385 311 312
f 385 312 386
f 386 312 313
f 386 313 387
f 387 313 306
f 387 306 388
f 388 306 307
f 388 307 389
f 389 307 308
f 389 308 390
f 390 308 309
f 390 309 391
f 391 309 310
f 391 310 384
f 384 310 311
f 392 393 315
f 393 314 315
f 340 331 337
f 331 330 337
f 340 394 331
f 340 395 394
f 340 396 395
f 340 339 396
f 397 393 392
f 397 398 393
f 397 339 398
f 397 396 339
f 397 399 396
f 397 400 399
f 321 400 397
f 321 401 400
f 321 402 401
f 321 403 402
f 321 394 403
f 321 331 394
f 404 405 406
f 405 407 406
f 405 408 407
f 408 409 407
f 408 410 409
f 410 411 409
f 412 408 413
f 408 405 413
f 397 406 414
f 397 404 406
f 397 415 404
f 397 416 415
f 416 413 415
f 416 412 413
f 416 417 412
f 416 410 417
f 416 329 410
f 329 411 410
f 329 418 411
f 329 419 418
f 329 321 419
f 321 420 419
f 321 414 420
f 321 397 414
f 329 416 421
f 416 422 421
f 416 423 422
f 423 424 422
f 423 425 424
f 325 329 426
f 329 427 426
f 329 421 427
f 428 424 429
f 428 430 424
f 428 426 430
f 428 325 426
f 429 424 425
f 425 423 431
f 432 326 428
f 326 325 428
f 433 434 435
f 434 436 435
f 343 437 438
f 437 439 438
f 338 439 437
f 338 434 439
f 338 436 434
f 338 440 436
f 338 441 440
f 338 341 441
f 341 435 441
f 341 433 435
f 341 438 433
f 341 343 438
f 348 442 347
f 347 442 443
f 347 443 346
f 346 443 444
f 346 444 345
f 345 444 445
f 345 445 344
f 344 445 446
f 344 446 351
f 351 446 447
f 351 447 350
f 350 447 448
f 350 448 349
f 349 448 449
f 349 449 348
f 348 449 442
f 354 353 355
f 355 353 352
f 355 352 356
f 356 352 357
f 360 359 361
f 361 359 358
f 361 358 362
f 362 358 363
f 366 365 367
f 367 365 364
f 367 364 368
f 368 364 369
f 375 374 370
f 370 374 373
f 370 373 371
f 371 373 372
f 380 450 379
f 379 450 451
f 379 451 378
f 378 451 452
f 378 452 377
f 377 452 453
f 377 453 376
f 376 453 454
f 376 454 383
f 383 454 455
f 383 455 382
f 382 455 456
f 382 456 381
f 381 456 457
f 381 457 380
f 380 457 450
f 458 384 459
f 459 384 385
f 459 385 460
f 460 385 386
f 460 386 461
f 461 386 387
f 461 387 462
f 462 387 388
f 462 388 463
f 463 388 389
f 463 389 464
f 464 389 390
f 464 390 465
f 465 390 391
f 465 391 458
f 458 391 384
f 402 466 401
f 401 466 467
f 401 467 400
f 468 394 469
f 469 394 395
f 469 395 396
f 425 470 429
f 470 471 429
f 470 425 431
f 470 431 472
f 472 431 473
f 472 473 474
f 473 475 474
f 476 473 423
f 473 431 423
f 477 478 422
f 478 421 422
f 424 430 479
f 430 480 479
f 430 426 480
f 481 482 433
f 433 482 434
f 481 433 483
f 433 438 483
f 484 483 439
f 439 483 438
f 484 439 482
f 439 434 482
f 485 486 441
f 441 486 440
f 485 441 487
f 441 435 487
f 488 487 436
f 436 487 435
f 488 436 486
f 436 440 486
f 489 458 490
f 490 458 459
f 490 459 491
f 491 459 460
f 491 460 492
f 492 460 461
f 492 461 493
f 493 461 462
f 493 462 494
f 494 462 463
f 494 463 495
f 495 463 464
f 495 464 496
f 496 464 465
f 496 465 489
f 489 465 458
f 473 476 475
f 476 497 475
f 476 498 497
f 498 499 497
f 483 484 481
f 484 482 481
f 487 488 485
f 488 486 485
f 500 492 501
f 501 492 493
f 501 493 502
f 502 493 494
f 502 494 503
f 503 494 495
f 503 495 504
f 504 495 496
f 504 496 505
f 505 496 489
f 505 489 506
f 506 489 490
f 506 490 507
f 507 490 491
f 507 491 492
f 507 492 500
f 497 499 508
f 499 509 508
f 510 501 511
f 511 501 502
f 511 502 512
f 512 502 503
f 512 503 513
f 513 503 504
f 513 504 514
f 514 504 505
f 514 505 515
f 515 505 506
f 515 506 516
f 516 506 507
f 516 507 517
f 517 507 500
f 517 500 510
f 510 500 501
f 518 517 519
f 519 517 510
f 519 510 520
f 520 510 511
f 520 511 521
f 521 511 512
f 521 512 522
f 522 512 513
f 522 513 523
f 523 513 514
f 523 514 524
f 524 514 515
f 524 515 525
f 525 515 516
f 525 516 517
f 525 517 518
f 526 519 527
f 527 519 520
f 527 520 528
f 528 520 521
f 528 521 529
f 529 521 522
f 529 522 530
f 530 522 523
f 530 523 531
f 531 523 524
f 531 524 532
f 532 524 525
f 532 525 533
f 533 525 518
f 533 518 526
f 526 518 519
f 533 526 534
f 526 535 534
f 526 527 535
f 527 536 535
f 527 528 536
f 528 537 536
f 528 529 537
f 529 538 537
f 529 530 538
f 530 539 538
f 530 531 539
f 531 540 539
f 531 532 540
f 532 541 540
f 532 534 541
f 532 533 534
f 542 539 543
f 543 539 540
f 543 540 544
f 544 540 541
f 544 541 545
f 545 541 534
f 545 534 546
f 546 534 535
f 546 535 547
f 547 535 536
f 547 536 548
f 548 536 537
f 548 537 549
f 549 537 538
f 549 538 542
f 542 538 539
f 550 545 551
f 551 545 546
f 551 546 552
f 552 546 547
f 552 547 553
f 553 547 548
f 553 548 554
f 554 548 549
f 554 549 555
f 555 549 542
f 555 542 556
f 556 542 543
f 556 543 557
f 557 543 544
f 557 544 545
f 557 545 550
f 558 551 559
f 559 551 552
f 559 552 560
f 560 552 553
f 560 553 561
f 561 553 554
f 561 554 562
f 562 554 555
f 562 555 563
f 563 555 556
f 563 556 564
f 564 556 557
f 564 557 565
f 565 557 550
f 565 550 558
f 558 550 551
f 566 558 567
f 567 558 559
f 567 559 568
f 568 559 560
f 568 560 569
f 569 560 561
f 569 561 570
f 570 561 562
f 570 562 571
f 571 562 563
f 571 563 572
f 572 563 564
f 572 564 573
f 573 564 565
f 573 565 566
f 566 565 558
f 570 574 569
f 569 574 575
f 569 575 568
f 568 575 576
f 568 576 567
f 567 576 577
f 567 577 566
f 566 577 578
f 566 578 573
f 573 578 579
f 573 579 572
f 572 579 580
f 572 580 571
f 571 580 581
f 571 581 570
f 570 581 574
f 582 578 583
f 583 578 577
f 583 577 584
f 584 577 576
f 584 576 585
f 585 576 575
f 585 575 586
f 586 575 574
f 586 574 587
f 587 574 581
f 587 581 588
f 588 581 580
f 588 580 589
f 589 580 579
f 589 579 582
f 582 579 578
f 590 582 591
f 591 582 583
f 591 583 592
f 592 583 584
f 592 584 593
f 593 584 585
f 593 585 594
f 594 585 586
f 594 586 595
f 595 586 587
f 595 587 596
f 596 587 588
f 596 588 597
f 597 588 589
f 597 589 590
f 590 589 582
f 598 590 599
f 599 590 591
f 599 591 600
f 600 591 592
f 600 592 601
f 601 592 593
f 601 593 602
f 602 593 594
f 602 594 603
f 603 594 595
f 603 595 604
f 604 595 596
f 604 596 605
f 605 596 597
f 605 597 598
f 598 597 590
f 599 600 606
f 600 607 606
f 600 601 607
f 601 608 607
f 603 604 609
f 604 610 609
f 604 611 610
f 602 608 601
f 602 612 608
f 602 609 612
f 602 603 609
f 598 611 605
f 598 613 611
f 598 606 613
f 598 599 606
f 604 605 611
f 614 612 615
f 615 612 609
f 615 609 616
f 616 609 610
f 616 610 617
f 617 610 611
f 617 611 618
f 618 611 613
f 618 613 619
f 619 613 606
f 619 606 620
f 620 606 607
f 620 607 621
f 621 607 608
f 621 608 614
f 614 608 612
f 618 622 617
f 617 622 623
f 617 623 616
f 616 623 624
f 616 624 615
f 615 624 625
f 615 625 614
f 614 625 626
f 614 626 621
f 621 626 627
f 621 627 620
f 620 627 628
f 620 628 619
f 619 628 629
f 619 629 618
f 618 629 622
f 622 630 623
f 623 630 631
f 623 631 624
f 624 631 632
f 624 632 625
f 625 632 633
f 625 633 626
f 626 633 634
f 626 634 627
f 627 634 635
f 627 635 628
f 628 635 636
f 628 636 629
f 629 636 637
f 629 637 622
f 622 637 630
f 631 630 632
f 630 633 632
f 630 637 633
f 637 634 633
f 637 636 634
f 636 635 634
f 638 639 640
f 639 641 640
f 640 641 642
f 641 643 642
f 641 644 643
f 644 645 643
f 646 643 647
f 643 645 647
f 648 649 647
f 649 646 647
f 649 650 646
f 651 646 652
f 646 650 652
f 653 654 655
f 655 654 656
f 657 658 659
f 659 658 660
f 649 648 661
f 649 661 662
f 649 662 653
f 649 653 655
f 649 655 657
f 649 657 659
f 648 660 658
f 648 658 656
f 648 656 654
f 648 654 661
f 663 664 665
f 664 666 665
f 663 665 667
f 663 667 178
f 663 178 668
f 666 669 665
f 669 667 665
f 670 671 672
f 671 673 672
f 670 672 674
f 670 674 182
f 670 182 675
f 673 676 672
f 676 674 672
f 677 678 679
f 679 678 680
f 677 681 678
f 147 682 140
f 140 682 683
f 140 683 684
f 684 683 685
f 685 686 687
f 685 687 688
f 685 688 689
f 684 685 689
f 684 689 690
f 684 690 691
f 684 691 692
f 692 691 693
f 692 693 694
f 692 694 686
f 686 695 687
f 686 694 695
f 682 696 683
f 696 697 683
f 697 685 683
f 697 686 685
f 697 698 686
f 699 700 701
f 701 700 698
f 701 698 696
f 696 698 697
f 702 703 704
f 703 705 704
f 703 706 705
f 706 707 705
f 706 708 707
f 708 709 707
f 708 710 709
f 710 711 709
f 710 712 711
f 712 713 711
f 712 714 713
f 714 715 713
f 714 716 715
f 716 717 715
f 716 702 717
f 702 704 717
f 715 718 713
f 713 718 719
f 713 719 711
f 711 719 720
f 711 720 709
f 709 720 721
f 709 721 722
f 707 722 705
f 705 722 723
f 705 723 704
f 704 723 724
f 704 724 717
f 717 724 725
f 717 725 718
f 709 722 707
f 717 718 715
f 726 720 727
f 727 720 719
f 727 719 728
f 728 719 718
f 728 718 729
f 729 718 725
f 729 725 730
f 730 725 724
f 730 724 731
f 731 724 723
f 731 723 732
f 732 723 722
f 732 722 733
f 733 722 721
f 733 721 726
f 726 721 720
f 733 726 731
f 726 730 731
f 726 727 730
f 727 729 730
f 727 728 729
f 731 732 733
f 734 735 736
f 736 735 737
f 736 737 738
f 738 737 739
f 738 739 740
f 740 739 741
f 740 741 742
f 742 741 743
f 742 743 744
f 744 743 745
f 744 745 746
f 746 745 747
f 746 747 748
f 748 747 749
f 748 749 734
f 734 749 735
f 734 750 748
f 748 750 751
f 748 751 752
f 746 752 744
f 744 752 753
f 744 753 742
f 742 753 754
f 742 754 740
f 740 754 755
f 740 755 756
f 736 738 756
f 736 756 757
f 736 757 750
f 736 750 734
f 748 752 746
f 740 756 738
f 754 753 758
f 753 759 758
f 753 752 759
f 752 760 759
f 752 751 760
f 751 761 760
f 751 750 761
f 750 762 761
f 750 757 762
f 757 763 762
f 757 756 763
f 756 764 763
f 756 755 764
f 755 765 764
f 755 754 765
f 754 758 765
f 759 761 758
f 758 761 762
f 758 762 765
f 765 762 763
f 765 763 764
f 761 759 760
f 766 767 768
f 768 767 769
f 768 769 770
f 770 769 771
f 770 771 772
f 772 771 773
f 772 773 774
f 774 773 775
f 774 775 776
f 776 775 777
f 776 777 778
f 778 777 779
f 778 779 780
f 780 779 781
f 780 781 766
f 766 781 767
f 766 782 780
f 780 782 783
f 780 783 784
f 778 784 776
f 776 784 785
f 776 785 774
f 774 785 786
f 774 786 772
f 772 786 787
f 772 787 788
f 768 770 788
f 768 788 789
f 768 789 782
f 768 782 766
f 780 784 778
f 772 788 770
f 786 785 790
f 785 791 790
f 785 784 791
f 784 792 791
f 784 783 792
f 783 793 792
f 783 782 793
f 782 794 793
f 782 789 794
f 789 795 794
f 789 788 795
f 788 796 795
f 788 787 796
f 787 797 796
f 787 786 797
f 786 790 797
f 791 793 790
f 790 793 794
f 790 794 797
f 797 794 795
f 797 795 796
f 793 791 792
f 798 799 800
f 799 801 800
f 799 802 801
f 802 803 801
f 802 804 803
f 804 805 803
f 804 806 805
f 806 807 805
f 806 808 807
f 808 809 807
f 808 810 809
f 810 811 809
f 810 812 811
f 812 813 811
f 812 798 813
f 798 800 813
f 807 814 805
f 805 814 815
f 805 815 803
f 803 815 816
f 803 816 801
f 801 816 817
f 801 817 800
f 800 817 818
f 800 818 813
f 813 818 819
f 813 819 811
f 811 819 820
f 811 820 809
f 809 820 821
f 809 821 807
f 807 821 814
f 822 823 824
f 823 825 824
f 826 825 827
f 827 825 823
f 827 828 826
f 828 829 826
f 828 830 829
f 830 831 829
f 832 831 833
f 833 831 830
f 833 822 832
f 822 824 832
f 834 835 836
f 835 837 836
f 838 837 839
f 839 837 835
f 839 840 838
f 840 841 838
f 840 842 841
f 842 843 841
f 844 843 845
f 845 843 842
f 845 834 844
f 834 836 844
f 846 847 848
f 847 849 848
f 847 850 849
f 850 851 849
f 850 852 851
f 852 853 851
f 852 854 853
f 854 855 853
f 854 856 855
f 856 857 855
f 856 846 857
f 846 848 857
f 858 859 860
f 859 861 860
f 859 862 861
f 862 863 861
f 862 864 863
f 864 865 863
f 864 866 865
f 866 867 865
f 866 868 867
f 868 869 867
f 868 858 869
f 858 860 869
f 833 830 822
f 822 830 828
f 822 828 823
f 823 828 827
f 845 842 834
f 834 842 840
f 834 840 835
f 835 840 839
f 856 854 846
f 846 854 852
f 846 852 847
f 847 852 850
f 862 859 864
f 864 859 858
f 864 858 866
f 866 858 868
f 870 871 872
f 871 873 872
f 871 874 873
f 875 876 877
f 876 871 877
f 876 874 871
f 878 879 880
f 878 881 879
f 878 870 881
f 882 875 877
f 882 883 875
f 882 884 883
f 882 885 884
f 882 886 885
f 882 887 886
f 888 881 870
f 888 870 889
f 872 889 870
f 890 891 892
f 891 893 892
f 891 894 893
f 895 896 897
f 896 891 897
f 896 898 891
f 882 899 887
f 882 900 899
f 882 890 900
f 878 895 897
f 878 901 895
f 878 902 901
f 878 903 902
f 878 904 903
f 878 880 904
f 905 900 890
f 905 890 906
f 894 891 907
f 898 907 891
f 892 906 890
f 903 904 908
f 904 909 908
f 904 880 909
f 910 911 912
f 911 908 912
f 911 903 908
f 913 914 915
f 913 916 914
f 913 881 916
f 913 879 881
f 913 880 879
f 913 909 880
f 917 918 919
f 919 918 920
f 919 920 921
f 921 920 922
f 921 922 876
f 923 924 925
f 925 924 926
f 925 926 927
f 927 926 928
f 927 928 929
f 930 931 932
f 932 931 933
f 932 933 934
f 934 933 935
f 934 935 936
f 936 935 937
f 936 937 938
f 939 940 941
f 941 940 942
f 941 942 943
f 944 921 945
f 945 921 946
f 945 946 947
f 947 946 948
f 947 948 949
f 950 951 952
f 952 951 953
f 952 953 942
f 947 954 955
f 955 954 956
f 955 956 957
f 957 956 958
f 957 958 959
f 941 960 961
f 961 960 962
f 961 962 963
f 964 965 966
f 964 966 967
f 964 967 968
f 964 968 969
f 964 969 970
f 927 966 971
f 927 971 972
f 927 972 925
f 973 974 975
f 973 975 976
f 973 976 940
f 977 978 930
f 977 930 979
f 977 979 980
f 977 980 981
f 914 982 983
f 914 983 926
f 914 926 984
f 910 923 925
f 910 925 985
f 910 985 986
f 987 988 989
f 987 989 990
f 987 990 991
f 987 991 992
f 987 992 993
f 987 993 962
f 987 962 994
f 995 996 997
f 995 997 998
f 995 998 999
f 947 1000 1001
f 947 1001 1002
f 947 1002 945
f 1003 896 1004
f 1003 1004 1005
f 1003 1005 1006
f 1003 1006 1007
f 1003 1007 1008
f 1003 1008 1009
f 966 989 1010
f 966 1010 1011
f 966 1011 1012
f 966 1012 1013
f 966 1013 1006
f 966 1006 1014
f 966 1014 967
f 969 902 903
f 969 903 911
f 969 911 910
f 969 910 986
f 969 986 970
f 981 980 1015
f 981 1015 982
f 981 982 914
f 981 914 916
f 981 916 881
f 981 881 888
f 1016 1017 1018
f 1016 1018 1019
f 1016 1019 938
f 1016 938 937
f 1016 937 872
f 1016 872 873
f 1000 930 1020
f 1000 1020 1021
f 1000 1021 1018
f 1000 1018 1017
f 1000 1017 1022
f 1000 1022 1023
f 1000 1023 917
f 1000 917 1024
f 1000 1024 1025
f 1000 1025 1001
f 1026 1027 1008
f 1026 1008 1028
f 1026 1028 989
f 1026 989 988
f 974 1029 1030
f 974 1030 1031
f 974 1031 1032
f 974 1032 999
f 974 999 975
f 999 1032 1033
f 999 1033 1034
f 999 1034 995
f 947 955 1035
f 947 1035 1036
f 947 1036 973
f 930 929 979
f 930 927 929
f 974 973 1037
f 885 958 884
f 885 1030 958
f 900 951 996
f 900 905 951
f 893 962 892
f 893 994 962
f 896 895 1004
f 876 875 921
f 917 1023 918
f 926 924 984
f 1009 1008 1027
f 1007 1006 1013
f 930 978 931
f 930 932 1020
f 962 993 963
f 1028 1038 989
f 939 990 989
f 989 940 939
f 947 949 954
f 921 944 919
f 996 951 997
f 997 951 1039
f 950 1039 951
f 952 942 940
f 1030 959 958
f 1029 959 1030
f 973 1036 1037
f 940 976 952
f 941 943 1040
f 960 941 1040
f 1010 989 1038
f 965 971 966
f 1041 1042 935
f 1042 937 935
f 1042 872 937
f 977 981 1043
f 981 1044 1043
f 981 888 1044
f 872 1042 889
f 889 1042 1045
f 889 1045 888
f 888 1045 1044
f 1046 1047 920
f 1047 922 920
f 1047 876 922
f 1017 1016 1048
f 1016 1049 1048
f 1016 873 1049
f 876 1047 874
f 874 1047 1050
f 874 1050 873
f 873 1050 1049
f 1051 1052 956
f 1052 958 956
f 1052 884 958
f 946 921 1053
f 921 1054 1053
f 921 875 1054
f 884 1052 883
f 883 1052 1055
f 883 1055 875
f 875 1055 1054
f 1056 1057 960
f 1057 962 960
f 1057 892 962
f 953 951 1058
f 951 1059 1058
f 951 905 1059
f 892 1057 906
f 906 1057 1060
f 906 1060 905
f 905 1060 1059
f 1061 1062 968
f 1062 969 968
f 1062 902 969
f 1005 1004 1063
f 1004 1064 1063
f 1004 895 1064
f 902 1062 901
f 901 1062 1065
f 901 1065 895
f 895 1065 1064
f 1066 1067 1068
f 1066 1068 1069
f 1066 1069 1070
f 1066 1070 1071
f 1070 1069 1072
f 1072 1069 1073
f 1072 1074 1070
f 1070 1074 1075
f 1070 1075 1071
f 1071 1075 1076
f 1071 1076 1077
f 1077 1076 1078
f 1077 1078 1079
f 1080 1074 1072
f 1080 1072 1077
f 1080 1077 1079
f 1080 1079 1081
f 1082 1080 1083
f 1082 1074 1080
f 1082 1084 1074
f 1075 1085 1076
f 1076 1085 1086
f 1086 1087 1076
f 1076 1087 1078
f 1079 1088 1081
f 1081 1088 1089
f 1084 1082 1090
f 1082 1091 1090
f 1087 1086 1092
f 1086 1093 1092
f 1086 1085 1093
f 1085 1094 1093
f 1085 1090 1094
f 1090 1095 1094
f 1090 1091 1095
f 1091 1096 1095
f 1096 1092 1095
f 1096 1089 1092
f 1089 1088 1092
f 1092 1088 1087
f 1093 1094 1097
f 1097 1094 1098
f 1098 1094 1099
f 1099 1094 1095
f 1095 1092 1099
f 1099 1092 1100
f 1100 1092 1097
f 1097 1092 1093
f 1101 1100 1102
f 1102 1100 1097
f 1102 1097 1103
f 1103 1097 1098
f 1103 1098 1104
f 1104 1098 1099
f 1104 1099 1105
f 1106 1105 1099
f 1106 1099 1100
f 1106 1100 1107
f 1106 1107 1108
f 1100 1101 1107
f 1106 1108 1109
f 1108 1110 1109
f 1104 1105 1111
f 1105 1112 1111
f 1113 1114 1102
f 1102 1114 1101
f 1107 1115 1108
f 1108 1115 1110
f 1109 1116 1112
f 1109 1117 1116
f 1109 1110 1117
f 1115 1117 1110
f 1115 1118 1117
f 1115 1113 1118
f 1115 1114 1113
f 1119 1112 1116
f 1119 1111 1112
f 1119 1120 1111
f 1119 1113 1120
f 1119 1118 1113
f 1118 1119 1121
f 1121 1119 1122
f 1122 1119 1123
f 1123 1119 1116
f 1116 1117 1123
f 1123 1117 1124
f 1124 1117 1121
f 1121 1117 1118
f 1125 1126 1123
f 1125 1123 1124
f 1125 1124 1127
f 1128 1127 1124
f 1128 1124 1121
f 1128 1121 1129
f 1128 1129 1130
f 1122 1123 1126
f 1122 1126 1131
f 1122 1131 1132
f 1122 1132 1129
f 1122 1129 1121
f 1128 1133 1127
f 1127 1133 1134
f 1125 1127 1135
f 1127 1134 1135
f 1136 1125 1135
f 1136 1137 1125
f 1136 1138 1137
f 1136 1139 1138
f 1126 1140 1131
f 1140 1141 1131
f 1140 1142 1141
f 1143 1144 1129
f 1129 1144 1130
f 1143 1145 1146
f 1145 1147 1146
f 1145 1148 1147
f 1148 1149 1147
f 1135 1149 1148
f 1135 1150 1149
f 1135 1134 1150
f 1133 1150 1134
f 1133 1146 1150
f 1133 1143 1146
f 1133 1144 1143
f 1151 1152 1138
f 1152 1137 1138
f 1152 1142 1137
f 1153 1151 1138
f 1153 1154 1151
f 1153 1155 1154
f 1153 1156 1155
f 1157 1142 1152
f 1157 1141 1142
f 1157 1158 1141
f 1157 1155 1158
f 1157 1154 1155
f 1159 1136 1148
f 1136 1135 1148
f 1146 1147 1160
f 1160 1147 1161
f 1161 1147 1162
f 1162 1147 1149
f 1149 1150 1162
f 1162 1150 1163
f 1163 1150 1160
f 1160 1150 1146
f 1164 1165 1153
f 1165 1156 1153
f 1154 1157 1166
f 1166 1157 1167
f 1167 1157 1168
f 1168 1157 1152
f 1152 1151 1168
f 1168 1151 1169
f 1169 1151 1166
f 1166 1151 1154
f 1169 1170 1168
f 1168 1170 1171
f 1168 1171 1172
f 1173 1170 1169
f 1173 1169 1166
f 1173 1166 1174
f 1173 1174 1175
f 1167 1168 1172
f 1167 1172 1176
f 1167 1176 1177
f 1167 1177 1174
f 1167 1174 1166
f 1171 1170 1178
f 1170 1179 1178
f 1180 1181 1182
f 1180 1183 1181
f 1180 1172 1183
f 1180 1176 1172
f 1184 1185 1174
f 1174 1185 1175
f 1170 1173 1179
f 1179 1173 1186
f 1179 1186 1187
f 1187 1186 1188
f 1188 1186 1173
f 1188 1173 1189
f 1189 1173 1190
f 1189 1190 1191
f 1185 1184 1191
f 1184 1192 1191
f 1184 1193 1192
f 1193 1194 1192
f 1193 1180 1194
f 1180 1182 1194
f 1195 1179 1196
f 1195 1178 1179
f 1195 1197 1178
f 1195 1198 1197
f 1195 1199 1198
f 1195 1182 1199
f 1195 1194 1182
f 1196 1191 1192
f 1196 1189 1191
f 1196 1188 1189
f 1196 1187 1188
f 1196 1179 1187
f 1200 1192 1201
f 1201 1192 1194
f 1202 1201 1203
f 1203 1201 1194
f 1203 1194 1195
f 1204 1203 1205
f 1205 1203 1195
f 1205 1195 1206
f 1206 1195 1196
f 1207 1206 1208
f 1208 1206 1196
f 1208 1196 1192
f 1209 1208 1200
f 1200 1208 1192
f 1203 1204 1210
f 1210 1204 1211
f 1212 1208 1213
f 1208 1209 1213
f 1213 1214 1212
f 1215 1216 1217
f 1218 1219 1217
f 1217 1219 1215
f 1220 1221 1222
f 1222 1221 1223
f 1222 1223 1224
f 1221 1220 1225
f 1226 1227 1228
f 1228 1227 1229
f 1230 1231 1226
f 1226 1231 1227
f 1232 1233 1230
f 1230 1233 1231
f 1228 1229 1232
f 1232 1229 1233
f 1232 1230 1234
f 1230 1235 1234
f 1230 1226 1235
f 1226 1236 1235
f 1226 1228 1236
f 1228 1237 1236
f 1228 1232 1237
f 1232 1234 1237
f 1235 1238 1234
f 1238 1239 1234
f 1240 1238 1236
f 1236 1238 1235
f 1241 1242 1243
f 1244 1245 1246
f 1244 1247 1245
f 1244 1248 1247
f 1244 1249 1248
f 1244 1250 1249
f 1245 1251 1246
f 1252 1253 1254
f 1254 1253 1255
f 1254 1255 1256
f 1257 1258 1259
f 1259 1258 1252
f 1259 1252 1254
f 1260 1261 1262
f 1262 1261 1256
f 1262 1256 1263
f 1263 1256 1255
f 1249 1257 1259
f 1249 1259 1261
f 1249 1261 1260
f 1249 1260 1248
f 1264 1265 1266
f 1266 1265 1267
f 1266 1267 1268
f 1267 1269 1268
f 1268 1269 1270
f 1268 1270 1271
f 1271 1270 1272
f 1271 1272 1273
f 1273 1272 1274
f 1273 1274 1251
f 1275 1264 1273
f 1275 1273 1251
f 1275 1251 1276
f 1251 1274 1246
f 1273 1264 1266
f 1277 1278 1279
f 1279 1278 1263
f 1279 1263 1255
f 1279 1253 1280
f 1280 1253 1281
f 1280 1281 1282
f 1283 1282 1281
f 1283 1281 1284
f 1283 1284 1278
f 1283 1278 1285
f 1286 1285 1278
f 1286 1278 1277
f 1286 1277 1269
f 1286 1269 1267
f 1286 1267 1265
f 1286 1265 1280
f 1286 1280 1282
f 1253 1279 1255
f 1287 1262 1278
f 1278 1262 1263
f 1288 1285 1289
f 1289 1285 1290
f 1287 1291 1292
f 1287 1292 1293
f 1287 1293 1290
f 1287 1290 1285
f 1287 1285 1286
f 1294 1295 1260
f 1294 1260 1262
f 1294 1262 1287
f 1294 1287 1286
f 1270 1294 1286
f 1270 1286 1296
f 1270 1296 1297
f 1270 1297 1272
f 1298 1258 1299
f 1299 1258 1257
f 1281 1253 1300
f 1300 1253 1252
f 1301 1275 1302
f 1302 1275 1276
f 1280 1265 1303
f 1303 1265 1264
f 1294 1270 1277
f 1277 1270 1269
f 1304 1305 1306
f 1306 1305 1307
f 1306 1307 1308
f 1308 1307 1309
f 1308 1309 1310
f 1310 1309 1311
f 1288 1312 1313
f 1313 1312 1304
f 1313 1304 1306
f 1314 1308 1310
f 1314 1310 1283
f 1314 1283 1285
f 1314 1285 1288
f 1314 1288 1313
f 1282 1283 1315
f 1283 1316 1315
f 1283 1310 1316
f 1300 1317 1281
f 1317 1284 1281
f 1317 1318 1284
f 1299 1319 1298
f 1319 1300 1298
f 1319 1317 1300
f 1291 1287 1320
f 1287 1318 1320
f 1287 1278 1318
f 1278 1284 1318
f 1321 1319 1299
f 1321 1320 1319
f 1321 1291 1320
f 1321 1322 1291
f 1323 1292 1322
f 1322 1292 1291
f 1290 1293 1324
f 1324 1293 1325
f 1312 1288 1326
f 1326 1288 1289
f 1312 1326 1304
f 1326 1327 1304
f 1307 1305 1328
f 1329 1311 1330
f 1330 1311 1309
f 1323 1322 1331
f 1322 1321 1331
f 1332 1333 1334
f 1333 1330 1334
f 1333 1335 1330
f 1335 1329 1330
f 1336 1332 1334
f 1336 1337 1332
f 1336 1338 1337
f 1336 1339 1338
f 1340 1335 1333
f 1340 1341 1335
f 1340 1342 1341
f 1340 1338 1342
f 1340 1337 1338
f 1343 1344 1342
f 1342 1344 1341
f 1345 1343 1338
f 1338 1343 1342
f 1344 1343 1346
f 1343 1347 1346
f 1343 1345 1347
f 1345 1348 1347
f 1345 1349 1348
f 1350 1351 1352
f 1351 1353 1352
f 1354 1349 1355
f 1354 1348 1349
f 1354 1352 1348
f 1354 1350 1352
f 1356 1346 1347
f 1356 1357 1346
f 1356 1358 1357
f 1356 1359 1358
f 1356 1353 1359
f 1356 1352 1353
f 1360 1352 1361
f 1361 1352 1356
f 1361 1356 1362
f 1362 1356 1347
f 1362 1347 1363
f 1363 1347 1348
f 1363 1348 1360
f 1360 1348 1352
f 1364 1363 1365
f 1365 1363 1360
f 1365 1360 1366
f 1366 1360 1367
f 1367 1360 1368
f 1362 1363 1364
f 1362 1364 1369
f 1362 1369 1370
f 1362 1370 1371
f 1362 1371 1372
f 1362 1372 1373
f 1362 1373 1361
f 1361 1373 1374
f 1361 1374 1375
f 1361 1375 1376
f 1361 1376 1368
f 1361 1368 1360
f 1364 1365 1377
f 1378 1379 1380
f 1378 1380 1381
f 1378 1381 1374
f 1378 1374 1373
f 1378 1373 1382
f 1378 1382 1371
f 1378 1371 1370
f 1378 1370 1383
f 1378 1383 1384
f 1382 1372 1371
f 1376 1375 1380
f 1375 1381 1380
f 1375 1374 1381
f 1385 1386 1387
f 1385 1365 1386
f 1385 1377 1365
f 1388 1369 1389
f 1389 1369 1364
f 1389 1364 1390
f 1369 1383 1370
f 1369 1388 1383
f 1389 1391 1388
f 1388 1391 1384
f 1388 1384 1383
f 1378 1384 1392
f 1384 1393 1392
f 1384 1391 1393
f 1391 1394 1393
f 1391 1395 1394
f 1395 1396 1394
f 1395 1378 1396
f 1378 1392 1396
f 1387 1386 1397
f 1393 1394 1398
f 1394 1399 1398
f 1400 1399 1396
f 1396 1399 1394
f 1392 1401 1396
f 1396 1401 1400
f 1399 1400 1398
f 1400 1401 1398
f 1402 1403 1404
f 1404 1403 1405
f 1406 1407 1408
f 1407 1409 1408
f 1407 1410 1409
f 1410 1411 1409
f 1410 1412 1411
f 1412 1413 1411
f 1412 1414 1413
f 1414 1415 1413
f 1416 1417 1415
f 1415 1417 1408
f 1415 1408 1413
f 1413 1408 1409
f 1413 1409 1411
f 1417 1416 1418
f 1419 1420 1421
f 1420 1422 1421
f 1420 1423 1422
f 1423 1424 1422
f 1425 1426 1427
f 1426 1428 1427
f 1426 1429 1428
f 1429 1430 1428
f 1431 1432 1433
f 1434 1432 1435
f 1435 1432 1436
f 1437 1433 1438
f 1438 1433 1432
f 1438 1432 1439
f 1440 1441 1442
f 1441 1443 1442
f 1441 1434 1443
f 1434 1435 1443
f 1444 1432 1434
f 1444 1445 1432
f 1444 1446 1445
f 1444 1447 1446
f 1445 1446 1439
f 1446 1438 1439
f 1446 1448 1438
f 1448 1449 1438
f 1449 1450 1438
f 1438 1450 1437
f 1451 1452 1453
f 1451 1454 1452
f 1451 1455 1454
f 1451 1440 1455
f 1442 1455 1440
f 1455 1456 1454
f 1443 1457 1442
f 1442 1457 1458
f 1442 1458 1455
f 1455 1458 1459
f 1443 1435 1457
f 1446 1460 1448
f 1460 1461 1448
f 1460 1453 1461
f 1453 1462 1461
f 1463 1464 1448
f 1463 1448 1461
f 1446 1447 1460
f 1444 1465 1447
f 1447 1465 1466
f 1447 1466 1460
f 1460 1466 1467
f 1444 1434 1465
f 1468 1451 1467
f 1451 1460 1467
f 1451 1453 1460
f 1466 1465 1469
f 1469 1465 1434
f 1469 1434 1470
f 1471 1436 1472
f 1473 1474 1475
f 1473 1475 1476
f 1473 1476 1477
f 1473 1477 1478
f 1473 1478 1479
f 1473 1479 1480
f 1481 1479 1482
f 1481 1480 1479
f 1483 1475 1474
f 1483 1484 1475
f 1478 1485 1482
f 1478 1482 1479
f 1476 1484 1485
f 1476 1485 1477
f 1475 1484 1476
f 1485 1478 1477
f 1473 1480 1486
f 1473 1486 1487
f 1473 1487 1488
f 1473 1488 1489
f 1473 1489 1490
f 1473 1490 1474
f 1483 1490 1491
f 1483 1474 1490
f 1481 1486 1480
f 1481 1492 1486
f 1489 1493 1491
f 1489 1491 1490
f 1487 1492 1493
f 1487 1493 1488
f 1486 1492 1487
f 1493 1489 1488
f 1494 1495 1492
f 1494 1492 1481
f 1494 1481 1496
f 1497 1498 1484
f 1497 1484 1483
f 1497 1483 1499
f 1500 1482 1485
f 1501 1491 1493
f 1499 1491 1501
f 1483 1491 1499
f 1484 1498 1485
f 1500 1485 1498
f 1501 1493 1495
f 1495 1493 1492
f 1481 1482 1496
f 1496 1482 1500
f 1502 1494 1503
f 1503 1494 1496
f 1503 1496 1504
f 1504 1496 1500
f 1504 1500 1505
f 1505 1500 1498
f 1505 1498 1506
f 1506 1498 1497
f 1506 1497 1507
f 1507 1497 1499
f 1507 1499 1508
f 1508 1499 1501
f 1508 1501 1509
f 1509 1501 1495
f 1509 1495 1502
f 1502 1495 1494
f 1510 1506 1511
f 1511 1506 1507
f 1511 1507 1508
f 1512 1508 1513
f 1513 1508 1509
f 1513 1509 1514
f 1514 1509 1502
f 1514 1502 1515
f 1515 1502 1503
f 1515 1503 1504
f 1516 1517 1504
f 1516 1504 1505
f 1516 1505 1506
f 1516 1506 1510
f 1511 1508 1512
f 1515 1504 1517
f 1518 1510 1519
f 1519 1510 1511
f 1519 1511 1520
f 1520 1511 1512
f 1520 1512 1521
f 1521 1512 1513
f 1521 1513 1522
f 1522 1513 1514
f 1522 1514 1523
f 1523 1514 1515
f 1523 1515 1524
f 1524 1515 1517
f 1524 1517 1525
f 1525 1517 1516
f 1525 1516 1518
f 1518 1516 1510
f 1526 1524 1527
f 1527 1524 1525
f 1527 1525 1528
f 1528 1525 1518
f 1528 1518 1529
f 1529 1518 1519
f 1529 1519 1520
f 1530 1520 1531
f 1531 1520 1521
f 1531 1521 1532
f 1532 1521 1522
f 1532 1522 1533
f 1533 1522 1523
f 1533 1523 1524
f 1529 1520 1530
f 1533 1524 1526
f 1534 1535 1536
f 1536 1535 1537
f 1536 1537 1538
f 1538 1537 1539
f 1538 1539 1540
f 1535 1534 1541
f 1532 1533 1542
f 1533 1543 1542
f 1533 1526 1543
f 1526 1544 1543
f 1526 1527 1544
f 1527 1545 1544
f 1527 1528 1545
f 1528 1546 1545
f 1528 1529 1546
f 1529 1547 1546
f 1529 1530 1547
f 1530 1548 1547
f 1530 1531 1548
f 1531 1549 1548
f 1531 1532 1549
f 1532 1542 1549
f 1468 1467 1469
f 1469 1467 1466
f 1453 1452 1462
f 1441 1440 1470
f 1440 1469 1470
f 1440 1451 1469
f 1451 1468 1469
f 1434 1441 1470
f 1432 1445 1439
f 1537 1535 1550
f 1535 1551 1550
f 1535 1541 1551
f 1541 1552 1551
f 1541 1534 1552
f 1534 1553 1552
f 1534 1536 1553
f 1536 1554 1553
f 1536 1538 1554
f 1538 1555 1554
f 1538 1540 1555
f 1540 1556 1555
f 1540 1539 1556
f 1539 1557 1556
f 1539 1537 1557
f 1537 1550 1557
f 1558 1559 1560
f 1560 1559 1561
f 1560 1561 1562
f 1562 1561 1563
f 1562 1563 1564
f 1559 1558 1565
f 1566 1567 1568
f 1568 1567 1569
f 1568 1569 1570
f 1570 1569 1571
f 1570 1571 1572
f 1567 1566 1573
f 1548 1574 1547
f 1547 1574 1575
f 1547 1575 1546
f 1546 1575 1576
f 1546 1576 1545
f 1545 1576 1577
f 1545 1577 1544
f 1544 1577 1578
f 1544 1578 1543
f 1543 1578 1579
f 1543 1579 1542
f 1542 1579 1580
f 1542 1580 1549
f 1549 1580 1581
f 1549 1581 1548
f 1548 1581 1574
f 1430 1459 1428
f 1428 1459 1458
f 1427 1428 1435
f 1435 1428 1458
f 1435 1458 1457
f 1435 1425 1427
f 1424 1582 1422
f 1422 1582 1583
f 1583 1472 1422
f 1422 1472 1436
f 1422 1436 1421
f 1436 1419 1421
f 1471 1472 1584
f 1584 1472 1583
f 1584 1583 1585
f 1585 1583 1582
f 1471 1435 1436
f 1471 1425 1435
f 1471 1426 1425
f 1471 1584 1426
f 1430 1429 1459
f 1429 1455 1459
f 1429 1456 1455
f 1456 1586 1454
f 1462 1452 1586
f 1452 1454 1586
f 1461 1462 1587
f 1587 1588 1461
f 1461 1588 1463
f 1464 1463 1588
f 1449 1448 1450
f 1448 1589 1450
f 1448 1464 1589
f 1431 1433 1590
f 1590 1433 1437
f 1590 1437 1589
f 1589 1437 1450
f 1431 1436 1432
f 1431 1419 1436
f 1431 1420 1419
f 1431 1590 1420
f 1585 1582 1423
f 1582 1424 1423
f 1591 1550 1592
f 1592 1550 1551
f 1592 1551 1552
f 1593 1552 1594
f 1594 1552 1553
f 1594 1553 1595
f 1595 1553 1554
f 1595 1554 1596
f 1596 1554 1555
f 1596 1555 1556
f 1597 1598 1556
f 1597 1556 1557
f 1597 1557 1550
f 1597 1550 1591
f 1592 1552 1593
f 1596 1556 1598
f 1561 1559 1599
f 1559 1600 1599
f 1559 1565 1600
f 1565 1601 1600
f 1565 1558 1601
f 1558 1602 1601
f 1558 1560 1602
f 1560 1603 1602
f 1560 1562 1603
f 1562 1604 1603
f 1562 1564 1604
f 1564 1605 1604
f 1564 1563 1605
f 1563 1606 1605
f 1563 1561 1606
f 1561 1599 1606
f 1607 1608 1609
f 1608 1610 1609
f 1607 1609 1611
f 1611 1609 1612
f 1613 1611 1614
f 1611 1612 1614
f 1610 1608 1614
f 1614 1608 1613
f 1615 1616 1617
f 1617 1616 1618
f 1619 1568 1620
f 1620 1568 1570
f 1620 1570 1621
f 1621 1570 1572
f 1621 1572 1622
f 1622 1572 1571
f 1622 1571 1623
f 1623 1571 1569
f 1623 1569 1624
f 1624 1569 1567
f 1624 1567 1625
f 1625 1567 1573
f 1625 1573 1626
f 1626 1573 1566
f 1626 1566 1619
f 1619 1566 1568
f 1627 1576 1628
f 1628 1576 1575
f 1628 1575 1629
f 1629 1575 1574
f 1629 1574 1630
f 1630 1574 1581
f 1630 1581 1631
f 1631 1581 1580
f 1631 1580 1632
f 1632 1580 1579
f 1632 1579 1633
f 1633 1579 1578
f 1633 1578 1634
f 1634 1578 1577
f 1634 1577 1627
f 1627 1577 1576
f 1414 1635 1415
f 1635 1416 1415
f 1635 1636 1416
f 1636 1418 1416
f 1636 1637 1418
f 1637 1417 1418
f 1637 1406 1417
f 1406 1408 1417
f 1638 1639 1640
f 1639 1641 1640
f 1639 1642 1641
f 1642 1643 1641
f 1642 1644 1643
f 1640 1645 1638
f 1423 1646 1585
f 1585 1646 1647
f 1585 1647 1648
f 1586 1649 1462
f 1462 1649 1650
f 1462 1650 1587
f 1587 1650 1651
f 1587 1651 1652
f 1653 1646 1423
f 1653 1423 1420
f 1653 1420 1589
f 1653 1589 1464
f 1653 1464 1588
f 1653 1588 1587
f 1653 1587 1652
f 1649 1586 1456
f 1649 1456 1429
f 1649 1429 1584
f 1649 1584 1585
f 1649 1585 1648
f 1584 1429 1426
f 1589 1420 1590
f 1654 1655 1656
f 1656 1655 1657
f 1658 1659 1660
f 1660 1659 1661
f 1662 1595 1663
f 1663 1595 1596
f 1663 1596 1664
f 1664 1596 1598
f 1664 1598 1665
f 1665 1598 1597
f 1665 1597 1666
f 1666 1597 1591
f 1666 1591 1667
f 1667 1591 1592
f 1667 1592 1668
f 1668 1592 1593
f 1668 1593 1669
f 1669 1593 1594
f 1669 1594 1662
f 1662 1594 1595
f 1670 1599 1671
f 1671 1599 1600
f 1671 1600 1601
f 1672 1601 1673
f 1673 1601 1602
f 1673 1602 1674
f 1674 1602 1603
f 1674 1603 1675
f 1675 1603 1604
f 1675 1604 1605
f 1676 1677 1605
f 1676 1605 1606
f 1676 1606 1599
f 1676 1599 1670
f 1671 1601 1672
f 1675 1605 1677
f 1678 1679 1680
f 1679 1681 1680
f 1678 1680 1682
f 1682 1680 1683
f 1684 1682 1685
f 1682 1683 1685
f 1681 1679 1685
f 1685 1679 1684
f 1392 1393 1401
f 1401 1393 1398
f 1391 1389 1390
f 1391 1390 1385
f 1391 1385 1686
f 1391 1686 1687
f 1391 1687 1688
f 1391 1688 1689
f 1395 1689 1690
f 1395 1391 1689
f 1385 1397 1686
f 1385 1387 1397
f 1690 1379 1395
f 1395 1379 1378
f 1385 1390 1377
f 1377 1390 1364
f 1382 1373 1372
f 1367 1368 1351
f 1368 1353 1351
f 1349 1691 1355
f 1351 1350 1692
f 1350 1693 1692
f 1350 1354 1693
f 1386 1686 1397
f 1386 1366 1686
f 1386 1365 1366
f 1367 1687 1366
f 1367 1688 1687
f 1367 1694 1688
f 1367 1692 1694
f 1367 1351 1692
f 1336 1693 1354
f 1336 1692 1693
f 1336 1694 1692
f 1336 1334 1694
f 1686 1366 1687
f 1689 1688 1694
f 1339 1336 1691
f 1336 1355 1691
f 1336 1354 1355
f 1339 1691 1338
f 1338 1691 1349
f 1338 1349 1345
f 1346 1335 1344
f 1335 1341 1344
f 1332 1337 1306
f 1337 1313 1306
f 1332 1306 1333
f 1333 1306 1308
f 1340 1333 1314
f 1333 1308 1314
f 1313 1337 1314
f 1314 1337 1340
f 1695 1696 1316
f 1696 1315 1316
f 1335 1697 1329
f 1335 1358 1697
f 1335 1357 1358
f 1335 1346 1357
f 1698 1329 1359
f 1698 1311 1329
f 1698 1699 1311
f 1698 1316 1699
f 1698 1695 1316
f 1359 1329 1697
f 1359 1697 1358
f 1310 1311 1699
f 1310 1699 1316
f 1326 1289 1327
f 1289 1608 1327
f 1289 1290 1608
f 1290 1613 1608
f 1290 1324 1613
f 1324 1611 1613
f 1324 1615 1611
f 1615 1607 1611
f 1615 1617 1607
f 1617 1327 1607
f 1608 1607 1327
f 1323 1331 1292
f 1292 1331 1610
f 1292 1610 1293
f 1293 1610 1614
f 1293 1614 1325
f 1325 1614 1612
f 1325 1612 1616
f 1616 1612 1609
f 1616 1609 1618
f 1618 1609 1331
f 1610 1331 1609
f 1404 1297 1678
f 1297 1679 1678
f 1297 1296 1679
f 1296 1684 1679
f 1296 1700 1684
f 1700 1682 1684
f 1700 1402 1682
f 1402 1678 1682
f 1402 1404 1678
f 1296 1286 1700
f 1286 1315 1700
f 1286 1282 1315
f 1315 1696 1700
f 1701 1702 1273
f 1702 1271 1273
f 1701 1273 1703
f 1703 1273 1266
f 1704 1703 1268
f 1703 1266 1268
f 1271 1702 1268
f 1268 1702 1704
f 1319 1320 1259
f 1320 1261 1259
f 1319 1259 1317
f 1317 1259 1254
f 1318 1317 1256
f 1317 1254 1256
f 1261 1320 1256
f 1256 1320 1318
f 1244 1246 1705
f 1705 1246 1274
f 1303 1703 1280
f 1703 1279 1280
f 1703 1704 1279
f 1295 1294 1702
f 1294 1704 1702
f 1294 1277 1704
f 1277 1279 1704
f 1701 1295 1702
f 1701 1705 1295
f 1701 1250 1705
f 1701 1302 1250
f 1701 1301 1302
f 1701 1303 1301
f 1701 1703 1303
f 1250 1244 1705
f 1689 1694 1690
f 1694 1368 1690
f 1694 1334 1368
f 1334 1353 1368
f 1695 1698 1325
f 1698 1324 1325
f 1698 1309 1324
f 1309 1615 1324
f 1309 1307 1615
f 1301 1303 1258
f 1303 1252 1258
f 1303 1300 1252
f 1264 1275 1700
f 1275 1402 1700
f 1275 1301 1402
f 1368 1376 1690
f 1376 1379 1690
f 1376 1380 1379
f 1298 1616 1615
f 1298 1325 1616
f 1298 1695 1325
f 1298 1300 1695
f 1330 1353 1334
f 1330 1359 1353
f 1330 1698 1359
f 1330 1309 1698
f 1696 1264 1700
f 1696 1303 1264
f 1696 1300 1303
f 1696 1695 1300
f 1706 1615 1328
f 1706 1298 1615
f 1706 1258 1298
f 1706 1301 1258
f 1706 1402 1301
f 1706 1707 1402
f 1403 1402 1707
f 1403 1707 1708
f 1307 1328 1615
f 1707 1706 1245
f 1706 1302 1245
f 1706 1250 1302
f 1328 1305 1617
f 1305 1327 1617
f 1305 1304 1327
f 1299 1617 1321
f 1299 1706 1617
f 1299 1250 1706
f 1299 1257 1250
f 1276 1251 1245
f 1276 1245 1302
f 1321 1617 1618
f 1321 1618 1331
f 1257 1249 1250
f 1328 1617 1706
f 1405 1242 1247
f 1247 1242 1241
f 1404 1405 1247
f 1404 1247 1274
f 1404 1274 1272
f 1404 1272 1297
f 1705 1274 1247
f 1705 1247 1248
f 1705 1248 1260
f 1705 1260 1295
f 1709 1239 1240
f 1240 1239 1238
f 1709 1237 1239
f 1237 1234 1239
f 1240 1236 1709
f 1236 1237 1709
f 1710 1224 1223
f 1224 1710 1222
f 1710 1218 1222
f 1710 1219 1218
f 1711 1712 1713
f 1713 1712 1714
f 1715 1716 1717
f 1717 1716 1718
f 1719 1621 1720
f 1720 1621 1622
f 1720 1622 1721
f 1721 1622 1623
f 1721 1623 1722
f 1722 1623 1624
f 1722 1624 1625
f 1723 1625 1724
f 1724 1625 1626
f 1724 1626 1725
f 1725 1626 1619
f 1725 1619 1726
f 1726 1619 1620
f 1726 1620 1621
f 1722 1625 1723
f 1726 1621 1719
f 1727 1633 1728
f 1728 1633 1634
f 1728 1634 1729
f 1729 1634 1627
f 1729 1627 1730
f 1730 1627 1628
f 1730 1628 1629
f 1731 1629 1732
f 1732 1629 1630
f 1732 1630 1733
f 1733 1630 1631
f 1733 1631 1734
f 1734 1631 1632
f 1734 1632 1633
f 1730 1629 1731
f 1734 1633 1727
f 1735 1736 1737
f 1737 1736 1738
f 1737 1738 1739
f 1739 1738 1740
f 1739 1740 1741
f 1741 1740 1742
f 1743 1744 1745
f 1745 1744 1746
f 1745 1746 1747
f 1747 1746 1748
f 1747 1748 1749
f 1749 1748 1750
f 1751 1752 1753
f 1753 1752 1754
f 1753 1754 1755
f 1755 1754 1756
f 1755 1756 1757
f 1757 1756 1758
f 1759 1760 1761
f 1761 1760 1762
f 1761 1762 1763
f 1763 1762 1764
f 1763 1764 1765
f 1765 1764 1766
f 1767 1768 1769
f 1769 1768 1770
f 1769 1770 1771
f 1771 1770 1772
f 1771 1772 1773
f 1773 1772 1774
f 1775 1776 1777
f 1777 1776 1778
f 1777 1778 1779
f 1779 1778 1780
f 1779 1780 1781
f 1781 1780 1782
f 1783 1784 1785
f 1785 1784 1786
f 1785 1786 1787
f 1787 1786 1788
f 1787 1788 1789
f 1789 1788 1790
f 1406 1637 1791
f 1637 1792 1791
f 1637 1636 1792
f 1636 1793 1792
f 1636 1635 1793
f 1635 1794 1793
f 1635 1414 1794
f 1414 1795 1794
f 1414 1412 1795
f 1412 1796 1795
f 1412 1410 1796
f 1410 1797 1796
f 1410 1407 1797
f 1407 1798 1797
f 1407 1406 1798
f 1406 1791 1798
f 1799 1800 1801
f 1801 1800 1802
f 1801 1802 1803
f 1803 1802 1804
f 1803 1804 1805
f 1805 1804 1806
f 1807 1808 1809
f 1809 1808 1810
f 1809 1810 1811
f 1811 1810 1812
f 1811 1812 1813
f 1808 1807 1814
f 1815 1816 1817
f 1817 1816 1818
f 1817 1818 1819
f 1819 1818 1820
f 1819 1820 1821
f 1822 1816 1815
f 1823 1824 1825
f 1825 1824 1826
f 1825 1826 1827
f 1827 1826 1828
f 1827 1828 1829
f 1829 1828 1830
f 1831 1832 1833
f 1833 1832 1834
f 1833 1834 1835
f 1835 1834 1836
f 1835 1836 1837
f 1837 1836 1838
f 1839 1840 1841
f 1841 1840 1842
f 1841 1842 1843
f 1843 1842 1844
f 1843 1844 1845
f 1839 1846 1840
f 1847 1848 1849
f 1849 1848 1850
f 1849 1850 1851
f 1851 1850 1852
f 1851 1852 1853
f 1853 1852 1854
f 1855 1856 1857
f 1857 1856 1858
f 1857 1858 1859
f 1859 1858 1860
f 1859 1860 1861
f 1861 1860 1862
f 1863 1864 1865
f 1865 1864 1866
f 1865 1866 1867
f 1867 1866 1868
f 1867 1868 1869
f 1870 1864 1863
f 1871 1872 1873
f 1873 1872 1874
f 1873 1874 1875
f 1875 1874 1876
f 1875 1876 1877
f 1877 1876 1878
f 1879 1880 1881
f 1881 1880 1882
f 1881 1882 1883
f 1883 1882 1884
f 1883 1884 1885
f 1885 1884 1886
f 1887 1888 1889
f 1889 1888 1890
f 1889 1890 1891
f 1891 1890 1892
f 1891 1892 1893
f 1888 1887 1894
f 1895 1896 1897
f 1897 1896 1898
f 1897 1898 1899
f 1899 1898 1900
f 1899 1900 1901
f 1901 1900 1902
f 1903 1904 1905
f 1905 1904 1906
f 1905 1906 1907
f 1907 1906 1908
f 1907 1908 1909
f 1909 1908 1910
f 1911 1912 1913
f 1913 1912 1914
f 1913 1914 1915
f 1915 1914 1916
f 1915 1916 1917
f 1912 1911 1918
f 1919 1920 1921
f 1921 1920 1922
f 1921 1922 1923
f 1923 1922 1924
f 1923 1924 1925
f 1925 1924 1926
f 1927 1928 1929
f 1929 1928 1930
f 1929 1930 1931
f 1931 1930 1932
f 1931 1932 1933
f 1933 1932 1934
f 1935 1936 1937
f 1937 1936 1938
f 1937 1938 1939
f 1939 1938 1940
f 1939 1940 1941
f 1935 1942 1936
f 1943 1944 1945
f 1945 1944 1946
f 1945 1946 1947
f 1947 1946 1948
f 1947 1948 1949
f 1949 1948 1950
f 1951 1952 1953
f 1953 1952 1954
f 1953 1954 1955
f 1955 1954 1956
f 1955 1956 1957
f 1957 1956 1958
f 1959 1960 1961
f 1961 1960 1962
f 1961 1962 1963
f 1963 1962 1964
f 1963 1964 1965
f 1966 1960 1959
f 1967 1968 1969
f 1969 1968 1970
f 1969 1970 1971
f 1971 1970 1972
f 1971 1972 1973
f 1973 1972 1974
f 1975 1976 1977
f 1977 1976 1978
f 1977 1978 1979
f 1979 1978 1980
f 1979 1980 1981
f 1981 1980 1982
f 1983 1984 1985
f 1985 1984 1986
f 1985 1986 1987
f 1987 1986 1988
f 1987 1988 1989
f 1984 1983 1990
f 1991 1992 1993
f 1993 1992 1994
f 1993 1994 1995
f 1995 1994 1996
f 1995 1996 1997
f 1997 1996 1998
f 1999 2000 2001
f 2001 2000 2002
f 2001 2002 2003
f 2003 2002 2004
f 2003 2004 2005
f 2005 2004 2006
f 2007 2008 2009
f 2009 2008 2010
f 2009 2010 2011
f 2011 2010 2012
f 2011 2012 2013
f 2008 2007 2014
f 2015 2016 2017
f 2017 2016 2018
f 2019 2020 2021
f 2021 2020 2022
f 2023 1639 2024
f 2024 1639 1638
f 2024 1638 2025
f 2025 1638 1645
f 2025 1645 2026
f 2026 1645 1640
f 2026 1640 2027
f 2027 1640 1641
f 2027 1641 2028
f 2028 1641 1643
f 2028 1643 2029
f 2029 1643 1644
f 2029 1644 2030
f 2030 1644 1642
f 2030 1642 2023
f 2023 1642 1639
f 1649 1648 2031
f 1648 2032 2031
f 1648 1647 2032
f 1647 2033 2032
f 1647 1646 2033
f 1646 2034 2033
f 1646 1653 2034
f 1653 2035 2034
f 1653 1652 2035
f 1652 2036 2035
f 1652 1651 2036
f 1651 2037 2036
f 1651 1650 2037
f 1650 2038 2037
f 1650 1649 2038
f 1649 2031 2038
f 1656 1657 2039
f 1657 2040 2039
f 1656 2039 1654
f 1654 2039 2041
f 1654 2041 1655
f 2041 2042 1655
f 1655 2042 1657
f 1657 2042 2040
f 1660 1661 2043
f 1661 2044 2043
f 1660 2043 1658
f 1658 2043 2045
f 1658 2045 1659
f 2045 2046 1659
f 1659 2046 1661
f 1661 2046 2044
f 2047 2048 2049
f 2049 2048 2050
f 2049 2050 2051
f 2051 2050 2052
f 2051 2052 2053
f 2054 2048 2047
f 2055 2056 2057
f 2057 2056 2058
f 2057 2058 2059
f 2059 2058 2060
f 2059 2060 2061
f 2062 2056 2055
f 2063 2064 2065
f 2065 2064 2066
f 2065 2066 2067
f 2064 2063 2068
f 2069 2070 2071
f 2071 2070 2072
f 2071 2072 2073
f 2070 2069 2074
f 2075 2076 2077
f 2077 2076 2078
f 2077 2078 2079
f 2076 2075 2080
f 2081 2082 2083
f 2083 2082 2084
f 2083 2084 2085
f 2082 2081 2086
f 2087 1666 2088
f 2088 1666 1667
f 2088 1667 1668
f 2089 1668 2090
f 2090 1668 1669
f 2090 1669 2091
f 2091 1669 1662
f 2091 1662 2092
f 2092 1662 1663
f 2092 1663 1664
f 2093 2094 1664
f 2093 1664 1665
f 2093 1665 1666
f 2093 1666 2087
f 2088 1668 2089
f 2092 1664 2094
f 2095 1674 2096
f 2096 1674 1675
f 2096 1675 2097
f 2097 1675 1677
f 2097 1677 2098
f 2098 1677 1676
f 2098 1676 2099
f 2099 1676 1670
f 2099 1670 2100
f 2100 1670 1671
f 2100 1671 2101
f 2101 1671 1672
f 2101 1672 2102
f 2102 1672 1673
f 2102 1673 2095
f 2095 1673 1674
f 2103 2104 2105
f 2105 2104 2106
f 2105 2106 2107
f 2104 2103 2108
f 2109 2110 2111
f 2111 2110 2112
f 2111 2112 2113
f 2110 2109 2114
f 2115 2116 2117
f 2117 2116 2118
f 2117 2118 2119
f 2119 2118 2120
f 2121 2122 2123
f 2123 2122 2124
f 2123 2124 2125
f 2125 2124 2126
f 2127 2128 2129
f 2129 2128 2130
f 2129 2130 2131
f 2128 2127 2132
f 2133 2134 2135
f 2135 2134 2136
f 2135 2136 2137
f 2134 2133 2138
f 1685 1683 2139
f 2139 1683 2140
f 1681 1242 1680
f 1680 1242 1405
f 1680 1405 1403
f 2141 1243 1242
f 2141 1242 1681
f 2141 1681 1685
f 2141 1685 2139
f 2142 2140 1683
f 2142 1683 1680
f 2142 1680 1708
f 1403 1708 1680
f 2141 2143 1243
f 2143 1241 1243
f 2143 2144 1241
f 2144 1245 1241
f 2144 1707 1245
f 1707 2144 1708
f 1245 1247 1241
f 2144 2142 1708
f 2145 2146 2147
f 2147 2146 2148
f 2149 2150 2151
f 2151 2150 2152
f 1211 2153 1210
f 1212 1214 1208
f 1208 1214 1207
f 1203 1210 1202
f 1210 2153 1202
f 1204 1202 1211
f 1211 1202 2153
f 1214 1213 1207
f 1207 1213 1209
f 1229 1227 1206
f 1229 1206 1207
f 1229 1207 1209
f 1229 1209 1200
f 1229 1200 1201
f 1229 1201 1233
f 1231 1233 1201
f 1231 1201 1202
f 1231 1202 1204
f 1231 1204 1205
f 1231 1205 1206
f 1231 1206 1227
f 1175 1185 1173
f 1185 1190 1173
f 1185 1191 1190
f 1177 1193 1174
f 1174 1193 1184
f 1180 1193 1176
f 1176 1193 1177
f 1171 1178 1172
f 1172 1178 2154
f 1172 2154 1183
f 1199 1181 1198
f 1198 1181 1183
f 1198 1183 1197
f 1197 1183 2154
f 1197 2154 1178
f 1182 1181 1199
f 1155 1156 2155
f 2155 1156 1165
f 2156 1158 2155
f 2155 1158 1155
f 2155 1160 2156
f 2156 1160 1161
f 2156 1161 1159
f 1159 1161 1162
f 1136 1159 1162
f 1136 1162 1163
f 1136 1163 1139
f 1164 1139 1163
f 1164 1163 1160
f 1164 1160 2155
f 1164 2155 1165
f 1164 1153 1139
f 1139 1153 1138
f 1132 1145 1129
f 1129 1145 1143
f 1159 1148 1132
f 1159 1132 1131
f 1159 1131 1141
f 1159 1141 1158
f 1159 1158 2156
f 1132 1148 1145
f 1126 1125 1140
f 1140 1125 1137
f 1140 1137 1142
f 1128 1130 1133
f 1130 1144 1133
f 1107 1101 1115
f 1101 1114 1115
f 1103 1120 1102
f 1102 1120 1113
f 1111 1120 1104
f 1104 1120 1103
f 1105 1106 1112
f 1112 1106 1109
f 1082 1083 1091
f 1091 1083 1096
f 1089 1096 1081
f 1096 1080 1081
f 1096 1083 1080
f 1079 1078 1088
f 1078 1087 1088
f 1085 1075 1090
f 1090 1075 1074
f 1090 1074 1084
f 1077 2157 1071
f 1071 2157 1066
f 1069 1068 1073
f 1068 2158 1073
f 2157 1077 1072
f 2157 1072 1073
f 2157 1073 2158
f 2157 2158 2159
f 1219 1710 1221
f 1710 1223 1221
f 1225 2160 1221
f 2160 1066 1221
f 2160 2161 1066
f 2161 1067 1066
f 2157 1221 1066
f 2157 1219 1221
f 2157 1216 1219
f 2157 2162 1216
f 2157 2163 2162
f 2157 2159 2163
f 1216 1215 1219
f 1225 1220 2160
f 1220 2164 2160
f 1220 2165 2164
f 1218 1220 1222
f 1218 2165 1220
f 1218 1216 2165
f 1218 1217 1216
f 1216 2162 2165
f 1713 1714 2166
f 1714 2167 2166
f 1713 2166 1711
f 1711 2166 2168
f 1712 1711 2169
f 1711 2168 2169
f 1712 2169 1714
f 1714 2169 2167
f 1717 1718 2170
f 1718 2171 2170
f 1717 2170 1715
f 1715 2170 2172
f 1716 1715 2173
f 1715 2172 2173
f 1716 2173 1718
f 1718 2173 2171
f 2174 1725 2175
f 2175 1725 1726
f 2175 1726 2176
f 2176 1726 1719
f 2176 1719 2177
f 2177 1719 1720
f 2177 1720 2178
f 2178 1720 1721
f 2178 1721 2179
f 2179 1721 1722
f 2179 1722 2180
f 2180 1722 1723
f 2180 1723 2181
f 2181 1723 1724
f 2181 1724 2174
f 2174 1724 1725
f 1733 1734 2182
f 1734 2183 2182
f 1734 1727 2183
f 1727 2184 2183
f 1727 1728 2184
f 1728 2185 2184
f 1728 1729 2185
f 1729 2186 2185
f 1729 1730 2186
f 1730 2187 2186
f 1730 1731 2187
f 1731 2188 2187
f 1731 1732 2188
f 1732 2189 2188
f 1732 1733 2189
f 1733 2182 2189
f 1061 2190 1062
f 1062 2190 2191
f 1062 2191 1065
f 1065 2191 1063
f 1065 1063 1064
f 1061 2192 2190
f 2193 1058 2194
f 2194 1058 1059
f 2194 1059 1056
f 1056 1059 1060
f 1056 1060 1057
f 1058 2193 2195
f 1053 1055 2196
f 2196 1055 1052
f 2196 1052 2197
f 2197 1052 1051
f 2197 1051 2198
f 1053 1054 1055
f 1049 1047 1048
f 1048 1047 1046
f 1048 1046 2199
f 2199 1046 2200
f 2199 2200 2201
f 1047 1049 1050
f 1045 1041 1044
f 1044 1041 2202
f 1044 2202 1043
f 1043 2202 2203
f 1043 2203 2204
f 1041 1045 1042
f 1737 1739 1024
f 1739 1025 1024
f 1739 1741 1025
f 1741 1001 1025
f 1741 1742 1001
f 1742 1002 1001
f 1742 1740 1002
f 1740 945 1002
f 1740 1738 945
f 1738 944 945
f 1738 1736 944
f 1736 919 944
f 1736 1735 919
f 1735 917 919
f 1735 1737 917
f 1737 1024 917
f 1743 1745 955
f 1745 1035 955
f 1745 1747 1035
f 1747 1036 1035
f 1747 1749 1036
f 1749 1037 1036
f 1749 1750 1037
f 1750 974 1037
f 1750 1748 974
f 1748 1029 974
f 1748 1746 1029
f 1746 959 1029
f 1746 1744 959
f 1744 957 959
f 1744 1743 957
f 1743 955 957
f 1752 1751 999
f 1751 975 999
f 1751 1753 975
f 1753 976 975
f 1753 1755 976
f 1755 952 976
f 1755 1757 952
f 1757 950 952
f 1757 1758 950
f 1758 1039 950
f 1758 1756 1039
f 1756 997 1039
f 1756 1754 997
f 1754 998 997
f 1754 1752 998
f 1752 999 998
f 1762 1760 961
f 1760 941 961
f 1760 1759 941
f 1759 939 941
f 1759 1761 939
f 1761 990 939
f 1761 1763 990
f 1763 991 990
f 1763 1765 991
f 1765 992 991
f 1765 1766 992
f 1766 993 992
f 1766 1764 993
f 1764 963 993
f 1764 1762 963
f 1762 961 963
f 1772 1770 1028
f 1770 1038 1028
f 1770 1768 1038
f 1768 1010 1038
f 1768 1767 1010
f 1767 1011 1010
f 1767 1769 1011
f 1769 1012 1011
f 1769 1771 1012
f 1771 1013 1012
f 1771 1773 1013
f 1773 1007 1013
f 1773 1774 1007
f 1774 1008 1007
f 1774 1772 1008
f 1772 1028 1008
f 1782 1780 964
f 1780 965 964
f 1780 1778 965
f 1778 971 965
f 1778 1776 971
f 1776 972 971
f 1776 1775 972
f 1775 925 972
f 1775 1777 925
f 1777 985 925
f 1777 1779 985
f 1779 986 985
f 1779 1781 986
f 1781 970 986
f 1781 1782 970
f 1782 964 970
f 1789 1790 926
f 1790 928 926
f 1790 1788 928
f 1788 929 928
f 1788 1786 929
f 1786 979 929
f 1786 1784 979
f 1784 980 979
f 1784 1783 980
f 1783 1015 980
f 1783 1785 1015
f 1785 982 1015
f 1785 1787 982
f 1787 983 982
f 1787 1789 983
f 1789 926 983
f 927 930 1795
f 930 1794 1795
f 930 1000 1794
f 1000 1793 1794
f 1000 947 1793
f 947 1792 1793
f 947 973 1792
f 973 1791 1792
f 973 940 1791
f 940 1798 1791
f 940 989 1798
f 989 1797 1798
f 989 966 1797
f 966 1796 1797
f 966 927 1796
f 927 1795 1796
f 1803 1805 934
f 1805 932 934
f 1805 1806 932
f 1806 1020 932
f 1806 1804 1020
f 1804 1021 1020
f 1804 1802 1021
f 1802 1018 1021
f 1802 1800 1018
f 1800 1019 1018
f 1800 1799 1019
f 1799 938 1019
f 1799 1801 938
f 1801 936 938
f 1801 1803 936
f 1803 934 936
f 1053 2196 946
f 2196 948 946
f 2196 2197 948
f 2197 949 948
f 2197 2198 949
f 2198 954 949
f 2198 1051 954
f 1051 956 954
f 1048 2199 1017
f 2199 1022 1017
f 2199 2201 1022
f 2201 1023 1022
f 2201 2200 1023
f 2200 918 1023
f 2200 1046 918
f 1046 920 918
f 1043 2204 977
f 2204 978 977
f 2204 2203 978
f 2203 931 978
f 2203 2202 931
f 2202 933 931
f 2202 1041 933
f 1041 935 933
f 1063 2191 1005
f 2191 1006 1005
f 2191 2190 1006
f 2190 1014 1006
f 2190 2192 1014
f 2192 967 1014
f 2192 1061 967
f 1061 968 967
f 1810 1808 987
f 1808 988 987
f 1808 1814 988
f 1814 1026 988
f 1814 1807 1026
f 1807 1027 1026
f 1807 1809 1027
f 1809 1009 1027
f 1058 2195 953
f 2195 942 953
f 2195 2193 942
f 2193 943 942
f 2193 2194 943
f 2194 1040 943
f 2194 1056 1040
f 1056 960 1040
f 1822 1815 1031
f 1815 1032 1031
f 1815 1817 1032
f 1817 1033 1032
f 1817 1819 1033
f 1819 1034 1033
f 1819 1821 1034
f 1821 995 1034
f 913 2205 909
f 909 2205 2206
f 909 2206 908
f 908 2206 2207
f 908 2207 912
f 915 2205 913
f 912 2207 910
f 2207 923 910
f 2207 2206 923
f 2206 924 923
f 2206 2205 924
f 2205 984 924
f 2205 915 984
f 915 914 984
f 893 894 1812
f 894 1813 1812
f 894 907 1813
f 987 994 1810
f 994 1812 1810
f 994 893 1812
f 1811 1009 1809
f 1811 1003 1009
f 1811 896 1003
f 1811 898 896
f 1811 907 898
f 1811 1813 907
f 885 886 1816
f 886 1818 1816
f 886 887 1818
f 1031 1030 1822
f 1030 1816 1822
f 1030 885 1816
f 1820 995 1821
f 1820 996 995
f 1820 900 996
f 1820 899 900
f 1820 887 899
f 1820 1818 887
f 1825 1827 2208
f 1827 2209 2208
f 1827 1829 2209
f 1829 2210 2209
f 1829 1830 2210
f 1830 2211 2210
f 1830 1828 2211
f 1828 2212 2211
f 1828 1826 2212
f 1826 2213 2212
f 1826 1824 2213
f 1824 2214 2213
f 1824 1823 2214
f 1823 2215 2214
f 1823 1825 2215
f 1825 2208 2215
f 1833 1835 2216
f 1835 2217 2216
f 1835 1837 2217
f 1837 2218 2217
f 1837 1838 2218
f 1838 2219 2218
f 1838 1836 2219
f 1836 2220 2219
f 1836 1834 2220
f 1834 2221 2220
f 1834 1832 2221
f 1832 2222 2221
f 1832 1831 2222
f 1831 2223 2222
f 1831 1833 2223
f 1833 2216 2223
f 1839 1841 2224
f 1841 2225 2224
f 1841 1843 2225
f 1843 2226 2225
f 1843 1845 2226
f 1845 2227 2226
f 1845 1844 2227
f 1844 2228 2227
f 1844 1842 2228
f 1842 2229 2228
f 1842 1840 2229
f 1840 2230 2229
f 1840 1846 2230
f 1846 2231 2230
f 1846 1839 2231
f 1839 2224 2231
f 1847 1849 2232
f 1849 2233 2232
f 1849 1851 2233
f 1851 2234 2233
f 1851 1853 2234
f 1853 2235 2234
f 1853 1854 2235
f 1854 2236 2235
f 1854 1852 2236
f 1852 2237 2236
f 1852 1850 2237
f 1850 2238 2237
f 1850 1848 2238
f 1848 2239 2238
f 1848 1847 2239
f 1847 2232 2239
f 1855 1857 2240
f 1857 2241 2240
f 1857 1859 2241
f 1859 2242 2241
f 1859 1861 2242
f 1861 2243 2242
f 1861 1862 2243
f 1862 2244 2243
f 1862 1860 2244
f 1860 2245 2244
f 1860 1858 2245
f 1858 2246 2245
f 1858 1856 2246
f 1856 2247 2246
f 1856 1855 2247
f 1855 2240 2247
f 1870 1863 2248
f 1863 2249 2248
f 1863 1865 2249
f 1865 2250 2249
f 1865 1867 2250
f 1867 2251 2250
f 1867 1869 2251
f 1869 2252 2251
f 1869 1868 2252
f 1868 2253 2252
f 1868 1866 2253
f 1866 2254 2253
f 1866 1864 2254
f 1864 2255 2254
f 1864 1870 2255
f 1870 2248 2255
f 1872 1871 2256
f 1871 2257 2256
f 1871 1873 2257
f 1873 2258 2257
f 1873 1875 2258
f 1875 2259 2258
f 1875 1877 2259
f 1877 2260 2259
f 1877 1878 2260
f 1878 2261 2260
f 1878 1876 2261
f 1876 2262 2261
f 1876 1874 2262
f 1874 2263 2262
f 1874 1872 2263
f 1872 2256 2263
f 1880 1879 2264
f 1879 2265 2264
f 1879 1881 2265
f 1881 2266 2265
f 1881 1883 2266
f 1883 2267 2266
f 1883 1885 2267
f 1885 2268 2267
f 1885 1886 2268
f 1886 2269 2268
f 1886 1884 2269
f 1884 2270 2269
f 1884 1882 2270
f 1882 2271 2270
f 1882 1880 2271
f 1880 2264 2271
f 1888 1894 2272
f 1894 2273 2272
f 1894 1887 2273
f 1887 2274 2273
f 1887 1889 2274
f 1889 2275 2274
f 1889 1891 2275
f 1891 2276 2275
f 1891 1893 2276
f 1893 2277 2276
f 1893 1892 2277
f 1892 2278 2277
f 1892 1890 2278
f 1890 2279 2278
f 1890 1888 2279
f 1888 2272 2279
f 1898 1896 2280
f 1896 2281 2280
f 1896 1895 2281
f 1895 2282 2281
f 1895 1897 2282
f 1897 2283 2282
f 1897 1899 2283
f 1899 2284 2283
f 1899 1901 2284
f 1901 2285 2284
f 1901 1902 2285
f 1902 2286 2285
f 1902 1900 2286
f 1900 2287 2286
f 1900 1898 2287
f 1898 2280 2287
f 1906 1904 2288
f 1904 2289 2288
f 1904 1903 2289
f 1903 2290 2289
f 1903 1905 2290
f 1905 2291 2290
f 1905 1907 2291
f 1907 2292 2291
f 1907 1909 2292
f 1909 2293 2292
f 1909 1910 2293
f 1910 2294 2293
f 1910 1908 2294
f 1908 2295 2294
f 1908 1906 2295
f 1906 2288 2295
f 1914 1912 2296
f 1912 2297 2296
f 1912 1918 2297
f 1918 2298 2297
f 1918 1911 2298
f 1911 2299 2298
f 1911 1913 2299
f 1913 2300 2299
f 1913 1915 2300
f 1915 2301 2300
f 1915 1917 2301
f 1917 2302 2301
f 1917 1916 2302
f 1916 2303 2302
f 1916 1914 2303
f 1914 2296 2303
f 1924 1922 2304
f 1922 2305 2304
f 1922 1920 2305
f 1920 2306 2305
f 1920 1919 2306
f 1919 2307 2306
f 1919 1921 2307
f 1921 2308 2307
f 1921 1923 2308
f 1923 2309 2308
f 1923 1925 2309
f 1925 2310 2309
f 1925 1926 2310
f 1926 2311 2310
f 1926 1924 2311
f 1924 2304 2311
f 1932 1930 2312
f 1930 2313 2312
f 1930 1928 2313
f 1928 2314 2313
f 1928 1927 2314
f 1927 2315 2314
f 1927 1929 2315
f 1929 2316 2315
f 1929 1931 2316
f 1931 2317 2316
f 1931 1933 2317
f 1933 2318 2317
f 1933 1934 2318
f 1934 2319 2318
f 1934 1932 2319
f 1932 2312 2319
f 1940 1938 2320
f 1938 2321 2320
f 1938 1936 2321
f 1936 2322 2321
f 1936 1942 2322
f 1942 2323 2322
f 1942 1935 2323
f 1935 2324 2323
f 1935 1937 2324
f 1937 2325 2324
f 1937 1939 2325
f 1939 2326 2325
f 1939 1941 2326
f 1941 2327 2326
f 1941 1940 2327
f 1940 2320 2327
f 1950 1948 2328
f 1948 2329 2328
f 1948 1946 2329
f 1946 2330 2329
f 1946 1944 2330
f 1944 2331 2330
f 1944 1943 2331
f 1943 2332 2331
f 1943 1945 2332
f 1945 2333 2332
f 1945 1947 2333
f 1947 2334 2333
f 1947 1949 2334
f 1949 2335 2334
f 1949 1950 2335
f 1950 2328 2335
f 1958 1956 2336
f 1956 2337 2336
f 1956 1954 2337
f 1954 2338 2337
f 1954 1952 2338
f 1952 2339 2338
f 1952 1951 2339
f 1951 2340 2339
f 1951 1953 2340
f 1953 2341 2340
f 1953 1955 2341
f 1955 2342 2341
f 1955 1957 2342
f 1957 2343 2342
f 1957 1958 2343
f 1958 2336 2343
f 1965 1964 2344
f 1964 2345 2344
f 1964 1962 2345
f 1962 2346 2345
f 1962 1960 2346
f 1960 2347 2346
f 1960 1966 2347
f 1966 2348 2347
f 1966 1959 2348
f 1959 2349 2348
f 1959 1961 2349
f 1961 2350 2349
f 1961 1963 2350
f 1963 2351 2350
f 1963 1965 2351
f 1965 2344 2351
f 1973 1974 2352
f 1974 2353 2352
f 1974 1972 2353
f 1972 2354 2353
f 1972 1970 2354
f 1970 2355 2354
f 1970 1968 2355
f 1968 2356 2355
f 1968 1967 2356
f 1967 2357 2356
f 1967 1969 2357
f 1969 2358 2357
f 1969 1971 2358
f 1971 2359 2358
f 1971 1973 2359
f 1973 2352 2359
f 1981 1982 2360
f 1982 2361 2360
f 1982 1980 2361
f 1980 2362 2361
f 1980 1978 2362
f 1978 2363 2362
f 1978 1976 2363
f 1976 2364 2363
f 1976 1975 2364
f 1975 2365 2364
f 1975 1977 2365
f 1977 2366 2365
f 1977 1979 2366
f 1979 2367 2366
f 1979 1981 2367
f 1981 2360 2367
f 1987 1989 2368
f 1989 2369 2368
f 1989 1988 2369
f 1988 2370 2369
f 1988 1986 2370
f 1986 2371 2370
f 1986 1984 2371
f 1984 2372 2371
f 1984 1990 2372
f 1990 2373 2372
f 1990 1983 2373
f 1983 2374 2373
f 1983 1985 2374
f 1985 2375 2374
f 1985 1987 2375
f 1987 2368 2375
f 1995 1997 2376
f 1997 2377 2376
f 1997 1998 2377
f 1998 2378 2377
f 1998 1996 2378
f 1996 2379 2378
f 1996 1994 2379
f 1994 2380 2379
f 1994 1992 2380
f 1992 2381 2380
f 1992 1991 2381
f 1991 2382 2381
f 1991 1993 2382
f 1993 2383 2382
f 1993 1995 2383
f 1995 2376 2383
f 2003 2005 2384
f 2005 2385 2384
f 2005 2006 2385
f 2006 2386 2385
f 2006 2004 2386
f 2004 2387 2386
f 2004 2002 2387
f 2002 2388 2387
f 2002 2000 2388
f 2000 2389 2388
f 2000 1999 2389
f 1999 2390 2389
f 1999 2001 2390
f 2001 2391 2390
f 2001 2003 2391
f 2003 2384 2391
f 2009 2011 2392
f 2011 2393 2392
f 2011 2013 2393
f 2013 2394 2393
f 2013 2012 2394
f 2012 2395 2394
f 2012 2010 2395
f 2010 2396 2395
f 2010 2008 2396
f 2008 2397 2396
f 2008 2014 2397
f 2014 2398 2397
f 2014 2007 2398
f 2007 2399 2398
f 2007 2009 2399
f 2009 2392 2399
f 2017 2018 2400
f 2018 2401 2400
f 2017 2400 2015
f 2015 2400 2402
f 2403 2016 2402
f 2016 2015 2402
f 2016 2403 2018
f 2018 2403 2401
f 2021 2022 2404
f 2022 2405 2404
f 2021 2404 2019
f 2019 2404 2406
f 2407 2020 2406
f 2020 2019 2406
f 2020 2407 2022
f 2022 2407 2405
f 2408 2023 2409
f 2409 2023 2024
f 2409 2024 2025
f 2410 2025 2411
f 2411 2025 2026
f 2411 2026 2412
f 2412 2026 2027
f 2412 2027 2413
f 2413 2027 2028
f 2413 2028 2029
f 2414 2415 2029
f 2414 2029 2030
f 2414 2030 2023
f 2414 2023 2408
f 2409 2025 2410
f 2413 2029 2415
f 2416 2417 2418
f 2418 2417 2419
f 2420 2421 2422
f 2422 2421 2423
f 2424 2425 2426
f 2426 2425 2427
f 2033 2428 2032
f 2032 2428 2429
f 2032 2429 2031
f 2031 2429 2430
f 2031 2430 2038
f 2038 2430 2431
f 2038 2431 2037
f 2037 2431 2432
f 2037 2432 2036
f 2036 2432 2433
f 2036 2433 2035
f 2035 2433 2434
f 2035 2434 2034
f 2034 2434 2435
f 2034 2435 2033
f 2033 2435 2428
f 2046 2041 2044
f 2044 2041 2039
f 2040 2042 2436
f 2436 2042 2437
f 2438 2439 2045
f 2438 2045 2043
f 2438 2043 2044
f 2438 2044 2039
f 2438 2039 2040
f 2438 2040 2436
f 2439 2437 2042
f 2439 2042 2041
f 2439 2041 2046
f 2439 2046 2045
f 2440 2441 2442
f 2442 2441 2443
f 2442 2443 2444
f 2444 2443 2445
f 2444 2445 2446
f 2446 2445 2447
f 2446 2447 2448
f 2448 2447 2449
f 2450 2449 2447
f 2450 2447 2445
f 2450 2445 2443
f 2450 2443 2441
f 2448 2449 2451
f 2451 2449 2452
f 2451 2452 2453
f 2453 2452 2454
f 2453 2454 2455
f 2455 2454 2456
f 2455 2456 2440
f 2440 2456 2441
f 2450 2441 2456
f 2450 2456 2454
f 2450 2454 2452
f 2450 2452 2449
f 2053 2052 2457
f 2052 2458 2457
f 2052 2050 2458
f 2050 2459 2458
f 2050 2048 2459
f 2048 2460 2459
f 2048 2054 2460
f 2054 2461 2460
f 2054 2047 2461
f 2047 2462 2461
f 2047 2049 2462
f 2049 2463 2462
f 2049 2051 2463
f 2051 2464 2463
f 2051 2053 2464
f 2053 2457 2464
f 2061 2060 2465
f 2060 2466 2465
f 2060 2058 2466
f 2058 2467 2466
f 2058 2056 2467
f 2056 2468 2467
f 2056 2062 2468
f 2062 2469 2468
f 2062 2055 2469
f 2055 2470 2469
f 2055 2057 2470
f 2057 2471 2470
f 2057 2059 2471
f 2059 2472 2471
f 2059 2061 2472
f 2061 2465 2472
f 2068 2473 2064
f 2064 2473 2474
f 2064 2474 2066
f 2066 2474 2475
f 2066 2475 2067
f 2067 2475 2476
f 2067 2476 2065
f 2065 2476 2477
f 2065 2477 2063
f 2063 2477 2478
f 2063 2478 2068
f 2068 2478 2473
f 2074 2479 2070
f 2070 2479 2480
f 2070 2480 2072
f 2072 2480 2481
f 2072 2481 2073
f 2073 2481 2482
f 2073 2482 2071
f 2071 2482 2483
f 2071 2483 2069
f 2069 2483 2484
f 2069 2484 2074
f 2074 2484 2479
f 2079 2485 2077
f 2077 2485 2486
f 2077 2486 2075
f 2075 2486 2487
f 2075 2487 2080
f 2080 2487 2488
f 2080 2488 2076
f 2076 2488 2489
f 2076 2489 2078
f 2078 2489 2490
f 2078 2490 2079
f 2079 2490 2485
f 2085 2491 2083
f 2083 2491 2492
f 2083 2492 2081
f 2081 2492 2493
f 2081 2493 2086
f 2086 2493 2494
f 2086 2494 2082
f 2082 2494 2495
f 2082 2495 2084
f 2084 2495 2496
f 2084 2496 2085
f 2085 2496 2491
f 2497 2091 2498
f 2498 2091 2092
f 2498 2092 2499
f 2499 2092 2094
f 2499 2094 2500
f 2500 2094 2093
f 2500 2093 2501
f 2501 2093 2087
f 2501 2087 2502
f 2502 2087 2088
f 2502 2088 2503
f 2503 2088 2089
f 2503 2089 2504
f 2504 2089 2090
f 2504 2090 2497
f 2497 2090 2091
f 820 2097 821
f 821 2097 2098
f 821 2098 814
f 814 2098 2099
f 814 2099 815
f 815 2099 2100
f 815 2100 2101
f 816 2101 817
f 817 2101 2102
f 817 2102 818
f 818 2102 2095
f 818 2095 819
f 819 2095 2096
f 819 2096 2097
f 815 2101 816
f 819 2097 820
f 2108 2505 2104
f 2104 2505 2506
f 2104 2506 2106
f 2106 2506 2507
f 2106 2507 2107
f 2107 2507 2508
f 2107 2508 2105
f 2105 2508 2509
f 2105 2509 2103
f 2103 2509 2510
f 2103 2510 2108
f 2108 2510 2505
f 2114 2511 2110
f 2110 2511 2512
f 2110 2512 2112
f 2112 2512 2513
f 2112 2513 2113
f 2113 2513 2514
f 2113 2514 2111
f 2111 2514 2515
f 2111 2515 2109
f 2109 2515 2516
f 2109 2516 2114
f 2114 2516 2511
f 2118 2517 2120
f 2120 2517 2518
f 2120 2518 2119
f 2119 2518 2519
f 2119 2519 2117
f 2117 2519 2520
f 2117 2520 2115
f 2115 2520 2521
f 2115 2521 2116
f 2116 2521 2522
f 2116 2522 2118
f 2118 2522 2517
f 2124 2523 2126
f 2126 2523 2524
f 2126 2524 2125
f 2125 2524 2525
f 2125 2525 2123
f 2123 2525 2526
f 2123 2526 2121
f 2121 2526 2527
f 2121 2527 2122
f 2122 2527 2528
f 2122 2528 2124
f 2124 2528 2523
f 2131 2529 2129
f 2129 2529 2530
f 2129 2530 2127
f 2127 2530 2531
f 2127 2531 2132
f 2132 2531 2532
f 2132 2532 2128
f 2128 2532 2533
f 2128 2533 2130
f 2130 2533 2534
f 2130 2534 2131
f 2131 2534 2529
f 2134 2535 2136
f 2136 2535 2536
f 2136 2536 2137
f 2137 2536 2537
f 2137 2537 2135
f 2135 2537 2538
f 2135 2538 2133
f 2133 2538 2539
f 2133 2539 2138
f 2138 2539 2540
f 2138 2540 2134
f 2134 2540 2535
f 2541 2542 2543
f 2543 2542 2544
f 2545 2546 2547
f 2547 2546 2548
f 2547 2548 2549
f 2549 2548 2550
f 2549 2550 2551
f 2546 2545 2552
f 2553 2554 2555
f 2555 2554 2556
f 2557 2558 2559
f 2559 2558 2560
f 2561 2562 2144
f 2562 2142 2144
f 2562 2140 2142
f 2563 2139 2562
f 2562 2139 2140
f 2143 2141 2564
f 2141 2563 2564
f 2141 2139 2563
f 2561 2144 2564
f 2564 2144 2143
f 2565 2147 2566
f 2147 2148 2566
f 2565 2567 2147
f 2147 2567 2145
f 2568 2146 2567
f 2146 2145 2567
f 2568 2566 2146
f 2146 2566 2148
f 2569 2151 2570
f 2151 2152 2570
f 2569 2571 2151
f 2151 2571 2149
f 2572 2150 2571
f 2150 2149 2571
f 2572 2570 2150
f 2150 2570 2152
f 2164 2573 2160
f 2160 2573 2574
f 2160 2574 2161
f 1068 1067 2158
f 1067 2159 2158
f 2574 1067 2161
f 2574 2159 1067
f 2574 2163 2159
f 2574 2575 2163
f 2576 2165 2575
f 2575 2165 2162
f 2575 2162 2163
f 2164 2165 2573
f 2165 2576 2573
f 2173 2172 2167
f 2167 2172 2166
f 2169 2168 2577
f 2577 2168 2578
f 2579 2578 2168
f 2579 2168 2166
f 2579 2166 2172
f 2579 2172 2170
f 2579 2170 2171
f 2579 2171 2580
f 2580 2171 2173
f 2580 2173 2167
f 2580 2167 2169
f 2580 2169 2577
f 2581 2181 2174
f 2581 2180 2181
f 2582 2175 2176
f 2582 2174 2175
f 2583 2177 2178
f 2583 2176 2177
f 2584 2179 2180
f 2584 2178 2179
f 2188 2585 2187
f 2187 2585 2586
f 2187 2586 2186
f 2186 2586 2587
f 2186 2587 2185
f 2185 2587 2588
f 2185 2588 2184
f 2184 2588 2589
f 2184 2589 2183
f 2183 2589 2590
f 2183 2590 2182
f 2182 2590 2591
f 2182 2591 2189
f 2189 2591 2592
f 2189 2592 2188
f 2188 2592 2585
f 2357 2366 2356
f 2356 2366 2367
f 2356 2367 2355
f 2367 2360 2355
f 2355 2360 2354
f 2593 2342 2334
f 2334 2342 2343
f 2334 2343 2333
f 2333 2343 2336
f 2333 2336 2332
f 2332 2336 2337
f 2332 2337 2338
f 2242 2236 2241
f 2241 2236 2237
f 2241 2237 2240
f 2380 2385 2379
f 2379 2385 871
f 2379 871 2378
f 2371 2372 870
f 870 2372 2377
f 870 2377 871
f 871 2377 2378
f 878 2361 870
f 870 2361 2362
f 870 2362 2363
f 878 2331 2360
f 2360 2331 2332
f 2360 2332 2354
f 2354 2332 2338
f 2354 2338 2353
f 2353 2338 2346
f 2353 2346 2347
f 2340 2345 2339
f 2339 2345 2346
f 2339 2346 2338
f 2352 2353 2348
f 2348 2353 2347
f 2286 2295 2285
f 2285 2295 2288
f 2285 2288 2289
f 2213 2222 2212
f 2212 2222 2223
f 2212 2223 2211
f 2211 2223 2216
f 2211 2216 2217
f 2265 882 2264
f 2264 882 2236
f 2264 2236 2258
f 2258 2236 2242
f 2258 2242 2250
f 2250 2242 2243
f 2250 2243 2249
f 2249 2243 2244
f 2249 2244 2248
f 2224 2219 2231
f 2231 2219 2220
f 2231 2220 2221
f 2396 2215 2395
f 2395 2215 2208
f 2395 2208 2394
f 2394 2208 2209
f 2394 2209 2210
f 2298 2291 2297
f 2297 2291 2292
f 2297 2292 2296
f 2296 2292 2293
f 2296 2293 2303
f 2303 2293 2294
f 2389 2392 2388
f 2388 2392 2393
f 2388 2393 2387
f 2387 2393 2394
f 2387 2394 2386
f 2386 2394 871
f 2386 871 2385
f 2305 2298 2304
f 2304 2298 2299
f 2304 2299 2311
f 2311 2299 2300
f 2311 2300 2301
f 2377 2372 2376
f 2376 2372 2373
f 2376 2373 2383
f 2256 2257 2250
f 2256 2250 2251
f 2256 2251 2252
f 2256 2252 2263
f 2264 2258 2259
f 2264 2259 2260
f 2264 2260 2271
f 2344 2345 2340
f 2344 2340 2341
f 2344 2341 2342
f 2344 2342 2351
f 2368 2369 870
f 2368 870 2363
f 2368 2363 2364
f 2368 2364 2594
f 2368 2594 2375
f 2595 2596 2270
f 2595 2270 2271
f 2595 2271 2262
f 2595 2262 2254
f 2595 2254 2255
f 2595 2255 2248
f 2595 2248 2244
f 2595 2244 2245
f 2595 2245 2246
f 2595 2246 2237
f 2595 2237 2238
f 890 2273 2274
f 890 2274 2281
f 890 2281 2282
f 890 2282 2283
f 890 2283 2289
f 890 2289 2290
f 890 2290 891
f 877 871 2210
f 877 2210 2211
f 877 2211 2217
f 877 2217 2218
f 877 2218 2219
f 877 2219 2224
f 877 2224 2225
f 877 2225 2226
f 877 2226 2227
f 877 2227 882
f 2214 2215 2396
f 2214 2396 2397
f 2214 2397 2398
f 2214 2398 2597
f 2214 2597 2598
f 2214 2598 2222
f 2214 2222 2213
f 2599 2593 2318
f 2599 2318 2319
f 2599 2319 2310
f 2599 2310 2311
f 2599 2311 2301
f 2599 2301 2302
f 2599 2302 2303
f 2599 2303 2294
f 2599 2294 2596
f 891 2290 2291
f 891 2291 2298
f 891 2298 2305
f 891 2305 2306
f 891 2306 2307
f 891 2307 2313
f 891 2313 2314
f 891 2314 2315
f 891 2315 2322
f 891 2322 897
f 2597 2398 2399
f 2597 2399 2392
f 2597 2392 2389
f 2597 2389 2390
f 2597 2390 2381
f 2597 2381 2382
f 2597 2382 2594
f 897 2322 2323
f 897 2323 2330
f 897 2330 2331
f 897 2331 878
f 2328 2323 2324
f 2328 2324 2593
f 2328 2593 2335
f 2594 2364 2365
f 2594 2365 2366
f 2594 2366 2357
f 2594 2357 2358
f 2594 2358 2600
f 882 2265 2266
f 882 2266 2273
f 882 2273 890
f 882 2227 2228
f 882 2228 2233
f 882 2233 2234
f 882 2234 2235
f 882 2235 2236
f 2598 2595 2238
f 2598 2238 2239
f 2598 2239 2232
f 2598 2232 2228
f 2598 2228 2229
f 2598 2229 2230
f 2598 2230 2231
f 2598 2231 2221
f 2598 2221 2222
f 2281 2274 2275
f 2281 2275 2276
f 2281 2276 2277
f 2281 2277 2280
f 2262 2263 2252
f 2262 2252 2253
f 2262 2253 2254
f 2596 2294 2295
f 2596 2295 2286
f 2596 2286 2287
f 2596 2287 2277
f 2596 2277 2278
f 2596 2278 2279
f 2596 2279 2272
f 2596 2272 2268
f 2596 2268 2269
f 2596 2269 2270
f 2273 2266 2267
f 2273 2267 2268
f 2273 2268 2272
f 2315 2316 2327
f 2315 2327 2320
f 2315 2320 2321
f 2315 2321 2322
f 2593 2324 2325
f 2593 2325 2326
f 2593 2326 2327
f 2593 2327 2318
f 2600 2358 2359
f 2600 2359 2352
f 2600 2352 2348
f 2600 2348 2349
f 2600 2349 2350
f 2600 2350 2351
f 2600 2351 2342
f 2600 2342 2593
f 2323 2329 2330
f 2323 2328 2329
f 2384 2381 2391
f 2384 2385 2381
f 2312 2307 2319
f 2312 2313 2307
f 2316 2317 2327
f 2308 2319 2307
f 2308 2309 2319
f 2280 2277 2287
f 2284 2289 2283
f 2284 2285 2289
f 2240 2237 2247
f 2380 2381 2385
f 870 2369 2370
f 870 2370 2371
f 2318 2327 2317
f 2310 2319 2309
f 2382 2373 2594
f 2382 2383 2373
f 2390 2391 2381
f 2360 2361 878
f 2593 2334 2335
f 2375 2594 2374
f 2228 2232 2233
f 2262 2271 2261
f 2260 2261 2271
f 2250 2257 2258
f 2237 2246 2247
f 2210 871 2394
f 2594 2373 2374
f 2407 2402 2405
f 2405 2402 2400
f 2401 2403 2601
f 2601 2403 2602
f 2603 2604 2406
f 2603 2406 2404
f 2603 2404 2405
f 2603 2405 2400
f 2603 2400 2401
f 2603 2401 2601
f 2604 2602 2403
f 2604 2403 2402
f 2604 2402 2407
f 2604 2407 2406
f 2412 2413 2605
f 2413 2606 2605
f 2413 2415 2606
f 2415 2607 2606
f 2415 2414 2607
f 2414 2608 2607
f 2414 2408 2608
f 2408 2609 2608
f 2408 2409 2609
f 2409 2610 2609
f 2409 2410 2610
f 2410 2611 2610
f 2410 2411 2611
f 2411 2612 2611
f 2411 2412 2612
f 2412 2605 2612
f 2417 2613 2419
f 2419 2613 2614
f 2417 2416 2613
f 2416 2615 2613
f 2418 2616 2416
f 2416 2616 2615
f 2418 2419 2616
f 2419 2614 2616
f 2421 2617 2423
f 2423 2617 2618
f 2421 2420 2617
f 2420 2619 2617
f 2422 2620 2420
f 2420 2620 2619
f 2422 2423 2620
f 2423 2618 2620
f 2425 2621 2427
f 2427 2621 2622
f 2425 2424 2621
f 2424 2623 2621
f 2426 2624 2424
f 2424 2624 2623
f 2426 2427 2624
f 2427 2622 2624
f 2625 2434 2626
f 2626 2434 2433
f 2626 2433 2627
f 2627 2433 2432
f 2627 2432 2628
f 2628 2432 2431
f 2628 2431 2629
f 2629 2431 2430
f 2629 2430 2630
f 2630 2430 2429
f 2630 2429 2631
f 2631 2429 2428
f 2631 2428 2632
f 2632 2428 2435
f 2632 2435 2625
f 2625 2435 2434
f 2437 2633 2436
f 2436 2633 2634
f 2439 2635 2437
f 2635 2633 2437
f 2438 2636 2439
f 2439 2636 2635
f 2436 2634 2438
f 2634 2636 2438
f 2448 2637 2446
f 2637 2638 2446
f 2637 2639 2638
f 2639 2640 2638
f 2442 2641 2440
f 2641 2642 2440
f 2641 2643 2642
f 2643 2644 2642
f 2444 2645 2442
f 2645 2641 2442
f 2645 2646 2641
f 2646 2643 2641
f 2446 2638 2444
f 2638 2645 2444
f 2638 2640 2645
f 2640 2646 2645
f 2440 2642 2455
f 2642 2647 2455
f 2642 2644 2647
f 2644 2648 2647
f 2451 2649 2448
f 2649 2637 2448
f 2649 2650 2637
f 2650 2639 2637
f 2453 2651 2451
f 2651 2649 2451
f 2651 2652 2649
f 2652 2650 2649
f 2455 2647 2453
f 2647 2651 2453
f 2647 2648 2651
f 2648 2652 2651
f 2653 2654 2655
f 2655 2654 2656
f 2655 2656 2657
f 2654 2653 2658
f 2659 2660 2661
f 2661 2660 2662
f 2661 2662 2663
f 2660 2659 2664
f 2665 2666 2667
f 2667 2666 2668
f 2667 2668 2669
f 2669 2668 2670
f 2671 2672 2673
f 2673 2672 2674
f 2673 2674 2675
f 2675 2674 2676
f 2677 2678 2679
f 2679 2678 2680
f 2679 2680 2681
f 2678 2677 2682
f 2683 2684 2685
f 2685 2684 2686
f 2685 2686 2687
f 2684 2683 2688
f 2689 2690 2691
f 2691 2690 2692
f 2691 2692 2693
f 2693 2692 2694
f 2695 2696 2697
f 2697 2696 2698
f 2697 2698 2699
f 2699 2698 2700
f 2701 2702 2703
f 2703 2702 2704
f 2703 2704 2705
f 2702 2701 2706
f 2707 2708 2709
f 2709 2708 2710
f 2709 2710 2711
f 2708 2707 2712
f 2713 2714 2715
f 2715 2714 2716
f 2715 2716 2717
f 2714 2713 2718
f 2719 2720 2721
f 2721 2720 2722
f 2721 2722 2723
f 2720 2719 2724
f 2725 2726 2727
f 2727 2726 2728
f 2727 2728 2729
f 2729 2728 2730
f 2729 2730 2731
f 2726 2725 2732
f 2733 2457 2734
f 2734 2457 2458
f 2734 2458 2459
f 2735 2459 2736
f 2736 2459 2460
f 2736 2460 2737
f 2737 2460 2461
f 2737 2461 2738
f 2738 2461 2462
f 2738 2462 2463
f 2739 2740 2463
f 2739 2463 2464
f 2739 2464 2457
f 2739 2457 2733
f 2734 2459 2735
f 2738 2463 2740
f 2741 2465 2742
f 2742 2465 2466
f 2742 2466 2467
f 2743 2467 2744
f 2744 2467 2468
f 2744 2468 2745
f 2745 2468 2469
f 2745 2469 2746
f 2746 2469 2470
f 2746 2470 2471
f 2747 2748 2471
f 2747 2471 2472
f 2747 2472 2465
f 2747 2465 2741
f 2742 2467 2743
f 2746 2471 2748
f 2749 2750 2751
f 2751 2750 2752
f 2751 2752 2753
f 2753 2752 2754
f 2753 2754 2755
f 2750 2749 2756
f 2757 2758 2759
f 2759 2758 2760
f 2759 2760 2761
f 2761 2760 2762
f 2761 2762 2763
f 2758 2757 2764
f 824 825 2765
f 2765 825 2504
f 2765 2504 2766
f 2766 2504 2476
f 2766 2476 2475
f 826 2503 825
f 825 2503 2504
f 838 841 2502
f 2502 841 2767
f 2502 2767 2491
f 2491 2767 2768
f 2491 2768 2492
f 2500 855 2499
f 2499 855 857
f 838 2502 837
f 837 2502 2503
f 837 2503 836
f 2486 2485 2493
f 2493 2485 2494
f 2495 2501 2496
f 2496 2501 2502
f 2496 2502 2491
f 2481 2474 2482
f 2482 2474 2473
f 2482 2473 2497
f 2497 2473 2478
f 2497 2478 2504
f 2504 2478 2477
f 2504 2477 2476
f 2498 2484 2497
f 2497 2484 2483
f 2497 2483 2482
f 2490 2489 2500
f 2490 2500 2501
f 2490 2501 2494
f 2490 2494 2485
f 848 849 869
f 848 869 860
f 848 860 2499
f 848 2499 857
f 829 831 844
f 829 844 836
f 829 836 2503
f 829 2503 826
f 2767 841 843
f 2767 843 844
f 2767 844 831
f 2767 831 832
f 2767 832 2765
f 2769 2766 2475
f 2769 2475 2474
f 2769 2474 2481
f 2769 2481 2480
f 2769 2480 2479
f 2769 2479 2498
f 2769 2498 2770
f 2770 2498 863
f 2770 863 865
f 2770 865 867
f 2770 867 869
f 2770 869 2771
f 2771 869 849
f 2771 849 851
f 2771 851 853
f 2771 853 855
f 2771 855 2500
f 2771 2500 2488
f 2771 2488 2772
f 2772 2488 2487
f 2772 2487 2486
f 2772 2486 2493
f 2772 2493 2492
f 2772 2492 2768
f 861 2499 860
f 861 863 2499
f 824 2765 832
f 863 2498 2499
f 2494 2501 2495
f 2488 2500 2489
f 2479 2484 2498
f 2508 2773 799
f 799 2773 2774
f 799 2774 802
f 802 2774 2775
f 802 2775 804
f 2775 2776 804
f 804 2776 2537
f 804 2537 2536
f 808 2528 810
f 810 2528 2527
f 2539 2530 2540
f 2540 2530 2529
f 2540 2529 2535
f 2535 2529 806
f 2535 806 2536
f 2536 806 804
f 2533 808 2534
f 2534 808 806
f 2534 806 2529
f 2505 2514 2506
f 2506 2514 2513
f 2526 2525 2518
f 2526 2518 2517
f 2526 2517 810
f 2526 810 2527
f 2777 2773 2507
f 2777 2507 2506
f 2777 2506 2513
f 2777 2513 2512
f 2777 2512 2511
f 2777 2511 812
f 2777 812 2778
f 2778 812 2521
f 2778 2521 2520
f 2778 2520 2519
f 2778 2519 2518
f 2778 2518 2779
f 2779 2518 2525
f 2779 2525 2524
f 2779 2524 2523
f 2779 2523 2528
f 2779 2528 808
f 2779 808 2532
f 2779 2532 2780
f 2780 2532 2531
f 2780 2531 2530
f 2780 2530 2539
f 2780 2539 2538
f 2780 2538 2776
f 798 812 2515
f 798 2515 2514
f 798 2514 2505
f 798 2505 2510
f 798 2510 2509
f 798 2509 799
f 2522 810 2517
f 2522 2521 810
f 2516 812 2511
f 2516 2515 812
f 2521 812 810
f 2537 2776 2538
f 2532 808 2533
f 2508 799 2509
f 2507 2773 2508
f 2541 2781 2542
f 2542 2781 2782
f 2542 2782 2544
f 2544 2782 2783
f 2544 2783 2543
f 2543 2783 2784
f 2543 2784 2541
f 2541 2784 2781
f 694 2547 695
f 695 2547 2549
f 695 2549 687
f 687 2549 2551
f 687 2551 688
f 688 2551 2550
f 688 2550 689
f 689 2550 2548
f 689 2548 690
f 690 2548 2546
f 690 2546 691
f 691 2546 2552
f 691 2552 693
f 693 2552 2545
f 693 2545 694
f 694 2545 2547
f 474 679 680
f 671 2785 673
f 673 2785 181
f 673 181 676
f 664 2786 666
f 666 2786 177
f 666 177 669
f 2555 2556 656
f 2556 655 656
f 2553 2555 658
f 658 2555 656
f 2554 2553 657
f 2553 658 657
f 2554 657 2556
f 2556 657 655
f 2559 2560 661
f 2560 662 661
f 2557 2559 654
f 654 2559 661
f 2558 2557 653
f 2557 654 653
f 2558 653 2560
f 2560 653 662
f 2787 650 659
f 659 650 649
f 660 648 2788
f 2788 648 647
f 2788 647 645
f 126 2788 645
f 126 645 644
f 126 644 144
f 646 651 642
f 646 642 643
f 642 651 640
f 640 651 652
f 640 652 638
f 638 652 2789
f 480 2563 479
f 479 2563 2562
f 479 2562 477
f 477 2562 2561
f 477 2561 478
f 478 2561 2564
f 478 2564 480
f 480 2564 2563
f 508 474 497
f 474 475 497
f 2790 472 681
f 681 472 474
f 681 474 678
f 678 474 680
f 2572 2567 2570
f 2570 2567 2565
f 472 2571 470
f 470 2571 2569
f 471 470 2569
f 471 2569 2570
f 471 2570 2565
f 471 2565 2566
f 471 2566 2568
f 471 2568 2790
f 2790 2568 2567
f 2790 2567 2572
f 2790 2572 2571
f 2790 2571 472
f 469 2575 468
f 468 2575 2574
f 468 2574 466
f 466 2574 2573
f 466 2573 467
f 467 2573 2576
f 467 2576 469
f 469 2576 2575
f 456 771 457
f 457 771 769
f 457 769 450
f 450 769 767
f 450 767 451
f 451 767 781
f 451 781 779
f 452 779 453
f 453 779 777
f 453 777 454
f 454 777 775
f 454 775 455
f 455 775 773
f 455 773 771
f 451 779 452
f 455 771 456
f 442 735 443
f 443 735 749
f 443 749 747
f 444 747 445
f 445 747 745
f 445 745 446
f 446 745 743
f 446 743 447
f 447 743 741
f 447 741 739
f 449 448 739
f 449 739 737
f 449 737 735
f 449 735 442
f 443 747 444
f 447 739 448
f 421 478 427
f 427 478 480
f 427 480 426
f 477 422 479
f 479 422 424
f 2790 428 471
f 2790 432 428
f 2790 681 432
f 428 429 471
f 681 2791 432
f 2579 2580 415
f 2580 404 415
f 2577 405 2580
f 2580 405 404
f 2577 2578 405
f 2578 413 405
f 2579 415 2578
f 2578 415 413
f 408 412 2581
f 412 2180 2581
f 412 2584 2180
f 408 2581 410
f 410 2581 2174
f 410 2174 2582
f 417 410 2583
f 410 2176 2583
f 410 2582 2176
f 417 2583 412
f 412 2583 2178
f 412 2178 2584
f 419 2591 418
f 418 2591 2590
f 418 2590 411
f 411 2590 2589
f 411 2589 409
f 409 2589 2588
f 409 2588 407
f 407 2588 2587
f 407 2587 406
f 406 2587 2586
f 406 2586 414
f 414 2586 2585
f 414 2585 420
f 420 2585 2592
f 420 2592 419
f 419 2592 2591
f 468 466 394
f 466 403 394
f 466 402 403
f 396 399 469
f 399 467 469
f 399 400 467
f 437 398 338
f 398 339 338
f 322 2600 323
f 323 2600 2593
f 323 2593 324
f 324 2593 2599
f 324 2599 334
f 334 2599 2596
f 334 2596 335
f 335 2596 2595
f 335 2595 327
f 327 2595 2598
f 327 2598 328
f 328 2598 2597
f 328 2597 336
f 336 2597 2594
f 336 2594 322
f 322 2594 2600
f 319 2603 320
f 2603 2601 320
f 2603 319 2604
f 2604 319 333
f 332 2602 333
f 2602 2604 333
f 2602 332 2601
f 2601 332 320
f 681 317 2791
f 317 318 2791
f 2617 2619 706
f 2619 2625 706
f 2619 2632 2625
f 2639 2650 2628
f 2650 2611 2628
f 2650 2610 2611
f 2621 2623 2640
f 2623 2646 2640
f 2623 2643 2646
f 2614 2613 2634
f 2613 2636 2634
f 2619 2620 2632
f 2620 2631 2632
f 2631 2622 2630
f 2622 2621 2630
f 2615 703 702
f 2615 706 703
f 2615 2617 706
f 2615 2618 2617
f 2615 2616 2618
f 2624 2643 2623
f 2624 2644 2643
f 2624 392 2644
f 2624 397 392
f 2624 416 397
f 2624 2622 416
f 2629 2639 2628
f 2629 2640 2639
f 2629 2621 2640
f 2629 2630 2621
f 423 498 476
f 423 2634 498
f 423 2614 2634
f 423 416 2614
f 416 2616 2614
f 416 2618 2616
f 416 2620 2618
f 416 2631 2620
f 416 2622 2631
f 2635 498 2633
f 2635 316 498
f 2635 2607 316
f 2635 2627 2607
f 2635 714 2627
f 2635 716 714
f 2635 702 716
f 2635 2615 702
f 2635 2613 2615
f 2635 2636 2613
f 2627 706 2626
f 2627 708 706
f 2627 710 708
f 2627 712 710
f 2627 714 712
f 2627 2606 2607
f 2627 2605 2606
f 2627 2612 2605
f 2627 2611 2612
f 2627 2628 2611
f 392 2648 2644
f 392 2652 2648
f 392 2650 2652
f 392 2610 2650
f 392 2609 2610
f 392 2608 2609
f 392 2607 2608
f 392 316 2607
f 392 315 316
f 498 2634 2633
f 2625 2626 706
f 2658 267 2654
f 2654 267 268
f 2654 268 2656
f 2656 268 270
f 2656 270 2657
f 2657 270 258
f 2657 258 2655
f 2655 258 259
f 2655 259 2653
f 2653 259 266
f 2653 266 2658
f 2658 266 267
f 2663 265 2661
f 2661 265 264
f 2661 264 2659
f 2659 264 298
f 2659 298 2664
f 2664 298 297
f 2664 297 2660
f 2660 297 291
f 2660 291 2662
f 2662 291 290
f 2662 290 2663
f 2663 290 265
f 2667 277 2665
f 2665 277 263
f 2665 263 2666
f 2666 263 261
f 2666 261 2668
f 2668 261 296
f 2668 296 2670
f 2670 296 295
f 2670 295 2669
f 2669 295 275
f 2669 275 2667
f 2667 275 277
f 2674 278 2676
f 2676 278 276
f 2676 276 2675
f 2675 276 294
f 2675 294 2673
f 2673 294 305
f 2673 305 2671
f 2671 305 293
f 2671 293 2672
f 2672 293 292
f 2672 292 2674
f 2674 292 278
f 2681 281 2679
f 2679 281 289
f 2679 289 2677
f 2677 289 288
f 2677 288 2682
f 2682 288 304
f 2682 304 2678
f 2678 304 303
f 2678 303 2680
f 2680 303 279
f 2680 279 2681
f 2681 279 281
f 2688 282 2684
f 2684 282 280
f 2684 280 2686
f 2686 280 302
f 2686 302 2687
f 2687 302 286
f 2687 286 2685
f 2685 286 285
f 2685 285 2683
f 2683 285 284
f 2683 284 2688
f 2688 284 282
f 2692 273 2694
f 2694 273 253
f 2694 253 2693
f 2693 253 251
f 2693 251 2691
f 2691 251 301
f 2691 301 2689
f 2689 301 300
f 2689 300 2690
f 2690 300 271
f 2690 271 2692
f 2692 271 273
f 2697 274 2695
f 2695 274 272
f 2695 272 2696
f 2696 272 299
f 2696 299 2698
f 2698 299 256
f 2698 256 2700
f 2700 256 255
f 2700 255 2699
f 2699 255 254
f 2699 254 2697
f 2697 254 274
f 2705 197 2703
f 2703 197 247
f 2703 247 2701
f 2701 247 246
f 2701 246 2706
f 2706 246 221
f 2706 221 2702
f 2702 221 223
f 2702 223 2704
f 2704 223 198
f 2704 198 2705
f 2705 198 197
f 2712 240 2708
f 2708 240 239
f 2708 239 2710
f 2710 239 224
f 2710 224 2711
f 2711 224 222
f 2711 222 2709
f 2709 222 245
f 2709 245 2707
f 2707 245 249
f 2707 249 2712
f 2712 249 240
f 2718 235 2714
f 2714 235 219
f 2714 219 2716
f 2716 219 220
f 2716 220 2717
f 2717 220 215
f 2717 215 2715
f 2715 215 213
f 2715 213 2713
f 2713 213 236
f 2713 236 2718
f 2718 236 235
f 2723 204 2721
f 2721 204 205
f 2721 205 2719
f 2719 205 212
f 2719 212 2724
f 2724 212 214
f 2724 214 2720
f 2720 214 216
f 2720 216 2722
f 2722 216 218
f 2722 218 2723
f 2723 218 204
f 188 326 187
f 326 318 187
f 326 432 318
f 432 2791 318
f 676 181 674
f 181 182 674
f 669 177 667
f 177 178 667
f 343 393 437
f 343 314 393
f 343 128 314
f 393 398 437
f 128 173 314
f 701 696 682
f 701 682 147
f 701 147 142
f 639 143 641
f 641 143 144
f 641 144 644
f 139 130 342
f 130 193 342
f 135 139 342
f 2792 137 2793
f 2793 137 138
f 499 498 509
f 498 2792 509
f 498 316 2792
f 316 137 2792
f 316 174 137
f 174 129 137
f 138 141 2793
f 138 140 141
f 138 147 140
f 138 146 147
f 138 145 146
f 138 144 145
f 138 126 144
f 138 125 126
f 44 2727 68
f 68 2727 2729
f 68 2729 70
f 70 2729 2731
f 70 2731 72
f 72 2731 2730
f 72 2730 30
f 30 2730 2728
f 30 2728 65
f 65 2728 2726
f 65 2726 64
f 64 2726 2732
f 64 2732 62
f 62 2732 2725
f 62 2725 44
f 44 2725 2727
f 38 2737 36
f 36 2737 2738
f 36 2738 85
f 85 2738 2740
f 85 2740 86
f 86 2740 2739
f 86 2739 41
f 41 2739 2733
f 41 2733 73
f 73 2733 2734
f 73 2734 74
f 74 2734 2735
f 74 2735 119
f 119 2735 2736
f 119 2736 38
f 38 2736 2737
f 16 2745 112
f 112 2745 2746
f 112 2746 91
f 91 2746 2748
f 91 2748 92
f 92 2748 2747
f 92 2747 93
f 93 2747 2741
f 93 2741 95
f 95 2741 2742
f 95 2742 96
f 96 2742 2743
f 96 2743 97
f 97 2743 2744
f 97 2744 16
f 16 2744 2745
f 66 2751 80
f 80 2751 2753
f 80 2753 81
f 81 2753 2755
f 81 2755 116
f 116 2755 2754
f 116 2754 23
f 23 2754 2752
f 23 2752 71
f 71 2752 2750
f 71 2750 69
f 69 2750 2756
f 69 2756 67
f 67 2756 2749
f 67 2749 66
f 66 2749 2751
f 51 2759 52
f 52 2759 2761
f 52 2761 53
f 53 2761 2763
f 53 2763 54
f 54 2763 2762
f 54 2762 55
f 55 2762 2760
f 55 2760 104
f 104 2760 2758
f 104 2758 105
f 105 2758 2764
f 105 2764 115
f 115 2764 2757
f 115 2757 51
f 51 2757 2759
f 2766 2769 13
f 2769 11 13
f 2765 2766 15
f 2766 13 15
f 2767 2765 106
f 2765 15 106
f 2768 2767 75
f 2767 106 75
f 2772 2768 77
f 2768 75 77
f 2771 2772 40
f 2772 77 40
f 2770 2771 39
f 2771 40 39
f 2769 2770 11
f 2770 39 11
f 2773 2777 49
f 2777 20 49
f 2774 2773 56
f 2773 49 56
f 2775 2774 100
f 2774 56 100
f 2776 2775 99
f 2775 100 99
f 2780 2776 98
f 2776 99 98
f 2779 2780 121
f 2780 98 121
f 2778 2779 18
f 2779 121 18
f 2777 2778 20
f 2778 18 20
f 2782 2781 27
f 2781 87 27
f 2783 2782 25
f 2782 27 25
f 2784 2783 29
f 2783 25 29
f 2781 2784 87
f 2784 29 87
f 701 142 101
f 142 94 101
f 701 101 699
f 699 101 103
f 700 699 102
f 699 103 102
f 686 698 692
f 692 698 700
f 692 700 60
f 60 700 102
f 692 60 684
f 60 140 684
f 60 58 140
f 509 141 508
f 141 474 508
f 141 57 474
f 57 679 474
f 57 59 679
f 59 677 679
f 59 184 677
f 184 681 677
f 2793 141 2792
f 141 509 2792
f 184 317 681
f 184 186 317
f 184 185 186
f 184 175 185
f 59 120 184
f 184 120 675
f 184 675 183
f 183 675 182
f 670 675 61
f 675 120 61
f 670 61 671
f 671 61 14
f 2785 671 12
f 671 14 12
f 2785 12 37
f 2785 37 668
f 2785 668 178
f 2785 178 179
f 2785 179 180
f 2785 180 181
f 663 668 35
f 668 37 35
f 663 35 664
f 664 35 33
f 2786 664 122
f 664 33 122
f 2786 122 109
f 2786 109 132
f 2786 132 176
f 2786 176 177
f 2788 126 124
f 126 82 124
f 126 107 82
f 660 124 659
f 124 2787 659
f 124 123 2787
f 123 117 2787
f 660 2788 124
f 2787 117 118
f 2787 118 2789
f 2787 2789 652
f 2787 652 650
f 638 2789 114
f 2789 118 114
f 638 114 639
f 639 114 113
f 143 639 88
f 639 113 88
f 8 4 10
f 10 4 2
f 10 2 2794
f 2794 2 2795
f 2794 2795 2796
f 4 8 6
f 9 10 76
f 76 10 2794
f 76 2794 48
f 48 2794 2796
f 48 2796 50
f 50 2796 2795
f 50 2795 1
f 1 2795 2

