# Generated by Visualization Toolkit
v 0.02059384621679783 0.03811143711209297 0.001262633828446269
v 0.02182007022202015 0.04435284435749054 -0.003398511791601777
v 0.01975427009165287 0.04016973078250885 -0.00612729461863637
v 0.01770504005253315 0.03132219240069389 -0.0009830583585426211
v 0.023482652381062508 0.04490068182349205 0.003508326131850481
v 0.02388587035238743 0.04853595793247223 -0.0006697288481518626
v 0.02180350013077259 0.049017272889614105 -0.011271530762314796
v 0.018138863146305084 0.04789290577173233 -0.013242906890809536
v 0.015685781836509705 0.04097616299986839 -0.009877573698759079
v 0.014474228024482727 0.046768542379140854 -0.015214283019304276
v 0.011617295444011688 0.04178259149193764 -0.013627853244543076
v 0.0132327014580369 0.03405941650271416 -0.006512240506708622
v 0.00876036286354065 0.03679663687944412 -0.012041422538459301
v 0.010476323775947094 0.031742163002491 -0.00809752568602562
v 0.013502919115126133 0.029088934883475304 -0.003991236910223961
v 0.007719946093857288 0.029424911364912987 -0.009682810865342617
v 0.009300798177719116 0.026855675503611565 -0.006999415811151266
v 0.0061390940099954605 0.03199414536356926 -0.012366206385195255
v 0.0032476072665303946 0.0321621336042881 -0.015211992897093296
v 0.004173142369836569 0.028392275795340538 -0.012609793804585934
v 0.0050986772403120995 0.024622417986392975 -0.010007594712078571
v 0.007449727971106768 0.03439539298415184 -0.012203814461827278
v 0.008977274410426617 0.04508199542760849 -0.018171347677707672
v 0.004288023803383112 0.039533860981464386 -0.017570605501532555
v 0.003767815651372075 0.03584799915552139 -0.016391299664974213
v -0.00018431487842462957 0.04227108508348465 -0.023099787533283234
v 0.00008590294601162896 0.037300605326890945 -0.020578783005475998
v 0.006337253376841545 0.04838140308856964 -0.02271484211087227
v 0.013666524551808834 0.050630129873752594 -0.01877208985388279
v 0.00035612075589597225 0.03233012184500694 -0.01805778034031391
v 0.0006263385876081884 0.02735964208841324 -0.01553677674382925
v 0.0008965564193204045 0.022389160469174385 -0.01301577314734459
v 0.00044827820966020226 0.011194580234587193 -0.006507886573672295
v 0.0033244050573557615 0.014549181796610355 -0.005587081890553236
v 0.004211541265249252 0.019585799425840378 -0.00779733806848526
v 0.0006724172853864729 0.016791870817542076 -0.009761829860508442
v 0.007750665303319693 0.02237972989678383 -0.005832846276462078
v 0.006200531963258982 0.017903784289956093 -0.004666277207434177
v 0.007526526227593422 0.01678244024515152 -0.0025789032224565744
v 0.008852520026266575 0.015661096200346947 -0.0004915291792713106
v 0.013278779573738575 0.023491643369197845 -0.0007372937398031354
v 0.01051472220569849 0.022935686632990837 -0.0032850701827555895
v 0 0 0
v 0.004426260013133287 0.007830548100173473 -0.0002457645896356553
v 0.0038753326516598463 0.011189864948391914 -0.002916423138231039
v 0.00022413910483010113 0.005597290117293596 -0.0032539432868361473
v 0.026371458545327187 0.05168992653489113 0.005754018202424049
v 0.02172842063009739 0.044735386967659 0.006264655850827694
v 0.02345646731555462 0.04978599399328232 0.008638007566332817
v 0.010327939875423908 0.022641725838184357 0.0019849666859954596
v 0.013278779573738575 0.028736181557178497 0.0023328072857111692
v 0.006387979257851839 0.027910398319363594 0.011135078966617584
v 0.004426260013133287 0.023564158007502556 0.00896453857421875
v -1.1475077936892902e-17 0.02097814716398716 0.012280403636395931
v 0.003239315003156662 0.026710838079452515 0.01422187965363264
v -2.8687694842232256e-18 0.00524453679099679 0.003070100909098983
v 0.0036885500885546207 0.010895904153585434 0.00235361373052001
v 0.0073771001771092415 0.016547271981835365 0.0016371263191103935
v 0.0029508399311453104 0.013961260206997395 0.004952991846948862
v 0.005901679862290621 0.017433445900678635 0.0037657818756997585
v 0.0073771001771092415 0.021791808307170868 0.00470722746104002
v 0.0036885500885546207 0.018762709572911263 0.006958764977753162
v -8.606308866259983e-18 0.015733610838651657 0.00921030342578888
v 0.008852520026266575 0.0261501707136631 0.0056486730463802814
v 0.009536643512547016 0.029109958559274673 0.008048278279602528
v 0.010220766998827457 0.032069750130176544 0.010447883978486061
v 0.008349698968231678 0.03225663676857948 0.013305619359016418
v 0.013027369044721127 0.03178941458463669 0.006161280442029238
v 0.012775958515703678 0.03484264761209488 0.009989754296839237
v 0.01124695222824812 0.0365094318985939 0.014047292061150074
v 0.01651809550821781 0.0344688706099987 0.004274282604455948
v 0.0191232580691576 0.0396021269261837 0.005269469227641821
v 0.015331150032579899 0.03761554881930351 0.009531623683869839
v 0.017342841252684593 0.04432214796543121 0.013155480846762657
v 0.017652669921517372 0.04109282046556473 0.009276305325329304
v 0.01414420548826456 0.04076222702860832 0.01478896476328373
v 0.01997418887913227 0.044570088386535645 0.009020986035466194
v 0.02054147608578205 0.047882065176963806 0.011521996930241585
v 0.005398858338594437 0.03754573315382004 0.018841251730918884
v 0.007558402139693499 0.04312080144882202 0.02096683159470558
v 0.009717945009469986 0.038176216185092926 0.018104830756783485
v 0.006478630006313324 0.03244352713227272 0.016163354739546776
v 0.017033012583851814 0.0475514717400074 0.017034657299518585
v 0.012957260012626648 0.04390890896320343 0.020046306774020195
v 0.02110876329243183 0.05119403824210167 0.014023007825016975
v 0.0026994291692972183 0.034521766006946564 0.018054617568850517
v 0.004319086670875549 0.042647939175367355 0.021519146859645844
v 0.005398858338594437 0.04806538671255112 0.023828832432627678
v 0.009717945009469986 0.048695869743824005 0.02309241145849228
v 0.0026994291692972183 0.05030125007033348 0.02553599141538143
v 0.0021595433354377747 0.04233269765973091 0.02188735641539097
v -2.6788566737968697e-17 0.052537109702825546 0.027243148535490036
v -2.1684071573850915e-17 0.04201745614409447 0.022255567833781242
v -0.0039094979874789715 0.04296340420842171 0.02026040479540825
v -0.004886872600764036 0.05108962953090668 0.023502299562096596
v -1.657957475537191e-17 0.03149780258536339 0.0172679852694273
v -0.005864247214049101 0.02765689603984356 0.011781451292335987
v -0.004886872600764036 0.03531014919281006 0.01602092757821083
v -0.011728494428098202 0.03433564305305481 0.011282498016953468
v -0.009773745201528072 0.03912249580025673 0.014773869886994362
v -0.017592741176486015 0.04101439192891121 0.01078354474157095
v -0.013683242723345757 0.04532827064394951 0.01527249813079834
v -0.023456988856196404 0.04769313707947731 0.010284592397511005
v -0.017592741176486015 0.05153404548764229 0.015771126374602318
v -0.009773745201528072 0.04964214935898781 0.019761452451348305
v -0.007818995974957943 0.04390934854745865 0.018265241757035255
v -0.013254109770059586 0.03241946920752525 0.007237854413688183
v -0.010703389532864094 0.02860105037689209 0.006476169917732477
v -0.014398320578038692 0.030982336029410362 0.004204371478408575
v -0.016567636281251907 0.03527979552745819 0.005977217108011246
v -0.008152670226991177 0.024782631546258926 0.0057144854217767715
v -0.012229004874825478 0.026684874668717384 0.002431526081636548
v -0.008283818140625954 0.02812897227704525 0.009128810837864876
v -0.012491301633417606 0.03337755426764488 0.009260175749659538
v -0.003396945772692561 0.010326096788048744 0.002381035592406988
v -0.0027175566647201777 0.013505414128303528 0.004974929615855217
v -5.737538968446451e-18 0.01048907358199358 0.006140201818197966
v -0.003396945772692561 0.018192902207374573 0.0069861868396401405
v -0.004076335113495588 0.007146778982132673 -0.00021285830007400364
v -0.008152670226991177 0.014293557964265347 -0.0004257166001480073
v -0.006793891545385122 0.015407656319439411 0.0016919701592996716
v -0.005435113329440355 0.01652175560593605 0.003809656947851181
v -0.012229004874825478 0.021440336480736732 -0.0006385748856700957
v -0.009511448442935944 0.021046265959739685 0.0020617481786757708
v -0.004076335113495588 0.022880390286445618 0.008997444994747639
v -0.006793891545385122 0.02065219357609749 0.004762071184813976
v -0.016305340453982353 0.028587115928530693 -0.0008514332002960145
v -0.018093252554535866 0.033363621681928635 0.0019325731554999948
v -0.01988116465508938 0.03814012557268143 0.004716579336673021
v -0.017080189660191536 0.03814709559082985 0.008380381390452385
v -0.02166907675564289 0.04291663318872452 0.00750058563426137
v -0.02190004661679268 0.044303152710199356 0.0029674633406102657
v -0.023376569151878357 0.04840166121721268 0.004288043826818466
v -0.0023439915385097265 0.014093335717916489 -0.005565144121646881
v -0.005136261228471994 0.01699209213256836 -0.004622402135282755
v -0.006644465494900942 0.01564282551407814 -0.0025240592658519745
v -0.0032101632095873356 0.010620057582855225 -0.002889001276344061
v -0.0034039176534861326 0.023938648402690887 -0.009974688291549683
v -0.002912353491410613 0.02782246842980385 -0.012582371942698956
v -0.006451045628637075 0.028285296633839607 -0.00962796714156866
v -0.007704391609877348 0.02548813819885254 -0.006933602970093489
v -0.006420326419174671 0.02124011516571045 -0.005778002552688122
v -0.012004866264760494 0.02703762799501419 -0.003892518114298582
v -0.009324666112661362 0.021340226754546165 -0.0032082886900752783
v -0.0028739545959979296 0.019015992060303688 -0.007769916206598282
v -0.0024207893293350935 0.03170628845691681 -0.015190055593848228
v -0.003317680209875107 0.035278189927339554 -0.016363877803087234
v -0.004214571323245764 0.0388500913977623 -0.01753769814968109
v -0.008244827389717102 0.035429101437330246 -0.011975610628724098
v -0.006721263285726309 0.03325577825307846 -0.012148970738053322
v -0.008324319496750832 0.04114028811454773 -0.016506757587194443
v -0.010726574808359146 0.037945456802845 -0.012263275682926178
v -0.005922064185142517 0.04433511942625046 -0.020750241354107857
v -0.011659814044833183 0.046399157494306564 -0.01840069517493248
v -0.012434068135917187 0.04343048110604286 -0.015475817024707794
v -0.009363064542412758 0.030146703124046326 -0.008020744659006596
v -0.012275083921849728 0.032008107751607895 -0.006413521710783243
v -0.005197699647396803 0.031082453206181526 -0.012322330847382545
v -0.014369703829288483 0.0360088013112545 -0.008163625374436378
v -0.01320832222700119 0.04046180844306946 -0.012550940737128258
v -0.016464324668049812 0.04000949114561081 -0.009913728572428226
v -0.0214278195053339 0.04504219815135002 -0.01048905961215496
v -0.021779417991638184 0.04536593332886696 -0.006027359049767256
v -0.020343104377388954 0.040913164615631104 -0.004349665716290474
v -0.019720327109098434 0.03955717012286186 -0.00727651733905077
v -0.016930943354964256 0.04423633962869644 -0.012982438318431377
v -0.01801283285021782 0.0340721420943737 -0.004063975065946579
v -0.01921817846596241 0.03713839501142502 -0.0012085462221875787
v -0.020965879783034325 0.042269159108400345 -0.001422814093530178
v -0.02042352221906185 0.040204644203186035 0.0016468827379867435
v -0.023215731605887413 0.04981870576739311 -0.007705052848905325
v -0.02329615131020546 0.049110181629657745 -0.0017085045110434294
v -0.022131014615297318 0.045689672231674194 -0.0015656593022868037
v -0.023135313764214516 0.05052722617983818 -0.013701600953936577
v -0.01739756390452385 0.04846319183707237 -0.016051147133111954
v -0.034710511565208435 0.11601219326257706 -0.032997868955135345
v -0.032907478511333466 0.12127207964658737 -0.03683441877365112
v -0.03584122657775879 0.12488957494497299 -0.03568052873015404
v -0.039223186671733856 0.11908223479986191 -0.030180497094988823
v -0.016558194532990456 0.08612129092216492 -0.03527870401740074
v -0.012860956601798534 0.08639266341924667 -0.03831275925040245
v -0.015549847856163979 0.09478861838579178 -0.0404583141207695
v -0.019499171525239944 0.09235041588544846 -0.03612935543060303
v 0.0008631089003756642 0.0688786506652832 -0.03090623952448368
v 0.00469732191413641 0.07468971610069275 -0.032834552228450775
v -0.0012128619709983468 0.07642960548400879 -0.03571254760026932
v -0.007483174558728933 0.06960075348615646 -0.03402165323495865
v 0.008531535044312477 0.0805007815361023 -0.03476286679506302
v 0.005057450383901596 0.08325846493244171 -0.03740344196557999
v -0.004498656373471022 0.08228809386491776 -0.037218693643808365
v -0.01017206534743309 0.07799670845270157 -0.0361672081053257
v -0.007784450892359018 0.08814658224582672 -0.03872483968734741
v -0.008531993255019188 0.09488202631473541 -0.04043702408671379
v 0.0011747523676604033 0.08657948672771454 -0.03827017918229103
v -0.0027079458814114332 0.08990050107240677 -0.039136916399002075
v 0.004906812217086554 0.09253138303756714 -0.03975503519177437
v -0.0015141386538743973 0.09497544169425964 -0.04041573405265808
v 0.014102790504693985 0.08493300527334213 -0.03537089377641678
v 0.011327763088047504 0.09008732438087463 -0.039094336330890656
v 0.019674045965075493 0.08936522901058197 -0.03597892448306084
v 0.017598075792193413 0.09691618382930756 -0.040785230696201324
v 0.024552451446652412 0.0919751226902008 -0.032082609832286835
v 0.023867355659604073 0.0985378697514534 -0.035148393362760544
v 0.03013663738965988 0.10015955567359924 -0.029511557891964912
v 0.03157404437661171 0.10537420958280563 -0.03082224912941456
v 0.027231434360146523 0.10546161234378815 -0.03537754714488983
v 0.022888824343681335 0.10554901510477066 -0.039932847023010254
v 0.030595513060688972 0.1123853549361229 -0.03560670092701912
v 0.028179574757814407 0.11418184638023376 -0.03908046334981918
v 0.03301145136356354 0.11058887094259262 -0.032132938504219055
v 0.03516755998134613 0.1184108555316925 -0.034098975360393524
v 0.03347032517194748 0.12281467765569687 -0.03822808340191841
v 0.03973960503935814 0.12443635612726212 -0.03259124606847763
v 0.03876107558608055 0.13144750893115997 -0.03737569972872734
v 0.023329751566052437 0.13271485269069672 -0.04561445116996765
v 0.02237447164952755 0.12674841284751892 -0.044809579849243164
v 0.02792239934206009 0.1247815415263176 -0.04151883348822594
v 0.03104541264474392 0.13208118081092834 -0.041495077311992645
v 0.02479938417673111 0.11748190969228745 -0.04154258966445923
v 0.021419193595647812 0.12078196555376053 -0.044004712253808975
v 0.016348905861377716 0.12573206424713135 -0.047697894275188446
v 0.017083723098039627 0.11811558157205582 -0.045661963522434235
v 0.015614090487360954 0.13334853947162628 -0.049733828753232956
v 0.010323341004550457 0.12471570819616318 -0.050586212426424026
v 0.012748252600431442 0.1154491975903511 -0.04731921851634979
v 0.01998627372086048 0.11183229833841324 -0.042797405272722244
v 0.015173164196312428 0.10618269443511963 -0.04405222460627556
v 0.0075837536714971066 0.11340509355068207 -0.04653332754969597
v 0.008111312985420227 0.1059441864490509 -0.04388660937547684
v 0.004473945591598749 0.11984395235776901 -0.04878709837794304
v 0.007898429408669472 0.13398221135139465 -0.05385320261120796
v 0.00863887183368206 0.09848327934741974 -0.041239891201257706
v 0.00136413739528507 0.12628281116485596 -0.05104086920619011
v -0.0013455055886879563 0.13461272418498993 -0.05206005275249481
v -0.005250093061476946 0.1280914694070816 -0.05001530051231384
v 0.0010494618909433484 0.10570568591356277 -0.04372099041938782
v -0.0003203315718565136 0.10005037486553192 -0.04169455170631409
v -0.0053274924866855145 0.10829482972621918 -0.04456859827041626
v -0.00927953515201807 0.1016174778342247 -0.04214920848608017
v -0.011704446747899055 0.11088398098945618 -0.045416202396154404
v -0.018238738179206848 0.10318457335233688 -0.04260386899113655
v 0.002419255441054702 0.11136098951101303 -0.045747432857751846
v -0.001375449588522315 0.11497218906879425 -0.04698798432946205
v -0.005170154385268688 0.11858339607715607 -0.048228535801172256
v -0.015051530674099922 0.11654234677553177 -0.045796800404787064
v -0.00915468018501997 0.12157020717859268 -0.047970548272132874
v -0.011864323168992996 0.12990012764930725 -0.04898972809314728
v -0.013139206916093826 0.1245570182800293 -0.04771255701780319
v -0.01058944035321474 0.1352432370185852 -0.050266899168491364
v -0.01911599561572075 0.12903723120689392 -0.04732557013630867
v -0.01839861460030079 0.12220072001218796 -0.046177394688129425
v -0.0263676680624485 0.1281743347644806 -0.04566141217947006
v -0.0236580241471529 0.11984441429376602 -0.04464223235845566
v -0.029077310115098953 0.13650426268577576 -0.04668059200048447
v -0.01983337476849556 0.13587374985218048 -0.048473745584487915
v -0.02094838209450245 0.11151449382305145 -0.043623052537441254
v -0.029637573286890984 0.12472321093082428 -0.04124791547656059
v -0.03245927020907402 0.13069692254066467 -0.0411805622279644
v -0.026815878227353096 0.11874949932098389 -0.041315268725156784
v -0.029973730444908142 0.11765457689762115 -0.03798830881714821
v -0.030197836458683014 0.1129421517252922 -0.03581523895263672
v -0.025573108345270157 0.11222832649946213 -0.039719145745038986
v -0.024330340325832367 0.10570715367794037 -0.03812301903963089
v -0.030421940609812737 0.10822972655296326 -0.03364216536283493
v -0.036513540893793106 0.11075230687856674 -0.02916131541132927
v -0.026816248893737793 0.10144919157028198 -0.03418327495455742
v -0.022440150380134583 0.0985795333981514 -0.03698000684380531
v -0.01595221646130085 0.15316951274871826 -0.05392744019627571
v -0.022514764219522476 0.144836887717247 -0.05030401796102524
v -0.015905242413282394 0.14292269945144653 -0.05119440704584122
v -0.011977109126746655 0.1499716341495514 -0.05391506850719452
v -0.029699882492423058 0.16690410673618317 -0.05052930861711502
v -0.02249070443212986 0.1671462506055832 -0.053311917930841446
v -0.0211733840405941 0.17327465116977692 -0.05463818088173866
v -0.030346514657139778 0.1749946027994156 -0.05137012526392937
v -0.015940187498927116 0.16432419419288635 -0.055431392043828964
v -0.012000254355370998 0.17155471444129944 -0.05790623649954796
v -0.01988012157380581 0.15709368884563446 -0.05295654758810997
v -0.023808026686310768 0.16101786494255066 -0.05198565125465393
v -0.031687892973423004 0.14655683934688568 -0.04703596234321594
v -0.02578400820493698 0.15182526409626007 -0.049996256828308105
v -0.029053252190351486 0.15881362557411194 -0.049688491970300674
v -0.034298475831747055 0.1566094011068344 -0.04739133268594742
v -0.036909062415361404 0.16666197776794434 -0.047746703028678894
v -0.039519645273685455 0.17671453952789307 -0.04810207337141037
v -0.009295721538364887 0.14100849628448486 -0.052084796130657196
v -0.008002001792192459 0.14677375555038452 -0.05390269681811333
v -0.002039340091869235 0.14197692275047302 -0.05388413742184639
v -0.00014573543739970773 0.16087163984775543 -0.05934401974081993
v -0.006061422638595104 0.15542162954807281 -0.056629542261362076
v -0.002733174478635192 0.14934112131595612 -0.05570822209119797
v 0.0025356528349220753 0.1519084870815277 -0.05751374736428261
v -0.009389670565724373 0.1615021526813507 -0.05755086615681648
v -0.002827123738825321 0.16983477771282196 -0.061174288392066956
v 0.00521704088896513 0.14294534921646118 -0.055683474987745285
v 0.014033918268978596 0.14068779349327087 -0.05293981730937958
v 0.01944105513393879 0.13904212415218353 -0.049659233540296555
v 0.02016940712928772 0.1473933607339859 -0.05202643200755119
v 0.016336651518940926 0.15113359689712524 -0.053551074117422104
v 0.010776846669614315 0.1470394730567932 -0.054617274552583694
v 0.006754763890057802 0.160484179854393 -0.05736268311738968
v 0.005989753175526857 0.16757720708847046 -0.05843063071370125
v 0.013655262999236584 0.16009673476219177 -0.05538134649395943
v 0.014806630089879036 0.16531963646411896 -0.05568697303533554
v 0.016528628766536713 0.17035697400569916 -0.056321077048778534
v 0.010346469469368458 0.17330947518348694 -0.05853734537959099
v 0.023623507469892502 0.16306208074092865 -0.05294331535696983
v 0.023571785539388657 0.16992312669754028 -0.05442185699939728
v 0.01998007856309414 0.15709783136844635 -0.05324719473719597
v 0.012503896839916706 0.1548738330602646 -0.055075716227293015
v 0.02630489505827427 0.15409894287586212 -0.05111304298043251
v 0.007519774604588747 0.15339116752147675 -0.05629473179578781
v 0.023268017917871475 0.14473572373390198 -0.04958464205265045
v 0.028644287958741188 0.14910049736499786 -0.04828915372490883
v 0.02484819106757641 0.13739646971225739 -0.04637865349650383
v 0.02636662870645523 0.14207807183265686 -0.04714285582304001
v 0.031014546751976013 0.13809160888195038 -0.043480172753334045
v 0.030983678996562958 0.1441020369529724 -0.045465268194675446
v 0.03718090057373047 0.13878676295280457 -0.04058168828487396
v 0.035600729286670685 0.14612600207328796 -0.04378768056631088
v 0.0340205579996109 0.15346525609493256 -0.046993669122457504
v 0.03244038298726082 0.16080451011657715 -0.050199657678604126
v 0.04225527122616768 0.13719125092029572 -0.03443775698542595
v 0.040356095880270004 0.1423500031232834 -0.037599071860313416
v 0.03845691680908203 0.14750875532627106 -0.04076038673520088
v 0.03798583522439003 0.15335889160633087 -0.0424080565571785
v 0.04353128746151924 0.1459132581949234 -0.03461645543575287
v 0.041313108056783676 0.14889150857925415 -0.03773309662938118
v 0.04067160189151764 0.16476638615131378 -0.04231966286897659
v 0.03751475363969803 0.1592090129852295 -0.04405572637915611
v 0.04258912429213524 0.15761351585388184 -0.0379117913544178
v 0.044099725782871246 0.16237851977348328 -0.037751730531454086
v 0.04195111617445946 0.153252512216568 -0.03782244399189949
v 0.04204656556248665 0.1735040247440338 -0.04357553645968437
v 0.037243474274873734 0.16715426743030548 -0.0468875989317894
v 0.04382844641804695 0.17032377421855927 -0.04058360308408737
v 0.03922857344150543 0.177177295088768 -0.046228211373090744
v 0.034921757876873016 0.1733332872390747 -0.04937542602419853
v 0.0306149423122406 0.1694892942905426 -0.05252264067530632
v 0.02513861656188965 0.19554363191127777 -0.059491582214832306
v 0.03170212730765343 0.20134267210960388 -0.05520988628268242
v 0.02967975288629532 0.20768646895885468 -0.056870415806770325
v 0.024024469777941704 0.20431599020957947 -0.060627877712249756
v 0.03533503785729408 0.21105694770812988 -0.053112953901290894
v 0.03240443393588066 0.21497216820716858 -0.055297717452049255
v 0.02765737846493721 0.21403026580810547 -0.05853094533085823
v 0.02291032113134861 0.21308834850788116 -0.061764173209667206
v 0.03176714852452278 0.19320860505104065 -0.053856540471315384
v 0.03613198548555374 0.19843031466007233 -0.0512276366353035
v 0.02352006360888481 0.1767841875553131 -0.05590039864182472
v 0.028789499774575233 0.17817406356334686 -0.054845619946718216
v 0.02083362266421318 0.18295030295848846 -0.05790632963180542
v 0.026964059099555016 0.18685884773731232 -0.05716859921813011
v 0.03218359500169754 0.1863604635000229 -0.052859894931316376
v 0.04212639480829239 0.1828579157590866 -0.04440733417868614
v 0.04502421244978905 0.1885385513305664 -0.04258645698428154
v 0.038395680487155914 0.19087357819080353 -0.04822149872779846
v 0.037403132766485214 0.18586206436157227 -0.04855119064450264
v 0.0326000414788723 0.17951230704784393 -0.051863253116607666
v 0.036410581320524216 0.180850550532341 -0.048880886286497116
v 0.046849653124809265 0.17985378205776215 -0.040263477712869644
v 0.04482915252447128 0.2129407674074173 -0.04664649814367294
v 0.038265638053417206 0.2071417272090912 -0.05092819407582283
v 0.0404968224465847 0.203652024269104 -0.04859872907400131
v 0.04597725346684456 0.2071288824081421 -0.044805094599723816
v 0.039525020867586136 0.21638503670692444 -0.05044787377119064
v 0.040561843663454056 0.19551795721054077 -0.04724538326263428
v 0.04607478529214859 0.19492778182029724 -0.042775072157382965
v 0.0427280068397522 0.20016232132911682 -0.04626926779747009
v 0.0072414688766002655 0.18691304326057434 -0.06104721873998642
v 0.0010193231282755733 0.183148592710495 -0.061541296541690826
v 0.004164311569184065 0.1762619912624359 -0.06075361371040344
v 0.011155746877193451 0.18268920481204987 -0.06033293530344963
v 0.0033271911088377237 0.19113688170909882 -0.06176149845123291
v -0.0021256653126329184 0.19003519415855408 -0.06232897937297821
v 0.004865769762545824 0.19646240770816803 -0.0619083009660244
v 0.011506475508213043 0.19278940558433533 -0.06091028079390526
v 0.01814718171954155 0.18911641836166382 -0.05991225689649582
v 0.014703186228871346 0.1790417581796646 -0.05864405632019043
v 0.01825062558054924 0.17539431154727936 -0.05695517733693123
v -0.002962785540148616 0.20491008460521698 -0.06333686411380768
v -0.002544225426390767 0.19747263193130493 -0.06283292174339294
v 0.006404348649084568 0.20178793370723724 -0.06205510348081589
v 0.008783961646258831 0.20659545063972473 -0.062385380268096924
v 0.01577148213982582 0.1986657828092575 -0.0607733428478241
v 0.01640421524643898 0.2054557204246521 -0.06150662899017334
v 0.01703694835305214 0.2122456580400467 -0.06223991513252258
v 0.011163574643433094 0.2114029824733734 -0.06271565705537796
v 0.007669813930988312 0.21536780893802643 -0.06352167576551437
v 0.014732994139194489 0.21861426532268524 -0.06321107596158981
v 0.00235351431183517 0.2101389467716217 -0.06342927366495132
v -0.0040769330225884914 0.21368244290351868 -0.06447315961122513
v 0.0041760532185435295 0.21933265030384064 -0.06432769447565079
v -0.012329920195043087 0.20803223550319672 -0.06461863219738007
v -0.009954220615327358 0.19848287105560303 -0.06375754624605179
v -0.01912735030055046 0.2002028077840805 -0.06048949062824249
v -0.016014697030186653 0.19354991614818573 -0.060460109263658524
v -0.007578521966934204 0.18893350660800934 -0.06289646029472351
v -0.005202822852879763 0.17938414216041565 -0.06203537434339523
v -0.01245114766061306 0.1792258620262146 -0.05916848033666611
v -0.012902041897177696 0.18689700961112976 -0.060430727899074554
v -0.01822556182742119 0.18486051261425018 -0.0579649955034256
v -0.019699472934007645 0.17906758189201355 -0.05630159005522728
v -0.029516084119677544 0.19628402590751648 -0.05470450595021248
v -0.03310738503932953 0.20019465684890747 -0.053048666566610336
v -0.038301751017570496 0.19823527336120605 -0.05015617236495018
v -0.03551198169589043 0.19138962030410767 -0.05119369179010391
v -0.02531583607196808 0.2031337469816208 -0.057387400418519974
v -0.0315043181180954 0.20606470108032227 -0.05428531393408775
v -0.02592478133738041 0.1923733949661255 -0.05636034905910492
v -0.03272221237421036 0.18454396724700928 -0.052231211215257645
v -0.022075172513723373 0.18861694633960724 -0.05716267228126526
v -0.026210842654109 0.1818057745695114 -0.05426640063524246
v -0.021115586161613464 0.2099834829568863 -0.06007029488682747
v -0.029901254922151566 0.21193473041057587 -0.05552196130156517
v -0.04723880812525749 0.17376823723316193 -0.03549124300479889
v -0.04933330416679382 0.16748127341270447 -0.03098144754767418
v -0.04679630324244499 0.16296209394931793 -0.034038152545690536
v -0.043157972395420074 0.1698383092880249 -0.041070111095905304
v -0.04384313523769379 0.15855245292186737 -0.036145225167274475
v -0.040376096963882446 0.16260720789432526 -0.041945964097976685
v -0.04088997095823288 0.1541428118944168 -0.038252297788858414
v -0.03759422525763512 0.1553761065006256 -0.042821817100048065
v -0.041232552379369736 0.14849987626075745 -0.035789854824543
v -0.03646022453904152 0.14752836525440216 -0.04141290858387947
v -0.04157513380050659 0.14285695552825928 -0.033327411860227585
v -0.03532622382044792 0.13968060910701752 -0.040004003793001175
v -0.041746802628040314 0.1379266083240509 -0.031886253505945206
v -0.03710303455591202 0.1343117654323578 -0.0365334078669548
v -0.03887984901666641 0.12894292175769806 -0.03306281194090843
v -0.04150788113474846 0.18649521470069885 -0.047682877629995346
v -0.04514431208372116 0.18005520105361938 -0.0400010347366333
v -0.04586372897028923 0.1876489818096161 -0.041001878678798676
v -0.05021957680583 0.18880276381969452 -0.0343208834528923
v -0.05076897516846657 0.1833958774805069 -0.03189999982714653
v -0.03849433735013008 0.20606061816215515 -0.050564900040626526
v -0.04349611699581146 0.19627587497234344 -0.04726368188858032
v -0.045484352856874466 0.20605655014514923 -0.0468444898724556
v -0.0465831495821476 0.1952427625656128 -0.04200272262096405
v -0.049670182168483734 0.19420965015888214 -0.03674176335334778
v -0.048846084624528885 0.20231999456882477 -0.04037308692932129
v -0.052207816392183304 0.1985834389925003 -0.03390168771147728
v -0.05110901966691017 0.20939721167087555 -0.03874345123767853
v -0.054745446890592575 0.20295721292495728 -0.031061610206961632
v -0.04747258871793747 0.21583721041679382 -0.04642529413104057
v -0.03868691995739937 0.21388596296310425 -0.05097362771630287
v -0.05430072918534279 0.19265998899936676 -0.02885032631456852
v -0.056393641978502274 0.18673653900623322 -0.02379896305501461
v -0.05567580461502075 0.1787792444229126 -0.023339686915278435
v -0.05131964012980461 0.17769816517829895 -0.029912371188402176
v -0.051870305091142654 0.1720004677772522 -0.02792474254965782
v -0.05495796725153923 0.17082194983959198 -0.02288041077554226
v -0.061209384351968765 0.188395693898201 -0.001148805720731616
v -0.062106356024742126 0.19437354803085327 -0.006596527528017759
v -0.062194399535655975 0.198669895529747 0.0025048719253391027
v -0.061459217220544815 0.19302833080291748 0.005042769480496645
v -0.06286432594060898 0.20418882369995117 0.000035604061849880964
v -0.06309784203767776 0.20879080891609192 0.006244336720556021
v -0.06228244677186012 0.20296622812747955 0.011606271378695965
v -0.0629657730460167 0.2023462951183319 -0.007407762575894594
v -0.06353425979614258 0.20970773696899414 -0.002433663932606578
v -0.0639132410287857 0.2146153748035431 0.0008824020042084157
v -0.06382519751787186 0.21031902730464935 -0.008218997158110142
v -0.06453914940357208 0.2179861217737198 -0.0061375657096505165
v -0.06306722015142441 0.20050376653671265 -0.014851129613816738
v -0.06411613523960114 0.21093033254146576 -0.014004331082105637
v -0.06201830878853798 0.19007721543312073 -0.01569792814552784
v -0.06516505032777786 0.22135688364505768 -0.01315753348171711
v -0.060312412679195404 0.1824178248643875 0.004298916086554527
v -0.060724031180143356 0.18738678097724915 0.007580667268484831
v -0.05990079790353775 0.17744886875152588 0.0010171651374548674
v -0.060959555208683014 0.1837630420923233 -0.007340380921959877
v -0.05892949178814888 0.1727423369884491 -0.002481400500983
v -0.059480730444192886 0.17630133032798767 -0.00962420180439949
v -0.058842044323682785 0.17113471031188965 0.009374711662530899
v -0.05789259821176529 0.16683007776737213 0.0029121176339685917
v -0.06003197282552719 0.17986032366752625 -0.016767002642154694
v -0.05800190940499306 0.16883961856365204 -0.011908021755516529
v -0.058045633137226105 0.16964343190193176 -0.017836077138781548
v -0.05795818567276001 0.16803579032421112 -0.005979966372251511
v -0.05838187783956528 0.196517214179039 -0.023379769176244736
v -0.05986204743385315 0.20413267612457275 -0.021393796429038048
v -0.056656867265701294 0.20776158571243286 -0.027936464175581932
v -0.05440739914774895 0.21379268169403076 -0.032916560769081116
v -0.05856828764081001 0.21256595849990845 -0.024811318144202232
v -0.06134221330285072 0.2117481380701065 -0.01940782554447651
v -0.041918471455574036 0.13299626111984253 -0.030445095151662827
v -0.04647640511393547 0.13907627761363983 -0.02651851996779442
v -0.04512876272201538 0.13211926817893982 -0.026386220008134842
v -0.05120600387454033 0.14022594690322876 -0.02115078829228878
v -0.04833905026316643 0.13124226033687592 -0.022327346727252007
v -0.04217597469687462 0.12560075521469116 -0.028283359482884407
v -0.045472096651792526 0.12225857377052307 -0.023503905162215233
v -0.05042652785778046 0.13359269499778748 -0.015602384693920612
v -0.04828885942697525 0.12773239612579346 -0.017653312534093857
v -0.04782404750585556 0.14603330194950104 -0.026650819927453995
v -0.05407295748591423 0.1492096334695816 -0.019974227994680405
v -0.04583359137177467 0.1522928774356842 -0.031398020684719086
v -0.05043463036417961 0.15608586370944977 -0.02700619027018547
v -0.05269629880785942 0.16345390677452087 -0.02494329959154129
v -0.05605929717421532 0.15942654013633728 -0.01890515349805355
v -0.056501224637031555 0.16097599267959595 -0.011227814480662346
v -0.05694315582513809 0.16252544522285461 -0.0035504759289324284
v -0.055928122252225876 0.15701508522033691 -0.0011209857184439898
v -0.05500053986907005 0.15311236679553986 -0.010547607205808163
v -0.0568557046353817 0.16091780364513397 0.00830563623458147
v -0.05498001351952553 0.1501854509115219 0.007373531814664602
v -0.05461308732628822 0.14920973777770996 0.000018655351595953107
v -0.05256419628858566 0.1394529938697815 -0.013551456853747368
v -0.0510554313659668 0.1296963393688202 -0.007128684315830469
v -0.049647051841020584 0.126959428191185 -0.010053981095552444
v -0.053104326128959656 0.13945309817790985 0.006441427860409021
v -0.05132549628615379 0.12969638407230377 0.002867757808417082
v -0.05217674374580383 0.1355503648519516 -0.002985193859785795
v -0.05329805240035057 0.1414044052362442 0.001158296363428235
v -0.053588639944791794 0.14433136582374573 -0.006766400765627623
v -0.05534694343805313 0.15116116404533386 0.014728408306837082
v -0.05291059613227844 0.1375017762184143 0.011724558658897877
v -0.05047425255179405 0.12384240329265594 0.008720709942281246
v -0.05025111511349678 0.13626131415367126 0.016222894191741943
v -0.04775898903608322 0.12570667266845703 0.015094591304659843
v -0.04759163409471512 0.13502085208892822 0.020721228793263435
v -0.04504372179508209 0.12757092714309692 0.021468471735715866
v -0.051413506269454956 0.14619573950767517 0.019600365310907364
v -0.04748006910085678 0.14123031497001648 0.024472322314977646
v -0.05778328701853752 0.16482053697109222 0.017732257023453712
v -0.05257589370012283 0.15613014996051788 0.022977836430072784
v -0.058930087834596634 0.1754310429096222 0.018476111814379692
v -0.054991938173770905 0.17734773457050323 0.024843335151672363
v -0.05328686535358429 0.16924266517162323 0.025521697476506233
v -0.04429401829838753 0.17808692157268524 0.041100576519966125
v -0.04295213893055916 0.16789685189723969 0.040278930217027664
v -0.04681765288114548 0.16639715433120728 0.03421171009540558
v -0.04879043996334076 0.17366479337215424 0.033311136066913605
v -0.049696773290634155 0.16126365959644318 0.028594771400094032
v -0.04161025956273079 0.15770676732063293 0.0394572876393795
v -0.044844865798950195 0.1591295301914215 0.035112280398607254
v -0.041885681450366974 0.14822807908058167 0.036463137716054916
v -0.04610668122768402 0.15328463912010193 0.03166784718632698
v -0.047368500381708145 0.14743976294994354 0.028223413974046707
v -0.043602414429187775 0.13316015899181366 0.027468731626868248
v -0.04216110706329346 0.1387493759393692 0.03346899151802063
v -0.03766468167304993 0.1431715041399002 0.04125843197107315
v -0.03837565332651138 0.15628401935100555 0.04380229115486145
v -0.03695371001958847 0.13005898892879486 0.03871456906199455
v -0.03972475975751877 0.12509000301361084 0.030465142801404
v -0.05672726780176163 0.20107419788837433 0.027753256261348724
v -0.06237049400806427 0.2072625756263733 0.020707670599222183
v -0.05774448439478874 0.21165770292282104 0.028186868876218796
v -0.053812798112630844 0.20576819777488708 0.03281165659427643
v -0.05671213939785957 0.19326350092887878 0.025959115475416183
v -0.06122369319200516 0.19665206968784332 0.019963817670941353
v -0.05669700726866722 0.18545280396938324 0.024164972826838493
v -0.053317125886678696 0.18486404418945312 0.029109980911016464
v -0.05105378478765488 0.17926442623138428 0.031210558488965034
v -0.05220058560371399 0.18987493216991425 0.031954411417245865
v -0.05108404532074928 0.19488580524921417 0.034798841923475266
v -0.060076892375946045 0.18604154884815216 0.019219964742660522
v -0.05962125211954117 0.17892444133758545 0.01138751395046711
v -0.06040045991539955 0.18671415746212006 0.013400315307080746
v -0.06134145334362984 0.1948401927947998 0.012503293342888355
v -0.06429222971200943 0.21952299773693085 0.0041984678246080875
v -0.06333136558532715 0.21339279413223267 0.012453069910407066
v -0.04824730008840561 0.18398092687129974 0.036527492105960846
v -0.039797592908144 0.18250904977321625 0.04889001324772835
v -0.04544081911444664 0.1886974275112152 0.04184442758560181
v -0.049881111830472946 0.19987869262695312 0.03743644431233406
v -0.04534795880317688 0.19648562371730804 0.04338003695011139
v -0.04867817834019661 0.20487158000469208 0.040074050426483154
v -0.04525510221719742 0.20427383482456207 0.04491564258933067
v -0.05089832469820976 0.21046221256256104 0.03787005692720413
v -0.0468737818300724 0.2123609036207199 0.04403045400977135
v -0.053118471056222916 0.21605284512043 0.03566606715321541
v -0.04849246144294739 0.22044798731803894 0.04314526543021202
v 0.03846181556582451 0.12775753438472748 0.03555142506957054
v 0.03028128668665886 0.13217078149318695 0.04026031494140625
v 0.03186405822634697 0.1376928985118866 0.03985484689474106
v 0.04248541221022606 0.13355688750743866 0.03386737033724785
v 0.03326435387134552 0.14730148017406464 0.0418458916246891
v 0.04204149544239044 0.14591439068317413 0.03745412081480026
v -0.027631988748908043 0.10597565770149231 0.03519774228334427
v -0.03315838798880577 0.10742076486349106 0.03323869779706001
v -0.03505604714155197 0.11873988062143326 0.03597663342952728
v -0.027673635631799698 0.11410371959209442 0.037740956991910934
v -0.014681531116366386 0.09176632761955261 0.03637789562344551
v -0.018393561244010925 0.09814844280481339 0.03676734119653702
v -0.013815994374454021 0.10236289352178574 0.04009535163640976
v -0.007340765558183193 0.09525822848081589 0.04068543016910553
v -0.022022297605872154 0.08827443420886993 0.03207036107778549
v -0.0248271431773901 0.09712504595518112 0.03363405168056488
v -0.029363062232732773 0.08478253334760666 0.027762826532125473
v -0.03126072511076927 0.09610164910554886 0.030500762164592743
v -0.022105591371655464 0.10453055053949356 0.037156786769628525
v -0.020291224122047424 0.10946755856275558 0.03950527682900429
v -0.033118367195129395 0.09454163908958435 -0.025747478008270264
v -0.03539375960826874 0.09971380978822708 -0.02576267719268799
v -0.038824763149023056 0.09901966154575348 -0.022394439205527306
v -0.03693457320332527 0.0918920487165451 -0.02125142700970173
v -0.026641560718417168 0.09397450089454651 -0.03135614097118378
v -0.02930215746164322 0.0971912369132042 -0.0302435290068388
v -0.030842972919344902 0.08936946839094162 -0.02573227882385254
v -0.03196275606751442 0.10040796548128128 -0.02913091704249382
v -0.031192347407341003 0.10431884974241257 -0.031386543065309525
v -0.02344849705696106 0.08991221338510513 -0.031800393015146255
v -0.03595365211367607 0.10523305833339691 -0.02746199630200863
v 0.03686479479074478 0.11400704085826874 -0.029969865456223488
v 0.040718138217926025 0.11742521077394485 -0.02780679240822792
v 0.03663535788655281 0.10789413750171661 -0.02692229487001896
v 0.04169666767120361 0.1104140654206276 -0.02302234061062336
v 0.03640592098236084 0.10178124159574509 -0.02387472242116928
v 0.0426752008497715 0.10340292006731033 -0.01823788695037365
v 0.02943085879087448 0.09458502382040024 -0.02818629890680313
v 0.0339563749730587 0.09440764784812927 -0.023627357557415962
v 0.02872507832944393 0.08901048451662064 -0.02686103992164135
v 0.03150682896375656 0.08703406155109406 -0.023379992693662643
v 0.025237547233700752 0.08541237562894821 -0.029016828164458275
v 0.03848189115524292 0.0942302793264389 -0.019068416208028793
v 0.03428857773542404 0.08505763858556747 -0.019898945465683937
v 0.03842153772711754 0.09123140573501587 -0.014141068793833256
v 0.041764114052057266 0.09796974807977676 -0.012491176836192608
v 0.03836118429899216 0.08823253959417343 -0.009213722310960293
v 0.04085303097963333 0.0925365760922432 -0.006744466256350279
v 0.041598834097385406 0.09486258029937744 -0.003356330096721649
v 0.0424685999751091 0.09951896220445633 -0.006819329224526882
v 0.04234464094042778 0.09718858450651169 0.000031805873732082546
v 0.043173085898160934 0.1010681763291359 -0.0011474813800305128
v 0.04110197350382805 0.09136920422315598 0.0018007367616519332
v 0.0422619991004467 0.09563500434160233 0.0045992289669811726
v 0.0399419441819191 0.08710340410470963 -0.000997755560092628
v 0.040790509432554245 0.1129366010427475 0.023438986390829086
v 0.040987368673086166 0.11841387301683426 0.02653881534934044
v 0.04390663653612137 0.12002474814653397 0.023725859820842743
v 0.044617246836423874 0.11325868219137192 0.01865510456264019
v 0.03972459211945534 0.12308570742607117 0.03104512020945549
v 0.04319602623581886 0.1267908215522766 0.028796615079045296
v 0.03696376830339432 0.11261452734470367 0.02822287008166313
v 0.038068097084760666 0.11680299788713455 0.029351769015192986
v 0.033689193427562714 0.11438668519258499 0.03357120230793953
v 0.036253154277801514 0.11938060075044632 0.033293623477220535
v 0.03443821519613266 0.12195819616317749 0.037235479801893234
v 0.03041461482644081 0.1161588504910469 0.03891953453421593
v 0.02639101631939411 0.11035950481891632 0.04060358926653862
v 0.031125226989388466 0.10939277708530426 0.033848781138658524
v 0.0286985132843256 0.1266486495733261 0.04066577926278114
v 0.024245887994766235 0.12347175925970078 0.04278639703989029
v -4.690304655588799e-17 0.09875012934207916 0.04499296471476555
v 0.0075890785083174706 0.09534028172492981 0.04045594856142998
v 0.006324232090264559 0.08847247064113617 0.03855331987142563
v -4.315055163320853e-17 0.0898267850279808 0.041802406311035156
v 0.006597754079848528 0.10165247321128845 0.043895620852708817
v 0.011822360567748547 0.09832720458507538 0.04029766470193863
v 0.013195508159697056 0.10455481708049774 0.042798276990652084
v 0.016055641695857048 0.10131413489580154 0.04013938084244728
v 0.017046967521309853 0.0950019434094429 0.03669970855116844
v 0.015178157016634941 0.09193043410778046 0.035918932408094406
v 0.018915776163339615 0.09807345271110535 0.03748048469424248
v 0.023644721135497093 0.09790428727865219 0.03560236468911171
v 0.02320597879588604 0.09321244060993195 0.03349214047193527
v 0.021718991920351982 0.10268072038888931 0.03865164890885353
v 0.022767236456274986 0.0885205864906311 0.03138191998004913
v 0.01979326270520687 0.10745716094970703 0.04170093312859535
v 0.029364990070462227 0.0914229303598404 0.030284574255347252
v 0.02837366610765457 0.09773512184619904 0.03372424468398094
v 0.031199363991618156 0.09919470548629761 0.030367596074938774
v 0.03264928236603737 0.09482545405626297 0.026948681101202965
v 0.027382340282201767 0.10404731333255768 0.03716391697525978
v 0.03116229549050331 0.10429374128580093 0.032108187675476074
v 0.034942250698804855 0.10454016923904419 0.027052458375692368
v 0.03585943952202797 0.1084260568022728 0.02709396928548813
v 0.040593650192022324 0.10745933651924133 0.020339159294962883
v 0.03402506187558174 0.10065428167581558 0.027010947465896606
v 0.03593357652425766 0.09822797775268555 0.02361278608441353
v 0.03826361149549484 0.10284365713596344 0.02197597362101078
v 0.030356314033269882 0.08511073887348175 0.026844901964068413
v 0.03409920260310173 0.09045621007680893 0.023529764264822006
v 0.03784208744764328 0.09580167382955551 0.0202146265655756
v 0.04158497229218483 0.10114714503288269 0.016899488866329193
v 0.04089691489934921 0.09686672687530518 0.014506258070468903
v 0.03804021701216698 0.09344643354415894 0.017637014389038086
v 0.03853553906083107 0.0875583291053772 0.011192984879016876
v 0.03646596521139145 0.08724083751440048 0.015428165905177593
v 0.038238346576690674 0.09109119325876236 0.015059402212500572
v 0.0402088537812233 0.09258630871772766 0.012113027274608612
v 0.03528258204460144 0.0888485237956047 0.019478965550661087
v 0.04532786086201668 0.10649260878562927 0.013584350235760212
v 0.04060510918498039 0.08787582069635391 0.006957803852856159
v 0.04217936098575592 0.09408141672611237 0.009166652336716652
v 0.04375360906124115 0.10028701275587082 0.011375500820577145
v 0.04346334934234619 0.10067759454250336 0.005114009603857994
v 0.03903086110949516 0.08167022466659546 0.004748954903334379
v 0.03658821061253548 0.07587245851755142 0.005561643745750189
v 0.03518812358379364 0.07755552977323532 0.01002951804548502
v 0.03686222434043884 0.08253035694360733 0.010272941552102566
v 0.03414556384086609 0.07007469981908798 0.0063743325881659985
v 0.03351402282714844 0.07258070260286331 0.009786094538867474
v 0.03288247808814049 0.07508671283721924 0.013197856023907661
v 0.03152414783835411 0.06885888427495956 0.011248551309108734
v 0.03134538605809212 0.07344083487987518 0.015310081653296947
v 0.033788032829761505 0.07923860102891922 0.014497392810881138
v 0.0317029133439064 0.06427693367004395 0.007187021430581808
v 0.03193516656756401 0.07884572446346283 0.018315497785806656
v 0.029534276574850082 0.06513706594705582 0.012711008079349995
v 0.02980829030275345 0.07179495692253113 0.017422307282686234
v 0.030082302168011665 0.07845284789800644 0.022133605554699898
v 0.02484024129807949 0.07033859193325043 0.019890377297997475
v 0.02380373887717724 0.07496792078018188 0.024040868505835533
v 0.022767236456274986 0.07959724962711334 0.02819135971367359
v 0.0325249508023262 0.08425061404705048 0.021320916712284088
v 0.03469358757138252 0.0833904817700386 0.015796929597854614
v 0.01770785078406334 0.08335769921541214 0.03174779564142227
v 0.01752517558634281 0.07148298621177673 0.02594813145697117
v 0.015178157016634941 0.07408375293016434 0.02953781746327877
v 0.012648464180529118 0.07819481194019318 0.03211367502808571
v 0.010118771344423294 0.08230587840080261 0.0346895307302475
v 0.012648464180529118 0.08711815625429153 0.0353042334318161
v 0.005059385672211647 0.08160465955734253 0.03665069118142128
v 0.006324232090264559 0.07508745789527893 0.03376748040318489
v -3.939805340180662e-17 0.08090344816446304 0.038611847907304764
v -3.564555847912716e-17 0.07198010385036469 0.03542128950357437
v 0.0075890785083174706 0.06857025623321533 0.0308842733502388
v -3.1893063556447703e-17 0.06305676698684692 0.03223073109984398
v 0.012420120649039745 0.06669767946004868 0.026060553267598152
v 0.019872192293405533 0.06888222694396973 0.022358447313308716
v 0.017251163721084595 0.06482509523630142 0.021236835047602654
v 0.014630132354795933 0.060767967253923416 0.020115220919251442
v 0.007315066177397966 0.06191236525774002 0.026172975078225136
v 0.014351320452988148 0.057958122342824936 0.020103733986616135
v 0.008795318193733692 0.05811396241188049 0.02464417926967144
v 0.014072508551180363 0.055148281157016754 0.020092248916625977
v 0.01027556974440813 0.054315559566020966 0.023115383461117744
v 0.02339272014796734 0.06498108059167862 0.01697392202913761
v 0.029260264709591866 0.05847917124629021 0.007999710738658905
v 0.021945198997855186 0.05962356925010681 0.014057465828955173
v 0.02518451400101185 0.05483660474419594 0.01101135928183794
v 0.019767917692661285 0.05639736354351044 0.015557547099888325
v 0.017590636387467384 0.05317115783691406 0.01705762930214405
v 0.013654290698468685 0.050933513790369034 0.02007502131164074
v 0.006478630006313324 0.05348283424973488 0.026138518005609512
v 0.003239315003156662 0.05826979875564575 0.029184624552726746
v 0.02304629422724247 0.050594255328178406 -0.00805965717881918
v 0.02489391528069973 0.057624153792858124 -0.011114866472780704
v 0.023852728307247162 0.05786481127142906 -0.01641576737165451
v 0.02428908832371235 0.052171237766742706 -0.004847783595323563
v 0.02593510039150715 0.057383500039577484 -0.005813965108245611
v 0.026153279468417168 0.05453671142458916 -0.000029973447453812696
v 0.028420688584446907 0.060537464916706085 0.0006097819423303008
v 0.030596159398555756 0.06502588838338852 0.0011641959426924586
v 0.02758111245930195 0.06259576231241226 -0.00678014662116766
v 0.02948940359055996 0.0657748356461525 -0.0048586297780275345
v 0.032771628350019455 0.06951430439949036 0.0017186100594699383
v 0.03139769285917282 0.06895391643047333 -0.0029371127020567656
v 0.02674153447151184 0.06465405970811844 -0.014170074835419655
v 0.02933679334819317 0.06811332702636719 -0.0099206967279315
v 0.029184184968471527 0.07045181840658188 -0.014982763677835464
v 0.025901958346366882 0.06671234965324402 -0.021560003980994225
v 0.03426013141870499 0.07372253388166428 -0.00005483728091348894
v 0.031932052224874496 0.07157260179519653 -0.005671318620443344
v 0.03574863448739052 0.0779307559132576 -0.001828284584917128
v 0.03246640786528587 0.07419128715991974 -0.008405524305999279
v 0.03705491125583649 0.08308164775371552 -0.005521003622561693
v 0.03586934134364128 0.08392850309610367 -0.011682978831231594
v 0.03416787460446358 0.0790598914027214 -0.010044251568615437
v 0.03507896140217781 0.08449307084083557 -0.01579096168279648
v 0.03213157132267952 0.07747244834899902 -0.015386862680315971
v 0.03009526990354061 0.07588499784469604 -0.02072947472333908
v 0.027666408568620682 0.08064868301153183 -0.024873150512576103
v 0.021750016137957573 0.08181426674127579 -0.0311726164072752
v 0.023825988173484802 0.0742633119225502 -0.026366310194134712
v 0.013512082397937775 0.06222217157483101 -0.024476967751979828
v 0.019380390644073486 0.060602035373449326 -0.02194494940340519
v 0.01755567640066147 0.06743445247411728 -0.024675415828824043
v 0.018759626895189285 0.05424747243523598 -0.017593927681446075
v 0.012858822010457516 0.054491717368364334 -0.022329894825816154
v 0.0037297296803444624 0.05305669456720352 -0.025054387748241425
v 0.009468489326536655 0.05700989067554474 -0.02427852153778076
v 0.006078156642615795 0.05952806398272514 -0.02622714824974537
v 0.0011222059838473797 0.0577319897711277 -0.02739393338561058
v 0.007643774151802063 0.0638423040509224 -0.027008987963199615
v 0.009209392592310905 0.06815654784440994 -0.027790827676653862
v 0.000992657383903861 0.0633053183555603 -0.029150087386369705
v 0.010607506148517132 0.07294982671737671 -0.02995656058192253
v 0.012005619704723358 0.07774309813976288 -0.03212229534983635
v 0.017216747626662254 0.07360656559467316 -0.028161436319351196
v 0.01687781885266304 0.07977867871522903 -0.0316474549472332
v -0.015465835109353065 0.0797564834356308 -0.0329110212624073
v -0.01437347661703825 0.07339166849851608 -0.030543342232704163
v -0.01648595556616783 0.06878620386123657 -0.02688971720635891
v -0.01139620877802372 0.06483236700296402 -0.02894163876771927
v -0.005658459383994341 0.06276833266019821 -0.031291186809539795
v -0.0038337446749210358 0.05593591928482056 -0.02856072038412094
v -0.002009029733017087 0.0491035021841526 -0.025830253958702087
v -0.010963707230985165 0.0502660870552063 -0.02100418694317341
v -0.015092993155121803 0.05278084799647331 -0.019892901182174683
v -0.006486368365585804 0.0496847964823246 -0.023417219519615173
v -0.010267600417137146 0.05413302034139633 -0.023607680574059486
v -0.007050672546029091 0.055034469813108444 -0.02608419954776764
v -0.012788422405719757 0.05709850415587425 -0.023734653368592262
v -0.015309243462979794 0.06006398797035217 -0.023861626163125038
v -0.009223440662026405 0.05993342027068138 -0.027512919157743454
v -0.018598433583974838 0.06418073177337646 -0.023236090317368507
v -0.019222278147935867 0.055295608937740326 -0.018781613558530807
v -0.02235550805926323 0.061633627861738205 -0.01926969736814499
v -0.02188762277364731 0.06829746812582016 -0.022610556334257126
v -0.025488736107945442 0.06797164678573608 -0.01975778117775917
v -0.02611258067190647 0.059086527675390244 -0.01530330441892147
v -0.029089847579598427 0.0676458328962326 -0.016905007883906364
v -0.02126377820968628 0.0771825909614563 -0.027065033093094826
v -0.021575700491666794 0.07274003326892853 -0.0248377937823534
v -0.02075960487127304 0.08151625841856003 -0.029654840007424355
v -0.025801289826631546 0.08544286340475082 -0.027693558484315872
v -0.028154080733656883 0.08097351342439651 -0.02358672395348549
v -0.020255431532859802 0.08584991842508316 -0.032244645059108734
v -0.03504438325762749 0.08476443588733673 -0.020108414813876152
v -0.026821408420801163 0.0744725838303566 -0.02167225256562233
v -0.03206711634993553 0.07620513439178467 -0.018506711348891258
v -0.03244537487626076 0.07467257976531982 -0.013100231997668743
v -0.029987908899784088 0.06813164800405502 -0.012900165282189846
v -0.03490284085273743 0.08121351152658463 -0.01330029871314764
v -0.034761298447847366 0.07766258716583252 -0.006492183543741703
v -0.03282363340258598 0.07314002513885498 -0.007693753112107515
v -0.03088597021996975 0.06861746311187744 -0.008895322680473328
v -0.034619756042957306 0.07411166280508041 0.0003159316547680646
v -0.03223305940628052 0.06934618949890137 -0.0028880592435598373
v -0.034478213638067245 0.07056073844432831 0.007124047260731459
v -0.03164248913526535 0.06555236130952835 0.0019176349742338061
v -0.029819021001458168 0.06162300705909729 0.0034438171423971653
v -0.03172290697693825 0.06484383344650269 0.007914183661341667
v -0.02791513316333294 0.0584021732211113 -0.0010265489108860493
v -0.028806762769818306 0.060543980449438095 -0.0032887770794332027
v -0.029846366494894028 0.06458072364330292 -0.006092050112783909
v -0.027979472652077675 0.06183362752199173 -0.010697676800191402
v -0.02597103826701641 0.05553560331463814 -0.008495189249515533
v -0.025565432384610176 0.054110437631607056 -0.004365800879895687
v -0.02515982836484909 0.05268527567386627 -0.00023641259758733213
v -0.02702350541949272 0.0562603659927845 0.001235679374076426
v -0.027995552867650986 0.05769365280866623 0.00496999965980649
v -0.02568606100976467 0.05304765701293945 0.004629021510481834
v -0.026212293654680252 0.053410038352012634 0.00949445553123951
v -0.02896760031580925 0.05912693589925766 0.008704319596290588
v -0.029033510014414787 0.06340286880731583 0.011880737729370594
v -0.026983508840203285 0.06018417701125145 0.01326744444668293
v -0.031116468831896782 0.06875953078269958 0.012082239612936974
v -0.03319942578673363 0.07411618530750275 0.012283741496503353
v -0.024933505803346634 0.05696548894047737 0.014654150232672691
v -0.02775472402572632 0.06695832312107086 0.0170404314994812
v -0.026410024613142014 0.06623783707618713 0.019023708999156952
v -0.029099421575665474 0.06767880171537399 0.015057154931128025
v -0.030510028824210167 0.07267522066831589 0.01625029556453228
v -0.029198287054896355 0.07409270107746124 0.019821781665086746
v -0.027886543422937393 0.0755101889371872 0.023393267765641212
v -0.019800547510385513 0.05862085148692131 0.018498003482818604
v -0.02200835384428501 0.06570766121149063 0.02122487872838974
v -0.014667589217424393 0.06027621403336525 0.022341854870319366
v -0.011728494428098202 0.05537495017051697 0.021257661283016205
v -0.03192063793540001 0.07767163217067719 0.01744343712925911
v -0.03064185008406639 0.08122708648443222 0.02260313183069229
v -0.01712845265865326 0.08316624909639359 0.032283250242471695
v -0.022022297605872154 0.07935108989477158 0.0288798026740551
v -0.014681531116366386 0.07391964644193649 0.029996778815984726
v -0.016144108027219772 0.06954856216907501 0.026711413636803627
v -0.022015325725078583 0.0725293755531311 0.02505234070122242
v -0.006117304787039757 0.0884040966629982 0.03874455392360687
v -0.012234609574079514 0.086981400847435 0.03568670153617859
v -0.009787687100470066 0.08219647407531738 0.03499550744891167
v -0.012234609574079514 0.07805806398391724 0.032496143132448196
v -0.004893843550235033 0.08154995739459991 0.036803677678108215
v -0.006117304787039757 0.07501908391714096 0.033958714455366135
v -0.007340765558183193 0.06848820298910141 0.031113754957914352
v -0.011004176922142506 0.06438221037387848 0.02672780491411686
v -0.01760668307542801 0.06517747789621353 0.023426050320267677
v -0.005864247214049101 0.059215858578681946 0.026744196191430092
v -0.037868134677410126 0.08046630769968033 0.006772250402718782
v -0.041258059442043304 0.09037188440561295 0.006420453544706106
v -0.03927556052803993 0.08944032341241837 0.009977515786886215
v -0.03623749315738678 0.08177825808525085 0.011130629107356071
v -0.034606847912073135 0.08309020102024078 0.015489007346332073
v -0.03729306161403656 0.08850876986980438 0.013534577563405037
v -0.03431931138038635 0.08711142838001251 0.018870171159505844
v -0.03403177484869957 0.09113265573978424 0.02225133404135704
v -0.03483504056930542 0.09950689971446991 0.025451529771089554
v -0.03563830628991127 0.10788114368915558 0.028651725500822067
v -0.03840935602784157 0.10291215032339096 0.020402297377586365
v -0.03811822831630707 0.1083415225148201 0.024064751341938972
v -0.03768153488636017 0.11648557335138321 0.02955843321979046
v -0.04030701890587807 0.11423126608133316 0.023140233010053635
v -0.042495809495449066 0.12012100964784622 0.022215714678168297
v -0.04803790897130966 0.11018303036689758 0.005716860294342041
v -0.045266859233379364 0.1151520162820816 0.013966287486255169
v -0.04183810576796532 0.10903208702802658 0.017184292897582054
v -0.04132237657904625 0.09663661569356918 0.010602934285998344
v -0.04464798420667648 0.10027745366096497 0.006068657152354717
v -0.043369196355342865 0.10383290797472 0.011228351853787899
v -0.03870048373937607 0.09748277813196182 0.016739843413233757
v -0.037996772676706314 0.0929957777261734 0.015137210488319397
v -0.040363989770412445 0.09298823028802872 -0.004809139762073755
v -0.042505986988544464 0.09663284569978714 0.000629758695140481
v -0.040222447365522385 0.08943730592727661 0.0019989756401628256
v -0.039186835289001465 0.08850273489952087 -0.002422502264380455
v -0.04360866919159889 0.10723487287759781 -0.011252904310822487
v -0.04419909790158272 0.10553162544965744 -0.005996181163936853
v -0.04171847924590111 0.10010726004838943 -0.010109891183674335
v -0.04189581051468849 0.10274078696966171 -0.01302400603890419
v -0.038292765617370605 0.09111908078193665 -0.013652095571160316
v -0.041541144251823425 0.09747373312711716 -0.0071957772597670555
v -0.037633415311574936 0.08710087090730667 -0.009054719470441341
v -0.03932652622461319 0.09599965065717697 -0.01568065956234932
v -0.045321524143218994 0.1117289587855339 -0.009481801651418209
v -0.04667971655726433 0.11095599085092545 -0.001882470678538084
v -0.044789526611566544 0.10382837802171707 -0.0007394583080895245
v -0.04954667016863823 0.11993968486785889 -0.0007059118361212313
v -0.048163384199142456 0.11895771324634552 -0.005968225654214621
v -0.04678009822964668 0.11797574162483215 -0.01123053953051567
v -0.046126097440719604 0.12011715769767761 -0.017367223277688026
v -0.04396333545446396 0.11250192672014236 -0.017081132158637047
v -0.04823866859078407 0.1242225170135498 -0.012979277409613132
v -0.042605143040418625 0.11327488720417023 -0.02468046359717846
v -0.04071495309472084 0.10614727437496185 -0.023537451401352882
v -0.042161811143159866 0.10669106990098953 -0.017395177856087685
v -0.040360286831855774 0.1008802205324173 -0.017709221690893173
v -0.037421099841594696 0.08177448809146881 0.0011574536329135299
v -0.036974065005779266 0.0830826610326767 -0.004457342904061079
v -5.153331907482912e-17 0.11158782988786697 0.048199042677879333
v 0.005498128477483988 0.11186683177947998 0.04675024375319481
v -6.079387073015628e-17 0.1372632384300232 0.0546111986041069
v 0.005498128477483988 0.1311233937740326 0.051559362560510635
v 0.004398502875119448 0.1220811977982521 0.0496048666536808
v -5.616359159377025e-17 0.12442553788423538 0.05140512064099312
v 0.008797005750238895 0.11973685771226883 0.047804612666368484
v 0.010996256954967976 0.11214583367109299 0.045301444828510284
v 0.015394759364426136 0.11622034758329391 0.04510422796010971
v 0.010996256954967976 0.1249835416674614 0.04850752279162407
v 0.01979326270520687 0.12029486149549484 0.04490701109170914
v 0.013195508159697056 0.13023023307323456 0.049210432916879654
v 0.01807715930044651 0.13078467547893524 0.04665325582027435
v -0.018476855009794235 0.11440455913543701 0.04185376688838005
v -0.009238427504897118 0.10657734423875809 0.0434233658015728
v -0.007698689587414265 0.11597089469432831 0.046356696635484695
v -0.01539737917482853 0.12035395950078964 0.04451435059309006
v -0.006158951669931412 0.12536445260047913 0.04929003119468689
v -0.007698689587414265 0.13522745668888092 0.05116581544280052
v -0.012317903339862823 0.12630335986614227 0.04717493802309036
v -0.01539737917482853 0.13319166004657745 0.04772043228149414
v -0.02155633084475994 0.1277117133140564 0.04400229826569557
v -0.027715282514691353 0.12223177403211594 0.0402841679751873
v -0.027715282514691353 0.13506948947906494 0.043490245938301086
v -0.02984749712049961 0.1451614946126938 0.04481418430805206
v -0.018476855009794235 0.14007997512817383 0.04826592281460762
v -0.022030312567949295 0.14715148508548737 0.048369940370321274
v -0.01598985493183136 0.15267722308635712 0.05197770148515701
v -0.009238427504897118 0.14509046077728271 0.05304160341620445
v -6.542414324909741e-17 0.1501009464263916 0.057817280292510986
v -0.009949398227036 0.15820297598838806 0.05558546259999275
v -0.008291165344417095 0.1697881668806076 0.05768822133541107
v -7.002379685048428e-17 0.16562357544898987 0.05989422649145126
v -0.019898796454072 0.16630500555038452 0.053353648632764816
v -0.01658233068883419 0.17395274341106415 0.05548221617937088
v -0.030913952738046646 0.1648302674293518 0.04862997680902481
v -0.03908662497997284 0.1693965345621109 0.04634615406394005
v -0.029848195612430573 0.1744070202112198 0.05112183094024658
v -0.025583768263459206 0.1542229950428009 0.04847395420074463
v -0.03197970986366272 0.15525351464748383 0.04613812267780304
v -0.022741282358765602 0.1602640002965927 0.05091379955410957
v 0.02210075780749321 0.13658401370048523 0.04496920108795166
v 0.02124270610511303 0.14182892441749573 0.04584232345223427
v 0.02295880950987339 0.13133911788463593 0.04409607872366905
v 0.02448721043765545 0.14868858456611633 0.04623766615986824
v 0.0143492566421628 0.13837480545043945 0.049241527915000916
v 0.006597754079848528 0.14016558229923248 0.05351385846734047
v 0.010621353052556515 0.14596493542194366 0.05182980000972748
v 0.017332322895526886 0.15350550413131714 0.050827108323574066
v 0.008481194265186787 0.1698877066373825 0.05754746496677399
v 0.010177433490753174 0.15832243859767914 0.05541655421257019
v 0.024043291807174683 0.1610460877418518 0.049824416637420654
v 0.020354866981506348 0.16654391586780548 0.053015828132629395
v 0.016962388530373573 0.17415183782577515 0.05520069971680641
v 0.027731716632843018 0.15554824471473694 0.04663300886750221
v 0.03466464579105377 0.15691006183624268 0.043836940079927444
v 0.03259847313165665 0.16583773493766785 0.04722601920366287
v 0.03053230047225952 0.17476540803909302 0.0506151020526886
v 0.041597574949264526 0.1582718938589096 0.041040871292352676
v 0.04115365445613861 0.1706293821334839 0.04462762176990509
v 0.040709733963012695 0.18298688530921936 0.0482143759727478
v 0.023747345432639122 0.18221993744373322 0.05394637584686279
v 0.03053230047225952 0.19028803706169128 0.052692048251628876
v 0.016962388530373573 0.1896744817495346 0.05727764964103699
v 0.020354866981506348 0.19758917391300201 0.05716972425580025
v 0.013569911010563374 0.181759774684906 0.05738557502627373
v 0.006784955505281687 0.18145298957824707 0.05967837572097778
v 0.008481194265186787 0.1931716501712799 0.0606628879904747
v -7.462345045187115e-17 0.18114620447158813 0.06197117641568184
v -7.922310405325802e-17 0.1966688334941864 0.06404812633991241
v -8.382275765464489e-17 0.21219146251678467 0.06612507253885269
v 0.010177433490753174 0.20489032566547394 0.06164740025997162
v 0.01718551479279995 0.20985522866249084 0.05960185080766678
v 0.023925844579935074 0.2030213326215744 0.05642881989479065
v 0.010445183143019676 0.2166891247034073 0.06277488172054291
v 0.024193594232201576 0.21482013165950775 0.05755630135536194
v 0.0274968221783638 0.2084534764289856 0.05568791553378105
v 0.03285329043865204 0.21660169959068298 0.054576560854911804
v 0.0343710295855999 0.20751897990703583 0.053078629076480865
v 0.03245166316628456 0.19890350103378296 0.05288533866405487
v 0.0412452332675457 0.20658448338508606 0.05046933889389038
v 0.04097748547792435 0.1947856843471527 0.04934185743331909
v 0.044674552977085114 0.20667514204978943 0.045767758041620255
v 0.04533107206225395 0.19784870743751526 0.04374675080180168
v 0.04151298478245735 0.2183832824230194 0.05159682035446167
v -0.009949398227036 0.20477086305618286 0.06181630864739418
v -0.017430009320378304 0.20864339172840118 0.05930514261126518
v -0.010966612957417965 0.21535438299179077 0.06224992126226425
v -0.008291165344417095 0.193072110414505 0.060803644359111786
v -0.023215264081954956 0.1819411963224411 0.05434050038456917
v -0.01658233068883419 0.18947537243366241 0.057559166103601456
v -0.013265864923596382 0.18160048127174377 0.05761078745126724
v -0.029848195612430573 0.18992964923381805 0.05319878086447716
v -0.019898796454072 0.19735026359558105 0.05750754475593567
v -0.006632932461798191 0.18137334287166595 0.05979098379611969
v -0.023893406614661217 0.2019324004650116 0.05636036396026611
v -0.03235410898923874 0.19751247763633728 0.052841994911432266
v -0.027888014912605286 0.20651455223560333 0.05521318316459656
v -0.024910619482398033 0.2125159204006195 0.056793976575136185
v -0.03486001864075661 0.2050953209400177 0.05248521268367767
v -0.033879928290843964 0.21338775753974915 0.053492411971092224
v -0.04081480950117111 0.19309256970882416 0.04932362586259842
v -0.04183202236890793 0.20367608964443207 0.04975723847746849
v -0.042849235236644745 0.21425960958003998 0.05019085109233856
v 0.04598758742213249 0.1890222728252411 0.04172574356198311
v 0.04810387268662453 0.2067657858133316 0.04106617718935013
v 0.04968465492129326 0.2009117156267166 0.03815164789557457
v 0.04573269560933113 0.2155468910932541 0.045437972992658615
v 0.04995240643620491 0.21271051466464996 0.03927912935614586
v 0.04466469585895538 0.10572018474340439 0.005628790706396103
v 0.04400153085589409 0.1049477681517601 -0.0023267685901373625
v 0.047700777649879456 0.11399209499359131 0.009097069501876831
v 0.046752654016017914 0.11209849268198013 0.003215316915884614
v 0.04564720019698143 0.12852966785430908 0.02167671173810959
v 0.04572545364499092 0.12276905030012131 0.019044088199734688
v 0.04556894302368164 0.13429030776023865 0.02430933527648449
v 0.05027249455451965 0.12962979078292847 0.007339658681303263
v 0.0488089844584465 0.1235024631023407 0.009486053138971329
v 0.047544270753860474 0.12551334500312805 0.014362316578626633
v 0.0480983704328537 0.13026852905750275 0.014556807465851307
v 0.04671311751008034 0.11838056892156601 0.01407057885080576
v 0.05007369816303253 0.12149157375097275 0.0046097892336547375
v 0.04884061589837074 0.11847680062055588 0.0008018433582037687
v 0.05244661495089531 0.1289910525083542 0.00012250925647094846
v 0.051783449947834015 0.1282186359167099 -0.00783304963260889
v 0.05031203478574753 0.12334771454334259 -0.0035156032536178827
v 0.054819535464048386 0.13649053871631622 -0.004364770837128162
v 0.04874736815690994 0.11994673311710358 -0.011301329359412193
v 0.04894395172595978 0.12854665517807007 -0.01413227990269661
v 0.04708298668265343 0.12186352908611298 -0.015647057443857193
v 0.04571128264069557 0.11167483031749725 -0.014769608154892921
v 0.04575790837407112 0.1109398603439331 -0.008718022145330906
v 0.04817745089530945 0.117704376578331 -0.007153715938329697
v 0.04580453038215637 0.11020489782094955 -0.002666435670107603
v 0.047607533633708954 0.11546202003955841 -0.0030061027500778437
v 0.043338365852832794 0.10417534410953522 -0.010282328352332115
v 0.04292203113436699 0.12665551900863647 -0.026511378586292267
v 0.04277569055557251 0.13270826637744904 -0.029122967272996902
v 0.04306837171316147 0.12060276418924332 -0.02389978989958763
v 0.04438982531428337 0.11613880097866058 -0.0193346980959177
v 0.04541860148310661 0.12378032505512238 -0.019992785528302193
v 0.04610445350408554 0.12887467443943024 -0.020431511104106903
v 0.05273786187171936 0.15442252159118652 -0.025623926892876625
v 0.04924366623163223 0.1486787647008896 -0.028561869636178017
v 0.05025971308350563 0.14590021967887878 -0.023643221706151962
v 0.05325828120112419 0.14993952214717865 -0.02030913718044758
v 0.05127575993537903 0.14312168955802917 -0.018724573776125908
v 0.053778696805238724 0.14545652270317078 -0.014994349330663681
v 0.05104034021496773 0.13917572796344757 -0.01567103900015354
v 0.054299116134643555 0.1409735381603241 -0.009679559618234634
v 0.04726114496588707 0.1418609321117401 -0.026977306231856346
v 0.04877282306551933 0.14078685641288757 -0.022454798221588135
v 0.0477815642952919 0.13737793266773224 -0.0216625165194273
v 0.04679030552506447 0.1339690238237381 -0.020870234817266464
v 0.05080492049455643 0.13522978127002716 -0.0126175032928586
v 0.04501841589808464 0.13728459179401398 -0.0280501376837492
v 0.045749466866254807 0.14293500781059265 -0.03149981424212456
v 0.045597389340400696 0.1509656310081482 -0.03319215774536133
v 0.04766349121928215 0.15601801872253418 -0.03176786005496979
v 0.052466582506895065 0.16236776113510132 -0.02845579944550991
v 0.048283156007528305 0.1623731404542923 -0.033103764057159424
v 0.05424123257398605 0.16436652839183807 -0.021419499069452286
v 0.0536692813038826 0.170322984457016 -0.02509225718677044
v 0.05219530314207077 0.1703130155801773 -0.031287673860788345
v 0.04890281707048416 0.1687282770872116 -0.03443966805934906
v 0.05601588636636734 0.16636529564857483 -0.014383196830749512
v 0.05514325574040413 0.17033293843269348 -0.018896840512752533
v 0.054813187569379807 0.15841008722782135 -0.017746739089488983
v 0.05688851326704025 0.16239765286445618 -0.00986955314874649
v 0.05490098148584366 0.1540096551179886 -0.014630613848567009
v 0.05498877540230751 0.14960923790931702 -0.01151448767632246
v 0.055681608617305756 0.14728516340255737 -0.006658430211246014
v 0.05706410109996796 0.15359680354595184 -0.0036373003385961056
v 0.0561988539993763 0.15376195311546326 -0.00803462602198124
v 0.056543681770563126 0.15807980298995972 -0.008952089585363865
v 0.05735422298312187 0.1703478842973709 -0.009603718295693398
v 0.0589638389647007 0.166385218501091 -0.0019923660438507795
v 0.061039164662361145 0.17037278413772583 0.005884820595383644
v 0.05801396816968918 0.15999101102352142 -0.0028148333076387644
v 0.05948425456881523 0.16190221905708313 0.003322422970086336
v 0.057929348200559616 0.15343166887760162 0.0007600249373354018
v 0.056374441832304 0.14496110379695892 -0.0018023729790002108
v 0.051736004650592804 0.13575711846351624 0.005193264223635197
v 0.04865247383713722 0.13502371311187744 0.014751299284398556
v 0.05071692168712616 0.14091522991657257 0.013273552991449833
v 0.05354568362236023 0.14293816685676575 0.005735590122640133
v 0.0527813695371151 0.1468067318201065 0.01179580669850111
v 0.05535535886883736 0.15011920034885406 0.006277915555983782
v 0.05587804317474365 0.1556439995765686 0.009579187259078026
v 0.052271828055381775 0.14938578009605408 0.015835950151085854
v 0.04892038553953171 0.14183804392814636 0.02007264271378517
v 0.05176229029893875 0.15196484327316284 0.01987609453499317
v 0.047123849391937256 0.14276085793972015 0.026871731504797935
v 0.045980844646692276 0.15152478218078613 0.031026631593704224
v 0.0453149639070034 0.17006103694438934 0.036406759172677994
v 0.044837839901447296 0.1602887064218521 0.03518152981996536
v 0.048078104853630066 0.16230551898479462 0.02932218834757805
v 0.04992019757628441 0.15713517367839813 0.024599142372608185
v 0.05293850228190422 0.16533075273036957 0.020533176138997078
v 0.04947627708315849 0.1694926768541336 0.0281858928501606
v 0.05640072748064995 0.16116881370544434 0.012880457565188408
v 0.05595680698752403 0.1735263168811798 0.01646720990538597
v 0.057976752519607544 0.18778997659683228 0.0197626780718565
v 0.057260025292634964 0.19444149732589722 0.024255581200122833
v 0.0616256520152092 0.19793950021266937 0.01816609688103199
v 0.061430156230926514 0.18875059485435486 0.014072339050471783
v 0.05696677789092064 0.18065814673900604 0.01811494305729866
v 0.06123466044664383 0.17956168949604034 0.009978579357266426
v 0.05087444931268692 0.1766798347234726 0.02704959735274315
v 0.04579209163784981 0.17983336746692657 0.03763198480010033
v 0.04934324324131012 0.18538843095302582 0.03398852422833443
v 0.05269889906048775 0.18175460398197174 0.026251306757330894
v 0.05126544088125229 0.19505764544010162 0.03523711487650871
v 0.05289439484477043 0.19094350934028625 0.030345065519213676
v 0.054523348808288574 0.1868293583393097 0.02545301802456379
v 0.06190863251686096 0.18470613658428192 0.0058858017437160015
v 0.06188702955842018 0.17838390171527863 0.001792239025235176
v 0.06193023547530174 0.19102837145328522 0.009979364462196827
v 0.06243031471967697 0.19330614805221558 0.0058863903395831585
v 0.0625826045870781 0.1898505836725235 0.0017930238973349333
v 0.06220187619328499 0.1984895020723343 0.012026440352201462
v 0.06277810037136078 0.199039489030838 0.005886782892048359
v 0.06182114779949188 0.2071284055709839 0.02225985750555992
v 0.06247352063655853 0.20595061779022217 0.014073516242206097
v 0.06306865066289902 0.21441204845905304 0.014216357842087746
v 0.0634043738245964 0.21221661567687988 0.0087349908426404
v 0.06312589347362518 0.20477283000946045 0.005887175444513559
v 0.06374010443687439 0.21002118289470673 0.0032536231447011232
v 0.056543294340372086 0.20109303295612335 0.028748486191034317
v 0.0532478503882885 0.20690177381038666 0.03401380777359009
v 0.05681104585528374 0.2128918170928955 0.029875967651605606
v 0.058692559599876404 0.174330472946167 -0.004824238829314709
v 0.05634595453739166 0.17828816175460815 -0.015533298254013062
v 0.055744607001543045 0.17431055009365082 -0.017215069383382797
v 0.05979021638631821 0.1803467869758606 -0.006449880078434944
v 0.057693399488925934 0.18230967223644257 -0.014691999182105064
v 0.06273490190505981 0.18639501929283142 -0.0023003427777439356
v 0.06088787317276001 0.1863631159067154 -0.00807552132755518
v 0.059040848165750504 0.18633119761943817 -0.013850701041519642
v 0.05854126811027527 0.19032078981399536 -0.018784580752253532
v 0.06106201931834221 0.19236347079277039 -0.012588752433657646
v 0.06358276307582855 0.1944061517715454 -0.006392924580723047
v 0.054847218096256256 0.1902569681406021 -0.030334940180182457
v 0.056270308792591095 0.18628332018852234 -0.02251346968114376
v 0.058041688054800034 0.19431039690971375 -0.023718461394309998
v 0.05399934947490692 0.18224585056304932 -0.02624235861003399
v 0.05383431538939476 0.17628441751003265 -0.025667307898402214
v 0.051924023777246475 0.1782582700252533 -0.03411954641342163
v 0.05165274441242218 0.18620352447032928 -0.036951418966054916
v 0.05426062270998955 0.196359783411026 -0.03256547451019287
v 0.051587723195552826 0.1943376064300537 -0.03830476477742195
v 0.06123616173863411 0.19836382567882538 -0.017101984471082687
v 0.05905232951045036 0.20243993401527405 -0.022640757262706757
v 0.05693351849913597 0.19838197529315948 -0.02682618610560894
v 0.061171140521764755 0.2064979076385498 -0.018455330282449722
v 0.057911649346351624 0.2105785459280014 -0.026425154879689217
v 0.05686849728226662 0.20651604235172272 -0.028179531916975975
v 0.054163090884685516 0.20856089890003204 -0.03459549322724342
v 0.05465215444564819 0.214659184217453 -0.03439497947692871
v 0.05367402359843254 0.2024625986814499 -0.034796010702848434
v 0.05582534894347191 0.20245353877544403 -0.029933908954262733
v 0.06502576917409897 0.21087868511676788 -0.010342664085328579
v 0.0622103326022625 0.21286898851394653 -0.017007991671562195
v 0.06443063169717789 0.2024172693490982 -0.010485506616532803
v 0.06318043172359467 0.1967228204011917 -0.00025307078612968326
v 0.06377826631069183 0.20359505712985992 -0.002299165353178978
v 0.06438293308019638 0.2104499340057373 -0.003544520353898406
v 0.05152270197868347 0.20247167348861694 -0.039658110588788986
v 0.051457684487104416 0.21060574054718018 -0.04101145640015602
v 0.05139266327023506 0.2187398225069046 -0.042364805936813354
v 0.047125354409217834 0.20131699740886688 -0.04296369105577469
v 0.04787623509764671 0.17429102957248688 -0.0373515747487545
v 0.04561033099889755 0.16714352369308472 -0.03759166598320007
v 0.04318257048726082 0.4815256893634796 -0.008670519106090069
v 0.04445919767022133 0.4840346872806549 -0.004535307642072439
v 0.04309305548667908 0.49201732873916626 -0.007029601838439703
v 0.041838809847831726 0.4868854284286499 -0.011575042270123959
v 0.041726913303136826 0.5 -0.00952389556914568
v 0.040495045483112335 0.4922451972961426 -0.014479565434157848
v 0.04262639582157135 0.4866955578327179 0.0006681375089101493
v 0.04114358872175217 0.49334779381752014 0.00009827821486396715
v 0.04582533985376358 0.47605201601982117 -0.0020410134457051754
v 0.043192800134420395 0.48137378692626953 0.0038397193420678377
v 0.04459347203373909 0.46829721331596375 -0.006996683310717344
v 0.04199546203017235 0.4685250520706177 -0.01444664690643549
v 0.04311461001634598 0.4637826085090637 -0.014583081007003784
v 0.04534290358424187 0.4624261260032654 -0.009029717184603214
v 0.04719148203730583 0.4680693447589874 0.00045328063424676657
v 0.043888021260499954 0.4749114513397217 -0.007833600975573063
v 0.04195070266723633 0.4737708866596222 -0.013626188039779663
v 0.04190594702959061 0.4790166914463043 -0.012805730104446411
v 0.04058456048369408 0.48175352811813354 -0.016120482236146927
v 0.03999100625514984 0.47525322437286377 -0.019008547067642212
v 0.039263177663087845 0.48449036478996277 -0.019435234367847443
v 0.038031309843063354 0.47673556208610535 -0.02439090423285961
v 0.039397452026605606 0.4687528908252716 -0.021896610036492348
v 0.036799442023038864 0.46898072957992554 -0.02934657409787178
v 0.04465978965163231 0.4688173532485962 0.0074759554117918015
v 0.042128097265958786 0.46956533193588257 0.014498630538582802
v 0.040683813393116 0.4746377766132355 0.0165297519415617
v 0.04222150892019272 0.4753448963165283 0.011770526878535748
v 0.04311450570821762 0.4658997058868408 0.014397269114851952
v 0.045259878039360046 0.4644223153591156 0.009104923345148563
v 0.044100914150476456 0.4622340798377991 0.014295908622443676
v 0.045859962701797485 0.460027277469635 0.01073389034718275
v 0.04740524664521217 0.4629449248313904 0.0038125766441226006
v 0.04375920817255974 0.47605201601982117 0.007011301349848509
v 0.04146233946084976 0.46554431319236755 0.01963893510401249
v 0.04332827404141426 0.4607752561569214 0.017756564542651176
v 0.04341940954327583 0.43319597840309143 0.02589617855846882
v 0.04438414424657822 0.4357907772064209 0.0235857293009758
v 0.04779285192489624 0.4307113289833069 0.01870129629969597
v 0.04573475569486618 0.42873769998550415 0.022810466587543488
v 0.04245467483997345 0.43060117959976196 0.028206627815961838
v 0.04367665946483612 0.4267640709877014 0.026919635012745857
v 0.04805009812116623 0.42427942156791687 0.019724752753973007
v 0.04489864408969879 0.4229269325733185 0.025632644072175026
v 0.0449945442378521 0.43775424361228943 0.021969852969050407
v 0.04097544029355049 0.4408702254295349 0.02847016416490078
v 0.04259061813354492 0.44205471873283386 0.025229208171367645
v 0.046520546078681946 0.44266292452812195 0.017930159345269203
v 0.044205792248249054 0.4432391822338104 0.02198825217783451
v 0.04280664026737213 0.4467606246471405 0.023622531443834305
v 0.045426592230796814 0.4471661150455475 0.018756497651338577
v 0.04883529990911484 0.4420866370201111 0.013872064650058746
v 0.0480465441942215 0.4475715756416321 0.013890464790165424
v 0.04761449992656708 0.4381597340106964 0.01710381917655468
v 0.04560494422912598 0.43971771001815796 0.020353974774479866
v 0.04770367592573166 0.43443551659584045 0.01790255680680275
v 0.04962405189871788 0.4366017282009125 0.013853663578629494
v 0.05041280388832092 0.43111681938171387 0.013835263438522816
v 0.051201555877923965 0.42563188076019287 0.013816862367093563
v 0.05247696489095688 0.4191282093524933 0.008884772658348083
v 0.05252699926495552 0.4147469103336334 0.01127771008759737
v 0.05151667818427086 0.41907361149787903 0.01570197008550167
v 0.05002525821328163 0.43321067094802856 0.007773422170430422
v 0.050578754395246506 0.42924150824546814 0.006546333432197571
v 0.051745396107435226 0.4232201874256134 0.0036480131093412638
v 0.048848964273929596 0.44078949093818665 0.001729981624521315
v 0.04931948333978653 0.4377579689025879 0.004147357773035765
v 0.049471765756607056 0.437179833650589 0.009000510908663273
v 0.04884213209152222 0.44143807888031006 0.007801022846251726
v 0.04963771626353264 0.43530455231666565 0.0017115811351686716
v 0.04821249470114708 0.44569629430770874 0.006601535249501467
v 0.047832779586315155 0.4526960253715515 0.010531168431043625
v 0.04800669848918915 0.45027920603752136 0.0050169434398412704
v 0.047619014978408813 0.45782047510147095 0.007171872537583113
v 0.047800902277231216 0.454862117767334 0.003432351630181074
v 0.04558052495121956 0.45673564076423645 0.014143867418169975
v 0.04530108720064163 0.4534440040588379 0.017553843557834625
v 0.04255563020706177 0.4593164324760437 0.02121722139418125
v 0.04172414913773537 0.4570886492729187 0.023240117356181145
v 0.04357537254691124 0.4521273672580719 0.020998308435082436
v 0.04184965416789055 0.4508107304573059 0.024442771449685097
v 0.05089854821562767 0.3810997009277344 0.029781954362988472
v 0.052625786513090134 0.3800830841064453 0.025635002180933952
v 0.05255430191755295 0.375 0.02705218829214573
v 0.050377387553453445 0.375 0.03259017691016197
v 0.047818392515182495 0.38417261838912964 0.03274577483534813
v 0.04678543284535408 0.3799074590206146 0.03558511659502983
v 0.04885135591030121 0.38843777775764465 0.029906433075666428
v 0.051419712603092194 0.38719937205314636 0.02697373367846012
v 0.05269727110862732 0.38516613841056824 0.024217816069722176
v 0.05397482588887215 0.3831329047679901 0.02146189846098423
v 0.0543530248105526 0.37906646728515625 0.021488049998879433
v 0.05473122000694275 0.375 0.021514201536774635
v 0.04628299921751022 0.38967618346214294 0.03283913433551788
v 0.04473824054002762 0.3872455656528473 0.03570959344506264
v 0.043193478137254715 0.38481491804122925 0.03858005627989769
v 0.04525940120220184 0.3933452367782593 0.032901372760534286
v 0.042430464178323746 0.39153382182121277 0.03723818436264992
v 0.04423580691218376 0.3970142900943756 0.03296361118555069
v 0.04012268781661987 0.39582207798957825 0.0387667715549469
v 0.04329579323530197 0.4008822441101074 0.033711083233356476
v 0.04614562913775444 0.402743399143219 0.029545579105615616
v 0.04834892228245735 0.39820653200149536 0.02716045267879963
v 0.04860014095902443 0.3933221399784088 0.028533443808555603
v 0.05246204137802124 0.3993987441062927 0.02135729230940342
v 0.05194087699055672 0.39329907298088074 0.02416551299393177
v 0.05411779507994652 0.39329907298088074 0.018627526238560677
v 0.05340753123164177 0.3892326056957245 0.021422671154141426
v 0.04899546131491661 0.40460455417633057 0.025380074977874756
v 0.04931062459945679 0.4092021584510803 0.023138688877224922
v 0.05214691907167435 0.40595704317092896 0.019472185522317886
v 0.04647433012723923 0.4124472737312317 0.026805192232131958
v 0.04552888497710228 0.4098103642463684 0.029402857646346092
v 0.04394233226776123 0.4072802662849426 0.03193070366978645
v 0.04206230863928795 0.41501617431640625 0.03342564031481743
v 0.040945760905742645 0.41055211424827576 0.035579752177000046
v 0.04235577955842018 0.40475019812583923 0.034458551555871964
v 0.046159207820892334 0.4190055727958679 0.024920085445046425
v 0.04411076009273529 0.4170108735561371 0.0291728638112545
v 0.041747186332941055 0.4215744733810425 0.031540535390377045
v 0.047419775277376175 0.41508421301841736 0.024207526817917824
v 0.049625787883996964 0.4137997627258301 0.02089730091392994
v 0.04883794113993645 0.4190395772457123 0.020311027765274048
v 0.051831796765327454 0.4125153124332428 0.017587076872587204
v 0.052577029913663864 0.41036564111709595 0.013670647516846657
v 0.05299967899918556 0.40490949153900146 0.014105371199548244
v 0.05375237390398979 0.4126245379447937 0.003952682018280029
v 0.053537316620349884 0.4104202389717102 0.0068534500896930695
v 0.053322263062000275 0.4082159399986267 0.00975421816110611
v 0.05385243892669678 0.40386196970939636 0.008738557808101177
v 0.05342232808470726 0.39945337176322937 0.014540093950927258
v 0.05438261479139328 0.39950796961784363 0.00772289652377367
v 0.05444011092185974 0.40499141812324524 0.0038795743603259325
v 0.0553429052233696 0.3995625972747803 0.0009056987473741174
v 0.056082505732774734 0.3944430947303772 0.003175692167133093
v 0.05516635626554489 0.3954233229160309 0.008175451308488846
v 0.05682210996747017 0.3893236219882965 0.00544568570330739
v 0.0559500977396965 0.39133864641189575 0.008628007024526596
v 0.05712570622563362 0.38521164655685425 0.009306839667260647
v 0.05586182326078415 0.38926902413368225 0.012262883596122265
v 0.054642073810100555 0.3943611979484558 0.013401488773524761
v 0.055773548781871796 0.38719937205314636 0.015897760167717934
v 0.05487418919801712 0.38516613841056824 0.018679829314351082
v 0.055891163647174835 0.3800830841064453 0.01732802204787731
v 0.05742930248379707 0.3810997009277344 0.013167993165552616
v 0.05908505618572235 0.375 0.010438227094709873
v 0.05690813809633255 0.375 0.01597621478140354
v 0.05838958919048309 0.38115429878234863 0.006350795738399029
v 0.057694125920534134 0.38730859756469727 0.0022633641492575407
v 0.05674220249056816 0.3893600404262543 -0.005957592744380236
v 0.05734986811876297 0.38525715470314026 -0.0018609422259032726
v 0.056998658925294876 0.3934628963470459 -0.0018240674398839474
v 0.05778540298342705 0.3801285922527313 0.0001735548721626401
v 0.057181213051080704 0.3791028559207916 -0.006003686226904392
v 0.057005610316991806 0.38320574164390564 -0.00598524883389473
v 0.05648922547698021 0.3801285922527313 -0.012171708047389984
v 0.056485749781131744 0.38525715470314026 -0.010091117583215237
v 0.055965885519981384 0.38730859756469727 -0.014196986332535744
v 0.05613454058766365 0.3934628963470459 -0.010054242797195911
v 0.05630319193005562 0.39961719512939453 -0.005911498796194792
v 0.05212627723813057 0.40174350142478943 -0.014135586097836494
v 0.05268188565969467 0.396260529756546 -0.016217192634940147
v 0.055027782917022705 0.4061208665370941 -0.000979408621788025
v 0.054404981434345245 0.4097304940223694 -0.008249937556684017
v 0.05124058574438095 0.4098168909549713 -0.014713604003190994
v 0.048076190054416656 0.40990325808525085 -0.021177271381020546
v 0.04794935882091522 0.4038698077201843 -0.02235967479646206
v 0.05291203409433365 0.41719886660575867 0.0007496925536543131
v 0.052071698009967804 0.42177316546440125 -0.0024532966781407595
v 0.05228923261165619 0.42080849409103394 -0.006520836614072323
v 0.05365850776433945 0.4134646952152252 -0.003750122617930174
v 0.05035489425063133 0.4178902506828308 -0.015291621908545494
v 0.04820302128791809 0.415936678647995 -0.019994867965579033
v 0.05250677093863487 0.4198438227176666 -0.01058837678283453
v 0.04839326813817024 0.4249868392944336 -0.018221262842416763
v 0.046177979558706284 0.4200165569782257 -0.02351570874452591
v 0.04497520998120308 0.41300633549690247 -0.027049735188484192
v 0.04377244412899017 0.4059961140155792 -0.030583761632442474
v 0.044152937829494476 0.4240964353084564 -0.027036551386117935
v 0.0418742299079895 0.41610944271087646 -0.03292220085859299
v 0.039595525711774826 0.4081224501132965 -0.03880785033106804
v 0.04360378906130791 0.3998418152332306 -0.03472650423645973
v 0.0464165098965168 0.39945000410079956 -0.028553323820233345
v 0.053237494081258774 0.3907775580883026 -0.01829879730939865
v 0.04922923073172569 0.39905819296836853 -0.02238014154136181
v 0.049060575664043427 0.3929038941860199 -0.026522884145379066
v 0.050509098917245865 0.39424654841423035 -0.02240060828626156
v 0.05242890492081642 0.38702908158302307 -0.022431308403611183
v 0.04761205241084099 0.39156121015548706 -0.030645161867141724
v 0.04360930621623993 0.3888010084629059 -0.0347319096326828
v 0.0456148162484169 0.38190051913261414 -0.03269258886575699
v 0.05162031576037407 0.38328060507774353 -0.026563817635178566
v 0.04762032628059387 0.375 -0.030653269961476326
v 0.05562857910990715 0.375 -0.022482475265860558
v 0.055797234177589417 0.38115429878234863 -0.01833973079919815
v 0.048330631107091904 0.4470701515674591 -0.011335620656609535
v 0.0459124781191349 0.4519265294075012 -0.014924167655408382
v 0.04573262110352516 0.4472980201244354 -0.018785584717988968
v 0.04871034622192383 0.44007042050361633 -0.01526525430381298
v 0.048544395714998245 0.44194573163986206 -0.007976324297487736
v 0.04825562611222267 0.44746628403663635 -0.00591645110398531
v 0.0479668527841568 0.45298683643341064 -0.003856578143313527
v 0.04795091226696968 0.4540698826313019 -0.0074059865437448025
v 0.046092335134744644 0.456555038690567 -0.011062751524150372
v 0.04423375427722931 0.45904016494750977 -0.014719516038894653
v 0.0434943251311779 0.45678287744522095 -0.01851271465420723
v 0.041445888578891754 0.46276789903640747 -0.020204663276672363
v 0.047571197152137756 0.46106961369514465 -0.0034763531293720007
v 0.04768604785203934 0.4579658806324005 -0.000022000696844770573
v 0.04798278957605362 0.4519037902355194 -0.0003071695100516081
v 0.04818061739206314 0.4478623867034912 -0.0004972820170223713
v 0.04837844520807266 0.4438210129737854 -0.0006873945822007954
v 0.04909105598926544 0.43862512707710266 -0.0031323714647442102
v 0.051013823598623276 0.4273121654987335 -0.0015887462068349123
v 0.04995594918727875 0.4328511655330658 -0.0007241956191137433
v 0.04933314770460129 0.43646079301834106 -0.007994724437594414
v 0.05081119015812874 0.4286346435546875 -0.007257780525833368
v 0.0506085567176342 0.4299571216106415 -0.012926815077662468
v 0.04643164202570915 0.4320834279060364 -0.021150901913642883
v 0.04369933158159256 0.43978288769721985 -0.022055992856621742
v 0.04263558238744736 0.4331749677658081 -0.025828910991549492
v 0.041571829468011856 0.42656707763671875 -0.029601827263832092
v 0.039217524230480194 0.421194463968277 -0.03465738520026207
v 0.03868832066655159 0.439495325088501 -0.028846731409430504
v 0.038839519023895264 0.43426650762557983 -0.03050691820681095
v 0.038990721106529236 0.4290376901626587 -0.03216710314154625
v 0.03837350755929947 0.4444095492362976 -0.02893003821372986
v 0.042053062468767166 0.4458537697792053 -0.023857811465859413
v 0.04040679335594177 0.4519246816635132 -0.025659630075097084
v 0.0427548922598362 0.45452558994293213 -0.022305915132164955
v 0.03977716714143753 0.46175315976142883 -0.025826243683695793
v 0.03758647292852402 0.4566951394081116 -0.02913830615580082
v 0.03960931673645973 0.38052040338516235 -0.03882136195898056
v 0.039612073451280594 0.375 -0.038824066519737244
v 0.03960242122411728 0.39432141184806824 -0.03881460800766945
v 0.03686321899294853 0.4158218801021576 -0.03971293941140175
v 0.0111986780539155 0.48412835597991943 -0.042786914855241776
v 0.015465471893548965 0.481603741645813 -0.040546856820583344
v 0.019296500831842422 0.4869244694709778 -0.03840230032801628
v 0.014884451404213905 0.4920641779899597 -0.04067419096827507
v 0.007761153392493725 0.49338680505752563 -0.04032206907868385
v 0.006237194873392582 0.48677361011505127 -0.04208267107605934
v 0.009285111911594868 0.5 -0.038561467081308365
v 0.018570223823189735 0.5 -0.038561467081308365
v 0.02312752790749073 0.4922451972961426 -0.03625774383544922
v 0.027192287147045135 0.49353766441345215 -0.03059220500290394
v 0.02435939759016037 0.5 -0.0313020758330822
v 0.027684831991791725 0.48449036478996277 -0.03395402058959007
v 0.03002517856657505 0.4870752990245819 -0.029882334172725677
v 0.02370854839682579 0.48178476095199585 -0.03613040968775749
v 0.019732266664505005 0.47907915711402893 -0.03830679878592491
v 0.02002277597784996 0.47384893894195557 -0.0382431335747242
v 0.026132456958293915 0.47529223561286926 -0.03494671732187271
v 0.03224213793873787 0.47673556208610535 -0.031650297343730927
v 0.020313287153840065 0.4686187207698822 -0.03817946836352348
v 0.02855636365711689 0.46879974007606506 -0.03376302123069763
v 0.02170545421540737 0.46366897225379944 -0.038887590169906616
v 0.02823580428957939 0.4625672996044159 -0.03575228527188301
v 0.03476615250110626 0.46146559715270996 -0.032616984099149704
v 0.012070209719240665 0.46843770146369934 -0.042595911771059036
v 0.015871187672019005 0.4622957706451416 -0.04237695783376694
v 0.0075129056349396706 0.47619253396987915 -0.04489963501691818
v 0.013767841272056103 0.47502073645591736 -0.04157138615846634
v 0.003827132750302553 0.4682566821575165 -0.04701235890388489
v 0.010036922059953213 0.46092256903648376 -0.04586632177233696
v -0.01050861831754446 0.46285685896873474 -0.04283321276307106
v -0.0032191253267228603 0.46159589290618896 -0.04641382768750191
v -0.006329510360956192 0.46843770146369934 -0.042595911771059036
v -0.017798110842704773 0.4641178548336029 -0.039252594113349915
v -0.01648615300655365 0.4686187207698822 -0.03817946836352348
v -0.009302852675318718 0.47502073645591736 -0.04157138615846634
v -0.01683349907398224 0.47384893894195557 -0.0382431335747242
v -0.001772206393070519 0.47619253396987915 -0.04489963501691818
v -0.012276194989681244 0.481603741645813 -0.040546856820583344
v -0.01718084327876568 0.47907915711402893 -0.03830679878592491
v -0.007371545769274235 0.48412835597991943 -0.042786914855241776
v 0.0022324940655380487 0.4814830720424652 -0.04349115490913391
v -0.0030479172710329294 0.48677361011505127 -0.04208267107605934
v -0.0023208451457321644 0.45710039138793945 -0.04730449244379997
v 0.0034958175383508205 0.461529940366745 -0.04796145111322403
v -0.025743583217263222 0.46312838792800903 -0.03620854392647743
v -0.026642797514796257 0.46879974007606506 -0.03376302123069763
v -0.024537816643714905 0.47529223561286926 -0.03494671732187271
v -0.022432837635278702 0.48178476095199585 -0.03613040968775749
v -0.017701860517263412 0.4869244694709778 -0.03840230032801628
v -0.027684831991791725 0.48449036478996277 -0.03395402058959007
v -0.03224213793873787 0.47673556208610535 -0.031650297343730927
v -0.02435939759016037 0.5 -0.0313020758330822
v -0.027192287147045135 0.49353766441345215 -0.03059220500290394
v -0.02312752790749073 0.4922451972961426 -0.03625774383544922
v -0.018570223823189735 0.5 -0.038561467081308365
v -0.012970885261893272 0.4920641779899597 -0.04067419096827507
v 0.0012757109943777323 0.4894188940525055 -0.041378431022167206
v 0.0006378554971888661 0.49470946192741394 -0.039969950914382935
v -0.006166514474898577 0.49338680505752563 -0.04032206907868385
v -0.009285111911594868 0.5 -0.038561467081308365
v 2.6290081561936886e-16 0.5 -0.038561467081308365
v 0.019525738433003426 0.5 -0.024478334933519363
v 0.013927668333053589 0.5 -0.02892110124230385
v 0.006963834166526794 0.5 -0.030527828261256218
v 0.004642555955797434 0.5 -0.009640366770327091
v 0.012561904266476631 0.5 -0.01001778431236744
v 0.010431728325784206 0.5 -0.00238097389228642
v 9.712865263927488e-17 0.5 -2.306726148746616e-16
v 0.015664437785744667 0.5 0.003575305687263608
v 0.008365596644580364 0.5 0.006671340670436621
v 0.028209496289491653 0.5 -0.013589245267212391
v 0.03593774139881134 0.5 -0.01678328961133957
v 0.03129518777132034 0.5 -0.007142921909689903
v 0.03131202980875969 0.5 0.000003844748789560981
v 0.03966078162193298 0.5 -0.00047158109373413026
v 0.03125704824924469 0.4948301315307617 -0.02492666430771351
v 0.03587604686617851 0.49353766441345215 -0.01970311440527439
v 0.030148569494485855 0.5 -0.024042680859565735
v 0.03402824327349663 0.48190543055534363 -0.02713661827147007
v 0.035814352333545685 0.4870752990245819 -0.022622941061854362
v 0.032365527004003525 0.48966023325920105 -0.025810645893216133
v 0.025123808532953262 0.5 -0.02003556862473488
v 0.02009904570877552 0.5 -0.016028454527258873
v 0.014692079275846481 0.5 -0.017654594033956528
v 0.009285111911594868 0.5 -0.019280733540654182
v 1.6520118998175067e-16 0.5 -0.016067277640104294
v 0.004642555955797434 0.5 -0.02249418944120407
v 0.020481251180171967 0.5 -0.010395200923085213
v 0.020863456651568413 0.5 -0.00476194778457284
v 0.022963279858231544 0.5 0.0004792705876752734
v 0.025063101202249527 0.5 0.00572048919275403
v 0.031328875571489334 0.5 0.007150611374527216
v 0.03759464994072914 0.5 0.008580734021961689
v 0.039194121956825256 0.49467822909355164 0.007226158399134874
v 0.03804439306259155 0.49334779381752014 0.013676750473678112
v 0.0355285182595253 0.5 0.017633048817515373
v 0.04079359397292137 0.48935645818710327 0.00587158277630806
v 0.04056026414036751 0.4866955578327179 0.00972045212984085
v 0.040326934307813644 0.4840346872806549 0.013569322414696217
v 0.03689466044306755 0.49201732873916626 0.020127343013882637
v 0.039783231914043427 0.48187243938446045 0.016065098345279694
v 0.037073101848363876 0.48731890320777893 0.02160755731165409
v 0.034362971782684326 0.492765337228775 0.027150018140673637
v 0.03346238657832146 0.5 0.026685362681746483
v 0.028212834149599075 0.5 0.013582317158579826
v 0.020897146314382553 0.5 0.00953158549964428
v 0.01673119328916073 0.5 0.013342681340873241
v 0.025096790865063667 0.5 0.020014023408293724
v 0.011154129169881344 0.5 0.023161787539720535
v 0.013942661695182323 0.5 0.018252234905958176
v 0.019519725814461708 0.5 0.024483129382133484
v 0.013942661695182323 0.5 0.028952235355973244
v 0.006971330847591162 0.5 0.014476117677986622
v 0.005577064584940672 0.5 0.022280894219875336
v 0.006971330847591162 0.5 0.030526116490364075
v 4.143669626972521e-17 0.5 0.021400000900030136
v 1.3590715603408541e-17 0.5 0.032099999487400055
v 6.928267610886127e-17 0.5 0.010700000450015068
v 0.03923952952027321 0.4797102212905884 0.018560875207185745
v 0.037251539528369904 0.4826204478740692 0.023087773472070694
v 0.03842397406697273 0.4764668941497803 0.022304538637399673
v 0.03959640860557556 0.47031334042549133 0.021521305665373802
v 0.03706471621990204 0.4710613191127777 0.028543978929519653
v 0.0398101732134819 0.4651888906955719 0.024880601093173027
v 0.03436864912509918 0.4595271944999695 0.03303023427724838
v 0.03353774920105934 0.4644910395145416 0.0326484814286232
v 0.03719022125005722 0.4647834002971649 0.029746633023023605
v 0.0373157262802124 0.4585055112838745 0.030949288979172707
v 0.03945718705654144 0.460936039686203 0.02649337612092495
v 0.0327068530023098 0.46945488452911377 0.032266728579998016
v 0.031284332275390625 0.4748181998729706 0.03202914446592331
v 0.03149724379181862 0.4802209436893463 0.031061073765158653
v 0.03616413474082947 0.4782959818840027 0.028079325333237648
v 0.0352635532617569 0.48553067445755005 0.027614671736955643
v 0.02683035470545292 0.48214590549468994 0.03404282033443451
v 0.028156761080026627 0.48571673035621643 0.03257133066654205
v 0.03171015530824661 0.48562368750572205 0.0300929993391037
v 0.02550394833087921 0.47857511043548584 0.035514310002326965
v 0.01972356252372265 0.4823319911956787 0.03899947926402092
v 0.02282666601240635 0.485856294631958 0.03628882020711899
v 0.02354704961180687 0.4739286005496979 0.03815453127026558
v 0.02452549897134304 0.47625184059143066 0.03683442249894142
v 0.028616175055503845 0.4728533625602722 0.03455057367682457
v 0.025948017835617065 0.47088852524757385 0.03707200288772583
v 0.02834898792207241 0.46784844994544983 0.03598947450518608
v 0.03142157196998596 0.46054884791374207 0.03511118143796921
v 0.02988527901470661 0.46419864892959595 0.035550329834222794
v 0.023991120979189873 0.4662420153617859 0.039712224155664444
v 0.027000952512025833 0.4620813727378845 0.038232602179050446
v 0.022079378366470337 0.4704436957836151 0.040134698152542114
v 0.019633255898952484 0.46463558077812195 0.04343497380614281
v 0.024116626009345055 0.4599640965461731 0.040914878249168396
v 0.016788216307759285 0.47536221146583557 0.04295980930328369
v 0.020167633891105652 0.4746454060077667 0.040557168424129486
v 0.01821073703467846 0.46999889612197876 0.0431973896920681
v 0.013730114325881004 0.48146939277648926 0.04304543882608414
v 0.015195246785879135 0.477029949426651 0.04317086189985275
v 0.01360227633267641 0.4786977171897888 0.043381914496421814
v 0.012094530276954174 0.48221322894096375 0.04336865246295929
v 0.019945597276091576 0.4784886837005615 0.039778321981430054
v 0.01536569744348526 0.48072555661201477 0.042722225189208984
v 0.01394317764788866 0.4860888719558716 0.042484644800424576
v 0.01882297918200493 0.4895666539669037 0.038534823805093765
v 0.015104850754141808 0.4918851852416992 0.03925882652401924
v 0.010457382537424564 0.4895666539669037 0.042563483119010925
v 0.019752318039536476 0.49420368671417236 0.03595416992902756
v 0.02370278164744377 0.4930444359779358 0.034585002809762955
v 0.011386721394956112 0.49420368671417236 0.03998282924294472
v 0.00697158882394433 0.4930444359779358 0.042642321437597275
v 0.008822320960462093 0.4875049889087677 0.043345700949430466
v 0.007057857234030962 0.48928123712539673 0.043336011469364166
v 0.007014723028987646 0.4902593791484833 0.043113481253385544
v 0.009639851748943329 0.4880841076374054 0.04301675036549568
v 0.00697158882394433 0.4912375211715698 0.04289095476269722
v 0.005809657275676727 0.49269792437553406 0.04287579283118248
v 0.008133520372211933 0.49113228917121887 0.04271963983774185
v 0.010457382537424564 0.4886631965637207 0.0426877997815609
v 0.005809657275676727 0.49360138177871704 0.042751479893922806
v 0.004647725727409124 0.4941583573818207 0.04286063462495804
v 0.002323862863704562 0.49617570638656616 0.04295463487505913
v 0.0029048286378383636 0.4963489770889282 0.04283789545297623
v 0.0029048286378383636 0.49499377608299255 0.043024372309446335
v 0.003485794411972165 0.4965222179889679 0.042721159756183624
v 0.009876159019768238 0.4971018433570862 0.039377085864543915
v 0.008365596644580364 0.5 0.03877134248614311
v -1.4255263408546905e-17 0.5 0.04280000180006027
v 0.01673119328916073 0.5 0.03474268317222595
v 0.01626652479171753 0.49768146872520447 0.03603300824761391
v 0.01580185443162918 0.4953629672527313 0.03732333704829216
v 0.025096790865063667 0.5 0.030714021995663643
v 0.02242455445230007 0.4971018433570862 0.033334095031023026
v 0.028582584112882614 0.4965222179889679 0.030635183677077293
v 0.0259297713637352 0.4893805980682373 0.033578164875507355
v 0.030146371573209763 0.49107295274734497 0.03036409243941307
v -0.008365596644580364 0.5 0.03877134248614311
v -0.006971330847591162 0.5 0.030526116490364075
v -0.006971330847591162 0.5 0.014476117677986622
v -0.008365596644580364 0.5 0.006671340670436621
v -0.019519725814461708 0.5 0.024483129382133484
v -0.025096790865063667 0.5 0.030714021995663643
v -0.03346238657832146 0.5 0.026685362681746483
v -0.025096790865063667 0.5 0.020014023408293724
v -0.0355285182595253 0.5 0.017633048817515373
v -0.028212834149599075 0.5 0.013582317158579826
v -0.027349283918738365 0.4815138280391693 0.03362806513905525
v -0.028571903705596924 0.485211044549942 0.03223952651023865
v -0.026240814477205276 0.4888491630554199 0.033418212085962296
v -0.02324133738875389 0.4851223826408386 0.036090366542339325
v -0.030405836179852486 0.49075689911842346 0.030156714841723442
v -0.028686055913567543 0.4962436556816101 0.030641131103038788
v -0.02390972338616848 0.4924872815608978 0.03459690138697624
v -0.034570857882499695 0.492664635181427 0.02689521573483944
v -0.03212561458349228 0.4852701723575592 0.029672296717762947
v -0.03567932918667793 0.485329270362854 0.027105068787932396
v -0.02251078002154827 0.4968697130680084 0.03333905339241028
v -0.013942661695182323 0.5 0.028952235355973244
v -0.01673119328916073 0.5 0.03474268317222595
v -0.019924769178032875 0.49373939633369446 0.035964082926511765
v -0.01593981496989727 0.4949915409088135 0.037331268191337585
v -0.01155917253345251 0.49373939633369446 0.039992742240428925
v -0.015346281230449677 0.4912351667881012 0.03927270695567131
v -0.019133390858769417 0.48873093724250793 0.0385526679456234
v -0.010767794214189053 0.48873093724250793 0.04258132725954056
v -0.014357058331370354 0.48497459292411804 0.04250843822956085
v -0.020241860300302505 0.48139557242393494 0.038762520998716354
v -0.016335504129529 0.49749577045440674 0.03603697568178177
v -0.009962384589016438 0.4968697130680084 0.03938204050064087
v -0.0035892645828425884 0.4962436556816101 0.04272710904479027
v -0.007178529165685177 0.4924872815608978 0.04265422001481056
v -0.019591253250837326 0.4725750982761383 0.041000161319971085
v -0.01593025028705597 0.47295838594436646 0.04369524121284485
v -0.01671684719622135 0.46695029735565186 0.04428864270448685
v -0.021096451207995415 0.4679732024669647 0.04077144339680672
v -0.023252256214618683 0.47219178080558777 0.03830508515238762
v -0.025476055219769478 0.4689960777759552 0.037254247814416885
v -0.022601649165153503 0.46337130665779114 0.04054272547364235
v -0.027699856087565422 0.46580037474632263 0.03620341047644615
v -0.017503444105386734 0.46094220876693726 0.044882044196128845
v -0.025982221588492393 0.45983415842056274 0.03880904242396355
v -0.029384670779109 0.46248483657836914 0.03568432480096817
v -0.03362952917814255 0.4634777903556824 0.03230006620287895
v -0.03279806300997734 0.4682294726371765 0.031864091753959656
v -0.03201146423816681 0.4742375612258911 0.03127069026231766
v -0.028743760660290718 0.47161683440208435 0.03426247090101242
v -0.03789626806974411 0.4706585705280304 0.02752477489411831
v -0.024689460173249245 0.4750041663646698 0.03666084632277489
v -0.026126662269234657 0.4778165817260742 0.035016607493162155
v -0.032068539410829544 0.47975388169288635 0.030471494421362877
v -0.015143655240535736 0.47896650433540344 0.04310183972120285
v -0.019916556775569916 0.4769853353500366 0.03988134115934372
v -0.03678779676556587 0.4779939353466034 0.027314921841025352
v -0.03787438943982124 0.4644707143306732 0.028915805742144585
v -0.005577064584940672 0.5 0.022280894219875336
v -0.011154129169881344 0.5 0.023161787539720535
v -0.013942661695182323 0.5 0.018252234905958176
v -0.01673119328916073 0.5 0.013342681340873241
v -0.020897146314382553 0.5 0.00953158549964428
v -0.015664437785744667 0.5 0.003575305687263608
v -0.025063101202249527 0.5 0.00572048919275403
v -0.022963279858231544 0.5 0.0004792705876752734
v -0.031328875571489334 0.5 0.007150611374527216
v -0.03759464994072914 0.5 0.008580734021961689
v -0.03966078162193298 0.5 -0.00047158109373413026
v -0.03131202980875969 0.5 0.000003844748789560981
v -0.03593774139881134 0.5 -0.01678328961133957
v -0.030148569494485855 0.5 -0.024042680859565735
v -0.025123808532953262 0.5 -0.02003556862473488
v -0.028209496289491653 0.5 -0.013589245267212391
v -0.02009904570877552 0.5 -0.016028454527258873
v -0.020481251180171967 0.5 -0.010395200923085213
v -0.03129518777132034 0.5 -0.007142921909689903
v -0.020863456651568413 0.5 -0.00476194778457284
v -0.014692079275846481 0.5 -0.017654594033956528
v -0.012561904266476631 0.5 -0.01001778431236744
v -0.010431728325784206 0.5 -0.00238097389228642
v -0.009285111911594868 0.5 -0.019280733540654182
v -0.004642555955797434 0.5 -0.009640366770327091
v -0.03002517856657505 0.4870752990245819 -0.029882334172725677
v -0.03402824327349663 0.48190543055534363 -0.02713661827147007
v -0.035814352333545685 0.4870752990245819 -0.022622941061854362
v -0.039263177663087845 0.48449036478996277 -0.019435234367847443
v -0.038031309843063354 0.47673556208610535 -0.02439090423285961
v -0.036799442023038864 0.46898072957992554 -0.02934657409787178
v -0.03913269564509392 0.4619649350643158 -0.027404580265283585
v -0.03615183383226395 0.45743271708488464 -0.030909841880202293
v -0.03368905559182167 0.46213892102241516 -0.03316449001431465
v -0.006963834166526794 0.5 -0.030527828261256218
v 2.338376328914161e-16 0.5 -0.03213455528020859
v 2.0477446339835318e-16 0.5 -0.02570764534175396
v -0.004642555955797434 0.5 -0.02249418944120407
v -0.013927668333053589 0.5 -0.02892110124230385
v -0.019525738433003426 0.5 -0.024478334933519363
v -0.03587604686617851 0.49353766441345215 -0.01970311440527439
v -0.03125704824924469 0.4948301315307617 -0.02492666430771351
v -0.040495045483112335 0.4922451972961426 -0.014479565434157848
v -0.032365527004003525 0.48966023325920105 -0.025810645893216133
v -0.041726913303136826 0.5 -0.00952389556914568
v -0.04183712229132652 0.48689940571784973 -0.011604241095483303
v -0.04058321192860603 0.48176470398902893 -0.016143841668963432
v -0.03939542919397354 0.4687696695327759 -0.02193164825439453
v -0.04090714454650879 0.46295833587646484 -0.02154914103448391
v -0.039989322423934937 0.4752672016620636 -0.019037745893001556
v -0.04190324991941452 0.4790390431880951 -0.012852448038756847
v -0.04194733127951622 0.47379881143569946 -0.013684585690498352
v -0.04199141636490822 0.46855857968330383 -0.014516723342239857
v -0.04268158972263336 0.4639517366886139 -0.015693703666329384
v -0.044587403535842896 0.4683474898338318 -0.007101798430085182
v -0.0438833013176918 0.47495055198669434 -0.007915357127785683
v -0.045819271355867386 0.4761023223400116 -0.002146128797903657
v -0.04718339070677757 0.46813642978668213 0.0003131269768346101
v -0.044801127165555954 0.46264171600341797 -0.010426754131913185
v -0.04692066088318825 0.46133166551589966 -0.005159804597496986
v -0.04317919909954071 0.4815536439418793 -0.008728915825486183
v -0.0444551520049572 0.48406821489334106 -0.004605384543538094
v -0.04262302443385124 0.48672351241111755 0.0006097401492297649
v -0.04318808391690254 0.4814129173755646 0.003757963189855218
v -0.04309103265404701 0.49203410744667053 -0.0070646400563418865
v -0.04114190489053726 0.4933617413043976 0.00006907953502377495
v -0.03919277340173721 0.494689404964447 0.007202799431979656
v -0.040790896862745285 0.48937880992889404 0.0058248648419976234
v -0.0405568927526474 0.48672351241111755 0.009662055410444736
v -0.03804270550608635 0.4933617413043976 0.013647551648318768
v -0.036892637610435486 0.49203410744667053 0.020092304795980453
v -0.040322888642549515 0.48406821489334106 0.013499245047569275
v -0.04486161097884178 0.4687669575214386 0.0071160392835736275
v -0.04533179849386215 0.4643196165561676 0.009151940234005451
v -0.04728326201438904 0.4629257321357727 0.00411679083481431
v -0.04253983125090599 0.46939748525619507 0.013918951153755188
v -0.043380334973335266 0.4657135307788849 0.01418709009885788
v -0.043753139674663544 0.4761023223400116 0.006906186230480671
v -0.04239002987742424 0.4753001034259796 0.011476436629891396
v -0.039918452501297 0.481833279132843 0.01583683304488659
v -0.037244655191898346 0.487248957157135 0.021366024389863014
v -0.03951401636004448 0.4795983135700226 0.018174422904849052
v -0.037596672773361206 0.4824638068675995 0.022639745846390724
v -0.041026923805475235 0.47449791431427 0.016046686097979546
v -0.038907360285520554 0.4762459099292755 0.02168080396950245
v -0.0402180477976799 0.4700280427932739 0.020721863955259323
v -0.041849128901958466 0.4652654230594635 0.01935630850493908
v -0.04348020628094673 0.46050283312797546 0.017990753054618835
v -0.04422084242105484 0.4620295464992523 0.014455228112637997
v -0.04031791910529137 0.4648173451423645 0.02452552691102028
v -0.039896078407764435 0.46063435077667236 0.02618459425866604
v -0.03601760417222977 0.4135189950466156 -0.04116794094443321
v -0.03310267999768257 0.4205425977706909 -0.042030513286590576
v -0.03569576144218445 0.4250800311565399 -0.03780563920736313
v -0.03854632005095482 0.42036861181259155 -0.03627060353755951
v -0.038288846611976624 0.42961743474006653 -0.03358076512813568
v -0.04107503592967987 0.4272182285785675 -0.031373269855976105
v -0.032845206558704376 0.4297914505004883 -0.03934067487716675
v -0.035502657294273376 0.43201664090156555 -0.03578826040029526
v -0.03537391871213913 0.43664106726646423 -0.034443337470293045
v -0.039488837122917175 0.43535444140434265 -0.030459636822342873
v -0.03524518385529518 0.4412654638290405 -0.03309841826558113
v -0.04068882390856743 0.44109147787094116 -0.027338508516550064
v -0.03491125628352165 0.4038892388343811 -0.04362824186682701
v -0.03998137637972832 0.4093509018421173 -0.036778975278139114
v -0.03839878737926483 0.40202078223228455 -0.039560720324516296
v -0.04394514486193657 0.405182808637619 -0.032390009611845016
v -0.04188632220029831 0.400152325630188 -0.03549319878220558
v -0.04039360210299492 0.4153566062450409 -0.03193308413028717
v -0.042967408895492554 0.41157692670822144 -0.02981475740671158
v -0.04434444382786751 0.3957686424255371 -0.03297727182507515
v -0.04680256545543671 0.39138495922088623 -0.030461344867944717
v -0.04173244535923004 0.38592329621315 -0.037310611456632614
v -0.040779970586299896 0.3905225992202759 -0.03795349970459938
v -0.048801239579916 0.38774386048316956 -0.028033437207341194
v -0.04434540867805481 0.3841027617454529 -0.033998433500528336
v -0.041196059435606 0.37955138087272644 -0.03830733895301819
v -0.04695836827158928 0.38228219747543335 -0.030686253681778908
v -0.04572978988289833 0.3786410987377167 -0.03245479613542557
v -0.036662325263023376 0.3804616630077362 -0.04415988177061081
v -0.03673926368355751 0.387576162815094 -0.043251171708106995
v -0.03982749953866005 0.39512187242507935 -0.03859638795256615
v -0.04790891706943512 0.4010147154331207 -0.02800104394555092
v -0.036816202104091644 0.39469069242477417 -0.04234246537089348
v -0.03380490466952324 0.3942594826221466 -0.04608854278922081
v -0.032698556780815125 0.3846297562122345 -0.04854884743690491
v -0.03159220516681671 0.375 -0.051009148359298706
v -0.05700802057981491 0.38003161549568176 0.015594362281262875
v -0.05690744146704674 0.3839266300201416 0.012006878852844238
v -0.055692896246910095 0.3871729373931885 0.014715899713337421
v -0.055464692413806915 0.3850632607936859 0.018083766102790833
v -0.058551352471113205 0.375 0.013104957528412342
v -0.05812198668718338 0.3806803226470947 0.00929785892367363
v -0.05795581266283989 0.3797335922718048 0.0035693561658263206
v -0.057645559310913086 0.3844671845436096 0.0016693775542080402
v -0.057692624628543854 0.38636064529418945 0.00549075985327363
v -0.056806862354278564 0.38782161474227905 0.008419395424425602
v -0.05592109635472298 0.38928258419036865 0.011348032392561436
v -0.05626339837908745 0.3924471139907837 0.00629623094573617
v -0.05526353418827057 0.3928532302379608 0.010908801108598709
v -0.05726326256990433 0.3920409679412842 0.0016836608992889524
v -0.0568339005112648 0.3977212905883789 -0.002123437821865082
v -0.05571993440389633 0.39707258343696594 0.004173065535724163
v -0.05460596829652786 0.396423876285553 0.010469568893313408
v -0.05449846014380455 0.40282025933265686 0.00727422721683979
v -0.05514533817768097 0.404488742351532 0.0028572564478963614
v -0.0530971959233284 0.4058796465396881 0.012912826612591743
v -0.05385158210992813 0.40115177631378174 0.011691197752952576
v -0.05327698588371277 0.4085679352283478 0.010375388897955418
v -0.0521630197763443 0.4079192578792572 0.016671892255544662
v -0.0519656166434288 0.41297149658203125 0.01474526897072792
v -0.05345677584409714 0.41125622391700745 0.007837951183319092
v -0.05346757918596268 0.41285842657089233 0.00582687184214592
v -0.054736699908971786 0.40818336606025696 0.0015885813627392054
v -0.05220385640859604 0.41833460330963135 0.009059622883796692
v -0.05347838252782822 0.4144606292247772 0.003815792966634035
v -0.05263949930667877 0.4186454713344574 0.0053006005473434925
v -0.051800619810819626 0.4228303134441376 0.00678540812805295
v -0.05349458381533623 0.41686394810676575 0.0007991743623279035
v -0.05266110599040985 0.4218498766422272 0.0012784425634890795
v -0.0509401373565197 0.423810750246048 0.012292373925447464
v -0.050079651176929474 0.4247911870479584 0.017799340188503265
v -0.051768213510513306 0.4180237054824829 0.012818645685911179
v -0.050654247403144836 0.41737502813339233 0.01911514811217785
v -0.048163916915655136 0.41728508472442627 0.023065265268087387
v -0.047206174582242966 0.4232000410556793 0.02280264161527157
v -0.049121659249067307 0.4113701283931732 0.023327888920903206
v -0.0512288436293602 0.4099588394165039 0.02043095789849758
v -0.05180343985557556 0.40254268050193787 0.021746767684817314
v -0.052827510982751846 0.4018472135066986 0.01671898178756237
v -0.05349200218915939 0.3957751989364624 0.016766073182225227
v -0.054592449218034744 0.39147406816482544 0.01574098691344261
v -0.05361161381006241 0.3817088305950165 0.02315862849354744
v -0.05392000824213028 0.37835443019866943 0.023182641714811325
v -0.055464014410972595 0.3791930079460144 0.019388502463698387
v -0.05453815311193466 0.3833860456943512 0.020621197298169136
v -0.0531490221619606 0.38674044609069824 0.02312260866165161
v -0.05392136424779892 0.3900948762893677 0.020573170855641365
v -0.052378036081790924 0.39512649178504944 0.023062577471137047
v -0.04679732769727707 0.39980989694595337 0.03001418523490429
v -0.04912925884127617 0.39492157101631165 0.027717014774680138
v -0.04892996326088905 0.4009515047073364 0.026750069111585617
v -0.044664692133665085 0.3986682891845703 0.03327830135822296
v -0.045880481600761414 0.39471662044525146 0.03237145394086838
v -0.04915560036897659 0.39076271653175354 0.02907581254839897
v -0.05175989121198654 0.3900948762893677 0.025624020025134087
v -0.046551309525966644 0.391430526971817 0.03252760320901871
v -0.047222137451171875 0.38814443349838257 0.03268375247716904
v -0.04593316465616226 0.38639891147613525 0.035089049488306046
v -0.04822837933897972 0.3832152485847473 0.03291798010468483
v -0.04918194189667702 0.38660383224487305 0.030434608459472656
v -0.05114174634218216 0.3850632607936859 0.028185464441776276
v -0.052376680076122284 0.3833860456943512 0.025672046467661858
v -0.05052359774708748 0.38003161549568176 0.030746908858418465
v -0.05222180485725403 0.3791930079460144 0.02696477621793747
v -0.04727482050657272 0.37982669472694397 0.035401348024606705
v -0.049905452877283096 0.375 0.033308353275060654
v -0.042274896055459976 0.3830444812774658 0.03986392170190811
v -0.04365554451942444 0.3790222406387329 0.03888656944036484
v -0.04464418813586235 0.38465338945388794 0.037494342774152756
v -0.04201355576515198 0.3894800543785095 0.03958733752369881
v -0.04428243264555931 0.39045530557632446 0.036057472229003906
v -0.03970959782600403 0.38626226782798767 0.042026061564683914
v -0.034905675798654556 0.38465338945388794 0.046696070581674576
v -0.03740563616156578 0.3830444812774658 0.04446478560566902
v -0.03714429959654808 0.3894800543785095 0.04418820142745972
v -0.0399056002497673 0.3814355731010437 0.04223350062966347
v -0.036351658403873444 0.3790222406387329 0.04578786715865135
v -0.040036268532276154 0.37821778655052185 0.04237179085612297
v -0.039382923394441605 0.3943067491054535 0.04168033227324486
v -0.04263170436024666 0.39451169967651367 0.03702589496970177
v -0.04192415997385979 0.3995024859905243 0.036995843052864075
v -0.03918362781405449 0.40033671259880066 0.04071338474750519
v -0.038984332233667374 0.40636664628982544 0.03974643722176552
v -0.0357523150742054 0.4060332477092743 0.0418582558631897
v -0.03509378433227539 0.4014274477958679 0.043111421167850494
v -0.03878503292798996 0.4123966097831726 0.03877949342131615
v -0.03479483723640442 0.4104723632335663 0.04166100174188614
v -0.041625212877988815 0.40854740142822266 0.03554542362689972
v -0.04203381389379501 0.4126015305519104 0.03412505239248276
v -0.038585737347602844 0.4184265434741974 0.03781254589557648
v -0.041216615587472916 0.4044933021068573 0.03696579486131668
v -0.04344889894127846 0.4026199281215668 0.034185152500867844
v -0.04446539282798767 0.4046982228755951 0.03231135755777359
v -0.045481886714696884 0.4067765176296234 0.030437560752034187
v -0.0462481826543808 0.40977898240089417 0.02833119034767151
v -0.043853700160980225 0.4148983359336853 0.030570216476917267
v -0.04902581125497818 0.406160831451416 0.025038978084921837
v -0.047014474868774414 0.41278141736984253 0.02622481994330883
v -0.045673586428165436 0.4171951413154602 0.027015380561351776
v -0.04433269426226616 0.4216088652610779 0.02780594304203987
v -0.04145921766757965 0.42001771926879883 0.032809242606163025
v -0.03383735939860344 0.4149114787578583 0.04146374389529228
v -0.034412682056427 0.4274333417415619 0.03897559642791748
v -0.033772315829992294 0.4223645329475403 0.04038912057876587
v -0.038391489535570145 0.42529669404029846 0.03663163259625435
v -0.04081843048334122 0.42547765374183655 0.03265903517603874
v -0.03505304455757141 0.4325021505355835 0.03756207600235939
v -0.038197245448827744 0.43216684460639954 0.03545071929693222
v -0.033189576119184494 0.4429750144481659 0.03684638440608978
v -0.0341213122010231 0.4377385675907135 0.03720422834157944
v -0.038002997636795044 0.439037024974823 0.03426980972290039
v -0.037808749824762344 0.4459071755409241 0.03308889642357826
v -0.04017764702439308 0.43093758821487427 0.03250882402062416
v -0.04052706062793732 0.43578287959098816 0.03088766522705555
v -0.04215804859995842 0.4297083020210266 0.029566926881670952
v -0.04305112361907959 0.4325287342071533 0.027505522593855858
v -0.04087647423148155 0.44062817096710205 0.02926650643348694
v -0.04394420236349106 0.43534916639328003 0.025444118306040764
v -0.04455064609646797 0.4373399317264557 0.023791395127773285
v -0.04240146279335022 0.4417968690395355 0.026245007291436195
v -0.045157093554735184 0.43933069705963135 0.022138671949505806
v -0.04392645135521889 0.442965567111969 0.023223506286740303
v -0.047011926770210266 0.4300701916217804 0.02162172831594944
v -0.04512864723801613 0.4278643727302551 0.025154082104563713
v -0.04324537143111229 0.42565858364105225 0.028686434030532837
v -0.04025227949023247 0.44625380635261536 0.028698617592453957
v -0.04269581288099289 0.44660043716430664 0.02430833876132965
v -0.039863258600234985 0.4513525664806366 0.028271138668060303
v -0.03783062845468521 0.45209503173828125 0.03169786557555199
v -0.04189588874578476 0.45061013102531433 0.02484441176056862
v -0.04352855309844017 0.4518725275993347 0.02168572135269642
v -0.041917767375707626 0.4567979574203491 0.023453382775187492
v -0.04109596461057663 0.45461979508399963 0.025380484759807587
v -0.0394742377102375 0.45645132660865784 0.02784365974366665
v -0.037852510809898376 0.45828285813331604 0.03030683659017086
v -0.04273957014083862 0.4589761197566986 0.02152627892792225
v -0.0454816035926342 0.45650359988212585 0.014857436530292034
v -0.04516122117638588 0.4531349241733551 0.01852703094482422
v -0.047582872211933136 0.4472936987876892 0.015527782030403614
v -0.04748300090432167 0.45250436663627625 0.011724118143320084
v -0.04580198600888252 0.459872305393219 0.011187841184437275
v -0.04513934254646301 0.4469470679759979 0.019918061792850494
v -0.0460667610168457 0.44231680035591125 0.019659588113427162
v -0.04820706695318222 0.4416680634021759 0.01609567180275917
v -0.047220271080732346 0.44569963216781616 0.006251187063753605
v -0.047197479754686356 0.45030754804611206 0.004627566318958998
v -0.049067553132772446 0.4406876266002655 0.010588706471025944
v -0.04851793870329857 0.4404602646827698 0.0036813891492784023
v -0.047383133322000504 0.45771506428718567 0.007920454256236553
v -0.047174688428640366 0.45491546392440796 0.0030039455741643906
v -0.04945545643568039 0.4304168224334717 0.017231451347470284
v -0.050276558846235275 0.42866218090057373 0.01273696031421423
v -0.04961298406124115 0.4335136115550995 0.013181546702980995
v -0.05109766125679016 0.4269075393676758 0.00824247021228075
v -0.050394702702760696 0.430984765291214 0.009699532762169838
v -0.051567286252975464 0.42719152569770813 0.004476511850953102
v -0.05047346651554108 0.4325331747531891 0.007674581371247768
v -0.05055223032832146 0.4340815544128418 0.0056496295146644115
v -0.04934026673436165 0.4371006190776825 0.011885126121342182
v -0.048831261694431305 0.4360424280166626 0.016663560643792152
v -0.046994175761938095 0.437686562538147 0.01940111629664898
v -0.04700305312871933 0.4338783621788025 0.02051142230629921
v -0.050744954496622086 0.4305511713027954 -0.0037272253539413214
v -0.051674310117959976 0.42588144540786743 -0.00856604240834713
v -0.049827028065919876 0.4308934509754181 -0.012903561815619469
v -0.0494530014693737 0.43362683057785034 -0.00816500373184681
v -0.05352158844470978 0.4208694398403168 -0.004228523001074791
v -0.049145594239234924 0.4190318286418915 -0.013463377021253109
v -0.04833552613854408 0.4235147535800934 -0.015538834035396576
v -0.047979746013879776 0.43590545654296875 -0.017241081222891808
v -0.047974035143852234 0.4380691647529602 -0.010233503766357899
v -0.046132467687129974 0.4409174621105194 -0.021578598767518997
v -0.046495068818330765 0.44251152873039246 -0.012302003800868988
v -0.04796832427382469 0.44023287296295166 -0.003225927706807852
v -0.04907897487282753 0.4363602101802826 -0.0034264468122273684
v -0.046857669949531555 0.4441055655479431 -0.0030254086013883352
v -0.04981560260057449 0.435220867395401 0.0011115913512185216
v -0.05203691124916077 0.4274755120277405 0.0007105531985871494
v -0.04704767465591431 0.4581235647201538 -0.001077929511666298
v -0.046812087297439575 0.4533213973045349 -0.006272649858146906
v -0.046657927334308624 0.4545269310474396 -0.01063273660838604
v -0.04696624353528023 0.45211586356163025 -0.0019125634571537375
v -0.04691195487976074 0.4481107294559479 -0.0024689859710633755
v -0.04665357619524002 0.4479164481163025 -0.009287326596677303
v -0.0463951975107193 0.4477221965789795 -0.016105668619275093
v -0.045014847069978714 0.45693591237068176 -0.013751708902418613
v -0.04379921033978462 0.44793328642845154 -0.023520592600107193
v -0.04146595299243927 0.45494911074638367 -0.02546258643269539
v -0.04241885989904404 0.4571470022201538 -0.021166633814573288
v -0.04440702870488167 0.45243459939956665 -0.018636152148246765
v -0.043371766805648804 0.45934486389160156 -0.016870683059096336
v -0.039651717990636826 0.44690898060798645 -0.02799685113132
v -0.03861461207270622 0.45272648334503174 -0.028655195608735085
v -0.04499674215912819 0.4211480915546417 -0.022511625662446022
v -0.041771531105041504 0.42075833678245544 -0.02939111553132534
v -0.04314946010708809 0.4261600971221924 -0.02684914506971836
v -0.045223888009786606 0.42510196566581726 -0.022325020283460617
v -0.04556460306048393 0.43103277683258057 -0.022045113146305084
v -0.04360375180840492 0.43406784534454346 -0.02647593431174755
v -0.04752545803785324 0.4279977083206177 -0.017614291980862617
v -0.04476959630846977 0.4171942174434662 -0.022698231041431427
v -0.04595344513654709 0.41380295157432556 -0.022850539535284042
v -0.047137293964624405 0.41041168570518494 -0.02300284616649151
v -0.04554121941328049 0.407797247171402 -0.027696428820490837
v -0.05187268555164337 0.39684662222862244 -0.02361207827925682
v -0.04891306534409523 0.405324786901474 -0.02323130890727043
v -0.05228491127490997 0.402852326631546 -0.018766188994050026
v -0.052697136998176575 0.4088580310344696 -0.013920300640165806
v -0.05338659882545471 0.40700191259384155 -0.011954156681895256
v -0.053249794989824295 0.40203359723091125 -0.015097036957740784
v -0.04991721361875534 0.40963485836982727 -0.018461573868989944
v -0.04953140392899513 0.4143333435058594 -0.015962475910782814
v -0.053109362721443176 0.4148637354373932 -0.009074412286281586
v -0.05434966832399368 0.4150823950767517 -0.0037022519391030073
v -0.054328061640262604 0.41187798976898193 0.00031990616116672754
v -0.05517774447798729 0.40929535031318665 -0.00317598064430058
v -0.056005824357271194 0.4035083055496216 -0.002649709116667509
v -0.05407605692744255 0.4051457643508911 -0.009988012723624706
v -0.05421467497944832 0.4012148678302765 -0.011427884921431541
v -0.0538681335747242 0.41104215383529663 -0.007828203961253166
v -0.05462690070271492 0.4072205722332001 -0.006581996567547321
v -0.055110249668359756 0.40236160159111023 -0.007038797251880169
v -0.05559359863400459 0.397502601146698 -0.0074955979362130165
v -0.054353293031454086 0.3972839415073395 -0.012867758050560951
v -0.05311299115419388 0.39706528186798096 -0.01823991723358631
v -0.05405992642045021 0.39247745275497437 -0.017848914489150047
v -0.05325706675648689 0.39138495922088623 -0.022068440914154053
v -0.055006857961416245 0.3878896236419678 -0.017457911744713783
v -0.05464145168662071 0.38592329621315 -0.020524805411696434
v -0.05602583289146423 0.3804616630077362 -0.018981169909238815
v -0.05613650009036064 0.38428497314453125 -0.015533460304141045
v -0.0573117695748806 0.3882540762424469 -0.0021412919741123915
v -0.057360272854566574 0.3844671845436096 -0.005966245196759701
v -0.05712205916643143 0.38636064529418945 -0.009780485183000565
v -0.056977979838848114 0.3920409679412842 -0.005951961502432823
v -0.05759849026799202 0.3825737535953522 -0.002152004512026906
v -0.0577896386384964 0.3787868916988373 -0.002159146126359701
v -0.05752788856625557 0.3797335922718048 -0.007884077727794647
v -0.05592038109898567 0.39280545711517334 -0.009790674783289433
v -0.05486278235912323 0.3935699462890625 -0.013629387132823467
v -0.05624716356396675 0.3881083130836487 -0.012085750699043274
v -0.055372267961502075 0.3898559510707855 -0.014391016215085983
v -0.05741021782159805 0.375 -0.017437532544136047
v -0.05726613849401474 0.3806803226470947 -0.01360900979489088
v -0.050799909979104996 0.3841027617454529 -0.02560552954673767
v -0.05087781324982643 0.37955138087272644 -0.02571798302233219
v -0.03317096829414368 0.4529004991054535 -0.034415103495121
v -0.030578671023249626 0.4552971124649048 -0.03698240593075752
v -0.03576326742768288 0.4505038857460022 -0.03184780478477478
v -0.03550422564148903 0.44588467478752136 -0.032473109662532806
v -0.031486254185438156 0.4471699893474579 -0.03663671761751175
v -0.03446099907159805 0.45872607827186584 0.03273603692650795
v -0.026725908741354942 0.44352608919143677 0.04131690040230751
v -0.02488141693174839 0.44700929522514343 0.04202992841601372
v -0.02164958231151104 0.44728484749794006 0.04426518827676773
v -0.02280040644109249 0.4421977698802948 0.04431327432394028
v -0.02626875601708889 0.45021700859069824 0.04050770029425621
v -0.022114677354693413 0.452234148979187 0.04309947416186333
v -0.028570402413606644 0.4400428533554077 0.0406038723886013
v -0.023951228708028793 0.43711069226264954 0.044361360371112823
v -0.029729166999459267 0.4465959966182709 0.038677044212818146
v -0.03273242339491844 0.44966593384742737 0.03603718429803848
v -0.02765609696507454 0.45342469215393066 0.038985468447208405
v -0.029362792149186134 0.45629701018333435 0.037075355648994446
v -0.0335967093706131 0.4541960060596466 0.03438660874962807
v -0.03106948733329773 0.45916929841041565 0.03516523912549019
v -0.022579770535230637 0.45718345046043396 0.041933756321668625
v -0.027192549780011177 0.4333403408527374 0.04284046217799187
v -0.03023962490260601 0.4364401400089264 0.04013865068554878
v -0.03190884739160538 0.43283742666244507 0.03967342898249626
v -0.03043387271463871 0.4295699894428253 0.04131956398487091
v -0.028958896175026894 0.42630255222320557 0.04296569898724556
v -0.030617572367191315 0.4187789857387543 0.04300235956907272
v -0.03252029791474342 0.40569984912872314 0.043970074504613876
v -0.030804641544818878 0.40854811668395996 0.04454251006245613
v 0.03960152715444565 0.38972237706184387 0.04157499596476555
v 0.035933900624513626 0.38645073771476746 0.04447627440094948
v 0.039540987461805344 0.38317909836769104 0.041500065475702286
v 0.041321832686662674 0.3790895640850067 0.03998386487364769
v 0.03585823252797127 0.3782716393470764 0.04438261687755585
v 0.03588850051164627 0.38154327869415283 0.04442007839679718
v 0.03997595235705376 0.40095505118370056 0.03825031965970993
v 0.03600957244634628 0.3946298360824585 0.04456993192434311
v 0.03665611147880554 0.4010278880596161 0.042789556086063385
v 0.0373026505112648 0.4074259102344513 0.04100918024778366
v 0.03982921689748764 0.40608805418014526 0.03773386403918266
v 0.03290716931223869 0.40264567732810974 0.04470553249120712
v 0.03417418897151947 0.40744054317474365 0.042898036539554596
v 0.03794918954372406 0.4138239622116089 0.03922880068421364
v 0.03104572743177414 0.4074552059173584 0.04478689283132553
v 0.029804766178131104 0.410661518573761 0.044841133058071136
v 0.03387697786092758 0.41224274039268494 0.04203496873378754
v 0.028563804924488068 0.41386786103248596 0.04489537328481674
v 0.03357976675033569 0.4170449376106262 0.04117189720273018
v 0.03859572857618332 0.4202219843864441 0.037448424845933914
v 0.03833848237991333 0.4266539216041565 0.036424968391656876
v 0.041007570922374725 0.42670899629592896 0.03167230263352394
v 0.030402494594454765 0.4204820692539215 0.042774323374032974
v 0.0337798111140728 0.4237111210823059 0.04011603072285652
v 0.03436809033155441 0.4284895360469818 0.03881854936480522
v 0.034956369549036026 0.4332679510116577 0.03752106800675392
v 0.03808123245835304 0.4330858290195465 0.03540151193737984
v 0.040267955511808395 0.43184351921081543 0.03180406987667084
v 0.037823986262083054 0.4395177662372589 0.0343780554831028
v 0.03398221731185913 0.4381374418735504 0.037283364683389664
v 0.033008065074682236 0.4430069029331207 0.037045661360025406
v 0.037566736340522766 0.4459496736526489 0.03335459530353546
v 0.04062169790267944 0.43635687232017517 0.030137116089463234
v 0.04018668830394745 0.4463551640510559 0.028488563373684883
v 0.030140452086925507 0.43675708770751953 0.04018867388367653
v 0.027144212275743484 0.43372324109077454 0.04281995818018913
v 0.023890724405646324 0.43712133169174194 0.0444277860224247
v 0.028449395671486855 0.44006410241127014 0.04073672369122505
v 0.02319369651377201 0.44297608733177185 0.044067155569791794
v 0.026980038732290268 0.4441593587398529 0.04118642956018448
v 0.03183150663971901 0.4334500730037689 0.039640624076128006
v 0.030397700145840645 0.4303251802921295 0.04121213033795357
v 0.02896389178931713 0.4272002577781677 0.04278363659977913
v 0.02414797432720661 0.43068939447402954 0.045451242476701736
v 0.027225222438573837 0.4239191710948944 0.04437674954533577
v 0.030010784044861794 0.45792073011398315 0.036752983927726746
v 0.028599996119737625 0.45529264211654663 0.038394782692193985
v 0.023306647315621376 0.4543974697589874 0.042310699820518494
v 0.019557956606149673 0.4570213258266449 0.04460594058036804
v 0.027055339887738228 0.45177361369132996 0.040015462785959244
v 0.033726006746292114 0.45507416129112244 0.03445246443152428
v 0.033083368092775345 0.4506211578845978 0.03587469086050987
v 0.037441231310367584 0.4522275924682617 0.03215194121003151
v 0.030031703412532806 0.44739025831222534 0.038530562072992325
v 0.022496668621897697 0.44883084297180176 0.04370652511715889
v 0.02551068179309368 0.44825461506843567 0.041636139154434204
v 0.039645444601774216 0.4515191614627838 0.028297357261180878
v 0.039104197174310684 0.4566831886768341 0.028106151148676872
v 0.040892668068408966 0.4548608660697937 0.025263013318181038
v 0.03367730602622032 0.4392077624797821 -0.035637471824884415
v 0.034536540508270264 0.4454224407672882 -0.034043919295072556
v 0.03805869445204735 0.4493238031864166 -0.029013346880674362
v 0.035395778715610504 0.4516371190547943 -0.032450370490550995
v 0.030699579045176506 0.4464353322982788 -0.03915780037641525
v 0.03273286670446396 0.4539504647254944 -0.03588739037513733
v 0.035119060426950455 0.432743638753891 -0.036015018820762634
v 0.03656081482768059 0.4262795150279999 -0.036392565816640854
v 0.03960655629634857 0.3860408067703247 -0.038818661123514175
v 0.03560105338692665 0.3888010084629059 -0.04290270805358887
v 0.033602435141801834 0.38190051913261414 -0.04494878649711609
v 0.031603820621967316 0.375 -0.04699486121535301
v 0.03159554675221443 0.39156121015548706 -0.04698675498366356
v 0.027595555409789085 0.38328060507774353 -0.05107620730996132
v 0.023595565930008888 0.375 -0.05516565963625908
v 0.02564425580203533 0.395155131816864 -0.04825552925467491
v 0.021156439557671547 0.3898431360721588 -0.05163981392979622
v 0.03559553623199463 0.3998418152332306 -0.0428973026573658
v 0.027156425639986992 0.4022640585899353 -0.04550563544034958
v 0.02821282669901848 0.41558077931404114 -0.042851999402046204
v 0.028668595477938652 0.4093729853630066 -0.04275573790073395
v 0.01666862517595291 0.384531170129776 -0.05502409487962723
v 0.014717324636876583 0.3964056968688965 -0.05220342054963112
v 0.00974168349057436 0.394062340259552 -0.054882533848285675
v 0.010766028426587582 0.404139906167984 -0.05142747238278389
v 0.0028147429693490267 0.403593510389328 -0.05474097281694412
v 0.0028527022805064917 0.39088529348373413 -0.05423697084188461
v 0.006325662601739168 0.38294264674186707 -0.05418175086379051
v -0.004112198017537594 0.413124680519104 -0.05459941178560257
v 0.006814733147621155 0.41187411546707153 -0.05065152049064636
v 0.011822429485619068 0.41745659708976746 -0.048773836344480515
v 0.004082424566149712 0.4195735454559326 -0.05155660957098007
v 0.018717315047979355 0.40468630194664 -0.04811396822333336
v 0.01774166338145733 0.41062355041503906 -0.046703629195690155
v 0.019562436267733574 0.4153396487236023 -0.04599105939269066
v 0.02138320729136467 0.4200557768344879 -0.04527848958969116
v 0.027757057920098305 0.4217885434627533 -0.04294826090335846
v 0.01683012582361698 0.42303910851478577 -0.04689614847302437
v 0.01969296485185623 0.3987490236759186 -0.04952430725097656
v -0.004017299506813288 0.38135412335395813 -0.0533394031226635
v -0.004036279395222664 0.38770821690559387 -0.05359140411019325
v -0.010944240726530552 0.39088529348373413 -0.053197842091321945
v -0.014369751326739788 0.38294264674186707 -0.05262305960059166
v -0.004064748529344797 0.3972393870353699 -0.05396940931677818
v -0.01098219957202673 0.403593510389328 -0.053701844066381454
v -0.01785220205783844 0.394062340259552 -0.05280428007245064
v -0.024722203612327576 0.384531170129776 -0.05190671235322952
v -0.026789162307977676 0.3909674286842346 -0.04970686882734299
v -0.020879769697785378 0.39730510115623474 -0.05086489021778107
v -0.023907335475087166 0.40054789185523987 -0.048925500363111496
v -0.028856121003627777 0.39740368723869324 -0.04750702157616615
v -0.028041252866387367 0.4134204089641571 -0.044525809586048126
v -0.028448686003684998 0.40541204810142517 -0.04601641371846199
v -0.016484159976243973 0.4052641689777374 -0.05105321481823921
v -0.02198611944913864 0.40693485736846924 -0.04840458929538727
v -0.020064901560544968 0.4133218228816986 -0.04788367450237274
v -0.012088549323379993 0.4132232367992401 -0.051241543143987656
v -0.01497701182961464 0.4191419780254364 -0.04972177743911743
v -0.020780401304364204 0.4180371165275574 -0.047339435666799545
v -0.026941539719700813 0.41928985714912415 -0.04468497633934021
v -0.02149590104818344 0.42275238037109375 -0.04679519683122635
v -0.02584182657301426 0.4251593053340912 -0.044844143092632294
v -0.01786547526717186 0.4250607192516327 -0.04820200800895691
v -0.009173623286187649 0.4202468693256378 -0.05210411921143532
v -0.002458680421113968 0.42018091678619385 -0.05365173891186714
v -0.006952121388167143 0.4249400496482849 -0.05173027515411377
v -0.004213070962578058 0.44141560792922974 -0.04926110431551933
v -0.004471844993531704 0.43552443385124207 -0.05030876770615578
v 0.0008483544224873185 0.4342934191226959 -0.051756396889686584
v 0.0025018719024956226 0.44134968519210815 -0.050808727741241455
v -0.017642958089709282 0.4415475130081177 -0.04616585746407509
v -0.014544259756803513 0.4356233477592468 -0.04798733443021774
v -0.009792044758796692 0.4367554187774658 -0.04886113852262497
v -0.010928014293313026 0.4414815604686737 -0.04771348088979721
v -0.011445562355220318 0.429699182510376 -0.0498088076710701
v -0.008656075224280357 0.43202927708625793 -0.05000879243016243
v -0.00473061902448535 0.429633229970932 -0.05135643109679222
v -0.019296474754810333 0.43449127674102783 -0.047113530337810516
v -0.014235049486160278 0.42736905813217163 -0.04960882291197777
v -0.0008051630575209856 0.4272371828556061 -0.05270406976342201
v 0.004094585310667753 0.4243789613246918 -0.05127402022480965
v -0.030187752097845078 0.4275662302970886 -0.04289308935403824
v -0.02256915159523487 0.4298252761363983 -0.045978836715221405
v -0.027272826060652733 0.43458986282348633 -0.0437556616961956
v -0.024357900023460388 0.44161346554756165 -0.044618237763643265
v -0.031323373317718506 0.4356154501438141 -0.039099499583244324
v -0.029801541939377785 0.4414394795894623 -0.0388583280146122
v -0.027468284592032433 0.4484553039073944 -0.040800321847200394
v -0.017311641946434975 0.44827428460121155 -0.045216768980026245
v -0.02107800543308258 0.4528656601905823 -0.04193541407585144
v -0.012890232726931572 0.447109192609787 -0.04640669748187065
v -0.019110068678855896 0.4596169590950012 -0.040325723588466644
v -0.014687726274132729 0.45727601647377014 -0.043070510029792786
v -0.024844368919730186 0.457457035779953 -0.038654062896966934
v -0.010265383869409561 0.45493507385253906 -0.04581529647111893
v -0.0014225647319108248 0.45260488986968994 -0.04819515720009804
v 0.003164502326399088 0.4548031687736511 -0.04891054332256317
v 0.0028331871144473553 0.44807642698287964 -0.04985963553190231
v -0.0028178179636597633 0.44701024889945984 -0.048728130757808685
v -0.008137507364153862 0.4526708424091339 -0.046647537499666214
v -0.0060096317902207375 0.45040661096572876 -0.0474797748029232
v -0.008468822576105595 0.4459441006183624 -0.047596629709005356
v 0.008725861087441444 0.4565393030643463 -0.04684823751449585
v 0.007414800580590963 0.4521560072898865 -0.04783015325665474
v 0.011665098369121552 0.4495088458061218 -0.046749766916036606
v 0.013955905102193356 0.45154866576194763 -0.04573502391576767
v 0.008228888735175133 0.4464491605758667 -0.04827187582850456
v 0.013624589890241623 0.44482189416885376 -0.04668411612510681
v 0.009042976424098015 0.4407423138618469 -0.048713598400354385
v 0.015584081411361694 0.4401349425315857 -0.046618469059467316
v 0.01624671183526516 0.45358845591545105 -0.04472028464078903
v 0.01967216655611992 0.45615383982658386 -0.04215800017118454
v 0.02245650254189968 0.44625431299209595 -0.043574247509241104
v 0.018040545284748077 0.44553810358047485 -0.04512918367981911
v 0.022125186398625374 0.43952757120132446 -0.044523339718580246
v 0.028666291385889053 0.43892019987106323 -0.042428210377693176
v 0.025185871869325638 0.45129457116127014 -0.040657900273799896
v 0.023097621276974678 0.4587192237377167 -0.03959571570158005
v 0.027915243059396744 0.45633482933044434 -0.03774155303835869
v 0.020471669733524323 0.43247130513191223 -0.045471008867025375
v 0.02411436289548874 0.42712992429733276 -0.04420963674783707
v 0.031398601830005646 0.43122076988220215 -0.04152312129735947
v 0.03413090854883194 0.4235213100910187 -0.04061802849173546
v 0.0123013686388731 0.43563321232795715 -0.047948624938726425
v 0.016386518254876137 0.4340522587299347 -0.0467098169028759
v 0.010647851042449474 0.4285769760608673 -0.04889629781246185
v 0.012277046218514442 0.4260224401950836 -0.04851381108164787
v 0.006574861239641905 0.43496331572532654 -0.049852512776851654
v 0.004106746055185795 0.42918434739112854 -0.05099142715334892
v 0.009018654935061932 0.431131511926651 -0.04927878454327583
v 0.017019003629684448 0.30656301975250244 -0.06457522511482239
v 0.006555203348398209 0.30180540680885315 -0.0641646683216095
v 0.008266621269285679 0.2949864864349365 -0.06451213359832764
v 0.016979945823550224 0.29742881655693054 -0.06491006910800934
v 0.011469404213130474 0.3137957751750946 -0.0645240768790245
v 0.00367450388148427 0.30862563848495483 -0.06419046968221664
v 0.021634595468640327 0.31281206011772156 -0.06202814728021622
v 0.016240663826465607 0.31779786944389343 -0.062410034239292145
v 0.023149894550442696 0.2960285246372223 -0.06156589090824127
v 0.02441512979567051 0.3030558228492737 -0.06062917783856392
v 0.027028769254684448 0.30884790420532227 -0.05916428938508034
v 0.029319843277335167 0.29462823271751404 -0.05822170898318291
v 0.03181125596165657 0.2995486557483673 -0.05668313056230545
v 0.03242294490337372 0.304883748292923 -0.05630042776465416
v 0.029642408713698387 0.31463998556137085 -0.057699400931596756
v 0.03303463011980057 0.31021884083747864 -0.05591772496700287
v 0.03703853487968445 0.3111327886581421 -0.05375335365533829
v 0.03395215794444084 0.3182215094566345 -0.05534367635846138
v 0.026250189170241356 0.31906113028526306 -0.059481073170900345
v 0.030865781009197235 0.32531020045280457 -0.056933995336294174
v 0.02316405437886715 0.3271714448928833 -0.05858942121267319
v 0.021011924371123314 0.32179996371269226 -0.06029599905014038
v 0.038261909037828445 0.3218030035495758 -0.052987948060035706
v 0.035481374710798264 0.3315592408180237 -0.0543869212269783
v 0.025316182523965836 0.33254295587539673 -0.05688284710049629
v 0.007916265167295933 0.32864701747894287 -0.06233330816030502
v 0.004985797684639692 0.3345103859901428 -0.061874695122241974
v -0.005179394502192736 0.3354940712451935 -0.06437061727046967
v 0.0003702050889842212 0.3282613158226013 -0.06442177295684814
v 0.01577366143465042 0.3245387673377991 -0.06111092120409012
v 0.01084673311561346 0.3227836787700653 -0.06279192119836807
v 0.015462325885891914 0.3290327191352844 -0.0602448470890522
v 0.0059198047965765 0.32102856040000916 -0.06447292119264603
v 0.015150990337133408 0.3335266709327698 -0.059378769248723984
v 0.04104244336485863 0.31204676628112793 -0.05158897861838341
v 0.04382297769188881 0.30229052901268005 -0.05019000545144081
v 0.038122959434986115 0.3035871386528015 -0.053245216608047485
v 0.03920738399028778 0.29604145884513855 -0.05273707956075668
v -0.009669995866715908 0.3106882572174072 -0.0638057142496109
v -0.004332195967435837 0.30986320972442627 -0.06395961344242096
v 0.0007938042399473488 0.3154458701610565 -0.06421627104282379
v -0.004649895243346691 0.3194747865200043 -0.06411374360322952
v -0.004120396450161934 0.30345550179481506 -0.06385686248540878
v -0.003908596932888031 0.29704779386520386 -0.0637541115283966
v -0.01500779576599598 0.31151333451271057 -0.06365180760622025
v -0.010093594901263714 0.323503702878952 -0.06401121616363525
v -0.01992199756205082 0.29952293634414673 -0.06329239904880524
v -0.012021197006106377 0.3014892339706421 -0.06357463449239731
v -0.01437239721417427 0.29229018092155457 -0.06334355473518372
v -0.024428876116871834 0.3061451017856598 -0.06040702015161514
v -0.01959613896906376 0.3144129812717438 -0.06127162277698517
v -0.031066996976733208 0.3216620981693268 -0.05532115697860718
v -0.03811243921518326 0.31856656074523926 -0.0527612641453743
v -0.03368702530860901 0.3082219064235687 -0.05615184083580971
v -0.028935754671692848 0.31276726722717285 -0.05752163752913475
v -0.02418448217213154 0.317312628030777 -0.05889143422245979
v -0.02926161140203476 0.2978772222995758 -0.05954241752624512
v -0.037324294447898865 0.3053254187107086 -0.05320488288998604
v -0.03491455316543579 0.2968427836894989 -0.0550110787153244
v -0.02483619749546051 0.2875325679779053 -0.06293299794197083
v -0.03980144113302231 0.34043341875076294 -0.04978030547499657
v -0.04253785312175751 0.3289112150669098 -0.04937068745493889
v -0.033198241144418716 0.3305569291114807 -0.05312067270278931
v -0.03247449919581413 0.339884489774704 -0.05283702164888382
v -0.023858625441789627 0.33220264315605164 -0.056870654225349426
v -0.025147555395960808 0.33933553099632263 -0.05589373782277107
v -0.024021552875638008 0.3247576355934143 -0.05788104608654976
v -0.017057573422789574 0.32413068413734436 -0.06094612926244736
v -0.014519009739160538 0.33384835720062256 -0.060620639473199844
v -0.004687279928475618 0.3519548773765564 -0.05966927856206894
v 0.002408037194982171 0.3585391938686371 -0.05830830708146095
v -0.004392011556774378 0.3618313670158386 -0.056848473846912384
v -0.011388905346393585 0.3585391938686371 -0.057269178330898285
v 0.002014345722272992 0.3453705608844757 -0.062069378793239594
v 0.00920808594673872 0.35524705052375793 -0.05976814031600952
v -0.011782596819102764 0.3453705608844757 -0.061030253767967224
v -0.01838579960167408 0.35524705052375793 -0.057689882814884186
v -0.0184650756418705 0.34235304594039917 -0.058461993932724
v -0.02241114154458046 0.3508577346801758 -0.05630335211753845
v -0.02643648535013199 0.346468448638916 -0.05491681769490242
v -0.028369879350066185 0.3571677803993225 -0.05345144122838974
v -0.03175075724720955 0.34921202063560486 -0.05255337059497833
v -0.02498900331556797 0.3651235103607178 -0.054349515587091446
v -0.03706502914428711 0.3519556224346161 -0.05018991976976395
v -0.03432861715555191 0.36347779631614685 -0.050599534064531326
v -0.014592084102332592 0.36676961183547974 -0.05465872585773468
v -0.0177952628582716 0.375 -0.052048273384571075
v -0.003998319618403912 0.375 -0.05308740213513374
v -0.004195165354758501 0.3684156835079193 -0.05496793985366821
v 0.0061033302918076515 0.36676961183547974 -0.05621742084622383
v 0.009798622690141201 0.375 -0.05412653088569641
v 0.013586967252194881 0.35129907727241516 -0.05887126922607422
v 0.009286382235586643 0.3429047167301178 -0.060372982174158096
v 0.020076991990208626 0.35771945118904114 -0.05692112073302269
v 0.017965849488973618 0.3473511040210724 -0.057974401861429214
v 0.023752158507704735 0.3503153622150421 -0.05637534335255623
v 0.016558419913053513 0.3404388725757599 -0.0586765855550766
v 0.02453417144715786 0.3414291739463806 -0.05662909522652626
v 0.016401825472712517 0.3651235103607178 -0.05746689811348915
v 0.026567017659544945 0.3641398251056671 -0.05497097223997116
v 0.03250992298126221 0.34241944551467896 -0.05458160489797592
v 0.029538469389081 0.35327962040901184 -0.05477628856897354
v 0.03805918991565704 0.35680487751960754 -0.04606620594859123
v 0.03754362463951111 0.3517557382583618 -0.047730349004268646
v 0.0410306416451931 0.34594467282295227 -0.045871518552303314
v 0.04354749247431755 0.3506128191947937 -0.042445890605449677
v 0.03231310471892357 0.36047235131263733 -0.050518590956926346
v 0.03354104980826378 0.352517694234848 -0.051253318786621094
v 0.036770280450582504 0.3441820442676544 -0.05022656172513962
v 0.03999951481819153 0.3358464241027832 -0.04919980838894844
v 0.04451765492558479 0.3401336073875427 -0.04401269182562828
v 0.03857475146651268 0.3618539869785309 -0.04440206289291382
v 0.046064343303442 0.35528096556663513 -0.03902026265859604
v 0.044259361922740936 0.36623600125312805 -0.037095531821250916
v 0.041935715824365616 0.37061798572540283 -0.03795979917049408
v 0.03651043772697449 0.36952248215675354 -0.04387183114886284
v 0.04141705483198166 0.36404499411582947 -0.04074879735708237
v 0.03108515776693821 0.36842697858810425 -0.0497838594019413
v 0.042089298367500305 0.37064820528030396 0.04079345241189003
v 0.04770639166235924 0.3697778582572937 0.03655662015080452
v 0.04503539949655533 0.3645557165145874 0.04052306339144707
v 0.041075922548770905 0.3662964403629303 0.043119240552186966
v 0.043102674186229706 0.375 0.038467664271593094
v 0.035827964544296265 0.375 0.044345151633024216
v 0.03647220507264137 0.3715185821056366 0.04503028467297554
v -0.04450121149420738 0.375 -0.03422334045171738
v -0.05095571279525757 0.375 -0.025830436497926712
v -0.04666579142212868 0.37031328678131104 -0.0329902246594429
v -0.052047811448574066 0.3691416084766388 -0.02638726681470871
v -0.04236605763435364 0.3691416084766388 -0.038976624608039856
v -0.048830367624759674 0.36562657356262207 -0.031757108867168427
v -0.04668540507555008 0.3632832169532776 -0.03533700108528137
v -0.053139910101890564 0.3632832169532776 -0.026944098994135857
v -0.05207723751664162 0.35859647393226624 -0.029907435178756714
v -0.057695500552654266 0.375 -0.009801910258829594
v -0.058977801352739334 0.3673965036869049 -0.01310376450419426
v -0.058732882142066956 0.3628053367137909 -0.0157817080616951
v -0.05742983520030975 0.36796993017196655 -0.019784310832619667
v -0.05895427241921425 0.3686637580394745 -0.007463040295988321
v -0.06054538115859032 0.3597929775714874 -0.008769995532929897
v -0.060035932809114456 0.3576407730579376 -0.011779104359447956
v -0.059526484459638596 0.3554885685443878 -0.01478821225464344
v -0.058487966656684875 0.35821419954299927 -0.01845964975655079
v -0.05893074348568916 0.3699309825897217 -0.0018223163206130266
v -0.05988070368766785 0.36486199498176575 -0.0014783447841182351
v -0.06021304428577423 0.3623274862766266 -0.005124170333147049
v -0.06130564585328102 0.35725849866867065 -0.0009623874793760478
v -0.0621129646897316 0.35218948125839233 -0.004436227027326822
v -0.060498327016830444 0.3623274862766266 0.0025114521849900484
v -0.06111595034599304 0.3597929775714874 0.006501249503344297
v -0.06239824742078781 0.35218948125839233 0.003199395490810275
v -0.05938219651579857 0.3686637580394745 0.0039903935976326466
v -0.05798078328371048 0.375 -0.00216628797352314
v -0.05826606601476669 0.375 0.005469334777444601
v -0.057449448853731155 0.3609398603439331 -0.022131089121103287
v -0.05101456493139267 0.35390976071357727 -0.03287076950073242
v -0.057469066232442856 0.35390976071357727 -0.024477867409586906
v -0.057488683611154556 0.3468796908855438 -0.026824643835425377
v -0.058762308210134506 0.3522602319717407 -0.019301874563097954
v -0.05903664976358414 0.3463062644004822 -0.02014409750699997
v -0.0605197548866272 0.33895426988601685 -0.017608709633350372
v -0.059578005224466324 0.33794263005256653 -0.02244606986641884
v -0.05611502751708031 0.3356887102127075 -0.027872925624251366
v -0.05375097692012787 0.3423875868320465 -0.03246115520596504
v -0.04897882789373398 0.3489946722984314 -0.03656017407774925
v -0.06368054449558258 0.34458598494529724 -0.00010245860903523862
v -0.06422190368175507 0.3362223505973816 -0.002404430415481329
v -0.06284170597791672 0.33809414505958557 -0.0075878906063735485
v -0.0621325820684433 0.3451594114303589 -0.006783005315810442
v -0.06108425557613373 0.35140007734298706 -0.009281054139137268
v -0.06058461591601372 0.34573283791542053 -0.013463551178574562
v -0.06005555018782616 0.3506107032299042 -0.014125881716609001
v -0.06146150827407837 0.33996593952178955 -0.01277135033160448
v -0.04454044625163078 0.3609398603439331 -0.038916897028684616
v -0.05265205353498459 0.3334347903728485 -0.03329978138208389
v -0.05001327022910118 0.3378954529762268 -0.03809766843914986
v -0.04836488142609596 0.3244662582874298 -0.039355602115392685
v -0.05419190973043442 0.32002130150794983 -0.02934051677584648
v -0.05441169813275337 0.31515824794769287 -0.0308621134608984
v -0.05009637400507927 0.3172762095928192 -0.038753826171159744
v -0.050508469343185425 0.32895052433013916 -0.03632768988609314
v -0.05474137142300606 0.32449769973754883 -0.028921205550432205
v -0.055290836840867996 0.3289740979671478 -0.02850189246237278
v -0.058479081839323044 0.32898983359336853 -0.02328469417989254
v -0.05924900993704796 0.3222830891609192 -0.021305063739418983
v -0.06166732683777809 0.32900553941726685 -0.0180674958974123
v -0.062002863734960556 0.3316022753715515 -0.01507332269102335
v -0.06375664472579956 0.32006847858428955 -0.013688920065760612
v -0.06001893803477287 0.31557637453079224 -0.019325431436300278
v -0.06584596633911133 0.31113141775131226 -0.009310346096754074
v -0.0588369183242321 0.31060877442359924 -0.02373119816184044
v -0.051827866584062576 0.3100861608982086 -0.038152050226926804
v -0.05463148653507233 0.3102951943874359 -0.03238371014595032
v -0.05765489488840103 0.30564120411872864 -0.0281369648873806
v -0.05496117100119591 0.30300062894821167 -0.03466610610485077
v -0.06326213479042053 0.3060593008995056 -0.01660028286278248
v -0.060678303241729736 0.300987184047699 -0.023890219628810883
v -0.06397203356027603 0.29870477318763733 -0.01565508544445038
v -0.06618108600378036 0.3012915849685669 -0.00963409524410963
v -0.06176299229264259 0.29611799120903015 -0.02167607471346855
v -0.05809447169303894 0.2959150969982147 -0.031180158257484436
v -0.06561752408742905 0.2976946532726288 -0.0026951166801154613
v -0.06599833071231842 0.2905421555042267 -0.004341911990195513
v -0.0665161982178688 0.29145172238349915 -0.009957845322787762
v -0.06523672491312027 0.3048471510410309 -0.0010483211372047663
v -0.06462747603654861 0.2985628843307495 0.007213703356683254
v -0.06505396962165833 0.29409775137901306 0.004243862349539995
v -0.06443525850772858 0.31473955512046814 -0.0005644740303978324
v -0.06416267901659012 0.308901309967041 0.004862901289016008
v -0.06530461460351944 0.3194950520992279 -0.007008374202996492
v -0.06421925127506256 0.3211078941822052 -0.00010380949242971838
v -0.06400323659181595 0.32747623324394226 0.00035685504553839564
v -0.06324321776628494 0.32709378004074097 0.005420112516731024
v -0.06313388794660568 0.3227207362651825 0.006800754927098751
v -0.06365373730659485 0.3255486786365509 -0.011040848679840565
v -0.06355082988739014 0.33102884888648987 -0.008392776362597942
v -0.06476325541734695 0.32785868644714355 -0.004706402309238911
v -0.06302455812692642 0.318347692489624 0.008181397803127766
v -0.06340721994638443 0.33365336060523987 0.003349148202687502
v -0.06281119585037231 0.3398304879665375 0.006341441534459591
v -0.06233840063214302 0.33419904112815857 -0.0120791494846344
v -0.0625925362110138 0.33108437061309814 0.00910272728651762
v -0.06194184720516205 0.3350749611854553 0.012785341590642929
v -0.06210319325327873 0.32652008533477783 0.01301499828696251
v -0.061072494834661484 0.33031946420669556 0.019229240715503693
v -0.06117752939462662 0.3386083245277405 0.014745294116437435
v -0.06033443659543991 0.33592501282691956 0.020068207755684853
v -0.061004605144262314 0.31567156314849854 0.025189293548464775
v -0.06204661726951599 0.31431350111961365 0.01798170804977417
v -0.06161385029554367 0.3219558298587799 0.016927270218729973
v -0.06020314618945122 0.3255639672279358 0.025673141703009605
v -0.06389009207487106 0.3030630648136139 0.010290276259183884
v -0.06308862566947937 0.31295546889305115 0.01077412348240614
v -0.06315270066261292 0.30756324529647827 0.013366849161684513
v -0.06247938424348831 0.3066712021827698 0.019036147743463516
v -0.06180606782436371 0.3057791590690613 0.024705447256565094
v -0.06401823461055756 0.29227861762046814 0.015475728549063206
v -0.06324880570173264 0.29947489500045776 0.017255937680602074
v -0.0626075267791748 0.295886754989624 0.024221600964665413
v -0.0512971431016922 0.31350353360176086 0.03949199989438057
v -0.04817580804228783 0.3086684048175812 0.0444195382297039
v -0.04946513846516609 0.30372387170791626 0.04334702715277672
v -0.05304447188973427 0.3110038936138153 0.037455733865499496
v -0.05354481190443039 0.31958845257759094 0.03558259457349777
v -0.05662380903959274 0.31828394532203674 0.031564436852931976
v -0.05251924321055412 0.30033355951309204 0.03901629149913788
v -0.054771892726421356 0.3068356513977051 0.03516940400004387
v -0.04588580131530762 0.2964438498020172 0.04923832416534424
v -0.05026659741997719 0.293831467628479 0.04286317899823189
v -0.05557335168123245 0.2969432473182678 0.03468555584549904
v -0.056499313563108444 0.30266737937927246 0.03288307413458824
v -0.05915268883109093 0.30422326922416687 0.028794260695576668
v -0.05909043923020363 0.2964150011539459 0.02945357747375965
v -0.057888250797986984 0.3112536072731018 0.030179347842931747
v -0.05579248070716858 0.325673371553421 0.031673189252614975
v -0.059491343796253204 0.333241730928421 0.025391120463609695
v -0.05804498493671417 0.3351120054721832 0.027686169371008873
v -0.0583251528441906 0.32934385538101196 0.028370795771479607
v -0.05496259778738022 0.3288050591945648 0.03292122483253479
v -0.05659862607717514 0.3369823098182678 0.02998121827840805
v -0.056447163224220276 0.33312374353408813 0.031068449839949608
v -0.054569169878959656 0.3369036316871643 0.03376610204577446
v -0.05214561149477959 0.3344748914241791 0.03696770593523979
v -0.05413271486759186 0.33193671703338623 0.034169264137744904
v -0.04972204938530922 0.33204615116119385 0.040169309824705124
v -0.05181827023625374 0.3307497203350067 0.03727007657289505
v -0.04681452736258507 0.33655625581741333 0.04355812817811966
v -0.04471219703555107 0.3346068263053894 0.046157319098711014
v -0.04509315639734268 0.32967209815979004 0.046370938420295715
v -0.047625832259655 0.333342581987381 0.043068546801805496
v -0.05015850439667702 0.3370130658149719 0.03976615145802498
v -0.04834660142660141 0.32896918058395386 0.04192129895091057
v -0.05160004273056984 0.3282662630081177 0.03747165575623512
v -0.0469711497426033 0.32589221000671387 0.043673284351825714
v -0.05138181522488594 0.32578280568122864 0.037673238664865494
v -0.05046581104397774 0.32089295983314514 0.03960075229406357
v -0.04692881181836128 0.31975257396698 0.04458266496658325
v -0.04954981058835983 0.31600314378738403 0.04152826592326164
v -0.04600322246551514 0.33976995944976807 0.04404770955443382
v -0.04433123394846916 0.33954155445098877 0.045943696051836014
v -0.04478626698255539 0.3445904850959778 0.04478207975625992
v -0.04686390981078148 0.3432120382785797 0.042641300708055496
v -0.056750085204839706 0.3408408463001251 0.028893986716866493
v -0.05776481330394745 0.3408801853656769 0.02700154297053814
v -0.056977279484272 0.34662866592407227 0.027263138443231583
v -0.05588681995868683 0.34466007351875305 0.02969919703900814
v -0.05522799491882324 0.3407818675041199 0.031732648611068726
v -0.05502355471253395 0.348479300737381 0.030504407361149788
v -0.05385736748576164 0.3445814251899719 0.0334840826690197
v -0.05297929793596268 0.34917017817497253 0.03308801352977753
v -0.0515935905277729 0.3464195132255554 0.03596866875886917
v -0.052691180258989334 0.3406835198402405 0.03646375611424446
v -0.04851120710372925 0.3401125371456146 0.04120372608304024
v -0.05020788684487343 0.3436688184738159 0.038849327713251114
v -0.04932981729507446 0.3482576012611389 0.03845325484871864
v -0.04772459343075752 0.34665411710739136 0.04123489558696747
v -0.04524130001664162 0.3496394157409668 0.04362046346068382
v -0.0509350411593914 0.3498610854148865 0.03567161783576012
v -0.053342875093221664 0.3522663414478302 0.03149915859103203
v -0.05049600452184677 0.352155476808548 0.03547358140349388
v -0.04786865413188934 0.3508974611759186 0.03954702243208885
v -0.046407487243413925 0.35353729128837585 0.04064079001545906
v -0.04275800660252571 0.35262471437454224 0.046006035059690475
v -0.05005696788430214 0.3544498682022095 0.035275544971227646
v -0.050031717866659164 0.35787490010261536 0.03494768217206001
v -0.04728829115629196 0.3580467104911804 0.03888964653015137
v -0.04454486817121506 0.3582185208797455 0.04283161461353302
v -0.057355932891368866 0.3562750518321991 0.024545058608055115
v -0.05549331381917 0.3609562814235687 0.026735883206129074
v -0.05276251584291458 0.35941559076309204 0.030841782689094543
v -0.05370645225048065 0.3553624749183655 0.02991030365228653
v -0.05618974566459656 0.35237717628479004 0.027524733915925026
v -0.03881192207336426 0.36567696928977966 0.04626716300845146
v -0.041030626744031906 0.3675415813922882 0.04367540031671524
v -0.040598783642053604 0.3712707757949829 0.043092742562294006
v -0.03705480322241783 0.37033846974372864 0.04668905586004257
v -0.043681178241968155 0.36567696928977966 0.04166629537940025
v -0.044358689337968826 0.37033846974372864 0.03978775814175606
v -0.04167839512228966 0.3619477450847626 0.04454938694834709
v -0.046331729739904404 0.3638123571872711 0.039657194167375565
v -0.04816909506917 0.362556129693985 0.037138503044843674
v -0.05000646412372589 0.36129993200302124 0.03461981564760208
v -0.05181857943534851 0.3634687066078186 0.03177326172590256
v -0.04996858537197113 0.3664374351501465 0.03412801772356033
v -0.051768071949481964 0.37031877040863037 0.031117528676986694
v -0.04811859130859375 0.36940616369247437 0.03648277372121811
v -0.0450361967086792 0.375 0.037909217178821564
v -0.0401669405400753 0.375 0.042510081082582474
v -0.03529768064618111 0.375 0.04711094871163368
v -0.052066925913095474 0.375 0.028257504105567932
v -0.05325886607170105 0.37109896540641785 0.027273625135421753
v -0.05422840267419815 0.375 0.02320665493607521
v -0.05474965646862984 0.3718791604042053 0.02342972159385681
v -0.05445080250501633 0.3671979308128357 0.026289748027920723
v -0.05527091026306152 0.36875835061073303 0.02365279011428356
v -0.05363069102168083 0.36563751101493835 0.028926705941557884
v -0.0560527928173542 0.3640771210193634 0.023987390100955963
v -0.056612275540828705 0.3671979308128357 0.021238898858428
v -0.05650107562541962 0.37109896540641785 0.01969735324382782
v -0.05638987571001053 0.375 0.01815580576658249
v -0.06129433587193489 0.3533574640750885 0.007783985696732998
v -0.06019042432308197 0.3545254170894623 0.012368576601147652
v -0.06051823869347572 0.35043051838874817 0.012221300043165684
v -0.0620993934571743 0.3475082516670227 0.006059420760720968
v -0.06163845956325531 0.3430582880973816 0.010402357205748558
v -0.060465723276138306 0.3462860882282257 0.0144632738083601
v -0.06041320785880089 0.34214165806770325 0.01670524664223194
v -0.05959637463092804 0.34153059124946594 0.020907172933220863
v -0.05877953767776489 0.34091949462890625 0.025109101086854935
v -0.05926673114299774 0.3474416732788086 0.019645176827907562
v -0.05806773528456688 0.34859728813171387 0.024827079847455025
v -0.05892260745167732 0.3577408492565155 0.017026804387569427
v -0.058937087655067444 0.35335278511047363 0.018383178859949112
v -0.06048927828669548 0.3592066764831543 0.009508551098406315
v -0.05986260995268822 0.3586203455924988 0.012515852227807045
v -0.05937088653445244 0.36476272344589233 0.01273676659911871
v -0.0589081272482872 0.36212894320487976 0.015670429915189743
v -0.059833649545907974 0.3673965036869049 0.009803103283047676
v -0.058252494782209396 0.37031877040863037 0.01596498303115368
v -0.057953640818595886 0.36563751101493835 0.01882500760257244
v -0.057654786854982376 0.3609562814235687 0.021685034036636353
v -0.0380467064678669 0.375 -0.04261624440550804
v -0.0380663238465786 0.36796993017196655 -0.04496302083134651
v -0.039267648011446 0.35953977704048157 -0.045629363507032394
v -0.04420667886734009 0.3556017279624939 -0.04065919667482376
v -0.04387291520833969 0.3502636253833771 -0.04240149259567261
v -0.04694309085607529 0.34407955408096313 -0.04024957865476608
v -0.0404689721763134 0.3511096239089966 -0.04629570618271828
v -0.0433722659945488 0.34225648641586304 -0.045014940202236176
v -0.04627556353807449 0.3334033489227295 -0.04373417794704437
v -0.04578104987740517 0.31939417123794556 -0.04664554074406624
v -0.041552674025297165 0.3123597800731659 -0.04992521181702614
v -0.049024246633052826 0.30987709760665894 -0.04392039030790329
v -0.052267443388700485 0.3003600239753723 -0.04119524359703064
v -0.055510640144348145 0.2908429801464081 -0.03847009316086769
v -0.047842029482126236 0.2900153696537018 -0.04458582028746605
v -0.046417467296123505 0.29808419942855835 -0.045837488025426865
v -0.04499290511012077 0.30615299940109253 -0.04708915948867798
v -0.04096156358718872 0.3024289309978485 -0.05025792494416237
v -0.040567491203546524 0.295808345079422 -0.05047973617911339
v -0.03250480815768242 0.2883601784706116 -0.05681727081537247
v -0.04017341881990433 0.2891877591609955 -0.05070154368877411
v -0.03708400949835777 0.28147733211517334 -0.053622134029865265
v -0.04230305925011635 0.283515989780426 -0.04936858266592026
v -0.041663214564323425 0.2745944857597351 -0.05042700096964836
v -0.04443269968032837 0.2778441905975342 -0.04803561791777611
v -0.049331825226545334 0.2754220962524414 -0.04431127384305
v -0.048586927354335785 0.2827187180519104 -0.044448547065258026
v -0.0542309507727623 0.27300000190734863 -0.0405869297683239
v -0.05487079545855522 0.28192147612571716 -0.039528511464595795
v -0.056390196084976196 0.27279534935951233 -0.035590000450611115
v -0.05740989372134209 0.27943527698516846 -0.03354695439338684
v -0.05842958763241768 0.286075234413147 -0.03150390833616257
v -0.05295126140117645 0.2551570236682892 -0.042703766375780106
v -0.053591106086969376 0.2640784978866577 -0.041645348072052
v -0.05645012483000755 0.26605305075645447 -0.03513457998633385
v -0.05651005357503891 0.259310781955719 -0.03467915952205658
v -0.04592249542474747 0.2632508873939514 -0.04776107519865036
v -0.044604476541280746 0.25313472747802734 -0.0482788048684597
v -0.04013830050826073 0.26021668314933777 -0.0515640564262867
v -0.04762716218829155 0.2693364918231964 -0.04603617265820503
v -0.03889372944831848 0.27134478092193604 -0.052818380296230316
v -0.031864963471889496 0.27943867444992065 -0.05787568911910057
v -0.035672128200531006 0.2672986388206482 -0.054849304258823395
v -0.03435410559177399 0.2571824789047241 -0.055367037653923035
v -0.03245052322745323 0.26325249671936035 -0.05688022822141647
v -0.03625768795609474 0.2511124610900879 -0.053853847086429596
v -0.044854216277599335 0.2452801614999771 -0.048124950379133224
v -0.03812683746218681 0.24523326754570007 -0.052615754306316376
v -0.03675717115402222 0.23540331423282623 -0.05354613438248634
v -0.032334037125110626 0.24224676191806793 -0.05648751184344292
v -0.039995986968278885 0.23935404419898987 -0.051377661526203156
v -0.04510395601391792 0.23742558062076569 -0.04797109588980675
v -0.04279971495270729 0.23053523898124695 -0.049520522356033325
v -0.051581595093011856 0.24532705545425415 -0.04363415017724037
v -0.0545729361474514 0.24209588766098022 -0.03714720159769058
v -0.052878931164741516 0.23487816751003265 -0.03918889909982681
v -0.05021192505955696 0.2354971170425415 -0.04456453025341034
v -0.048842258751392365 0.22566716372966766 -0.04549491032958031
v -0.05626693740487099 0.249313622713089 -0.03510550782084465
v -0.05251843109726906 0.22735096514225006 -0.03854277729988098
v -0.05554594099521637 0.2342592179775238 -0.03381326422095299
v -0.05619460716843605 0.22903476655483246 -0.03159064054489136
v -0.0521579347550869 0.21982377767562866 -0.03789665549993515
v -0.04049547016620636 0.2236448973417282 -0.0510699525475502
v -0.03351835161447525 0.2314525693655014 -0.05571461096405983
v -0.034336935728788376 0.22071757912635803 -0.054086118936538696
v -0.059716325253248215 0.25235581398010254 0.029282214120030403
v -0.05538614094257355 0.25700119137763977 0.036018628627061844
v -0.05346619337797165 0.25164151191711426 0.038452934473752975
v -0.05623384192585945 0.24681757390499115 0.03400919958949089
v -0.06404650956392288 0.2477104663848877 0.022545799612998962
v -0.05900149419903755 0.24199363589286804 0.029565464705228806
v -0.059493161737918854 0.23451979458332062 0.028012577444314957
v -0.05395647883415222 0.2362767904996872 0.03658512979745865
v -0.05535881593823433 0.23144109547138214 0.03393888846039772
v -0.06362750381231308 0.2375984936952591 0.022086266428232193
v -0.06278949975967407 0.2173745483160019 0.021167203783988953
v -0.05886465311050415 0.21935182809829712 0.027323279529809952
v -0.05493981018662453 0.22132912278175354 0.03347935527563095
v -0.06320849806070328 0.2274865210056305 0.021626735106110573
v -0.05998482555150986 0.2270459532737732 0.026459690183401108
v -0.05676115304231644 0.2266053855419159 0.031292643398046494
v -0.05192564055323601 0.22594453394412994 0.03854207694530487
v -0.06414889544248581 0.23596568405628204 0.01490107737481594
v -0.06370941549539566 0.2282026708126068 0.015970489010214806
v -0.06467027962207794 0.2343328893184662 0.007715888321399689
v -0.06421032547950745 0.22891882061958313 0.010314244776964188
v -0.0635203868150711 0.22079773247241974 0.014211779460310936
v -0.06425127387046814 0.22422091662883759 0.007256356533616781
v -0.06496168673038483 0.2299930602312088 0.0018298771465197206
v -0.06567209959030151 0.23576518893241882 -0.0035966020077466965
v -0.06513024121522903 0.23974695801734924 0.0051175314001739025
v -0.06525310128927231 0.22565321624279022 -0.004056133795529604
v -0.06458837538957596 0.24372871220111847 0.013831664808094501
v -0.06547293812036514 0.2450844645500183 0.0024970523081719875
v -0.06515221297740936 0.2494051605463028 0.008377532474696636
v -0.06571605056524277 0.2550816237926483 0.002923400141298771
v -0.06561646610498428 0.25974124670028687 0.005970227066427469
v -0.06483148783445358 0.2537258565425873 0.014258013106882572
v -0.04891146719455719 0.23055996000766754 0.04360479488968849
v -0.04386645182967186 0.2248431295156479 0.05062446370720863
v -0.052751362323760986 0.24127931892871857 0.03873618692159653
v -0.048666320741176605 0.23824231326580048 0.044538699090480804
v -0.05154624581336975 0.24628183245658875 0.04088724032044411
v -0.04672577232122421 0.26629191637039185 0.049491457641124725
v -0.05105595663189888 0.2616465389728546 0.042755044996738434
v -0.05380992963910103 0.2665254473686218 0.038512423634529114
v -0.050896577537059784 0.2712175250053406 0.0430530346930027
v -0.0497385673224926 0.2537856101989746 0.044113822281360626
v -0.05672328174114227 0.2618333697319031 0.033971816301345825
v -0.06030520424246788 0.2595573961734772 0.028407800942659378
v -0.06388712674379349 0.25728142261505127 0.02284378744661808
v -0.06372775137424469 0.26685240864753723 0.023141775280237198
v -0.060894086956977844 0.2667589783668518 0.027533389627933502
v -0.06006613373756409 0.2739138603210449 0.02885478548705578
v -0.0635683685541153 0.2764233648777008 0.023439764976501465
v -0.058060422539711 0.26666557788848877 0.031925003975629807
v -0.05656390264630318 0.27140435576438904 0.03426980599761009
v -0.05506737902760506 0.2761431336402893 0.03661460801959038
v -0.0562826544046402 0.28406664729118347 0.034415725618600845
v -0.05353711545467377 0.27952659130096436 0.038718558847904205
v -0.05923818424344063 0.28106874227523804 0.030176179483532906
v -0.0634089857339859 0.28599435091018677 0.023737752810120583
v -0.05902819335460663 0.288606733083725 0.030112896114587784
v -0.05464739352464676 0.2912190854549408 0.036488037556409836
v -0.05332712456583977 0.2870645821094513 0.038655273616313934
v -0.04971145838499069 0.2879852056503296 0.04397844150662422
v -0.05002644658088684 0.2766782343387604 0.04407336562871933
v -0.052006855607032776 0.2829100489616394 0.04082251340150833
v -0.049156319350004196 0.28213897347450256 0.04509370028972626
v -0.06470365822315216 0.2882682681083679 0.009697920642793179
v -0.064353346824646 0.2824387848377228 0.015151978470385075
v -0.06529770791530609 0.2788831889629364 0.006566204130649567
v -0.06538908183574677 0.2842578887939453 0.003920112736523151
v -0.06432877480983734 0.27505555748939514 0.016334617510437965
v -0.06430419534444809 0.2676723599433899 0.01751725561916828
v -0.06508917361497879 0.2736877501010895 0.009229470044374466
v -0.06488063931465149 0.26849228143692017 0.011892735958099365
v -0.06574530899524689 0.26972219347953796 0.00345595576800406
v -0.06524855643510818 0.2641167640686035 0.008931481279432774
v -0.06456784158945084 0.2606990933418274 0.015887634828686714
v -0.06670019775629044 0.2517777383327484 -0.011458040215075016
v -0.06694331020116806 0.2617748975753784 -0.011031691916286945
v -0.06632968038320541 0.25842827558517456 -0.004054145887494087
v -0.06625791639089584 0.2510998547077179 -0.005790733266621828
v -0.06718643009662628 0.2717720568180084 -0.01060534454882145
v -0.06640145182609558 0.26575666666030884 -0.00231755874119699
v -0.06401817500591278 0.25997963547706604 -0.01764780469238758
v -0.06362763792276382 0.2676182985305786 -0.018629949539899826
v -0.06440871208906174 0.2523409426212311 -0.016665661707520485
v -0.06624206900596619 0.2753276228904724 -0.0020195699762552977
v -0.06685131043195724 0.2816118896007538 -0.010281594470143318
v -0.0661201998591423 0.28293490409851074 -0.003180741099640727
v -0.06548046320676804 0.2896326184272766 0.0012740208767354488
v -0.060096289962530136 0.29109662771224976 -0.02658999152481556
v -0.06209810823202133 0.2862781584262848 -0.021999824792146683
v -0.06134853512048721 0.28130751848220825 -0.024537719786167145
v -0.06284768134355545 0.2912488281726837 -0.01946192793548107
v -0.06468193978071213 0.29135027527809143 -0.014709887094795704
v -0.06447470933198929 0.2839450240135193 -0.016140708699822426
v -0.06426747888326645 0.27653977274894714 -0.017571531236171722
v -0.06178831309080124 0.2722837030887604 -0.023097671568393707
v -0.059948988258838654 0.27694910764694214 -0.02756539359688759
v -0.05854944512248039 0.27259066700935364 -0.03059306927025318
v -0.05930914357304573 0.2680276036262512 -0.028623811900615692
v -0.06006884574890137 0.2634645402431488 -0.026654556393623352
v -0.061093032360076904 0.2581843435764313 -0.02426391839981079
v -0.058679986745119095 0.25374898314476013 -0.02968471311032772
v -0.06211721897125244 0.25290417671203613 -0.02187328226864338
v -0.06581563502550125 0.2504219710826874 -0.00012342706031631678
v -0.06596501171588898 0.24343253672122955 -0.004693667870014906
v -0.06621396541595459 0.2317834347486496 -0.012310735881328583
v -0.06645708531141281 0.2417805939912796 -0.011884387582540512
v -0.06289829313755035 0.2376268357038498 -0.01990899257361889
v -0.06365349888801575 0.24498389661312103 -0.018287327140569687
v -0.06084991618990898 0.24818719923496246 -0.02469026669859886
v -0.05958261340856552 0.2434702217578888 -0.027507251128554344
v -0.057564277201890945 0.2388647198677063 -0.03066025860607624
v -0.05954644829034805 0.23333080112934113 -0.025749817490577698
v -0.05684327706694603 0.2238103300333023 -0.029368015006184578
v -0.06152862310409546 0.22779688239097595 -0.020839374512434006
v -0.06143541634082794 0.21977251768112183 -0.020123599097132683
v -0.05770578235387802 0.21818813681602478 -0.027089666575193405
v 0.04371500387787819 0.221713125705719 -0.04778279364109039
v 0.036037344485521317 0.22468644380569458 -0.05320078507065773
v 0.03422088921070099 0.21982930600643158 -0.054249249398708344
v 0.03836436942219734 0.2297702431678772 -0.05202154815196991
v 0.033187881112098694 0.23327118158340454 -0.05579023063182831
v 0.028359685093164444 0.22765974700450897 -0.05861877650022507
v 0.04069139435887337 0.23485404253005981 -0.05084230750799179
v 0.038016077131032944 0.23888260126113892 -0.05296168476343155
v 0.044704370200634 0.22881121933460236 -0.04766324535012245
v 0.045693736523389816 0.23590929806232452 -0.04754369333386421
v 0.04999949783086777 0.25518926978111267 -0.04612535610795021
v 0.041715316474437714 0.2588984966278076 -0.05107267200946808
v 0.03698820620775223 0.2531644105911255 -0.05397966131567955
v 0.04267013072967529 0.24905021488666534 -0.05060320720076561
v 0.044181931763887405 0.24247975647449493 -0.04907345026731491
v 0.03534076362848282 0.24291115999221802 -0.05508106201887131
v 0.028011394664645195 0.23677211999893188 -0.05955891311168671
v 0.03226109594106674 0.24743033945560455 -0.05688665434718132
v 0.025994155555963516 0.2439558506011963 -0.06069644168019295
v 0.029181431978940964 0.2519495189189911 -0.05869224667549133
v 0.023976914584636688 0.2511395812034607 -0.06183396652340889
v 0.03130628168582916 0.2572786211967468 -0.05735611543059349
v 0.028008531779050827 0.22084501385688782 -0.0585748590528965
v 0.02068202756345272 0.23063306510448456 -0.0640367642045021
v 0.021796174347400665 0.22186070680618286 -0.06290046870708466
v 0.012429039925336838 0.2249828577041626 -0.06418222934007645
v 0.010620491579174995 0.23474177718162537 -0.06427855789661407
v 0.005419924855232239 0.22934849560260773 -0.06435947865247726
v 0.011501736007630825 0.24226389825344086 -0.06462947279214859
v 0.003276258474215865 0.24404644966125488 -0.0647527202963829
v 0.0005589560605585575 0.23885050415992737 -0.06452034413814545
v 0.01972721330821514 0.24048134684562683 -0.06450622528791428
v 0.018772399052977562 0.2503296434879303 -0.06497568637132645
v 0.01238297950476408 0.24978601932525635 -0.0649803951382637
v 0.010069514624774456 0.25703632831573486 -0.06533367186784744
v 0.017817584797739983 0.2601779103279114 -0.06544515490531921
v 0.005993560887873173 0.2492423951625824 -0.06498510390520096
v -0.003590567270293832 0.24842697381973267 -0.06499215960502625
v 0.002321444684639573 0.25389474630355835 -0.06522218883037567
v -0.0015891899820417166 0.23371411859989166 -0.06453672796487808
v -0.0037373360246419907 0.22857774794101715 -0.06455310434103012
v 0.00021935875702183694 0.2239551991224289 -0.06444039940834045
v -0.006959554739296436 0.2208731770515442 -0.06457767635583878
v -0.009842176921665668 0.2280639111995697 -0.06468219310045242
v -0.01413846854120493 0.21779115498065948 -0.0647149533033371
v -0.015947017818689346 0.22755008935928345 -0.06481127440929413
v -0.009672378189861774 0.23551155626773834 -0.06472216546535492
v -0.01775556616485119 0.23730900883674622 -0.06490760296583176
v -0.021158432587981224 0.21779070794582367 -0.060908619314432144
v -0.028178397566080093 0.21779026091098785 -0.05710228905081749
v -0.021201279014348984 0.22559793293476105 -0.06174694746732712
v -0.02645554021000862 0.22364579141139984 -0.05868261680006981
v -0.023871256038546562 0.23242908716201782 -0.06105310842394829
v -0.029986945912241936 0.22754918038845062 -0.05719861388206482
v -0.02654123306274414 0.2392602562904358 -0.06035926565527916
v -0.027910901233553886 0.24909019470214844 -0.05942888557910919
v -0.02761812135577202 0.2571832835674286 -0.05992661416530609
v -0.01956411451101303 0.24706792831420898 -0.06500392407178879
v -0.0208821352571249 0.25718408823013306 -0.06448619067668915
v -0.00950257945805788 0.24295921623706818 -0.06476213783025742
v -0.010457392781972885 0.25280749797821045 -0.06523159891366959
v -0.001350671867839992 0.2585470676422119 -0.06545926630496979
v 0.0005865513812750578 0.268890380859375 -0.06510371714830399
v -0.005264926236122847 0.26337799429893494 -0.06503822654485703
v 0.007756049744784832 0.2642866373062134 -0.06568694114685059
v -0.003986713010817766 0.27877938747406006 -0.0644238069653511
v -0.006582946982234716 0.273494154214859 -0.06452049314975739
v 0.006438028998672962 0.27440279722213745 -0.06516920775175095
v -0.013073530979454517 0.2602810263633728 -0.06476220488548279
v -0.00917918048799038 0.26820889115333557 -0.06461717933416367
v -0.015689667314291 0.26775458455085754 -0.06429281830787659
v -0.015050562098622322 0.2754552662372589 -0.06398560851812363
v -0.02220015600323677 0.26730024814605713 -0.06396845728158951
v -0.02351817674934864 0.2774164080619812 -0.06345073133707047
v -0.02959515154361725 0.2723575234413147 -0.05915001779794693
v -0.027325339615345 0.26527637243270874 -0.06042434647679329
v -0.014411455020308495 0.28315597772598267 -0.06367839872837067
v -0.007429078686982393 0.2878500819206238 -0.0638962984085083
v -0.00048576042172499 0.283409982919693 -0.06444904208183289
v -0.0004467022663448006 0.2925441861152649 -0.06411419063806534
v 0.008208034560084343 0.28128519654273987 -0.06501440703868866
v 0.009978040121495724 0.2881675958633423 -0.06485959887504578
v 0.0030151924584060907 0.2880405783653259 -0.06447427719831467
v 0.04660351201891899 0.2925342619419098 -0.048791032284498215
v 0.03424408286809921 0.29076775908470154 -0.05564681813120842
v 0.03916832432150841 0.28690725564956665 -0.05307192727923393
v 0.03477753326296806 0.2769317328929901 -0.05548157915472984
v 0.037821926176548004 0.2725832462310791 -0.053610336035490036
v 0.04306171461939812 0.27322250604629517 -0.050534263253211975
v 0.04111501947045326 0.2800648808479309 -0.0518030971288681
v 0.03173314034938812 0.2812802493572235 -0.05735282227396965
v 0.029962243512272835 0.271624356508255 -0.05822443962097168
v 0.03562653064727783 0.267595499753952 -0.05481516197323799
v 0.042388513684272766 0.2660605013370514 -0.05080346763134003
v 0.03343113511800766 0.26260772347450256 -0.05601998418569565
v 0.024561934173107147 0.2587282657623291 -0.0614006333053112
v 0.016862770542502403 0.27002620697021484 -0.06591461598873138
v 0.025146951898932457 0.2663169801235199 -0.060967300087213516
v 0.024297956377267838 0.275653213262558 -0.06163371726870537
v 0.023091306909918785 0.28232720494270325 -0.062068160623311996
v 0.016901828348636627 0.27916041016578674 -0.06557976454496384
v 0.021884657442569733 0.2890012264251709 -0.06250260770320892
v 0.016940888017416 0.28829461336135864 -0.06524492055177689
v 0.029280783608555794 0.28549402952194214 -0.058556556701660156
v 0.026828428730368614 0.28970783948898315 -0.05976029112935066
v 0.04745250567793846 0.2831980288028717 -0.04812461510300636
v 0.04830150306224823 0.27386176586151123 -0.04745819419622421
v 0.055119872093200684 0.2810116112232208 -0.03514550253748894
v 0.05614394694566727 0.28617608547210693 -0.0329495333135128
v 0.05137372761964798 0.28935518860816956 -0.04087028279900551
v 0.05128619074821472 0.28210482001304626 -0.04163505882024765
v 0.0540957972407341 0.2758471667766571 -0.03734147176146507
v 0.051198650151491165 0.274854451417923 -0.04239983484148979
v 0.053920719772577286 0.2613464295864105 -0.038871023803949356
v 0.05420241504907608 0.25045767426490784 -0.037072550505399704
v 0.056769613176584244 0.256377249956131 -0.03253607451915741
v 0.052559684962034225 0.26810044050216675 -0.040635429322719574
v 0.049150500446558 0.26452553272247314 -0.04679177701473236
v 0.057841941714286804 0.2675035893917084 -0.0316166914999485
v 0.05596886947751045 0.27167537808418274 -0.03447908163070679
v 0.050347790122032166 0.24607691168785095 -0.04518521949648857
v 0.05379217118024826 0.24365265667438507 -0.03779790550470352
v 0.050696078687906265 0.23696453869342804 -0.04424507915973663
v 0.05338192731142044 0.23684760928153992 -0.03852325677871704
v 0.05104437097907066 0.22785218060016632 -0.043304942548274994
v 0.05431460589170456 0.2299841046333313 -0.036387696862220764
v 0.055247288197278976 0.22312059998512268 -0.03425213694572449
v 0.05061858147382736 0.2986781597137451 -0.04184885323047638
v 0.04763229191303253 0.3057843744754791 -0.044171690940856934
v 0.05392458289861679 0.2950049340724945 -0.036405257880687714
v 0.05463365092873573 0.30482202768325806 -0.034906670451164246
v 0.051441606134176254 0.3092782199382782 -0.038153380155563354
v 0.0446459986269474 0.31289058923721313 -0.046494532376527786
v 0.04824955761432648 0.3137344419956207 -0.041400086134672165
v 0.04866107180714607 0.31903448700904846 -0.03955234959721565
v 0.04346149042248726 0.32041874527931213 -0.04627015069127083
v 0.05365489423274994 0.31500017642974854 -0.03375842049717903
v 0.042276978492736816 0.32794687151908875 -0.04604576900601387
v 0.04907258227467537 0.3243345022201538 -0.03770461305975914
v 0.049819473177194595 0.3283967673778534 -0.03702692314982414
v 0.04490949586033821 0.3321215808391571 -0.04311336576938629
v 0.05056636780500412 0.3324590027332306 -0.036349229514598846
v 0.047542013227939606 0.33629629015922546 -0.04018096253275871
v 0.05168670415878296 0.3385523557662964 -0.03533269464969635
v 0.04903579503297806 0.34442079067230225 -0.03882557898759842
v 0.05355393886566162 0.34870797395706177 -0.03363846614956856
v 0.05407259613275528 0.35528096556663513 -0.03084946610033512
v 0.04774482548236847 0.3596629798412323 -0.03579913079738617
v 0.048522818833589554 0.36952248215675354 -0.03161563724279404
v 0.049425311386585236 0.36404499411582947 -0.0325780026614666
v 0.06265205144882202 0.3509421646595001 -0.006578091066330671
v 0.061760302633047104 0.3569566011428833 -0.0023240114096552134
v 0.06044570356607437 0.3609662652015686 -0.006346438080072403
v 0.06089618429541588 0.3569566011428833 -0.010554186999797821
v 0.056492701172828674 0.375 -0.014252298511564732
v 0.0573568195104599 0.375 -0.006022123619914055
v 0.058220937848091125 0.375 0.002208051970228553
v 0.059108082205057144 0.36998793482780457 0.00003468150316621177
v 0.05823935568332672 0.3709903657436371 -0.006114784628152847
v 0.059995222836732864 0.3649758994579315 -0.002138688927516341
v 0.05912189558148384 0.36698073148727417 -0.006207446102052927
v 0.05913110449910164 0.3649758994579315 -0.010368864051997662
v 0.05781190097332001 0.36998793482780457 -0.012310581281781197
v 0.05914031341671944 0.36297106742858887 -0.014530282467603683
v 0.060868553817272186 0.36297106742858887 0.0019300681306049228
v 0.05997680500149727 0.36898553371429443 0.006184147670865059
v 0.05510991811752319 0.36842697858810425 -0.025271471589803696
v 0.05738444626331329 0.36898553371429443 -0.018506377935409546
v 0.05665958672761917 0.3645104467868805 -0.021493226289749146
v 0.05820925161242485 0.36059388518333435 -0.017714979127049446
v 0.054591257125139236 0.3618539869785309 -0.028060469776391983
v 0.05593472346663475 0.36003535985946655 -0.024480072781443596
v 0.057278189808130264 0.35821670293807983 -0.02089967578649521
v 0.057690590620040894 0.354020893573761 -0.020503977313637733
v 0.05929338559508324 0.35548874735832214 -0.015529082156717777
v 0.05588159337639809 0.35465094447135925 -0.025676721706986427
v 0.05582846701145172 0.34926652908325195 -0.02687337063252926
v 0.05810299515724182 0.34982505440711975 -0.02010827697813511
v 0.06037752330303192 0.35038360953330994 -0.013343184255063534
v 0.057347264140844345 0.34259048104286194 -0.025372520089149475
v 0.05886312574148178 0.3443725109100342 -0.020260615274310112
v 0.060759056359529495 0.34342828392982483 -0.015224880538880825
v 0.05962326005101204 0.3389199674129486 -0.020412953570485115
v 0.06114058941602707 0.3364729583263397 -0.01710657589137554
v 0.05886606127023697 0.3359144330024719 -0.02387166954576969
v 0.05583139881491661 0.3408084213733673 -0.030484424903988838
v 0.060987554490566254 0.35674387216567993 0.0031060189940035343
v 0.06042870506644249 0.3615979850292206 0.00542327668517828
v 0.0626441240310669 0.3397689461708069 -0.004592751152813435
v 0.06265498697757721 0.3424840569496155 -0.010189144872128963
v 0.0626579225063324 0.33402594923973083 -0.013800199143588543
v 0.06264864653348923 0.3335454761981964 -0.008600872941315174
v 0.06154640391469002 0.3518897294998169 0.0007887613028287888
v 0.06263960152864456 0.34599238634109497 -0.000584629422519356
v 0.06172030419111252 0.3476070165634155 0.004555503837764263
v 0.0626271516084671 0.3410426378250122 0.005408832337707281
v 0.06263326108455658 0.3370538353919983 0.0010036424500867724
v 0.06038632616400719 0.3250093162059784 -0.024176346138119698
v 0.06266379356384277 0.31710976362228394 -0.021022306755185127
v 0.06266085803508759 0.3255678713321686 -0.017411252483725548
v 0.06076345965266228 0.33074113726615906 -0.02064146101474762
v 0.06264852732419968 0.3270817995071411 -0.010009332560002804
v 0.06263619661331177 0.32859572768211365 -0.0026074114721268415
v 0.06263936311006546 0.333065003156662 -0.0034015474375337362
v 0.062625452876091 0.33234429359436035 0.004397441167384386
v 0.06263302266597748 0.3241264522075653 -0.0018132755067199469
v 0.06261763721704483 0.3276347815990448 0.007791240233927965
v 0.06311529129743576 0.32009652256965637 0.0009257611236535013
v 0.06322432309389114 0.32172030210494995 0.008813907392323017
v 0.06324739754199982 0.3164577782154083 -0.005592866335064173
v 0.06384638696908951 0.3122974634170532 0.0002320583153050393
v 0.06359755992889404 0.31606659293174744 0.0036647978704422712
v 0.06264840811491013 0.3206181228160858 -0.011417791247367859
v 0.06337950378656387 0.31281906366348267 -0.012111494317650795
v 0.05433761700987816 0.3326839506626129 -0.03183980658650398
v 0.05510289967060089 0.3267030417919159 -0.030601633712649345
v 0.0581088624894619 0.33290886878967285 -0.027330385521054268
v 0.05586818605661392 0.32072213292121887 -0.029363460838794708
v 0.058648720383644104 0.310965895652771 -0.027964487671852112
v 0.059947188943624496 0.3042207360267639 -0.025991983711719513
v 0.06341893970966339 0.30778682231903076 -0.020043738186359406
v 0.06124565750360489 0.29747557640075684 -0.024019479751586914
v 0.06417408585548401 0.2984638512134552 -0.019065167754888535
v 0.0564754381775856 0.30065467953681946 -0.03194022923707962
v 0.05831722915172577 0.29648733139038086 -0.028973789885640144
v 0.05723058804869652 0.2913317084312439 -0.0309616606682539
v 0.06439951062202454 0.29871103167533875 -0.01345081627368927
v 0.0638895034790039 0.3057650327682495 -0.012781155295670033
v 0.06462493538856506 0.2989581823348999 -0.007836463861167431
v 0.06436007469892502 0.30374327301979065 -0.0055185724049806595
v 0.06409521400928497 0.308528333902359 -0.0032006811816245317
v 0.06432096660137177 0.31002169847488403 0.007773352786898613
v 0.06481092423200607 0.30423760414123535 0.005710131488740444
v 0.06496307253837585 0.2993289530277252 0.0005850641755387187
v 0.06511522084474564 0.2944203019142151 -0.0045400033704936504
v 0.06556607037782669 0.2949146330356598 0.0066887009888887405
v 0.06552663445472717 0.2999468743801117 0.014620944857597351
v 0.06383100152015686 0.3158057928085327 0.009836574085056782
v 0.06406444311141968 0.315544992685318 0.016008350998163223
v 0.06479553878307343 0.30774593353271484 0.015314646996557713
v 0.06330522894859314 0.3094702661037445 0.01891551911830902
v 0.06301841139793396 0.31536465883255005 0.018750308081507683
v 0.06359203904867172 0.30357590317726135 0.01908073201775551
v 0.06165744364261627 0.307204931974411 0.023540519177913666
v 0.06181491166353226 0.31119462847709656 0.022516392171382904
v 0.06306597590446472 0.2982007563114166 0.02048347145318985
v 0.06186392530798912 0.30151596665382385 0.023222872987389565
v 0.06348533928394318 0.29237860441207886 0.020237646996974945
v 0.06553773581981659 0.2926110625267029 0.015498459339141846
v 0.06197238340973854 0.3151843249797821 0.021492265164852142
v 0.053001854568719864 0.30196303129196167 0.03986465185880661
v 0.05621006712317467 0.29833751916885376 0.0366683155298233
v 0.05568400397896767 0.29296237230300903 0.038071054965257645
v 0.05193936079740524 0.2983880341053009 0.04162611439824104
v 0.04914553463459015 0.2975219786167145 0.044525083154439926
v 0.05158248543739319 0.2930082082748413 0.042260829359292984
v 0.04979363828897476 0.30558857321739197 0.043060991913080215
v 0.04819471761584282 0.3038136959075928 0.04518117010593414
v 0.051392562687397 0.30736345052719116 0.04094081372022629
v 0.054064344614744186 0.3055380582809448 0.038103193044662476
v 0.05673613026738167 0.3037126660346985 0.03526557236909866
v 0.05820121243596077 0.3030850291252136 0.03182480111718178
v 0.058172937482595444 0.29889675974845886 0.03201666474342346
v 0.05814466252923012 0.2947084903717041 0.032208528369665146
v 0.06013580784201622 0.29945600032806396 0.02736501581966877
v 0.06060532107949257 0.29645463824272156 0.026345999911427498
v 0.061432939022779465 0.29214611649513245 0.024976832792162895
v 0.06066187098622322 0.3048311471939087 0.02596227452158928
v 0.05966629832983017 0.30245739221572876 0.028384029865264893
v 0.058962032198905945 0.30695948004722595 0.0299125537276268
v 0.05726218968629837 0.3090878129005432 0.03386283293366432
v 0.05778825283050537 0.31446295976638794 0.03246009349822998
v 0.05972284823656082 0.3108339309692383 0.028000306338071823
v 0.060403332114219666 0.314913809299469 0.025605199858546257
v 0.06108381971716881 0.3189936876296997 0.02321009524166584
v 0.058991752564907074 0.31863299012184143 0.02869400940835476
v 0.053790945559740067 0.31002575159072876 0.03776054084300995
v 0.05351754650473595 0.3145134747028351 0.03741789236664772
v 0.05294368416070938 0.3186934292316437 0.03794394060969353
v 0.05624547600746155 0.3194890022277832 0.03408290818333626
v 0.05031970143318176 0.3109637200832367 0.041658252477645874
v 0.04924684017896652 0.3145639896392822 0.04237569123506546
v 0.04738488793373108 0.31010153889656067 0.04519724100828171
v 0.049641892313957214 0.31789785623550415 0.0418049693107605
v 0.05062951520085335 0.3262324929237366 0.04037816449999809
v 0.04809911176562309 0.3229238986968994 0.043427787721157074
v 0.04616128280758858 0.32461607456207275 0.045621324330568314
v 0.04888921231031418 0.3295916020870209 0.04228634387254715
v 0.05003694072365761 0.3212316930294037 0.041234247386455536
v 0.046537622809410095 0.3187692165374756 0.04538063704967499
v 0.05236981809139252 0.32287338376045227 0.038469988852739334
v 0.0531599186360836 0.32954108715057373 0.03732854500412941
v 0.05161713808774948 0.334567129611969 0.03895135968923569
v 0.054702695459127426 0.32451504468917847 0.035705726593732834
v 0.056019291281700134 0.32561972737312317 0.032654065638780594
v 0.05519135296344757 0.3296654224395752 0.03310826048254967
v 0.057505521923303604 0.3221263587474823 0.030674036592245102
v 0.05876556783914566 0.3247637152671814 0.027265163138508797
v 0.060195256024599075 0.3228030204772949 0.02492792345583439
v 0.06220858544111252 0.3211688697338104 0.01995607279241085
v 0.06139875575900078 0.3269730806350708 0.021161839365959167
v 0.057335883378982544 0.32672441005706787 0.029602402821183205
v 0.05722279101610184 0.32978975772857666 0.028887981548905373
v 0.05931077525019646 0.32838141918182373 0.025024909526109695
v 0.059855978935956955 0.33199912309646606 0.022784657776355743
v 0.06260225921869278 0.3311431109905243 0.017395755276083946
v 0.05710969865322113 0.33285510540008545 0.02817355841398239
v 0.054363418370485306 0.3337111175060272 0.03356245905160904
v 0.05528327077627182 0.338054895401001 0.031114351004362106
v 0.05729632452130318 0.3365013599395752 0.027292851358652115
v 0.05620312690734863 0.3423987030982971 0.028666242957115173
v 0.05748295411467552 0.34014758467674255 0.02641214430332184
v 0.059402693063020706 0.3367709219455719 0.023030998185276985
v 0.05894940719008446 0.34154269099235535 0.023277340456843376
v 0.05327022075653076 0.33960846066474915 0.0349358506500721
v 0.04635186865925789 0.3306603729724884 0.04459964483976364
v 0.04802674055099487 0.3348545432090759 0.04239431768655777
v 0.06150905787944794 0.3370404541492462 0.018769146874547005
v 0.06041586026549339 0.3429378271102905 0.020142536610364914
v 0.06333335489034653 0.32334405183792114 0.01670205220580101
v 0.06261470913887024 0.33609288930892944 0.011402294039726257
v 0.06170163303613663 0.340182363986969 0.013545696623623371
v 0.06189420446753502 0.3433242738246918 0.008322246372699738
v 0.060788556933403015 0.34427186846733093 0.015689099207520485
v 0.05932265892624855 0.34883517026901245 0.021515928208827972
v 0.06006183475255966 0.34902840852737427 0.015605783089995384
v 0.058229461312294006 0.3547325134277344 0.02288931794464588
v 0.05844336003065109 0.3597993850708008 0.019776545464992523
v 0.0593290813267231 0.35816526412963867 0.014156297780573368
v 0.05933510884642601 0.3537849187850952 0.015522466041147709
v 0.060440756380558014 0.35283732414245605 0.008155614137649536
v 0.060801006853580475 0.3492216467857361 0.009695637039840221
v 0.0602148063480854 0.3565311133861542 0.008536049164831638
v 0.059323057532310486 0.36254557967185974 0.012790128588676453
v 0.05998885631561279 0.3602249026298523 0.008916485123336315
v 0.061161257326602936 0.3456059396266937 0.011235660873353481
v 0.049846671521663666 0.34780368208885193 0.03676554188132286
v 0.052384983748197556 0.3462267518043518 0.033842939883470535
v 0.05051059648394585 0.3428399860858917 0.03758522495627403
v 0.04775097221136093 0.3460714817047119 0.04023459926247597
v 0.04863620549440384 0.33945319056510925 0.04132750630378723
v 0.0456552729010582 0.3443392813205719 0.043703656643629074
v 0.04614102840423584 0.3388783633708954 0.04380061477422714
v 0.054923299700021744 0.3446498215198517 0.03092033974826336
v 0.05776289477944374 0.3456169366836548 0.025091085582971573
v 0.056576378643512726 0.3496911823749542 0.02690482884645462
v 0.04919742792844772 0.35785165429115295 0.03515889123082161
v 0.05273193493485451 0.3588255047798157 0.030236711725592613
v 0.05359544977545738 0.3545772433280945 0.029280977323651314
v 0.04896143451333046 0.3544219732284546 0.0356726348400116
v 0.05299021676182747 0.35040199756622314 0.0315619595348835
v 0.04940405115485191 0.35111284255981445 0.03621909022331238
v 0.04603919759392738 0.3501690924167633 0.04114944487810135
v 0.044327422976493835 0.3542667031288147 0.04206429049372673
v 0.04578091576695442 0.35859259963035583 0.03982419893145561
v 0.042674340307712555 0.34922534227371216 0.04607980325818062
v 0.05234040319919586 0.3699331283569336 0.030164962634444237
v 0.05430342257022858 0.3648662567138672 0.0277397483587265
v 0.05186842009425163 0.36307379603385925 0.031192447990179062
v 0.049787405878305435 0.3664258122444153 0.03387453407049179
v 0.05626644194126129 0.3597993850708008 0.025314532220363617
v 0.04723440855741501 0.36291852593421936 0.037584107369184494
v 0.04943341761827469 0.36128130555152893 0.03464514762163162
v 0.04236440360546112 0.3593335747718811 0.044489506632089615
v 0.056771859526634216 0.3631772994995117 0.022316353395581245
v 0.05510036274790764 0.36655521392822266 0.024856161326169968
v 0.05382733419537544 0.37077760696411133 0.025954175740480423
v 0.055314261466264725 0.37162208557128906 0.02174338884651661
v 0.0558973029255867 0.3682441711425781 0.021972574293613434
v 0.058871157467365265 0.3699331283569336 0.013551000505685806
v 0.059649933129549026 0.3657655715942383 0.009487138129770756
v 0.05865725874900818 0.3648662567138672 0.016663772985339165
v 0.05727728083729744 0.36655521392822266 0.019318172708153725
v 0.057092711329460144 0.37077760696411133 0.017647193744778633
v 0.06624777615070343 0.2580404281616211 -0.013511083088815212
v 0.06353972852230072 0.2575652301311493 -0.018946796655654907
v 0.06307398527860641 0.24927988648414612 -0.018956869840621948
v 0.06652946770191193 0.2471516877412796 -0.011712610721588135
v 0.06260824203491211 0.24099452793598175 -0.01896694302558899
v 0.06681115925312042 0.2362629473209381 -0.009914137423038483
v 0.06009654328227043 0.236555278301239 -0.024218697100877762
v 0.06295653432607651 0.23188216984272003 -0.0180268045514822
v 0.06310302764177322 0.22556111216545105 -0.01679372787475586
v 0.06621602922677994 0.22780153155326843 -0.010056979954242706
v 0.06324952840805054 0.21924005448818207 -0.015560652129352093
v 0.06562089920043945 0.21934011578559875 -0.010199821554124355
v 0.0652756318449974 0.22314207255840302 -0.003330257022753358
v 0.06498760730028152 0.21730482578277588 -0.004789875354617834
v 0.0643543154001236 0.215269535779953 0.0006200710195116699
v 0.06433523446321487 0.2184826135635376 0.003396465443074703
v 0.06431615352630615 0.221695676445961 0.006172859575599432
v 0.06556365638971329 0.22897931933403015 -0.0018706389237195253
v 0.06485448777675629 0.23059754073619843 0.004275617655366659
v 0.0657106563448906 0.2367480993270874 -0.0009299300727434456
v 0.06650113314390182 0.2448481172323227 -0.0029028523713350296
v 0.06631805747747421 0.25249120593070984 -0.0055701276287436485
v 0.06563571095466614 0.24382154643535614 0.003415439510717988
v 0.06556077301502228 0.2508949935436249 0.007760809268802404
v 0.06619109958410263 0.2534332871437073 0.0041084326803684235
v 0.057584844529628754 0.23211602866649628 -0.029470451176166534
v 0.05910191312432289 0.22750137746334076 -0.02613947167992592
v 0.05999003350734711 0.22332069277763367 -0.02353047765791416
v 0.06087815389037132 0.21914000809192657 -0.020921481773257256
v 0.05732109397649765 0.21898993849754333 -0.02896272763609886
v 0.059394899755716324 0.214859277009964 -0.023673318326473236
v 0.057236552238464355 0.2412284016609192 -0.030410589650273323
v 0.05606777220964432 0.2367306798696518 -0.03280143439769745
v 0.058405328541994095 0.2457261085510254 -0.028019746765494347
v 0.0596185065805912 0.25140807032585144 -0.026201127097010612
v 0.06083168089389801 0.2570900321006775 -0.02438250742852688
v 0.06265144795179367 0.26561298966407776 -0.021654577925801277
v 0.05933681130409241 0.2622968256473541 -0.027999600395560265
v 0.06176316365599632 0.2736607491970062 -0.024362361058592796
v 0.058441516011953354 0.2773361802101135 -0.02975393272936344
v 0.06596607714891434 0.2689291834831238 -0.015309556387364864
v 0.06568438559770584 0.2798179090023041 -0.017108028754591942
v 0.060914166271686554 0.2829970121383667 -0.025028780102729797
v 0.06492923945188522 0.28914088010787964 -0.018086599186062813
v 0.06107991188764572 0.29023629426956177 -0.024524129927158356
v 0.06560550630092621 0.2898823916912079 -0.0012435426469892263
v 0.06559976190328598 0.2866692543029785 0.001985548296943307
v 0.06556874513626099 0.2896401584148407 0.008742003701627254
v 0.06564494967460632 0.284850150346756 -0.009175785817205906
v 0.06502223014831543 0.29178059101104736 -0.011313301511108875
v 0.06565604358911514 0.27751433849334717 -0.008298271335661411
v 0.06562790274620056 0.28209179639816284 -0.003156361635774374
v 0.06562770903110504 0.27521076798439026 0.0005114863743074238
v 0.0656108632683754 0.2793334424495697 0.0028630627784878016
v 0.06559401750564575 0.28345614671707153 0.0052146390080451965
v 0.06559936702251434 0.27290716767311096 0.009321244433522224
v 0.0658249482512474 0.26871946454048157 -0.0012261176016181707
v 0.06585300713777542 0.2653689384460449 0.004946799948811531
v 0.06602219492197037 0.2622281610965729 -0.0029637215193361044
v 0.0661066472530365 0.2578307092189789 0.0005723554641008377
v 0.06589551270008087 0.2688243091106415 -0.008267836645245552
v 0.0661349818110466 0.2601343095302582 -0.008237402886152267
v 0.06588106602430344 0.26201844215393066 0.011119717732071877
v 0.06478056311607361 0.26250359416007996 0.020103923976421356
v 0.06557103246450424 0.27060359716415405 0.01813100278377533
v 0.06517066806554794 0.2566992938518524 0.013932366855442524
v 0.06558539718389511 0.2786364257335663 0.010058275423943996
v 0.06557142734527588 0.2843656837940216 0.010795306414365768
v 0.06554882973432541 0.28527525067329407 0.01637597382068634
v 0.06555993109941483 0.27793940901756287 0.017253488302230835
v 0.06309927254915237 0.2761932909488678 0.023116014897823334
v 0.0635019838809967 0.28137487173080444 0.021553918719291687
v 0.06390469521284103 0.2865564227104187 0.01999182067811489
v 0.06226055696606636 0.2878376245498657 0.023607667535543442
v 0.06144403666257858 0.28481030464172363 0.02585434727370739
v 0.0597943514585495 0.28975939750671387 0.029031436890363693
v 0.058155760169029236 0.2873726785182953 0.03308604285120964
v 0.060627520084381104 0.28178298473358154 0.028101028874516487
v 0.0584309957921505 0.27890029549598694 0.03155205398797989
v 0.05602804571390152 0.2823719084262848 0.03615356981754303
v 0.05623447149991989 0.2760176360607147 0.03500308096408844
v 0.053900327533483505 0.2773711383342743 0.03922110050916672
v 0.05362509563565254 0.28584349155426025 0.04075508937239647
v 0.05156618729233742 0.27872464060783386 0.043439120054244995
v 0.049518145620822906 0.2811281681060791 0.045337628573179245
v 0.05055031552910805 0.2870681881904602 0.043799228966236115
v 0.06104036793112755 0.2690744400024414 0.025800049304962158
v 0.05973568186163902 0.273987352848053 0.028676051646471024
v 0.06399008631706238 0.25440356135368347 0.022076847031712532
v 0.06123313680291176 0.2560841143131256 0.026531903073191643
v 0.06113675236701965 0.2625792920589447 0.026165977120399475
v 0.056702472269535065 0.25455495715141296 0.03420095145702362
v 0.05492875725030899 0.2513452172279358 0.03741493821144104
v 0.05118856579065323 0.25791606307029724 0.04311106353998184
v 0.054340753704309464 0.26028552651405334 0.03766954690217972
v 0.04744837433099747 0.2644869089126587 0.048807188868522644
v 0.05197903886437416 0.2660160958766937 0.041138142347335815
v 0.0574929416179657 0.26265496015548706 0.032228026539087296
v 0.056509703397750854 0.26754525303840637 0.03346909582614899
v 0.04950727894902229 0.27160578966140747 0.04612315446138382
v 0.05293968319892883 0.271693617105484 0.040179621428251266
v 0.05637208744883537 0.27178144454956055 0.03423608839511871
v 0.05847618356347084 0.25776469707489014 0.030986960977315903
v 0.05273742228746414 0.24781803786754608 0.03996650129556656
v 0.050546083599328995 0.24429084360599518 0.04251806065440178
v 0.04758031666278839 0.24581266939640045 0.04664190113544464
v 0.04938444122672081 0.25186437368392944 0.04487648233771324
v 0.05866895243525505 0.24477438628673553 0.031718816608190536
v 0.05499473214149475 0.24200810492038727 0.03633229807019234
v 0.05132051184773445 0.239241823554039 0.04094577953219414
v 0.05725204199552536 0.23619817197322845 0.032698094844818115
v 0.05209494009613991 0.23419280350208282 0.039373498409986496
v 0.05798906087875366 0.23005841672420502 0.030801603570580482
v 0.05371597409248352 0.2296820729970932 0.036521222442388535
v 0.04693783447146416 0.2321874350309372 0.04604889824986458
v 0.04725907742977142 0.23900005221366882 0.04634540155529976
v 0.06240914389491081 0.23820354044437408 0.026022691279649734
v 0.062262143939733505 0.23043476045131683 0.02508198283612728
v 0.059951044619083405 0.25042924284935 0.029125358909368515
v 0.06319961696863174 0.24630355834960938 0.024049770087003708
v 0.06446027010679245 0.25138014554977417 0.01674501597881317
v 0.0639849603176117 0.24454925954341888 0.01689174957573414
v 0.06350965052843094 0.2377183884382248 0.017038485035300255
v 0.06477029621601105 0.2427949756383896 0.009733731858432293
v 0.06461015343666077 0.2372332513332367 0.008054276928305626
v 0.06493044644594193 0.24835669994354248 0.011413185857236385
v 0.06298323720693588 0.2196720838546753 0.016340864822268486
v 0.06399831920862198 0.22444698214530945 0.009481164626777172
v 0.0636804848909378 0.2271983027458191 0.0127894701436162
v 0.06414531916379929 0.2322157770395279 0.0104218740016222
v 0.06320372968912125 0.23132526874542236 0.01775192841887474
v 0.06289781630039215 0.22493213415145874 0.018465371802449226
v 0.0621151477098465 0.2226659655570984 0.024141274392604828
v 0.06196814775466919 0.21489718556404114 0.023200565949082375
v 0.0577685609459877 0.21840523183345795 0.029390539973974228
v 0.058726076036691666 0.22391866147518158 0.02890511229634285
v 0.051800940185785294 0.21865524351596832 0.03749207779765129
v 0.05356897413730621 0.22191329300403595 0.03558051586151123
v 0.05533700808882713 0.22517134249210358 0.03366895020008087
v 0.04679083824157715 0.22441865503787994 0.045108191668987274
v 0.050253406167030334 0.22705036401748657 0.040814708918333054
v 0.041780732572078705 0.23018208146095276 0.05272430181503296
v 0.043197643011808395 0.23875828087329865 0.05174502357840538
v 0.044614553451538086 0.24733449518680573 0.0507657453417778
v 0.046031463891267776 0.2559106945991516 0.04978646710515022
v 0.04112441465258598 0.25332656502723694 0.05276884511113167
v 0.04127653315663338 0.2596707046031952 0.052581898868083954
v 0.045405760407447815 0.27165162563323975 0.05031292885541916
v 0.04746195301413536 0.2763898968696594 0.04782528057694435
v 0.04166445508599281 0.26713827252388 0.052473701536655426
v 0.040926266461610794 0.2726669907569885 0.05311740189790726
v 0.047475531697273254 0.28829288482666016 0.04684337228536606
v 0.04748096317052841 0.29305407404899597 0.04645060747861862
v 0.04299325495958328 0.2975907325744629 0.050809748470783234
v 0.046351708471775055 0.29665589332580566 0.04742405563592911
v 0.043379444628953934 0.29309991002082825 0.05064038559794426
v 0.04439803585410118 0.287136971950531 0.05008389428257942
v 0.0474701002240181 0.28353169560432434 0.047236133366823196
v 0.04541662335395813 0.2811740040779114 0.049527402967214584
v 0.04132053628563881 0.28598105907440186 0.053324416279792786
v 0.04336315020918846 0.2788163423538208 0.05181867256760597
v 0.044436343014240265 0.33514195680618286 0.04583727568387985
v 0.04364585131406784 0.3383035361766815 0.04627372324466705
v 0.044255319982767105 0.34290218353271484 0.045206911861896515
v 0.0438145212829113 0.33172914385795593 0.04691294580698013
v 0.044676993042230606 0.3264662027359009 0.046804968267679214
v 0.043433357030153275 0.319640576839447 0.04895630478858948
v 0.042259976267814636 0.3231970965862274 0.049602117389440536
v 0.043192703276872635 0.328316330909729 0.047988612204790115
v 0.044976137578487396 0.31461453437805176 0.0473334901034832
v 0.044450074434280396 0.30923938751220703 0.04873622953891754
v 0.04070543125271797 0.3146650493144989 0.05229128897190094
v 0.04670858383178711 0.30203571915626526 0.04678933694958687
v 0.0452224537730217 0.30025771260261536 0.048397500067949295
v 0.04260706529021263 0.30208155512809753 0.05097911134362221
v 0.043528567999601364 0.3056604564189911 0.049857672303915024
v 0.023536859080195427 0.26015719771385193 0.06368964165449142
v 0.019614048302173615 0.25988972187042236 0.06441736966371536
v 0.0189242884516716 0.2654235363006592 0.06451815366744995
v 0.023924781009554863 0.26762479543685913 0.0635814368724823
v 0.02314893715083599 0.2526896297931671 0.06379783898591995
v 0.018342405557632446 0.25422215461730957 0.06468044966459274
v 0.013535873964428902 0.255754679441452 0.06556306034326553
v 0.01569123938679695 0.2596222162246704 0.0651450976729393
v 0.013923794962465763 0.26322227716445923 0.065454863011837
v 0.009807024151086807 0.25922098755836487 0.0662366971373558
v 0.006078175734728575 0.2626872956752777 0.06691032648086548
v 0.01215635146945715 0.26682230830192566 0.06576462835073471
v 0.011380507610738277 0.25188714265823364 0.06598103046417236
v 0.005690253805369139 0.2552196979522705 0.067018523812294
v -9.518881484116452e-17 0.2585522532463074 0.06805601716041565
v -9.695621526005963e-17 0.26685822010040283 0.06791750341653824
v 0.005065146367996931 0.26891976594924927 0.0669858455657959
v 0.004052117001265287 0.2751522362232208 0.06706136465072632
v 0.008104234002530575 0.27514025568962097 0.06634373962879181
v 0.010130292735993862 0.2709812819957733 0.06605418771505356
v 0.010130292735993862 0.2792872488498688 0.06591567397117615
v 0.014182410202920437 0.2751223146915436 0.06526730209589005
v 0.018234526738524437 0.270957350730896 0.06461893767118454
v 0.018234526738524437 0.27926331758499146 0.06448042392730713
v 0.0243127029389143 0.27509239315986633 0.06347323954105377
v 0.018608881160616875 0.28482159972190857 0.0642968937754631
v 0.023546291515231133 0.28259652853012085 0.06345444172620773
v 0.01215635146945715 0.28343427181243896 0.06548760086297989
v 0.005065146367996931 0.28137871623039246 0.06677807867527008
v 0.006078175734728575 0.2876051962375641 0.06649478524923325
v -1.0049102933273963e-16 0.28347015380859375 0.06764048337936401
v -1.0225843636907963e-16 0.2917761206626892 0.0675019696354866
v 0.009491616860032082 0.29107800126075745 0.06580767035484314
v 0.0053117647767066956 0.2951093316078186 0.06647598743438721
v 0.01518658734858036 0.2906591296195984 0.06479109078645706
v 0.013671468943357468 0.2870467007160187 0.06513934582471848
v 0.012905058450996876 0.2945508360862732 0.06512055546045303
v 0.018983233720064163 0.2903798818588257 0.06411337107419968
v 0.017459264025092125 0.29607781767845154 0.06426870077848434
v 0.022779880091547966 0.29010066390037537 0.06343565136194229
v 0.02201347053050995 0.2976047694683075 0.06341685354709625
v 0.025642165914177895 0.29636314511299133 0.06162874400615692
v 0.02552955411374569 0.29060816764831543 0.06200140342116356
v 0.02927085943520069 0.29512152075767517 0.05984063446521759
v 0.028279228135943413 0.2911157011985779 0.06056715548038483
v 0.026791781187057495 0.28510695695877075 0.06165693700313568
v 0.030037270858883858 0.28761738538742065 0.05985942855477333
v 0.03240374103188515 0.29187697172164917 0.05841578170657158
v 0.035536617040634155 0.28863242268562317 0.05699092894792557
v 0.03179531171917915 0.2841190695762634 0.059151701629161835
v 0.0280540082603693 0.2796057462692261 0.0613124705851078
v 0.03477020934224129 0.2961365580558777 0.05697213485836983
v 0.03927792236208916 0.2931457757949829 0.0548301599919796
v 0.037862345576286316 0.2834140658378601 0.05537601560354233
v 0.03440415486693382 0.28084704279899597 0.05742761492729187
v 0.03225038945674896 0.2766440212726593 0.05861717090010643
v 0.04018807411193848 0.27819567918777466 0.05376110225915909
v 0.036446768790483475 0.2736823260784149 0.05592187121510506
v 0.03701300173997879 0.2775750160217285 0.055703528225421906
v 0.030096620321273804 0.272441029548645 0.05980672687292099
v 0.02880936674773693 0.2666599154472351 0.06050797924399376
v 0.02752211131155491 0.2608788311481476 0.06120923161506653
v 0.03369395062327385 0.2656950354576111 0.05743451789021492
v 0.03150736540555954 0.26160043478012085 0.05872882157564163
v 0.028227483853697777 0.2554585337638855 0.06067027896642685
v 0.028932854533195496 0.2500382661819458 0.06013132631778717
v 0.03330602869391441 0.25822746753692627 0.057542718946933746
v 0.035104695707559586 0.2548544704914093 0.05635661259293556
v 0.03748524188995361 0.26268288493156433 0.055008210241794586
v 0.03588053956627846 0.2697896659374237 0.05614021420478821
v 0.04097229614853859 0.2469824254512787 0.05295579507946968
v 0.03621736541390419 0.2507424056529999 0.05575122684240341
v 0.03733003884553909 0.24663034081459045 0.05514584109187126
v 0.031866654753685 0.2461022287607193 0.05843091756105423
v 0.0348004586994648 0.2421661913394928 0.05673050507903099
v 0.022761015221476555 0.2452220320701599 0.06390603631734848
v 0.026892395690083504 0.2334502935409546 0.059616819024086
v 0.021981578320264816 0.23520733416080475 0.062038809061050415
v 0.027515944093465805 0.24146203696727753 0.06111060455441475
v 0.032270874828100204 0.23770205676555634 0.05831516906619072
v 0.037025801837444305 0.23394206166267395 0.05551973730325699
v 0.0389990508556366 0.24046224355697632 0.054237764328718185
v 0.03133555129170418 0.22568441927433014 0.05607449635863304
v 0.020890366286039352 0.2211867719888687 0.059424687176942825
v 0.021202141419053078 0.22519265115261078 0.06017157807946205
v 0.029113972559571266 0.22956736385822296 0.05784565582871437
v 0.021513916552066803 0.22919853031635284 0.060918472707271576
v 0.016447212547063828 0.22895263135433197 0.06296700984239578
v 0.01707076095044613 0.2369643896818161 0.06446079909801483
v 0.01707076095044613 0.24855458736419678 0.06494352966547012
v 0.013277258723974228 0.24111779034137726 0.06523291766643524
v 0.009483756497502327 0.23368099331855774 0.06552229821681976
v 0.007587004918605089 0.23865525424480438 0.06602904200553894
v 0.009483756497502327 0.24527119100093842 0.06600503623485565
v 0.011380507610738277 0.2287067472934723 0.06501555442810059
v 0.0047418782487511635 0.22873133420944214 0.06606505811214447
v 0.0037935024593025446 0.2370135635137558 0.0665597915649414
v 0.0047418782487511635 0.24611662328243256 0.0667891576886177
v -9.234729723581216e-17 0.2469620555639267 0.06757327914237976
v 0.005690253805369139 0.22044910490512848 0.06557031720876694
v 0.013446197845041752 0.22282087802886963 0.06287094950675964
v -8.666427525999725e-17 0.22378166019916534 0.06660781055688858
v -8.95057862479047e-17 0.23537185788154602 0.06709054857492447
v -0.005058997310698032 0.22928756475448608 0.06596223264932632
v -0.0040471977554261684 0.23745854198932648 0.06647753715515137
v -0.01419784128665924 0.22226482629776 0.062330663204193115
v -0.017429068684577942 0.22917528450489044 0.06241140142083168
v -0.012141593731939793 0.2300417125225067 0.06476879119873047
v -0.006070796865969896 0.2211165875196457 0.06544692814350128
v -0.010117994621396065 0.23479346930980682 0.06531666219234467
v -0.005058997310698032 0.2466728687286377 0.06668633967638016
v -0.006070796865969896 0.2558871805667877 0.06689514219760895
v -0.008094395510852337 0.23954522609710693 0.06586453318595886
v -0.010117994621396065 0.2463836669921875 0.06579940021038055
v -0.014165191911160946 0.24267525970935822 0.06494501978158951
v -0.018212389200925827 0.23896683752536774 0.06409064680337906
v -0.012141593731939793 0.25322210788726807 0.06573425978422165
v -0.018212389200925827 0.2505570352077484 0.06457338482141495
v -0.024283187463879585 0.24789196252822876 0.06341250985860825
v -0.023304035887122154 0.23565252125263214 0.0613134503364563
v -0.029179003089666367 0.24212975800037384 0.06021549552679062
v -0.03897063434123993 0.2306053340435028 0.05382147431373596
v -0.0340748205780983 0.23636753857135773 0.05701848492026329
v -0.02839568257331848 0.23233819007873535 0.05853625014424324
v -0.0306477602571249 0.22700920701026917 0.05651793256402016
v -0.03289983794093132 0.22168020904064178 0.05449961498379707
v -0.022716546431183815 0.22830885648727417 0.06005401536822319
v -0.022324886173009872 0.22341307997703552 0.05921439081430435
v -0.02193322591483593 0.21851728856563568 0.05837476626038551
v -0.02989383228123188 0.25249195098876953 0.059932246804237366
v -0.028889799490571022 0.25764551758766174 0.06054868921637535
v -0.024200474843382835 0.25499624013900757 0.06345618516206741
v -0.03303857147693634 0.24692344665527344 0.057848114520311356
v -0.029645700007677078 0.27380478382110596 0.060063283890485764
v -0.023952342569828033 0.276309072971344 0.06358722597360611
v -0.024035053327679634 0.2692047953605652 0.06354355067014694
v -0.028765732422471046 0.26830193400382996 0.0606142096221447
v -0.03533905744552612 0.2713004946708679 0.05653934180736542
v -0.03349641337990761 0.2673990726470947 0.057684872299432755
v -0.027885766699910164 0.26279908418655396 0.061165131628513336
v -0.031653765588998795 0.26349765062332153 0.05883039906620979
v -0.03357912227511406 0.2602947950363159 0.05764118954539299
v -0.035504478961229324 0.2570919394493103 0.056451983749866486
v -0.024117764085531235 0.2621005177497864 0.06349986791610718
v -0.03709684684872627 0.27549105882644653 0.05532250553369522
v -0.033266276121139526 0.2784169316291809 0.057661253958940506
v -0.03885463997721672 0.27968162298202515 0.054105669260025024
v -0.03688685595989227 0.28302904963493347 0.05525922402739525
v -0.02943570725619793 0.2813427746295929 0.06000000238418579
v -0.034919071942567825 0.2863764762878418 0.056412775069475174
v -0.02828061766922474 0.28605490922927856 0.060472287237644196
v -0.023662908002734184 0.2829703986644745 0.06343652307987213
v -0.0271255262196064 0.2907670736312866 0.0609445720911026
v -0.023373471572995186 0.2896316945552826 0.06328582018613815
v -0.032898325473070145 0.28913944959640503 0.05750804767012596
v -0.04040243476629257 0.2914101481437683 0.05282554775476456
v -0.03650566190481186 0.2936054468154907 0.05509144812822342
v -0.032608892768621445 0.29580074548721313 0.05735734850168228
v -0.030877580866217613 0.29190242290496826 0.05860332399606705
v -0.02784646302461624 0.2960468828678131 0.06024623289704323
v -0.023084037005901337 0.2962930202484131 0.06313512474298477
v -0.018286922946572304 0.2950744330883026 0.06405115872621536
v -0.013489807955920696 0.2938558757305145 0.06496720016002655
v -0.015582314692437649 0.29034650325775146 0.0646912083029747
v -0.01947789266705513 0.2899891138076782 0.06398851424455643
v -0.01377924345433712 0.28719455003738403 0.06511790305376053
v -0.018721075728535652 0.28508248925209045 0.06427721679210663
v -0.017964256927371025 0.2801758348941803 0.06456591188907623
v -0.013972200453281403 0.27583205699920654 0.06533379852771759
v -0.017964256927371025 0.27186986804008484 0.06470442563295364
v -0.011976171284914017 0.2840425968170166 0.06554459780454636
v -0.009738946333527565 0.2908826172351837 0.06574524194002151
v -0.005988085642457008 0.2879093587398529 0.06652328372001648
v -0.01709595136344433 0.3001597821712494 0.0641138032078743
v -0.011397300288081169 0.2973652184009552 0.0652431920170784
v -0.0056986501440405846 0.2945706844329834 0.0663725808262825
v -9.872362229639963e-17 0.2751641869544983 0.06777898967266083
v -0.003992057405412197 0.2753550112247467 0.06708036363124847
v -0.004990071523934603 0.2816321849822998 0.06680182367563248
v -0.009980143047869205 0.27979421615600586 0.06596316397190094
v -0.007984114810824394 0.2755458354949951 0.06638173758983612
v -0.009980143047869205 0.2714882493019104 0.06610167771577835
v -0.005988085642457008 0.26299145817756653 0.06693881750106812
v -0.010049068368971348 0.26003068685531616 0.06615762412548065
v -0.014027341268956661 0.264174222946167 0.06542010605335236
v -0.011976171284914017 0.2674306631088257 0.06582162529230118
v -0.004990071523934603 0.2691732347011566 0.0670095905661583
v -0.014110052026808262 0.2570699453353882 0.06537642329931259
v -0.016078509390354156 0.2609177827835083 0.06501858681440353
v -0.01903119683265686 0.2666895091533661 0.06448182463645935
v -0.020098136737942696 0.26150915026664734 0.06425922363996506
v -0.019155263900756836 0.2560330927371979 0.06441630423069
v -0.041491325944662094 0.2859674394130707 0.05228041484951973
v -0.04103241488337517 0.2687962055206299 0.05301539972424507
v -0.04180631414055824 0.27466046810150146 0.052375342696905136
v -0.04609579220414162 0.2889058589935303 0.04930160567164421
v -0.046305786818265915 0.28136786818504333 0.04936489090323448
v -0.046515777707099915 0.2738299071788788 0.04942817613482475
v -0.04258021339774132 0.28052476048469543 0.0517352819442749
v -0.04601094126701355 0.25592970848083496 0.04977471008896828
v -0.037305768579244614 0.2645455002784729 0.05532829463481903
v -0.04111512377858162 0.2616919279098511 0.052971720695495605
v -0.04145454242825508 0.2538234293460846 0.052627719938755035
v -0.036898139864206314 0.25171715021133423 0.055480729788541794
v -0.04529611021280289 0.24556751549243927 0.05005796253681183
v -0.041793957352638245 0.24595493078231812 0.052283719182014465
v -0.03618331253528595 0.24135494232177734 0.055763982236385345
v -0.0382918044924736 0.24634233117103577 0.0545094758272171
v -0.04842117801308632 0.2459246814250946 0.04547259956598282
v -0.04458128288388252 0.23520532250404358 0.05034121125936508
v -0.04038229584693909 0.23828013241291046 0.053052596747875214
v -0.03351081907749176 0.36940616369247437 0.05028536915779114
v -0.03042842634022236 0.375 0.05171181261539459
v -0.03266705200076103 0.37982669472694397 0.04920394346117973
v -0.03659321740269661 0.3638123571872711 0.048858921974897385
v -0.035159751772880554 0.36259371042251587 0.0500032864511013
v -0.03711318224668503 0.3580936789512634 0.04921954497694969
v -0.03967561200261116 0.3582185208797455 0.04743247851729393
v -0.0427086278796196 0.34596893191337585 0.04692285880446434
v -0.039901647716760635 0.34518691897392273 0.04899569973349571
v -0.03937975689768791 0.3503551483154297 0.048676807433366776
v -0.03686663508415222 0.35154083371162415 0.050256483256816864
v -0.03466666117310524 0.3494880497455597 0.052077166736125946
v -0.03600150719285011 0.34808555245399475 0.051347579807043076
v -0.03537521883845329 0.35456258058547974 0.05086556822061539
v -0.03435351699590683 0.352726548910141 0.05183616280555725
v -0.0390666127204895 0.353593647480011 0.04843579977750778
v -0.034550752490758896 0.357968807220459 0.051006607711315155
v -0.03704528883099556 0.3377491533756256 0.05198536440730095
v -0.03818783536553383 0.34072425961494446 0.050789497792720795
v -0.03709467127919197 0.3444049060344696 0.051068536937236786
v -0.03483427315950394 0.3417825698852539 0.05300185829401016
v -0.03982757776975632 0.33520326018333435 0.05037093535065651
v -0.04042353853583336 0.34001871943473816 0.04931459203362465
v -0.042609862983226776 0.3326573967933655 0.04875651001930237
v -0.04265924543142319 0.33931317925453186 0.047839682549238205
v -0.039231617003679276 0.33038783073425293 0.05142728239297867
v -0.03590274602174759 0.3347740173339844 0.053181231021881104
v -0.04256048426032066 0.3260016441345215 0.04967333376407623
v -0.03761901333928108 0.3202398121356964 0.05300110578536987
v -0.039135366678237915 0.3150422275066376 0.052355848252773285
v -0.04339181259274483 0.3186121881008148 0.049564581364393234
v -0.03683749586343765 0.3267202377319336 0.052788183093070984
v -0.03367343172430992 0.3217989504337311 0.05504218488931656
v -0.03501726686954498 0.3302556574344635 0.053730662912130356
v -0.04688647761940956 0.3136129379272461 0.04549204558134079
v -0.04505447298288345 0.3038333058357239 0.04934707656502724
v -0.04011300206184387 0.2980714738368988 0.05267484858632088
v -0.04038235917687416 0.30395805835723877 0.052192721515893936
v -0.04422314092516899 0.31122273206710815 0.049455828964710236
v -0.04065172001719475 0.3098446726799011 0.051710594445466995
v -0.037080295383930206 0.3084666132926941 0.053965359926223755
v -0.03571024909615517 0.30408284068107605 0.055038366466760635
v -0.034878917038440704 0.3114722967147827 0.055147118866443634
v -0.03434019908308983 0.2996990978717804 0.056111373007297516
v -0.0032780873589217663 0.3298926055431366 0.06447221338748932
v -1.0934501840827453e-16 0.33009591698646545 0.06494010984897614
v -1.0807998131899513e-16 0.3228150010108948 0.06557358056306839
v -0.00409760931506753 0.32438111305236816 0.06483034044504166
v -1.1061005549755393e-16 0.33737680315971375 0.06430663913488388
v -0.00409760931506753 0.3353024423122406 0.06388013809919357
v 0.004303406458348036 0.3349910080432892 0.06384101510047913
v 0.0034427251666784286 0.3296434283256531 0.06444091349840164
v 0.004303406458348036 0.32406964898109436 0.06479121744632721
v 0.005164087750017643 0.31849586963653564 0.06514152139425278
v -1.0681494422971573e-16 0.3155341148376465 0.06620705127716064
v -0.0056986501440405846 0.31238916516304016 0.06540139764547348
v -0.008846484124660492 0.3156929016113281 0.0646868497133255
v -0.004917131271213293 0.31886959075927734 0.06518847495317459
v -0.00819521863013506 0.32594719529151917 0.06408710032701492
v -0.009834262542426586 0.3222050964832306 0.06416989117860794
v -0.011994319036602974 0.3189966380596161 0.06397230923175812
v -0.01709595136344433 0.3060992658138275 0.06379007548093796
v -0.011397300288081169 0.30924421548843384 0.06459573656320572
v -0.0094977505505085 0.30633285641670227 0.06508010625839233
v -0.013296850956976414 0.30324631929397583 0.06459695845842361
v -0.012775837443768978 0.3125161826610565 0.064185231924057
v -0.00474887527525425 0.3079637289047241 0.06580544263124466
v -0.007598200347274542 0.3034215271472931 0.06556448340415955
v -0.003799100173637271 0.30353832244873047 0.06620949506759644
v -1.0567581726455671e-16 0.30959460139274597 0.06653077900409698
v -1.0453669029939768e-16 0.30365511775016785 0.06685450673103333
v 0.003541176440194249 0.3038974106311798 0.06627843528985977
v 0.0044264704920351505 0.3084126114845276 0.06589162349700928
v -1.0339756333423866e-16 0.2977156341075897 0.06717824190855026
v 0.0044264704920351505 0.2995033860206604 0.06637721508741379
v -0.00474887527525425 0.29905450344085693 0.06629103422164917
v -0.0094977505505085 0.30039337277412415 0.06540383398532867
v -0.022794600576162338 0.3029543161392212 0.0629844218492508
v -0.028567401692271233 0.301326721906662 0.059547897428274155
v -0.03172316029667854 0.30639949440956116 0.057347506284713745
v -0.02773607149720192 0.30871614813804626 0.05965664982795715
v -0.0326775424182415 0.31447798013687134 0.05632887780666351
v -0.030509373173117638 0.31687766313552856 0.057296186685562134
v -0.0262612272053957 0.31315621733665466 0.06003383919596672
v -0.028341203927993774 0.3192773461341858 0.058263491839170456
v -0.024786382913589478 0.31759628653526306 0.060411032289266586
v -0.02123156189918518 0.31591519713401794 0.06255856901407242
v -0.02201308123767376 0.30943477153778076 0.0627714991569519
v -0.017692968249320984 0.31585168838500977 0.06316665560007095
v -0.01739446073770523 0.31097549200057983 0.06347836554050446
v -0.014154375530779362 0.3157881796360016 0.06377473473548889
v -0.016222180798649788 0.3206961452960968 0.06315898150205612
v -0.014751393347978592 0.32554060220718384 0.06315130740404129
v -0.011473306454718113 0.32938435673713684 0.06330247223377228
v -0.0065561747178435326 0.32968929409980774 0.0640043169260025
v -0.00819521863013506 0.33322811126708984 0.06345362961292267
v -0.004917131271213293 0.340712308883667 0.06328805536031723
v -0.009834262542426586 0.33676689863204956 0.06290294229984283
v -0.014751393347978592 0.33282148838043213 0.06251783668994904
v -0.014995824545621872 0.33573707938194275 0.06226729229092598
v -0.011013233102858067 0.33831027150154114 0.06262549012899399
v -0.018288306891918182 0.33745163679122925 0.061685461550951004
v -0.015240255743265152 0.338652640581131 0.062016747891902924
v -0.018978415057063103 0.333163857460022 0.06190909445285797
v -0.019668525084853172 0.3288760781288147 0.06213272362947464
v -0.02045004442334175 0.3223956525325775 0.06234565004706383
v -0.025088949128985405 0.32287687063217163 0.05971445515751839
v -0.025391515344381332 0.3281574845314026 0.05901787802577019
v -0.021088534966111183 0.33550554513931274 0.06081228330731392
v -0.022062646225094795 0.33254367113113403 0.06077182665467262
v -0.02011442370712757 0.33846744894981384 0.060852739959955215
v -0.02194054052233696 0.33948323130607605 0.06002001836895943
v -0.023198654875159264 0.3378472626209259 0.05971547216176987
v -0.024456767365336418 0.33621126413345337 0.05941092595458031
v -0.026432784274220467 0.33133357763290405 0.05840293690562248
v -0.0274740532040596 0.3345096707344055 0.05778799206018448
v -0.0300239659845829 0.33683493733406067 0.05636158585548401
v -0.02685088850557804 0.3398788571357727 0.05805002525448799
v -0.0325738787651062 0.3391602337360382 0.05493517592549324
v -0.029245009645819664 0.34354642033576965 0.056689124554395676
v -0.030491339042782784 0.3328080475330353 0.05616506189107895
v -0.03319704160094261 0.333791047334671 0.054673146456480026
v -0.030802922323346138 0.3301234543323517 0.05603404343128204
v -0.031114503741264343 0.3274388611316681 0.055903028696775436
v -0.02972785383462906 0.32335811853408813 0.057083260267972946
v -0.032623257488012314 0.3458159863948822 0.054018352180719376
v -0.03179926425218582 0.3481364846229553 0.054262641817331314
v -0.028931863605976105 0.34678491950035095 0.05644812062382698
v -0.02616077847778797 0.3441666066646576 0.057826392352581024
v -0.024679716676473618 0.34100693464279175 0.058770932257175446
v -0.028618719428777695 0.35002344846725464 0.05620711296796799
v -0.026666946709156036 0.34935739636421204 0.057045627385377884
v -0.02641386352479458 0.3467620015144348 0.0574360117316246
v -0.024715175852179527 0.34869134426116943 0.05788414180278778
v -0.023895861580967903 0.3467390835285187 0.058423902839422226
v -0.02178751863539219 0.3476922810077667 0.059141915291547775
v -0.023582717403769493 0.3499775826931 0.05818289890885353
v -0.023076549172401428 0.3447868227958679 0.05896366387605667
v -0.022508544847369194 0.3421350121498108 0.0594918392598629
v -0.020053371787071228 0.34193721413612366 0.06047683581709862
v -0.019992318004369736 0.34540700912475586 0.06010093167424202
v -0.016908088698983192 0.3460271954536438 0.06123819947242737
v -0.017598196864128113 0.3417394161224365 0.061461832374334335
v -0.019679173827171326 0.34864550828933716 0.059859927743673325
v -0.01852964237332344 0.3510512411594391 0.059929776936769485
v -0.016082867980003357 0.34943774342536926 0.06104636564850807
v -0.02015119604766369 0.35607531666755676 0.0586213544011116
v -0.022686269134283066 0.3549787104129791 0.05786236748099327
v -0.024396123364567757 0.35729268193244934 0.056911543011665344
v -0.020799817517399788 0.35808491706848145 0.05809798464179039
v -0.020976416766643524 0.3526647388935089 0.0588131882250309
v -0.02245025895535946 0.3512638211250305 0.05848165228962898
v -0.025221342220902443 0.3538821339607239 0.05710337683558464
v -0.01950257457792759 0.3540656864643097 0.059144724160432816
v -0.017380110919475555 0.3534570038318634 0.059999629855155945
v -0.017291812226176262 0.3561670780181885 0.05964202806353569
v -0.01720351167023182 0.35887715220451355 0.059284426271915436
v -0.027992427349090576 0.35650044679641724 0.0557251051068306
v -0.025944145396351814 0.35161978006362915 0.05707450211048126
v -0.028305573388934135 0.35326194763183594 0.05596610903739929
v -0.028601426631212234 0.3611253499984741 0.05472178012132645
v -0.0255030058324337 0.361014723777771 0.055877700448036194
v -0.03097526729106903 0.35045698285102844 0.05450693517923355
v -0.03132954612374306 0.35299426317214966 0.05390113592147827
v -0.031683821231126785 0.3555315136909485 0.05329533666372299
v -0.031576089560985565 0.35954707860946655 0.0528641939163208
v -0.03333181515336037 0.35089051723480225 0.052806753665208817
v -0.0324895903468132 0.3664844036102295 0.051359210163354874
v -0.02981942519545555 0.3703751266002655 0.052715133875608444
v -0.029210425913333893 0.3657502233982086 0.053718458861112595
v -0.031468357890844345 0.3635626435279846 0.05243305489420891
v -0.0337262861430645 0.3613750636577606 0.05114765092730522
v -0.02622312121093273 0.3711673617362976 0.05390157550573349
v -0.026416504755616188 0.36795204877853394 0.05437271669507027
v -0.02412363328039646 0.3779328465461731 0.05375518277287483
v -0.025083931162953377 0.375 0.05361223220825195
v -0.028207167983055115 0.3785194158554077 0.05226343497633934
v -0.02004009671509266 0.3773462772369385 0.055246926844120026
v -0.019739437848329544 0.375 0.055512651801109314
v -0.020340757444500923 0.37969255447387695 0.05498120188713074
v -0.023163333535194397 0.3808656930923462 0.05389813333749771
v -0.016106892377138138 0.3779328465461731 0.05660581216216087
v -0.017818840220570564 0.3808656930923462 0.05579855293035507
v -0.014394944533705711 0.375 0.057413067668676376
v -0.0224702600389719 0.3718061149120331 0.05512029677629471
v -0.01871739886701107 0.37244489789009094 0.056339018046855927
v -0.017695361748337746 0.3698897957801819 0.05716538801789284
v -0.019856588914990425 0.36861225962638855 0.05662836506962776
v -0.022017816081643105 0.3673346936702728 0.05609133839607239
v -0.01616230234503746 0.3660571575164795 0.058404941111803055
v -0.017812510952353477 0.36350205540657043 0.058281101286411285
v -0.013607206754386425 0.35966938734054565 0.06047086417675018
v -0.020108548924326897 0.36220309138298035 0.05765736103057861
v -0.022404585033655167 0.36090409755706787 0.05703362450003624
v -0.023013584315776825 0.36552900075912476 0.05603029951453209
v -0.024009352549910545 0.3637232780456543 0.05596926063299179
v -0.026609890162944794 0.36473676562309265 0.05484385788440704
v -1.1187509258683332e-16 0.34465768933296204 0.06367316842079163
v 0.005164087750017643 0.3403385579586029 0.06324110925197601
v -1.1541509473631526e-16 0.36717280745506287 0.061044227331876755
v 0.005133917089551687 0.3626737892627716 0.06072346493601799
v 0.004278264474123716 0.3587329685688019 0.061324622482061386
v -1.1453009089022233e-16 0.36154401302337646 0.061701465398073196
v -0.007178077939897776 0.3653509318828583 0.06051687151193619
v -0.004720345139503479 0.3672402501106262 0.06056420877575874
v -0.0034018016885966063 0.36529695987701416 0.060900889337062836
v -0.0068036033771932125 0.36342111229896545 0.06075754761695862
v -0.002262612571939826 0.36912959814071655 0.060611542314291
v -0.0028348348569124937 0.36091893911361694 0.06147247552871704
v -0.005669669713824987 0.3602938652038574 0.061243485659360886
v -0.007937537506222725 0.3581051826477051 0.061257462948560715
v -0.01020540576428175 0.36154526472091675 0.0606142058968544
v -0.012468017637729645 0.36350205540657043 0.060181520879268646
v -0.014512094669044018 0.36861225962638855 0.05852878466248512
v -0.011328828521072865 0.3673346936702728 0.05989217758178711
v -0.007552552502602339 0.3672807216644287 0.06027619540691376
v -0.006038888823240995 0.36918357014656067 0.06022752821445465
v -0.009440690279006958 0.36730772256851196 0.06008418649435043
v -0.009823047555983067 0.36442649364471436 0.06034919619560242
v -0.009050450287759304 0.375 0.05931348726153374
v -0.006787837948650122 0.3730432093143463 0.05974617227911949
v -0.008114264346659184 0.37017545104026794 0.05991518124938011
v -0.010189639404416084 0.3711673617362976 0.05960283428430557
v -0.004525225143879652 0.37108638882637024 0.060178857296705246
v -0.014453519135713577 0.3718061149120331 0.05797092616558075
v -0.012173686176538467 0.3785194158554077 0.05796469375491142
v -0.007959537208080292 0.3803953230381012 0.05860724672675133
v -0.007373687345534563 0.37770986557006836 0.059044502675533295
v -0.009300947189331055 0.37822744250297546 0.05882243439555168
v -0.009551444090902805 0.38145485520362854 0.058331381529569626
v -0.0063676293939352036 0.37933579087257385 0.05888310819864273
v -0.0054464275017380714 0.37719231843948364 0.05926656723022461
v -0.011861894279718399 0.38062238693237305 0.05778028070926666
v -0.006787837948650122 0.375 0.059485118836164474
v -0.005279429256916046 0.37336933612823486 0.059817083179950714
v -0.006787837948650122 0.3750244081020355 0.05948175862431526
v -0.005279429256916046 0.3750203549861908 0.05959673598408699
v -0.004525225143879652 0.37504881620407104 0.05965002626180649
v -0.004525225143879652 0.375 0.05965674668550491
v -0.003771021030843258 0.3736954629421234 0.05988799408078194
v -0.003771021030843258 0.3750162720680237 0.05971171706914902
v -0.003771021030843258 0.3750406801700592 0.059708356857299805
v -0.002262612571939826 0.375 0.05982837453484535
v -0.001885510515421629 0.37336933612823486 0.06007452681660652
v -0.002262612571939826 0.37507325410842896 0.05981829762458801
v -0.001885510515421629 0.3750569820404053 0.05984914302825928
v -0.001885510515421629 0.3750203549861908 0.0598541796207428
v -0.00301681668497622 0.37503254413604736 0.05976668745279312
v -0.003979768604040146 0.37774649262428284 0.05929690599441528
v -0.0025131094735115767 0.37830066680908203 0.05932724475860596
v -0.005696924403309822 0.3804197311401367 0.058775514364242554
v -0.005026218947023153 0.381503701210022 0.05866792052984238
v -0.0020942578557878733 0.3823697865009308 0.05880376696586609
v -1.173922152189946e-16 0.38062119483947754 0.05922652781009674
v -1.1658763979822143e-16 0.3750976622104645 0.05998656526207924
v -0.00150840834248811 0.3750406801700592 0.059879984706640244
v -6.828583082650627e-17 0.37504881620407104 0.059993285685777664
v -4.4134923031926237e-17 0.3750244081020355 0.05999664589762688
v -9.24367386210863e-17 0.37507325410842896 0.05998992547392845
v -1.9984015237346206e-17 0.375 0.06000000610947609
v -4.3841786766449695e-17 0.3730432093143463 0.06026105955243111
v 0.002206968143582344 0.3819498121738434 0.05884222686290741
v 0.002648361725732684 0.3777967095375061 0.0593733936548233
v 0.0022274735383689404 0.37732651829719543 0.05947837233543396
v 0.004430340602993965 0.3795798122882843 0.05896683782339096
v 0.0035639575216919184 0.3786638379096985 0.05917345732450485
v 0.001806585118174553 0.37685632705688477 0.05958335101604462
v 0.004454947076737881 0.3795553743839264 0.05897017940878868
v 0.00226438301615417 0.37728989124298096 0.05948338285088539
v 0.005345936398953199 0.3804469406604767 0.05876690149307251
v 0.0027221806813031435 0.37772345542907715 0.05938341096043587
v 0.005296723451465368 0.38049575686454773 0.05876022204756737
v 0.00009842535655479878 0.375 0.05999992415308952
v 0.006697412114590406 0.37726956605911255 0.05867370590567589
v 0.00539345433935523 0.375 0.05902497470378876
v 0.004490443971008062 0.37336933612823486 0.05940502882003784
v 0.0000738190210540779 0.3730432093143463 0.06026099994778633
v 0.00003280845339759253 0.37503254413604736 0.05999549850821495
v 0.00004101056401850656 0.3750162720680237 0.05999772995710373
v 0.00002050528200925328 0.3750203549861908 0.05999718979001045
v 0.000016404226698796265 0.3750406801700592 0.05999439209699631
v 0.000057414792536292225 0.3750203549861908 0.059997156262397766
v 0.00004101056401850656 0.3750406801700592 0.059994373470544815
v 0.00002050528200925328 0.3750569820404053 0.05999214947223663
v 0.00004921267827739939 0.37504881620407104 0.05999324470758438
v 0.000024606339138699695 0.37507325410842896 0.05998990684747696
v 0.0000738190210540779 0.3750244081020355 0.0599965862929821
v 0.0000738190210540779 0.375 0.059999942779541016
v 0.00004921267827739939 0.375 0.059999965131282806
v 0.000024606339138699695 0.375 0.0599999837577343
v 0.00004101056401850656 0.3736954629421234 0.06017400696873665
v 0.00002050528200925328 0.37336933612823486 0.06021753326058388
v 0.000057414792536292225 0.37336933612823486 0.06021750345826149
v 0.00004921267827739939 0.37108638882637024 0.06052207574248314
v 0.00004101056401850656 0.3717386722564697 0.060435064136981964
v 0.000016404226698796265 0.3717386722564697 0.060435086488723755
v -6.769955829555318e-17 0.37108638882637024 0.06052211672067642
v 0.00003280845339759253 0.3723909258842468 0.06034805253148079
v 0.00002050528200925328 0.37043413519859314 0.0606091171503067
v 0.0035874340683221817 0.3717386722564697 0.059785086661577225
v 0.000024606339138699695 0.36912959814071655 0.06078315153717995
v 0.004453534726053476 0.37043413519859314 0.059796642512083054
v 0.005319635383784771 0.36912959814071655 0.05980820208787918
v -9.155732651593422e-17 0.36912959814071655 0.06078317388892174
v -0.00150840834248811 0.3717386722564697 0.06032067909836769
v -0.003771021030843258 0.3717386722564697 0.06014905124902725
v -0.00301681668497622 0.3723909258842468 0.06011924147605896
v -0.001885510515421629 0.37043413519859314 0.060466110706329346
v -1.136450870441294e-16 0.35591524839401245 0.06235869973897934
v 0.003422611393034458 0.35479214787483215 0.061925776302814484
v 0.004278264474123716 0.35028979182243347 0.06231047213077545
v -1.1276009643292626e-16 0.35028648376464844 0.06301593035459518
v -0.0022678677923977375 0.3565409481525421 0.06204405799508095
v -0.004535735584795475 0.3571666479110718 0.061729419976472855
v -0.0028348348569124937 0.3524757921695709 0.06245832517743111
v -0.005669669713824987 0.3546651005744934 0.06190072000026703
v -0.0034018016885966063 0.34841063618659973 0.06287258863449097
v -0.0068036033771932125 0.35216355323791504 0.062072016298770905
v -0.011460055597126484 0.35369983315467834 0.06129787489771843
v -0.008487684652209282 0.3511408269405365 0.06193304806947708
v -0.010171765461564064 0.35011810064315796 0.06179407611489296
v -0.012714706361293793 0.35148319602012634 0.06132430583238602
v -0.009312904439866543 0.34773027896881104 0.06212488189339638
v -0.012697886675596237 0.34858399629592896 0.061585623770952225
v -0.006357353180646896 0.3480704426765442 0.06249873712658882
v -0.01020540576428175 0.35591647028923035 0.061271440237760544
v -0.01443242747336626 0.3562588393688202 0.06066269800066948
v -0.015257648192346096 0.3528482913970947 0.060854531824588776
v -0.012681066058576107 0.34568482637405396 0.06184694170951843
v -0.013960661366581917 0.34216874837875366 0.06193184480071068
v -0.012192204594612122 0.3398536741733551 0.062348030507564545
v -0.010323124006390572 0.3425980508327484 0.06240185722708702
v -0.007620127871632576 0.3416551649570465 0.06284495443105698
v -0.008454044349491596 0.3453424572944641 0.0624556839466095
v -0.004227022174745798 0.3450000584125519 0.06306442618370056
v 0.005133917089551687 0.3457874357700348 0.06269516795873642
v 0.008556528948247433 0.3502931296825409 0.06160501390695572
v 0.010267834179103374 0.34691721200942993 0.06171717122197151
v 0.008581670932471752 0.3419998586177826 0.062498122453689575
v 0.01202942430973053 0.3382122814655304 0.06230107322335243
v 0.010328175500035286 0.3360193967819214 0.0628090500831604
v 0.013730673119425774 0.3404051661491394 0.061793092638254166
v 0.011999254114925861 0.34366118907928467 0.06175513193011284
v 0.016282547265291214 0.3436945080757141 0.061031125485897064
v 0.015401751734316349 0.3480469584465027 0.060739174485206604
v 0.020565839484333992 0.34372779726982117 0.06030711531639099
v 0.02053566835820675 0.34917670488357544 0.0597611740231514
v 0.01632780209183693 0.3355211615562439 0.061850033700466156
v 0.017163341864943504 0.33934202790260315 0.061323076486587524
v 0.020596010610461235 0.3382789194583893 0.060853056609630585
v 0.02404411882162094 0.3418318033218384 0.05874988064169884
v 0.023372599855065346 0.337851881980896 0.059498079121112823
v 0.024715637788176537 0.34581172466278076 0.05800167843699455
v 0.02752239815890789 0.3399358093738556 0.057192642241716385
v 0.026149187237024307 0.3374248743057251 0.05814310163259506
v 0.017422586679458618 0.36293575167655945 0.058449581265449524
v 0.02090710587799549 0.3620883524417877 0.05793065205216408
v 0.02072138711810112 0.3556325137615204 0.05884591117501259
v 0.016412168741226196 0.35830575227737427 0.05926575884222984
v 0.011979140341281891 0.351984441280365 0.06084347516298294
v 0.015401751734316349 0.3536757230758667 0.06008194014430046
v 0.006845222786068916 0.35366907715797424 0.061492856591939926
v 0.008556528948247433 0.3559218943119049 0.060947779566049576
v 0.012102952226996422 0.36097896099090576 0.0596856065094471
v 0.010267834179103374 0.35817474126815796 0.060402702540159225
v 0.012432987801730633 0.37336933612823486 0.05794260650873184
v 0.01598351262509823 0.375 0.057075075805187225
v 0.021278541535139084 0.375 0.05610012635588646
v 0.01595890522003174 0.3730432093143463 0.05733615159988403
v 0.014639955945312977 0.37726956605911255 0.05721128359436989
v 0.013296399265527725 0.3795391023159027 0.05734748765826225
v 0.015935994684696198 0.3804469406604767 0.05681700259447098
v 0.01860726810991764 0.37772345542907715 0.05645856633782387
v 0.010672643780708313 0.37681564688682556 0.05796400085091591
v 0.010656804777681828 0.3786312937736511 0.057877976447343826
v 0.010688482783734798 0.375 0.05805002525448799
v 0.008907069452106953 0.3736954629421234 0.05854905769228935
v 0.00800137035548687 0.3795391023159027 0.05832243710756302
v 0.00712565565481782 0.3723909258842468 0.05904809385538101
v 0.008882462978363037 0.3717386722564697 0.05881013721227646
v 0.010639270767569542 0.37108638882637024 0.05857217684388161
v 0.021092822775244713 0.36854416131973267 0.05701538920402527
v 0.016690745949745178 0.3679894804954529 0.05789286643266678
v 0.01393807027488947 0.36378318071365356 0.05896851047873497
v 0.012288670055568218 0.3674347698688507 0.05877034366130829
v 0.008711293339729309 0.36505427956581116 0.05974690616130829
v 0.027169207111001015 0.35942938923835754 0.05477241799235344
v 0.024038156494498253 0.36075887084007263 0.05635153502225876
v 0.02496020682156086 0.365268349647522 0.05527030676603317
v 0.028827590867877007 0.3619925379753113 0.053525228053331375
v 0.024681629613041878 0.35558462142944336 0.056643202900886536
v 0.028641873970627785 0.35553672909736633 0.054440490901470184
v 0.025882259011268616 0.3697778582572937 0.054189082235097885
v 0.02212144434452057 0.3813591003417969 0.053996700793504715
v 0.02496129833161831 0.3799074590206146 0.053217578679323196
v 0.031177232041954994 0.37064820528030396 0.04960968345403671
v 0.03711644560098648 0.3680371344089508 0.045715417712926865
v 0.033801209181547165 0.3662964403629303 0.04899672791361809
v 0.028553253039717674 0.375 0.05022263899445534
v 0.030409764498472214 0.3790895640850067 0.04880009591579437
v 0.030485974624753 0.3645557165145874 0.05227803811430931
v 0.03186578303575516 0.3574351370334625 0.05240374058485031
v 0.03508969396352768 0.3593335747718811 0.05036699399352074
v 0.03808280825614929 0.3628149926662445 0.04674311727285385
v 0.03969341143965721 0.3541114330291748 0.04845594987273216
v 0.04166962951421738 0.34620746970176697 0.04736483469605446
v 0.03908394277095795 0.3495127856731415 0.0495227612555027
v 0.0406649224460125 0.34318962693214417 0.0486498698592186
v 0.03847447782754898 0.34491410851478577 0.05058956891298294
v 0.0354846753180027 0.34562453627586365 0.052118171006441116
v 0.03519432619214058 0.3492511510848999 0.05170021206140518
v 0.03490397334098816 0.35287773609161377 0.051282256841659546
v 0.03130470588803291 0.3489895164966583 0.05387766659259796
v 0.0280101727694273 0.34740063548088074 0.055939674377441406
v 0.025325104594230652 0.3504103720188141 0.056934867054224014
v 0.030114538967609406 0.3516440689563751 0.05410856381058693
v 0.03249487280845642 0.34633496403694153 0.05364677309989929
v 0.030695240944623947 0.344390869140625 0.0549444779753685
v 0.03428012505173683 0.3423531651496887 0.05330042913556099
v 0.03307557478547096 0.3390817642211914 0.05448268726468086
v 0.030314071103930473 0.33678433299064636 0.05611063539981842
v 0.028895607218146324 0.3424467444419861 0.05624218285083771
v 0.03725554421544075 0.3357168138027191 0.05272319167852402
v 0.037865009158849716 0.34031546115875244 0.05165638029575348
v 0.04075543209910393 0.3393095135688782 0.048965051770210266
v 0.04084594175219536 0.3354293704032898 0.049280233681201935
v 0.042855363339185715 0.3414651155471802 0.046710167080163956
v 0.04096626862883568 0.3310914933681488 0.04976407811045647
v 0.038118015974760056 0.33045387268066406 0.0526152141392231
v 0.041086595505476 0.3267536163330078 0.0502479262650013
v 0.039842959493398666 0.31992799043655396 0.05239926278591156
v 0.03898048773407936 0.325190931558609 0.05250724032521248
v 0.035926464945077896 0.3255559504032135 0.054080188274383545
v 0.0345161035656929 0.3295944333076477 0.05455441027879715
v 0.03580981120467186 0.32170000672340393 0.05439244583249092
v 0.03569316118955612 0.31784406304359436 0.054704699665308
v 0.033105745911598206 0.3336328864097595 0.055028628557920456
v 0.030914194881916046 0.32873496413230896 0.0564936026930809
v 0.02895594760775566 0.3315489590167999 0.057334065437316895
v 0.028291407972574234 0.3264685273170471 0.05801256373524666
v 0.024806149303913116 0.32946503162384033 0.05963950231671333
v 0.027552567422389984 0.3344869315624237 0.05773858353495598
v 0.024089373648166656 0.33365845680236816 0.05956878885626793
v 0.025668621063232422 0.3242020905017853 0.059531524777412415
v 0.02495630644261837 0.3200919032096863 0.06023649498820305
v 0.0208040289580822 0.32181307673454285 0.06230821833014488
v 0.020656351000070572 0.3273811340332031 0.06194493919610977
v 0.030680891126394272 0.3210230767726898 0.057118114084005356
v 0.02910858578979969 0.3183707296848297 0.058164771646261215
v 0.02753628045320511 0.3157183527946472 0.059211429208517075
v 0.024243991822004318 0.3159816861152649 0.06094146519899368
v 0.032474711537361145 0.3153233528137207 0.05661637708544731
v 0.03177666664123535 0.3234720230102539 0.056385625153779984
v 0.03287244215607643 0.3259209990501404 0.05565313994884491
v 0.02062617987394333 0.332830011844635 0.06139899790287018
v 0.015492263250052929 0.33170026540756226 0.062376994639635086
v 0.0120495380833745 0.3285122811794281 0.0631929263472557
v 0.015492263250052929 0.32441937923431396 0.06301046907901764
v 0.006885450333356857 0.3291909694671631 0.06394171714782715
v 0.008606812916696072 0.33260518312454224 0.06337538361549377
v 0.008606812916696072 0.32532429695129395 0.06400885432958603
v 0.008729876950383186 0.3158303201198578 0.06473390758037567
v 0.012147989124059677 0.3187328279018402 0.06396300345659256
v 0.013967803679406643 0.316008061170578 0.06385001540184021
v 0.01229566615074873 0.31316477060317993 0.06432628631591797
v 0.010328175500035286 0.3214576244354248 0.0640759989619255
v 0.016476009041070938 0.32027295231819153 0.06313561648130417
v 0.017459753900766373 0.3161265254020691 0.0632607564330101
v 0.020951705053448677 0.31624501943588257 0.06267149746417999
v 0.02517782151699066 0.31173980236053467 0.060781415551900864
v 0.021099383011460304 0.3106769621372223 0.0630347803235054
v 0.01669752411544323 0.3119208812713623 0.06368053704500198
v 0.03963480144739151 0.2985255718231201 0.05419544130563736
v 0.039991676807403564 0.3039053976535797 0.05356072634458542
v 0.04034855216741562 0.3092852234840393 0.05292600765824318
v 0.03584083542227745 0.3122760057449341 0.05506798252463341
v 0.030976245179772377 0.30988699197769165 0.057844676077365875
v 0.029256261885166168 0.31280267238616943 0.058528050780296326
v 0.032359857112169266 0.30709677934646606 0.05734225735068321
v 0.03635420650243759 0.3081910014152527 0.055134132504463196
v 0.026111651211977005 0.30749794840812683 0.06062136963009834
v 0.029057316482067108 0.30460745096206665 0.05929917097091675
v 0.021247059106826782 0.305108904838562 0.06339806318283081
v 0.036867573857307434 0.3041059970855713 0.055200282484292984
v 0.033743470907211304 0.3043065667152405 0.05683983862400055
v 0.03581888973712921 0.3001212775707245 0.056086208671331406
v 0.02575477585196495 0.30211812257766724 0.06125608831644058
v 0.03200298175215721 0.30171695351600647 0.05797697603702545
v 0.03026249073445797 0.29912734031677246 0.059114109724760056
v 0.010623529553413391 0.2984425127506256 0.06545001268386841
v 0.015935294330120087 0.301775723695755 0.06442403793334961
v 0.012394118122756481 0.3045031726360321 0.06483824551105499
v 0.015935294330120087 0.30771520733833313 0.06410031020641327
v 0.008852940984070301 0.3012911081314087 0.06557618826627731
v 0.007082352880388498 0.3041397035121918 0.06570236384868622
v 0.008852940984070301 0.3072306215763092 0.06525246053934097
v 0.0053117647767066956 0.31292781233787537 0.06550480425357819
v 0.010623529553413391 0.31032150983810425 0.06480255722999573
v 0.011402532458305359 0.4537408649921417 0.04677923768758774
v 0.009816627949476242 0.45765334367752075 0.04651131480932236
v 0.014724941924214363 0.46114444732666016 0.04497314244508743
v 0.015480244532227516 0.4553810954093933 0.04569258913397789
v 0.0032722093164920807 0.46280229091644287 0.04721321165561676
v 0.006544418632984161 0.4631689488887787 0.04645756259560585
v 0.008180523291230202 0.4604111313819885 0.04648444056510925
v 0.004090261645615101 0.4584822356700897 0.04763134941458702
v 0.004908313974738121 0.45416221022605896 0.04804948717355728
v 0.011452732607722282 0.4637189209461212 0.045324090868234634
v -1.2759575939007712e-16 0.45067110657691956 0.049587659537792206
v 0.008117773570120335 0.4501444101333618 0.047999847680330276
v 0.004833013750612736 0.4465479552745819 0.049220457673072815
v 0.012988436967134476 0.4498284161090851 0.04704716056585312
v 0.011327232234179974 0.4461266100406647 0.04795020818710327
v 0.009666027501225471 0.44242483377456665 0.048853255808353424
v 0.019482655450701714 0.44940707087516785 0.045776911079883575
v 0.01623554714024067 0.44961774349212646 0.04641203582286835
v 0.015367293730378151 0.44395971298217773 0.04744904488325119
v 0.014499041251838207 0.438301682472229 0.04848605394363403
v 0.019407354295253754 0.4417928159236908 0.04694788157939911
v 0.019332055002450943 0.43417853116989136 0.048118848353624344
v 0.008055022917687893 0.43846994638442993 0.049708958715200424
v 0.0040275114588439465 0.4405736029148102 0.05019828677177429
v 0.01127703208476305 0.4343888759613037 0.049647483974695206
v 0.014499041251838207 0.4303078055381775 0.04958600923418999
v 0.006444018334150314 0.4345150887966156 0.05056466534733772
v 0.008055022917687893 0.4304760992527008 0.05080891400575638
v 0.003222009167075157 0.43459922075271606 0.05117611959576607
v 0.0040275114588439465 0.4285827875137329 0.05184822157025337
v 0.009666027501225471 0.4264370799064636 0.05105316638946533
v 0.011143669486045837 0.423283189535141 0.05126802623271942
v 0.015137840062379837 0.4253977835178375 0.05022137239575386
v 0.012621310539543629 0.42012929916381836 0.05148288607597351
v 0.015776637941598892 0.42048773169517517 0.050856735557317734
v 0.004833013750612736 0.42256635427474976 0.052520327270030975
v 0.007888318970799446 0.41959166526794434 0.05242210999131203
v 0.019132010638713837 0.42751234769821167 0.0491747185587883
v 0.01893196627497673 0.4208461344242096 0.05023058503866196
v 0.023178616538643837 0.42571577429771423 0.046775735914707184
v 0.02220926061272621 0.42074212431907654 0.04810022562742233
v 0.025486554950475693 0.4206380844116211 0.04596986621618271
v 0.02702517993748188 0.4172529876232147 0.045432619750499725
v 0.022878549993038177 0.4157164692878723 0.04835953563451767
v 0.023547841235995293 0.4106908142566681 0.04861884564161301
v 0.026353033259510994 0.40747714042663574 0.047620177268981934
v 0.022901302203536034 0.4042927622795105 0.05039922520518303
v 0.018531877547502518 0.40751373767852783 0.05234232172369957
v 0.029158225283026695 0.4042634963989258 0.04662150889635086
v 0.0272707249969244 0.40107178688049316 0.04845612868666649
v 0.031640149652957916 0.39785081148147583 0.04651303216814995
v 0.020519224926829338 0.4003254473209381 0.05180464684963226
v 0.02449117787182331 0.3985421359539032 0.049969084560871124
v 0.027073359116911888 0.3954939842224121 0.04889000207185745
v 0.02250657044351101 0.3931371569633484 0.051266975700855255
v 0.02171163260936737 0.39601248502731323 0.05148204416036606
v 0.029655540362000465 0.392445832490921 0.04781091958284378
v 0.023301510140299797 0.39026185870170593 0.05105190724134445
v 0.028644056990742683 0.38481491804122925 0.050335031002759933
v 0.03232681378722191 0.38972237706184387 0.04745248332619667
v 0.0322662778198719 0.38317909836769104 0.04737755283713341
v 0.02764558047056198 0.38872030377388 0.04967287927865982
v 0.025635622441768646 0.3849947452545166 0.05153483897447586
v 0.022964349016547203 0.38771820068359375 0.05189327523112297
v 0.02262718603014946 0.38517457246780396 0.05273464694619179
v 0.007945084944367409 0.3887183368206024 0.057387012988328934
v 0.005296723451465368 0.39154282212257385 0.05724014714360237
v 0.007502582389861345 0.39420464634895325 0.056423842906951904
v 0.010040318593382835 0.3927517235279083 0.056329917162656784
v 0.006067776121199131 0.3969884514808655 0.05610961839556694
v 0.002648361725732684 0.3943672776222229 0.05709328129887581
v -1.1980590177664474e-16 0.39719176292419434 0.056946415454149246
v 0.004632969386875629 0.3997722566127777 0.055795393884181976
v 0.00970844179391861 0.39686647057533264 0.05560753867030144
v 0.009487190283834934 0.39960959553718567 0.05512595549225807
v 0.012135552242398262 0.3967851400375366 0.055272817611694336
v 0.013017229735851288 0.40085917711257935 0.05438308045268059
v 0.014562662690877914 0.3967038094997406 0.05493810027837753
v 0.016547270119190216 0.4021087884902954 0.0536402091383934
v 0.012578054331243038 0.3912988305091858 0.056235987693071365
v 0.010593446902930737 0.385893851518631 0.057533878833055496
v 0.01694747805595398 0.38807785511016846 0.054292891174554825
v 0.017542313784360886 0.3922179937362671 0.05375147983431816
v 0.01928159035742283 0.3828107416629791 0.054775822907686234
v 0.01326472032815218 0.38317039608955383 0.05717543885111809
v 0.01811453513801098 0.385444313287735 0.05453435704112053
v 0.004413936287164688 0.3888019621372223 0.05769788473844528
v 0.006179510615766048 0.38599836826324463 0.05792246758937836
v 0.007945084944367409 0.38319480419158936 0.05814705044031143
v 0.010633045807480812 0.38135474920272827 0.0577489398419857
v 0.007969691418111324 0.38317039608955383 0.058150388300418854
v 0.006200016010552645 0.38137510418891907 0.05855861306190491
v 0.004413936287164688 0.38327842950820923 0.05845792219042778
v 0.018137147650122643 0.3963581323623657 0.053210072219371796
v 0.009265938773751259 0.4023527503013611 0.05464436858892441
v 0.003860807977616787 0.4038221538066864 0.05537078529596329
v 0.007721615955233574 0.4050765633583069 0.05453488975763321
v 0.003088646335527301 0.4078720510005951 0.0549461804330349
v 0.006177292671054602 0.4078003764152527 0.05442540720105171
v 0.007721615955233574 0.41045254468917847 0.05379515513777733
v 0.010810261592268944 0.40769287943840027 0.05364425107836723
v 0.003860807977616787 0.4118860960006714 0.054261185228824615
v 0.009265938773751259 0.41310468316078186 0.053164903074502945
v 0.013898908160626888 0.41030922532081604 0.05275361239910126
v 0.013898908160626888 0.40493324398994446 0.05349334701895714
v 0.018731921911239624 0.4141799509525299 0.05128645524382591
v 0.014837773516774178 0.4153984785079956 0.051805172115564346
v 0.004632969386875629 0.41590017080307007 0.05357619374990463
v -1.2293817667603194e-16 0.4186956286430359 0.05398748442530632
v 0.010943625122308731 0.4166170060634613 0.05232389271259308
v -1.2215510795118514e-16 0.4133196771144867 0.0547272190451622
v -0.004081714898347855 0.4112303555011749 0.05427681654691696
v -0.004898057784885168 0.41511327028274536 0.05359495058655739
v -0.00816342979669571 0.40914106369018555 0.05382641404867172
v -0.009796115569770336 0.41153091192245483 0.05320241302251816
v -0.008109225891530514 0.41893595457077026 0.05243774130940437
v -0.011385438963770866 0.4153055250644684 0.05235515162348747
v -0.012974762357771397 0.41908013820648193 0.051507893949747086
v -0.011320394463837147 0.4227586090564728 0.05128052830696106
v -0.004833013750612736 0.42256635427474976 0.052520327270030975
v -0.014694173820316792 0.4079485833644867 0.052809879183769226
v -0.015456313267350197 0.4135624170303345 0.05184893682599068
v -0.011428802274167538 0.4058568477630615 0.053688012063503265
v -0.014694173820316792 0.4025726020336151 0.05354961007833481
v -0.019592231139540672 0.40436622500419617 0.052417341619729996
v -0.006530744023621082 0.40675121545791626 0.05445041507482529
v -0.00816342979669571 0.40376508235931396 0.0545661486685276
v -0.009796115569770336 0.40077897906303406 0.05468187853693962
v -0.004081714898347855 0.40316641330718994 0.055386416614055634
v -0.004898057784885168 0.3989853858947754 0.055814146995544434
v -0.003265372011810541 0.4073474407196045 0.054958682507276535
v -1.2137203922633834e-16 0.4079436957836151 0.05546694993972778
v -1.2058897050149154e-16 0.4025677442550659 0.056206684559583664
v -0.00586392218247056 0.3871743083000183 0.05781478062272072
v -0.0041885157115757465 0.38411837816238403 0.05838100239634514
v -0.007539328653365374 0.3847067058086395 0.058008596301078796
v -0.0016754063544794917 0.38643887639045715 0.05828028917312622
v -1.1819677740487798e-16 0.3861446976661682 0.05846649035811424
v -0.0033508127089589834 0.3867330551147461 0.0580940842628479
v 0.001765574561432004 0.38610291481018066 0.05831105634570122
v 0.003531149122864008 0.3860611021518707 0.058155618607997894
v 0.002206968143582344 0.3902350962162018 0.05770216882228851
v -1.1900133959076136e-16 0.3916682302951813 0.057706452906131744
v -0.0041885157115757465 0.3896418809890747 0.05762096494436264
v -0.005026218947023153 0.3925507366657257 0.05714784562587738
v -0.007539328653365374 0.3902302384376526 0.0572485588490963
v -0.0020942578557878733 0.3906550705432892 0.05766370892524719
v -0.007749432697892189 0.38255101442337036 0.05830791965126991
v -0.009801940992474556 0.384682297706604 0.05784032866358757
v -0.010052437894046307 0.3879097104072571 0.057349272072315216
v -0.01155010238289833 0.382725328207016 0.0575958676636219
v -0.012237640097737312 0.38546353578567505 0.05704370141029358
v -0.014422842301428318 0.38301733136177063 0.056738127022981644
v -0.015296922996640205 0.38203883171081543 0.05661590024828911
v -0.01354876160621643 0.38399580121040344 0.05686035752296448
v -0.014673339203000069 0.3862447440624237 0.05624707415699959
v -0.01654674857854843 0.3859015107154846 0.05575709044933319
v -0.018420159816741943 0.38555827736854553 0.055267103016376495
v -0.015797916799783707 0.38849371671676636 0.0556337907910347
v -0.01867065578699112 0.3887856900691986 0.05477605015039444
v -0.012925177812576294 0.3882017135620117 0.05649153143167496
v -0.01643030159175396 0.39113911986351013 0.05509771779179573
v -0.014433844946324825 0.3915814757347107 0.05560700222849846
v -0.012437386438250542 0.39202383160591125 0.056116290390491486
v -0.009945637546479702 0.39327192306518555 0.05623786151409149
v -0.007453887723386288 0.39451998472213745 0.0563594289124012
v -0.009838836267590523 0.3986341059207916 0.05512644723057747
v -0.0061759729869663715 0.3967526853084564 0.056086789816617966
v -0.00988155696541071 0.3964892327785492 0.05557101219892502
v -0.012351945973932743 0.3963136076927185 0.05522716045379639
v -0.014822334982454777 0.3961379826068878 0.054883308708667755
v -0.015942512080073357 0.39496126770973206 0.05472247675061226
v -0.017062688246369362 0.3937845528125763 0.054561641067266464
v -0.018011266365647316 0.39775267243385315 0.05375752970576286
v -0.017207283526659012 0.400252103805542 0.053650327026844025
v -0.013523059897124767 0.3994430899620056 0.0543883852660656
v -0.0025131094735115767 0.3948712646961212 0.05704713240265846
v -0.020080022513866425 0.40054407715797424 0.052792586386203766
v -0.01881525106728077 0.3952532410621643 0.053864736109972
v -0.020567813888192177 0.3967219591140747 0.05316782742738724
v -0.01874295249581337 0.39201948046684265 0.05432039126753807
v -0.02105560339987278 0.3928998112678528 0.05354306846857071
v -0.02079174667596817 0.38321197032928467 0.0545826181769371
v -0.023764653131365776 0.38555827736854553 0.05336668714880943
v -0.021543394774198532 0.38907769322395325 0.05391830950975418
v -0.02598590962588787 0.38203883171081543 0.05281506106257439
v -0.028218746185302734 0.38408350944519043 0.0509592741727829
v -0.030442899093031883 0.381955087184906 0.050081606954336166
v -0.03267863020300865 0.3853907585144043 0.04789977893233299
v -0.027111012488603592 0.3872342109680176 0.050909046083688736
v -0.03045158088207245 0.38612815737724304 0.04910348355770111
v -0.03045736998319626 0.388910174369812 0.04845140129327774
v -0.03380083665251732 0.38919511437416077 0.04631980136036873
v -0.0260032769292593 0.3903849422931671 0.050858814269304276
v -0.024853471666574478 0.3933521807193756 0.05105603113770485
v -0.023703664541244507 0.3963194191455841 0.051253244280815125
v -0.024121785536408424 0.3990853726863861 0.05049316585063934
v -0.026839517056941986 0.3959168791770935 0.04933866113424301
v -0.028651338070631027 0.39380455017089844 0.04856899008154869
v -0.031543295830488205 0.3953130841255188 0.04646679013967514
v -0.028163548558950424 0.39762669801712036 0.04819374904036522
v -0.03046315908432007 0.39169222116470337 0.04779932275414467
v -0.034923043102025986 0.3929995000362396 0.04473982751369476
v -0.034435249865055084 0.39682161808013916 0.04436458647251129
v -0.029487578198313713 0.39933648705482483 0.04704883694648743
v -0.031003938987851143 0.4025181531906128 0.0455094538629055
v -0.02767227403819561 0.40519973635673523 0.047137800604104996
v -0.024539904668927193 0.4018513560295105 0.04973309114575386
v -0.029088985174894333 0.4113963842391968 0.045114945620298386
v -0.024340609088540077 0.4078812897205353 0.04876614362001419
v -0.023495009168982506 0.4135063588619232 0.04847915843129158
v -0.019527187570929527 0.41181930899620056 0.05134271830320358
v -0.016218451783061028 0.41917625069618225 0.05088799446821213
v -0.019462144002318382 0.41927239298820496 0.05026809498667717
v -0.022649409249424934 0.41913139820098877 0.04819216951727867
v -0.025836674496531487 0.41899043321609497 0.04611624777317047
v -0.02739778533577919 0.42264649271965027 0.044540971517562866
v -0.02339744195342064 0.4246859848499298 0.04686722159385681
v -0.027462828904390335 0.4151934087276459 0.04561559483408928
v -0.015358746983110905 0.42474204301834106 0.05023699998855591
v -0.024145474657416344 0.43024054169654846 0.04554227367043495
v -0.014499041251838207 0.4303078055381775 0.04958600923418999
v -0.019397098571062088 0.42672547698020935 0.04919347167015076
v -0.019332055002450943 0.43417853116989136 0.048118848353624344
v -0.01127703208476305 0.4343888759613037 0.049647483974695206
v -0.008055022917687893 0.4304760992527008 0.05080891400575638
v -0.009666027501225471 0.4264370799064636 0.05105316638946533
v -0.0040275114588439465 0.4285827875137329 0.05184822157025337
v -1.2410258228071059e-16 0.4266895055770874 0.052887529134750366
v -0.006444018334150314 0.4345150887966156 0.05056466534733772
v -0.003222009167075157 0.43459922075271606 0.05117611959576607
v -1.2526697465049943e-16 0.43468335270881653 0.051787570118904114
v -1.2643136702028828e-16 0.44267722964286804 0.05068761482834816
v -0.0040275114588439465 0.4405736029148102 0.05019828677177429
v -0.008055022917687893 0.43846994638442993 0.049708958715200424
v -0.004833013750612736 0.4465479552745819 0.049220457673072815
v -0.009666027501225471 0.44242483377456665 0.048853255808353424
v -0.014499041251838207 0.438301682472229 0.04848605394363403
v -0.01887490227818489 0.44086945056915283 0.047309648245573044
v -0.01841774955391884 0.4475603699684143 0.046500448137521744
v -0.01534812431782484 0.44807884097099304 0.047014981508255005
v -0.014923582784831524 0.44319024682044983 0.04775051772594452
v -0.010972263291478157 0.4455110430717468 0.048191387206315994
v -0.012278499081730843 0.4485972821712494 0.047529518604278564
v -0.010515110567212105 0.4522019624710083 0.047382183372974396
v -0.00767406215891242 0.4493749737739563 0.048301320523023605
v -0.017960596829652786 0.4542512893676758 0.045691244304180145
v -0.014237853698432446 0.45322662591934204 0.04653671383857727
v -0.0043758610263466835 0.4532388746738434 0.048411253839731216
v -1.2845258615578405e-16 0.4565533697605133 0.04877825826406479
v -0.003646550700068474 0.4577127993106842 0.04793282225728035
v -0.002917240606620908 0.462186723947525 0.04745439067482948
v -1.2930939968660118e-16 0.46243563294410706 0.04796886071562767
v -0.005834481213241816 0.461937814950943 0.046939920634031296
v -0.007293101400136948 0.4588722288608551 0.04708738625049591
v -0.008751722052693367 0.4558066427707672 0.047234851866960526
v -0.01312758307904005 0.45837441086769104 0.046058446168899536
v -0.010210341773927212 0.46156445145606995 0.046168215572834015
v -0.007293101400136948 0.46475449204444885 0.04627798870205879
v -0.01312758307904005 0.4642567038536072 0.04524904862046242
v -0.013201395981013775 0.4687110185623169 0.04469338059425354
v -0.008751722052693367 0.4675711691379547 0.04561605304479599
v -0.0043758610263466835 0.47088566422462463 0.04598305746912956
v -0.003646550700068474 0.46653619408607483 0.04671872407197952
v -0.009685944765806198 0.47047173976898193 0.045098114758729935
v -0.00663760444149375 0.4736827611923218 0.04524388536810875
v -0.01062016747891903 0.47337231040000916 0.04458018019795418
v -0.00889934878796339 0.47647982835769653 0.044504713267087936
v -0.0132752088829875 0.473165363073349 0.044137708842754364
v -1.301662132174183e-16 0.4683178961277008 0.04715945944190025
v 0.004090261645615101 0.46730563044548035 0.046417251229286194
v -1.3102303998312523e-16 0.47420015931129456 0.046350061893463135
v -0.0035892645828425884 0.47689375281333923 0.045389655977487564
v 0.004908313974738121 0.4718089997768402 0.04562128707766533
v -0.0029910539742559195 0.48106691241264343 0.044913724064826965
v -1.3183095059612822e-16 0.47974666953086853 0.04558686167001724
v -0.005982107948511839 0.48238715529441833 0.04424058273434639
v -0.007178529165685177 0.4795873761177063 0.04442925006151199
v -0.004785686265677214 0.48518696427345276 0.044051919132471085
v -0.002392843132838607 0.48524007201194763 0.04443779215216637
v -1.3263886120913122e-16 0.4852931499481201 0.04482366144657135
v 0.0015063320752233267 0.48114901781082153 0.04527157545089722
v 0.0030126641504466534 0.48255136609077454 0.04495628923177719
v 0.0036151970271021128 0.47978439927101135 0.045288097113370895
v 0.0018075985135510564 0.47699227929115295 0.045819077640771866
v -0.012021501548588276 0.4777231514453888 0.04380327835679054
v -0.010767794214189053 0.482280969619751 0.04346884414553642
v -0.008374950848519802 0.48510733246803284 0.04347311332821846
v -0.005982107948511839 0.4879336655139923 0.043477386236190796
v -0.010767794214189053 0.48782747983932495 0.04270564392209053
v -0.008374950848519802 0.49048230051994324 0.04273351654410362
v -0.007178529165685177 0.49068036675453186 0.04290284961462021
v -0.005982107948511839 0.4931371212005615 0.04276139289140701
v -0.005982107948511839 0.49223366379737854 0.042885709553956985
v -0.004785686265677214 0.49378693103790283 0.042868565768003464
v -1.334467718221342e-16 0.4908396601676941 0.04406046122312546
v 0.0015063320752233267 0.4894687831401825 0.04412677511572838
v 0.001205065636895597 0.4853057563304901 0.04472407326102257
v 0.0030126641504466534 0.4880978763103485 0.0441930927336216
v 0.002410131273791194 0.4853183329105377 0.044624485075473785
v -0.0029910539742559195 0.4893866777420044 0.04376892372965813
v -0.0035892645828425884 0.49353328347206116 0.04310005530714989
v -0.0029910539742559195 0.4947616457939148 0.04302932694554329
v -0.0029910539742559195 0.4961168169975281 0.04284285381436348
v -0.002392843132838607 0.49599000811576843 0.04295859858393669
v -1.0425482685130901e-16 0.49728962779045105 0.04317294806241989
v -1.342546824351372e-16 0.49638617038726807 0.043297260999679565
v -7.425497126748083e-17 0.49819308519363403 0.04304863139986992
v 0.0018075985135510564 0.4936318099498749 0.04352948069572449
v 0.0036151970271021128 0.4908774197101593 0.04376169666647911
v -4.425511899237509e-17 0.499096542596817 0.042924314737319946
v 0.003485794411972165 0.49381184577941895 0.04309410601854324
v 0.004411160480231047 0.4919455945491791 0.043321482837200165
v 0.005422795657068491 0.4881230294704437 0.04399391636252403
v 0.004217729903757572 0.48533719778060913 0.04447510465979576
v 0.005336526781320572 0.4900793135166168 0.04354885593056679
v 0.007122558541595936 0.4878140091896057 0.04366980865597725
v 0.012264981865882874 0.4859088361263275 0.04292001575231552
v 0.010586785152554512 0.48572877049446106 0.04335538670420647
v 0.011212820187211037 0.48119932413101196 0.043698497116565704
v 0.008908589370548725 0.4855487048625946 0.04379076138138771
v 0.010331109166145325 0.4801853895187378 0.04402834177017212
v 0.0072303940542042255 0.48536866903305054 0.044226132333278656
v 0.005422795657068491 0.48257651925086975 0.044757116585969925
v 0.015863893553614616 0.47342440485954285 0.0434018112719059
v 0.013517051003873348 0.47684991359710693 0.0436062328517437
v 0.016532540321350098 0.4698188304901123 0.043632760643959045
v 0.013431825675070286 0.47500211000442505 0.04383055120706558
v 0.006284873466938734 0.4772596061229706 0.044979240745306015
v 0.005596593953669071 0.4745343029499054 0.04530026391148567
v 0.008307991549372673 0.478722482919693 0.044503793120384216
v 0.011193187907338142 0.47486844658851624 0.04425046965479851
v 0.012959064915776253 0.47094759345054626 0.04420710727572441
v 0.009385589510202408 0.47207632660865784 0.04478145390748978
v 0.008954550139605999 0.4747347831726074 0.04467038810253143
v 0.009816627949476242 0.46941787004470825 0.04489251598715782
v 0.008180523291230202 0.4662933945655823 0.045675039291381836
v 0.014724941924214363 0.4670267105102539 0.044163744896650314
vn -0.8944445848464966 0.42578601837158203 -0.13665655255317688
vn -0.923972487449646 0.328189879655838 0.19638307392597198
vn -0.7657321095466614 0.4465063810348511 0.4629107415676117
vn -0.8519628047943115 0.511935293674469 0.1099163144826889
vn -0.8805059790611267 0.4361079931259155 -0.1857926994562149
vn -0.9239725470542908 0.3281899392604828 0.19638310372829437
vn -0.7657321095466614 0.4465063810348511 0.4629106819629669
vn -0.5232035517692566 0.5156733989715576 0.6784829497337341
vn -0.5232034921646118 0.5156734585762024 0.6784828901290894
vn -0.5232034921646118 0.5156734585762024 0.6784829497337341
vn -0.5232035517692566 0.5156733989715576 0.6784828901290894
vn -0.594580888748169 0.4170714020729065 0.6874045133590698
vn -0.6041239500045776 0.40237078070640564 0.6878458857536316
vn -0.6571011543273926 0.31225651502609253 0.6860860586166382
vn -0.6614781618118286 0.35424864292144775 0.6610254049301147
vn -0.6571012139320374 0.312256395816803 0.6860859394073486
vn -0.6614781618118286 0.35424861311912537 0.6610254049301147
vn -0.6571012139320374 0.3122563362121582 0.6860859990119934
vn -0.6571011543273926 0.31225642561912537 0.6860860586166382
vn -0.6571011543273926 0.31225645542144775 0.6860860586166382
vn -0.6614781618118286 0.35424864292144775 0.6610254049301147
vn -0.6571011543273926 0.31225648522377014 0.6860860586166382
vn -0.5232033729553223 0.5156733989715576 0.6784830093383789
vn -0.5848550200462341 0.43164390325546265 0.6867519021034241
vn -0.6571010947227478 0.3122565448284149 0.6860860586166382
vn 0.01489256788045168 0.48865559697151184 0.872349739074707
vn -0.023234309628605843 0.4512125849723816 0.8921139240264893
vn -0.4271042048931122 0.4049171507358551 0.8084702491760254
vn -0.5232034921646118 0.5156732797622681 0.6784830093383789
vn -0.023234302178025246 0.45121267437934875 0.8921139240264893
vn -0.023234302178025246 0.45121267437934875 0.8921139240264893
vn -0.025587160140275955 0.4773827791213989 0.8783228397369385
vn -0.02792588248848915 0.5032259225845337 0.8637034893035889
vn -0.6642606258392334 0.3953869044780731 0.6343713998794556
vn -0.6642606258392334 0.3953869342803955 0.6343713998794556
vn -0.02792588248848915 0.5032259225845337 0.8637034893035889
vn -0.6642606258392334 0.3953869342803955 0.6343713402748108
vn -0.6642606258392334 0.3953869044780731 0.6343713402748108
vn -0.6642606258392334 0.3953869044780731 0.6343713998794556
vn -0.8704891800880432 0.49217191338539124 0.003923399373888969
vn -0.8704891800880432 0.4921718239784241 0.003923396114259958
vn -0.6642606258392334 0.3953869044780731 0.6343713998794556
vn -0.031113578006625175 0.9986662268638611 0.04120126739144325
vn -0.8704891800880432 0.49217185378074646 0.003923396114259958
vn -0.6642606258392334 0.3953869342803955 0.6343713998794556
vn -0.027925895527005196 0.5032259225845337 0.8637034893035889
vn -0.8944445848464966 0.42578601837158203 -0.13665659725666046
vn -0.756409764289856 0.4717291593551636 -0.45311805605888367
vn -0.7564096450805664 0.47172924876213074 -0.45311808586120605
vn -0.6855529546737671 0.36779341101646423 -0.6282875537872314
vn -0.6882935166358948 0.47450947761535645 -0.5487192273139954
vn -0.6823485493659973 0.5490310192108154 -0.48266494274139404
vn -0.6886201500892639 0.4615418314933777 -0.559268593788147
vn 0.04114650934934616 0.5437910556793213 -0.8382112979888916
vn -0.47112637758255005 0.5099573135375977 -0.7197105884552002
vn -0.0028971973806619644 0.5051928162574768 -0.8630016446113586
vn -0.6855528354644775 0.3677934408187866 -0.6282876133918762
vn -0.6855528354644775 0.3677935004234314 -0.6282875537872314
vn -0.6855529546737671 0.3677934408187866 -0.6282875537872314
vn -0.6855528354644775 0.367793470621109 -0.6282875537872314
vn -0.6855528354644775 0.3677934408187866 -0.6282875537872314
vn -0.6855528354644775 0.3677935004234314 -0.6282875537872314
vn -0.0028972250875085592 0.5051928162574768 -0.8630017042160034
vn -0.6886201500892639 0.4615418612957001 -0.5592685341835022
vn -0.6823485493659973 0.5490309596061707 -0.48266491293907166
vn -0.6823486089706421 0.5490310192108154 -0.48266488313674927
vn -0.6823485493659973 0.5490310192108154 -0.48266488313674927
vn -0.6823485493659973 0.5490310788154602 -0.48266491293907166
vn -0.6823484897613525 0.5490310788154602 -0.48266491293907166
vn -0.6823486089706421 0.5490309596061707 -0.48266497254371643
vn -0.7151699662208557 0.5166826248168945 -0.47071340680122375
vn -0.7564097046852112 0.4717290997505188 -0.45311808586120605
vn -0.7204907536506653 0.5111687183380127 -0.4686145484447479
vn -0.7564096450805664 0.47172918915748596 -0.45311814546585083
vn -0.7564096450805664 0.47172921895980835 -0.45311814546585083
vn -0.7257660627365112 0.5056226849555969 -0.4664860665798187
vn -0.756409764289856 0.4717291295528412 -0.45311805605888367
vn -0.7564097046852112 0.4717291295528412 -0.45311805605888367
vn -0.21169286966323853 0.41869884729385376 -0.8831066489219666
vn -0.21169304847717285 0.4186987578868866 -0.8831067085266113
vn -0.4711264669895172 0.5099573135375977 -0.7197105884552002
vn -0.5059859752655029 0.5191824436187744 -0.6887872219085693
vn -0.728093147277832 0.30862322449684143 -0.6120719909667969
vn -0.5540722012519836 0.35300830006599426 -0.7539159059524536
vn -0.7193156480789185 0.27877599000930786 -0.6362930536270142
vn -0.2116929590702057 0.418698787689209 -0.8831066489219666
vn -0.21169281005859375 0.418698787689209 -0.8831067085266113
vn -0.2116929590702057 0.418698787689209 -0.8831067085266113
vn -0.4384421706199646 0.2522345185279846 -0.8626390695571899
vn -0.21169304847717285 0.41869884729385376 -0.8831066489219666
vn -0.21169298887252808 0.418698787689209 -0.8831067085266113
vn 0.14984434843063354 0.42357122898101807 -0.8933835029602051
vn 0.1498442441225052 0.42357128858566284 -0.8933835625648499
vn 0.49177610874176025 0.3730243146419525 -0.786771297454834
vn 0.49177610874176025 0.3730242848396301 -0.7867714166641235
vn 0.14984431862831116 0.42357125878334045 -0.8933835029602051
vn 0.5885933637619019 0.4675410985946655 -0.6595175266265869
vn 0.49177616834640503 0.3730243146419525 -0.7867714166641235
vn 0.6009740829467773 0.4799346327781677 -0.6391344666481018
vn 0.49177616834640503 0.3730242848396301 -0.786771297454834
vn 0.5885933637619019 0.4675410985946655 -0.6595174670219421
vn 0.49177616834640503 0.3730243146419525 -0.786771297454834
vn 0.7448399662971497 0.44327425956726074 -0.49871981143951416
vn 0.46809062361717224 0.40628892183303833 -0.7847423553466797
vn 0.49177616834640503 0.3730243146419525 -0.786771297454834
vn 0.49177610874176025 0.3730243444442749 -0.786771297454834
vn 0.6651037931442261 0.5459276437759399 -0.5095096826553345
vn 0.6651039123535156 0.5459274053573608 -0.5095096826553345
vn 0.6651036739349365 0.5459275245666504 -0.509509801864624
vn 0.6651036739349365 0.5459275245666504 -0.509509801864624
vn 0.6771367192268372 0.460529088973999 -0.5739328861236572
vn 0.6771366596221924 0.46052905917167664 -0.5739328861236572
vn 0.6651037931442261 0.5459274649620056 -0.5095097422599792
vn 0.6651037931442261 0.5459274649620056 -0.5095096230506897
vn 0.6813229322433472 0.369794100522995 -0.6317052245140076
vn 0.6813229322433472 0.3697940707206726 -0.6317052245140076
vn -0.002897224621847272 0.5051928162574768 -0.8630016446113586
vn 0.6813229322433472 0.3697940707206726 -0.6317052245140076
vn 0.8675511479377747 0.4959416389465332 0.03737592697143555
vn 0.8675512075424194 0.4959415793418884 0.03737599030137062
vn 0.6813229322433472 0.3697940707206726 -0.6317052841186523
vn 0.6813229322433472 0.3697940409183502 -0.6317052245140076
vn 0.8675510883331299 0.4959415793418884 0.037375953048467636
vn 0.6813229322433472 0.369794100522995 -0.6317052841186523
vn 0.6771366596221924 0.4605291187763214 -0.5739328861236572
vn 0.6813229322433472 0.36979418992996216 -0.6317052245140076
vn 0.8314840197563171 0.5495659112930298 0.08131290227174759
vn 0.8533878922462463 0.46112313866615295 -0.2430936098098755
vn 0.8533879518508911 0.461122989654541 -0.24309366941452026
vn 0.6651037335395813 0.5459272861480713 -0.5095099210739136
vn 0.8734574317932129 0.44374915957450867 -0.20039652287960052
vn 0.9447099566459656 0.3239256739616394 0.05094292387366295
vn 0.9219669103622437 0.38295894861221313 0.05761287361383438
vn 0.6215101480484009 0.3749793767929077 0.6878340244293213
vn 0.6215101480484009 0.3749793767929077 0.6878340244293213
vn 0.6215101480484009 0.3749793469905853 0.6878340840339661
vn 0.6215101480484009 0.3749793469905853 0.6878341436386108
vn 0.6214600205421448 0.3779979348182678 0.6862251162528992
vn 0.6214026808738708 0.3810122013092041 0.6846082210540771
vn 0.6214027404785156 0.3810121417045593 0.6846082210540771
vn 0.6214600205421448 0.3779979348182678 0.6862251162528992
vn 0.6215101480484009 0.3749793469905853 0.6878340244293213
vn 0.6214599609375 0.377998024225235 0.6862252354621887
vn 0.6215100884437561 0.37497931718826294 0.6878340840339661
vn 0.6215100288391113 0.3749794363975525 0.6878340244293213
vn 0.6214026808738708 0.3810122013092041 0.6846082210540771
vn 0.6214026808738708 0.3810122609138489 0.6846082210540771
vn 0.5532138347625732 0.4683482348918915 0.6889154314994812
vn 0.553213894367218 0.4683481454849243 0.688915491104126
vn 0.6214026808738708 0.3810121715068817 0.6846081614494324
vn 0.47822269797325134 0.5499255061149597 0.6847518682479858
vn 0.47822263836860657 0.5499255061149597 0.6847518086433411
vn 0.47506460547447205 0.48430877923965454 0.7346826195716858
vn 0.4756377339363098 0.49271318316459656 0.7286992073059082
vn 0.4782226085662842 0.5499253869056702 0.6847519874572754
vn 0.6214025616645813 0.3810122311115265 0.6846082806587219
vn 0.5532137155532837 0.46834811568260193 0.6889156103134155
vn 0.6214027404785156 0.38101208209991455 0.6846082210540771
vn 0.4782226085662842 0.5499254465103149 0.6847519278526306
vn 0.4782226085662842 0.5499255657196045 0.6847518682479858
vn 0.4782225787639618 0.5499255061149597 0.6847518682479858
vn 0.7417654991149902 0.49557262659072876 0.4518759548664093
vn 0.9447099566459656 0.3239257037639618 0.05094273388385773
vn 0.9447100758552551 0.32392576336860657 0.05094262957572937
vn 0.8146582841873169 0.46025821566581726 0.35283753275871277
vn 0.47822269797325134 0.5499254465103149 0.6847519278526306
vn 0.7798090577125549 0.47889626026153564 0.4031825661659241
vn 0.9447099566459656 0.32392579317092896 0.05094277486205101
vn 0.9447100758552551 0.3239257037639618 0.05094265565276146
vn 0.9447099566459656 0.3239257037639618 0.050942905247211456
vn 0.9219670295715332 0.3829590380191803 0.05761292204260826
vn 0.9219669103622437 0.38295912742614746 0.057612787932157516
vn 0.9447099566459656 0.32392582297325134 0.050942689180374146
vn 0.7756256461143494 0.4418503940105438 0.4507472813129425
vn 0.47616007924079895 0.5010647773742676 0.722637951374054
vn 0.6424610614776611 0.2954956889152527 0.7070544958114624
vn 0.6424610018730164 0.29549574851989746 0.707054615020752
vn 0.7032209038734436 0.22819563746452332 0.6733551025390625
vn 0.7032210826873779 0.2281956523656845 0.673354983329773
vn 0.5728731751441956 0.3703276216983795 0.7312139868736267
vn 0.2989712655544281 0.3250255882740021 0.8972036838531494
vn 0.29897111654281616 0.32502561807632446 0.897203803062439
vn 0.5728732943534851 0.37032759189605713 0.7312138676643372
vn -0.2990453243255615 0.35864144563674927 0.8842783570289612
vn -0.27495598793029785 0.46133679151535034 0.8435446619987488
vn -0.143009215593338 0.3596266210079193 0.922072172164917
vn 0.18414171040058136 0.3864547908306122 0.9037392735481262
vn -0.27495598793029785 0.4613369107246399 0.843544602394104
vn -0.1430092602968216 0.3596265912055969 0.922072172164917
vn -0.006211287807673216 0.24571703374385834 0.9693216681480408
vn 0.29897138476371765 0.32502543926239014 0.8972037434577942
vn -0.006211218889802694 0.24571718275547028 0.9693217277526855
vn -0.006211203057318926 0.24571721255779266 0.9693217277526855
vn -0.006211261730641127 0.24571704864501953 0.9693217277526855
vn -0.0062114219181239605 0.24571721255779266 0.9693217873573303
vn -0.006211239378899336 0.24571731686592102 0.9693217277526855
vn -0.006211298983544111 0.24571746587753296 0.969321608543396
vn -0.2749558091163635 0.4613368809223175 0.8435447216033936
vn -0.14300918579101562 0.3596266806125641 0.9220721125602722
vn -0.5230371952056885 0.35066720843315125 0.7768297791481018
vn -0.36550047993659973 0.3220786452293396 0.8733125925064087
vn -0.6823424696922302 0.24972665309906006 0.6870555281639099
vn -0.6800686120986938 0.2928498089313507 0.672120213508606
vn -0.6795506477355957 0.29998779296875 0.6694909334182739
vn -0.674827516078949 0.3493961691856384 0.6500232815742493
vn -0.6748274564743042 0.3493960201740265 0.650023341178894
vn -0.5715659260749817 0.27392011880874634 0.7734857201576233
vn -0.6748273372650146 0.3493959605693817 0.6500234603881836
vn -0.5876711010932922 0.2854095697402954 0.7570891380310059
vn -0.6748275756835938 0.3493959307670593 0.650023341178894
vn -0.674827516078949 0.34939590096473694 0.6500232815742493
vn -0.555083155632019 0.2622499465942383 0.78937166929245
vn -0.8005537986755371 0.2575225830078125 0.5411060452461243
vn -0.7069417834281921 0.2494475394487381 0.6618226766586304
vn -0.44377219676971436 0.22891981899738312 0.866407573223114
vn -0.4502408504486084 0.18978771567344666 0.8725043535232544
vn -0.4502410888671875 0.1897878348827362 0.8725041747093201
vn -0.44145485758781433 0.2418956458568573 0.8640626072883606
vn -0.45024120807647705 0.1897881180047989 0.8725039958953857
vn -0.45024099946022034 0.18978767096996307 0.8725042343139648
vn -0.4502412676811218 0.18978779017925262 0.8725041151046753
vn -0.4502412676811218 0.18978774547576904 0.8725041151046753
vn -0.442623496055603 0.23541302978992462 0.8652544617652893
vn -0.2603776454925537 0.25971493124961853 0.9299203157424927
vn -0.22658799588680267 0.2705781161785126 0.9356523752212524
vn -0.4502412974834442 0.18978789448738098 0.8725039958953857
vn -0.1925055980682373 0.2810916006565094 0.9401751160621643
vn 0.010782105848193169 0.33498892188072205 0.9421603679656982
vn 0.010782139375805855 0.33498871326446533 0.9421604871749878
vn 0.01078218873590231 0.33498868346214294 0.9421604871749878
vn -0.12901687622070312 0.2359577715396881 0.9631607532501221
vn 0.0022877573501318693 0.2906801402568817 0.9568175077438354
vn 0.1057855635881424 0.2607313394546509 0.9595982432365417
vn 0.20027680695056915 0.22315651178359985 0.9539865851402283
vn 0.19921863079071045 0.1826034039258957 0.9627918004989624
vn 0.010781883262097836 0.334988534450531 0.9421604871749878
vn 0.0022879522293806076 0.29068002104759216 0.956817626953125
vn 0.010781858116388321 0.33498886227607727 0.942160427570343
vn 0.0022881091572344303 0.2906801104545593 0.9568175077438354
vn 0.10578545928001404 0.26073136925697327 0.959598183631897
vn 0.3618719279766083 0.3008883595466614 0.8823349475860596
vn 0.010782081633806229 0.3349890410900116 0.9421603083610535
vn 0.010782024823129177 0.3349888324737549 0.942160427570343
vn 0.10578535497188568 0.26073119044303894 0.959598183631897
vn 0.1992187201976776 0.18260324001312256 0.9627917408943176
vn 0.19921864569187164 0.18260329961776733 0.9627917408943176
vn 0.19921889901161194 0.18260318040847778 0.9627918004989624
vn 0.19921892881393433 0.1826031655073166 0.9627917408943176
vn 0.20016348361968994 0.2181047797203064 0.955177903175354
vn 0.19921888411045074 0.18260319530963898 0.9627917408943176
vn 0.19921888411045074 0.1826031506061554 0.9627917408943176
vn 0.4029656946659088 0.23916786909103394 0.8834123611450195
vn 0.46852919459342957 0.2558666169643402 0.8455842137336731
vn 0.5081383585929871 0.21509641408920288 0.8339837193489075
vn 0.20004457235336304 0.2130475789308548 0.9563435316085815
vn 0.4360749125480652 0.24770353734493256 0.8651483058929443
vn 0.6424612402915955 0.29549598693847656 0.7070543169975281
vn 0.7032210826873779 0.22819571197032928 0.673354983329773
vn 0.642461359500885 0.2954957187175751 0.7070541977882385
vn 0.6424611210823059 0.29549556970596313 0.7070545554161072
vn 0.6424610614776611 0.2954957187175751 0.7070544958114624
vn 0.6424612402915955 0.2954956591129303 0.7070543766021729
vn 0.6420949101448059 0.2899523675441742 0.7096772193908691
vn 0.6421487331390381 0.2907450795173645 0.70930415391922
vn 0.6420406699180603 0.2891595959663391 0.7100496292114258
vn 0.6417044997215271 0.2843981981277466 0.7122731804847717
vn 0.6082383990287781 0.3278747797012329 0.722872257232666
vn 0.2786468267440796 0.18992292881011963 0.9414272308349609
vn 0.27864688634872437 0.18992292881011963 0.9414271712303162
vn 0.20084387063980103 0.25331899523735046 0.9463040232658386
vn 0.20084400475025177 0.25331911444664 0.9463040232658386
vn 0.35363683104515076 0.12460915744304657 0.9270456433296204
vn 0.35363689064979553 0.12460920959711075 0.9270455241203308
vn 0.3564569354057312 0.14837101101875305 0.9224556684494019
vn 0.35606685280799866 0.14498087763786316 0.9231451153755188
vn 0.3536367118358612 0.12460923939943314 0.9270456433296204
vn 0.35684236884117126 0.15175937116146088 0.9217551350593567
vn 0.353636771440506 0.12460915744304657 0.9270456433296204
vn 0.35363683104515076 0.12460919469594955 0.9270455837249756
vn 0.578318178653717 0.17832767963409424 0.7960824370384216
vn 0.35363680124282837 0.12460914999246597 0.9270455837249756
vn 0.3536367416381836 0.12460910528898239 0.9270456433296204
vn 0.6081074476242065 0.18521061539649963 0.7719472050666809
vn 0.5476514101028442 0.1711743026971817 0.8190099596977234
vn 0.6293206810951233 0.14401404559612274 0.763685405254364
vn 0.20084412395954132 0.2533189058303833 0.9463039636611938
vn 0.20084413886070251 0.2533190846443176 0.9463039636611938
vn 0.20084409415721893 0.25331899523735046 0.9463039636611938
vn -0.03471669554710388 0.18996992707252502 0.9811758995056152
vn 0.20084403455257416 0.2533189356327057 0.9463039636611938
vn 0.20084407925605774 0.25331902503967285 0.9463039636611938
vn -0.06922177970409393 0.17967072129249573 0.9812883734703064
vn 0.27864688634872437 0.18992280960083008 0.9414272308349609
vn 0.04967978969216347 0.16089989244937897 0.9857196807861328
vn -0.00016688824689481407 0.2000233381986618 0.9797911643981934
vn -0.3539882302284241 0.19943025708198547 0.9137395024299622
vn -0.4340352416038513 0.28052207827568054 0.8561079502105713
vn -0.3539884686470032 0.19943022727966309 0.9137394428253174
vn -0.26816946268081665 0.11508654057979584 0.9564728140830994
vn -0.2681695818901062 0.11508660763502121 0.9564727544784546
vn -0.26816967129707336 0.11508668959140778 0.9564727544784546
vn -0.2560039758682251 0.15899813175201416 0.9535101056098938
vn -0.26816967129707336 0.11508677154779434 0.9564727544784546
vn -0.2560041844844818 0.15899823606014252 0.9535101652145386
vn -0.24330495297908783 0.20257806777954102 0.9485593438148499
vn -0.24330486357212067 0.2025780826807022 0.9485594034194946
vn -0.2560041546821594 0.1589983105659485 0.953510046005249
vn -0.24330487847328186 0.20257820188999176 0.9485594034194946
vn -0.26816973090171814 0.1150866448879242 0.9564727544784546
vn -0.2681695818901062 0.11508680880069733 0.9564728140830994
vn -0.35398828983306885 0.19943024218082428 0.9137395024299622
vn -0.2681698501110077 0.11508672684431076 0.9564727544784546
vn -0.4340354800224304 0.28052183985710144 0.8561080098152161
vn -0.43403515219688416 0.28052178025245667 0.8561080694198608
vn -0.43403521180152893 0.2805221974849701 0.8561078906059265
vn -0.43403512239456177 0.28052186965942383 0.8561081290245056
vn -0.4340355396270752 0.28052231669425964 0.8561077117919922
vn -0.43403521180152893 0.2805216610431671 0.8561080694198608
vn -0.6043517589569092 0.20606668293476105 0.769607424736023
vn -0.6043516993522644 0.20606639981269836 0.7696073651313782
vn -0.6043514609336853 0.20606650412082672 0.769607663154602
vn -0.5254843831062317 0.17279186844825745 0.8330721259117126
vn -0.8218610882759094 0.23438598215579987 0.5192375183105469
vn -0.7492648363113403 0.1229492723941803 0.6507577896118164
vn -0.7492648363113403 0.12294898927211761 0.6507578492164612
vn -0.7492649555206299 0.12294910103082657 0.6507577300071716
vn -0.7492650151252747 0.1229492574930191 0.6507575511932373
vn -0.7492648363113403 0.12294912338256836 0.650757908821106
vn -0.7268285155296326 0.20843638479709625 0.6544269323348999
vn -0.73876953125 0.16585516929626465 0.653231680393219
vn -0.7387695908546448 0.16585507988929749 0.653231680393219
vn -0.726828396320343 0.20843636989593506 0.6544270515441895
vn -0.7492648363113403 0.12294888496398926 0.6507578492164612
vn -0.6822637915611267 0.14199186861515045 0.7171850800514221
vn -0.6822636723518372 0.14199192821979523 0.7171851396560669
vn -0.7268285155296326 0.20843639969825745 0.6544269919395447
vn -0.6306449770927429 0.07407934218645096 0.7725279331207275
vn -0.6306449174880981 0.0740792378783226 0.7725278735160828
vn -0.4481811821460724 0.14187631011009216 0.8826125264167786
vn -0.39147520065307617 0.10553597658872604 0.914116621017456
vn -0.5930075645446777 0.07957932353019714 0.8012546896934509
vn -0.5672683119773865 0.03453274443745613 0.8228086829185486
vn -0.3431159555912018 0.07767321169376373 0.9360759854316711
vn -0.5672683715820312 0.03453271836042404 0.8228087425231934
vn -0.5672683715820312 0.03453264757990837 0.8228086829185486
vn -0.5672683119773865 0.034532688558101654 0.8228087425231934
vn -0.34311598539352417 0.07767324894666672 0.9360759854316711
vn -0.6239737868309021 0.09926111996173859 0.775115430355072
vn -0.6168752312660217 0.12437474727630615 0.7771717309951782
vn -0.24330468475818634 0.20257815718650818 0.9485594034194946
vn -0.44818115234375 0.14187608659267426 0.8826124668121338
vn -0.2433047592639923 0.20257802307605743 0.9485594034194946
vn -0.4481812119483948 0.14187608659267426 0.8826125264167786
vn -0.6306447982788086 0.07407914847135544 0.7725279331207275
vn -0.6306449174880981 0.0740792527794838 0.7725278735160828
vn -0.6229856014251709 0.10285396128892899 0.7754418253898621
vn -0.6249533295631409 0.0956665500998497 0.7747781872749329
vn -0.6306447386741638 0.07407911121845245 0.7725279927253723
vn -0.6306447982788086 0.07407910376787186 0.7725279331207275
vn -0.6306449174880981 0.07407918572425842 0.7725278735160828
vn -0.6822635531425476 0.14199192821979523 0.7171851396560669
vn -0.5930075645446777 0.07957932353019714 0.8012546896934509
vn -0.5930076241493225 0.07957936823368073 0.8012546300888062
vn -0.6168751120567322 0.12437482178211212 0.7771718502044678
vn -0.6168751120567322 0.12437485158443451 0.7771718502044678
vn -0.5672682523727417 0.034532710909843445 0.8228086829185486
vn -0.616875171661377 0.12437476217746735 0.777171790599823
vn -0.6168751120567322 0.12437491863965988 0.7771718502044678
vn -0.6168749928474426 0.1243748813867569 0.7771719694137573
vn -0.11544135212898254 0.06068209931254387 0.9914590120315552
vn -0.11544144153594971 0.06068209186196327 0.9914589524269104
vn -0.1802385002374649 0.13226531445980072 0.9746896624565125
vn -0.1802387237548828 0.13226521015167236 0.9746896624565125
vn -0.11544137448072433 0.06068200618028641 0.9914590716362
vn -0.11544163525104523 0.0606820173561573 0.9914590120315552
vn -0.11544132232666016 0.06068212911486626 0.9914590120315552
vn -0.11544141918420792 0.06068210303783417 0.9914590120315552
vn -0.18023866415023804 0.13226521015167236 0.9746896624565125
vn -0.24330490827560425 0.20257803797721863 0.9485593438148499
vn -0.24330489337444305 0.20257799327373505 0.9485594034194946
vn -0.10610755532979965 0.08826356381177902 0.9904295206069946
vn -0.11544164270162582 0.06068206951022148 0.9914590120315552
vn -0.10610737651586533 0.08826363831758499 0.9904296398162842
vn -0.09668353199958801 0.11577004194259644 0.988559365272522
vn -0.10610739886760712 0.08826357126235962 0.9904295206069946
vn -0.09668327122926712 0.11577004939317703 0.988559365272522
vn -0.09668323397636414 0.11577025055885315 0.988559365272522
vn -0.09668323397636414 0.1157701388001442 0.988559365272522
vn -0.09668340533971786 0.11577003449201584 0.988559365272522
vn -0.09668324142694473 0.11577007919549942 0.988559365272522
vn -0.09668326377868652 0.11577003449201584 0.9885594248771667
vn -0.05391516536474228 0.053079668432474136 0.9971336722373962
vn -0.06465994566679001 0.06881564110517502 0.9955317378044128
vn 0.18503783643245697 0.08803557604551315 0.9787802696228027
vn 0.125690296292305 0.12006868422031403 0.9847768545150757
vn 0.41542869806289673 0.11519195139408112 0.9023025035858154
vn 0.3590654134750366 0.17204497754573822 0.9173181653022766
vn 0.09065809100866318 0.11178713291883469 0.98958820104599
vn 0.1605571061372757 0.12819182872772217 0.9786665439605713
vn 0.3590652644634247 0.1720447838306427 0.9173182845115662
vn 0.3590654134750366 0.1720450222492218 0.9173181653022766
vn 0.3590652644634247 0.17204485833644867 0.9173182249069214
vn 0.3590652644634247 0.17204473912715912 0.9173182845115662
vn 0.46903544664382935 0.057574816048145294 0.881300687789917
vn 0.46903568506240845 0.057574596256017685 0.8813006281852722
vn 0.4690357744693756 0.05757462978363037 0.8813005685806274
vn 0.4690355956554413 0.0575745664536953 0.8813006281852722
vn 0.4690355956554413 0.057574544101953506 0.8813006281852722
vn 0.46903565526008606 0.05757436528801918 0.8813006281852722
vn 0.41542869806289673 0.11519180238246918 0.9023024439811707
vn 0.41542848944664 0.115191750228405 0.9023025631904602
vn 0.3590654134750366 0.1720447689294815 0.9173181653022766
vn 0.3590654134750366 0.1720448136329651 0.9173181653022766
vn 0.47220662236213684 0.0798661932349205 0.8778623342514038
vn 0.471823513507843 0.07708152383565903 0.8783171772956848
vn 0.836783766746521 0.10648603737354279 0.5370787978172302
vn 0.8367839455604553 0.10648617893457413 0.5370784997940063
vn 0.8018589615821838 0.1634594053030014 0.5747200846672058
vn 0.8018589019775391 0.16345931589603424 0.5747202038764954
vn 0.7622174024581909 0.21947094798088074 0.6089805960655212
vn 0.7622172832489014 0.2194707840681076 0.608980655670166
vn 0.7622174620628357 0.21947073936462402 0.6089804768562317
vn 0.7622172236442566 0.2194708287715912 0.608980655670166
vn 0.7622174024581909 0.21947085857391357 0.6089805364608765
vn 0.7622172236442566 0.21947085857391357 0.6089807152748108
vn 0.7602182030677795 0.18921738862991333 0.6215022802352905
vn 0.7602182030677795 0.18921731412410736 0.6215023398399353
vn 0.7574008703231812 0.15876029431819916 0.633355438709259
vn 0.7574010491371155 0.1587604135274887 0.6333552598953247
vn 0.7574008703231812 0.15876038372516632 0.6333553791046143
vn 0.6782098412513733 0.10670560598373413 0.7270799875259399
vn 0.8385718464851379 0.1274610161781311 0.5296706557273865
vn 0.839942216873169 0.14837275445461273 0.5219987034797668
vn 0.8399422764778137 0.14837297797203064 0.5219987034797668
vn 0.8385718464851379 0.12746107578277588 0.5296705961227417
vn 0.46903568506240845 0.05757448822259903 0.8813005685806274
vn 0.7051326632499695 0.1133410632610321 0.6999584436416626
vn 0.6502668261528015 0.0999099388718605 0.7531076073646545
vn 0.8399420976638794 0.14837267994880676 0.5219988226890564
vn 0.839942216873169 0.1483728140592575 0.5219987630844116
vn 0.8399421572685242 0.148372620344162 0.5219987630844116
vn 0.8399422764778137 0.14837245643138885 0.5219986438751221
vn 0.8642200231552124 0.10013192892074585 0.49304890632629395
vn 0.8642200231552124 0.10013172775506973 0.4930489659309387
vn 0.7128807306289673 0.0752074122428894 0.6972408890724182
vn 0.47143661975860596 0.07429609447717667 0.878764808177948
vn 0.8399422764778137 0.14837272465229034 0.5219986438751221
vn 0.8385717868804932 0.12746118009090424 0.5296706557273865
vn 0.8367838263511658 0.10648614913225174 0.5370787978172302
vn 0.8367838859558105 0.10648591071367264 0.5370786190032959
vn 0.8367840051651001 0.10648610442876816 0.5370785593986511
vn 0.8367838859558105 0.10648615658283234 0.5370786190032959
vn 0.9929907917976379 0.11030087620019913 -0.04246177151799202
vn 0.9934516549110413 0.10673122107982635 -0.04077235236763954
vn 0.9934515953063965 0.10673116147518158 -0.040772199630737305
vn 0.9929908514022827 0.11030074954032898 -0.0424615852534771
vn 0.9938966035842896 0.10316076874732971 -0.039082493633031845
vn 0.9938966631889343 0.10316051542758942 -0.03908216208219528
vn 0.9934515953063965 0.10673150420188904 -0.04077206552028656
vn 0.9938966035842896 0.10316049307584763 -0.039082109928131104
vn 0.9938966035842896 0.10316061973571777 -0.03908258676528931
vn 0.9938966631889343 0.10316035151481628 -0.03908275067806244
vn 0.9938966631889343 0.10316065698862076 -0.03908161073923111
vn 0.9938966631889343 0.10316041857004166 -0.039082106202840805
vn 0.9724398255348206 0.08004270493984222 0.2189837396144867
vn 0.9724397659301758 0.08004289120435715 0.21898390352725983
vn 0.9596171975135803 0.12298110872507095 0.2530028820037842
vn 0.9724397659301758 0.08004293590784073 0.21898408234119415
vn 0.9929909110069275 0.11030089110136032 -0.042461685836315155
vn 0.9929907321929932 0.11030104011297226 -0.042461659759283066
vn 0.988640308380127 0.14981704950332642 -0.01205594465136528
vn 0.9886401891708374 0.14981712400913239 -0.012055964209139347
vn 0.9818131923675537 0.1889578104019165 0.018380040302872658
vn 0.9818131327629089 0.18895798921585083 0.01838015951216221
vn 0.9886401891708374 0.14981701970100403 -0.012055954895913601
vn 0.9818131923675537 0.18895789980888367 0.018380001187324524
vn 0.9450455904006958 0.15352953970432281 0.28864786028862
vn 0.9818132519721985 0.18895788490772247 0.01838035136461258
vn 0.9450455904006958 0.15352939069271088 0.28864774107933044
vn 0.9818131923675537 0.1889577955007553 0.018380174413323402
vn 0.8642200231552124 0.1001318097114563 0.49304893612861633
vn 0.8852530717849731 0.05151502788066864 0.46224814653396606
vn 0.8852529525756836 0.05151496082544327 0.462248295545578
vn 0.8852530717849731 0.05151506885886192 0.4622480273246765
vn 0.8852529525756836 0.05151492357254028 0.46224820613861084
vn 0.8852531909942627 0.051514819264411926 0.4622480273246765
vn 0.7574009299278259 0.1587604135274887 0.6333553791046143
vn 0.7574009299278259 0.15876035392284393 0.6333553194999695
vn 0.7574009895324707 0.1587604284286499 0.6333552598953247
vn 0.8758524656295776 0.22349467873573303 0.42770639061927795
vn 0.8617496490478516 0.21481578052043915 0.4596106708049774
vn 0.7574010491371155 0.15876036882400513 0.6333553194999695
vn 0.8758524656295776 0.22349466383457184 0.42770636081695557
vn 0.9413036108016968 0.2747046649456024 0.19617590308189392
vn 0.9413036108016968 0.27470463514328003 0.19617603719234467
vn 0.76021808385849 0.18921731412410736 0.6215023994445801
vn 0.9325950741767883 0.19221092760562897 0.3054855763912201
vn 0.7622172832489014 0.21947088837623596 0.6089805364608765
vn 0.8018589019775391 0.16345928609371185 0.5747200846672058
vn 0.8367838263511658 0.10648608952760696 0.5370786190032959
vn 0.9450456500053406 0.1535293161869049 0.28864771127700806
vn 0.9818131327629089 0.18895800411701202 0.01838020607829094
vn 0.9818131923675537 0.1889580488204956 0.018380021676421165
vn 0.983279287815094 0.18078117072582245 0.021909615024924278
vn 0.9835158586502075 0.17941683530807495 0.022497747093439102
vn 0.9835158586502075 0.17941685020923615 0.022497771307826042
vn 0.9851095080375671 0.16985587775707245 0.02661278285086155
vn 0.9851095080375671 0.16985587775707245 0.0266129020601511
vn 0.9682624340057373 0.22344711422920227 0.111979179084301
vn 0.9650133848190308 0.23095077276229858 0.12414103001356125
vn 0.941303551197052 0.2747044861316681 0.1961759775876999
vn 0.9851095080375671 0.16985586285591125 0.02661272883415222
vn 0.9851095080375671 0.16985605657100677 0.026612911373376846
vn 0.9851095080375671 0.16985595226287842 0.026612965390086174
vn 0.9851095080375671 0.16985578835010529 0.026612866669893265
vn 0.9851096272468567 0.16985583305358887 0.02661297470331192
vn 0.9525812268257141 0.2168489247560501 -0.21346086263656616
vn 0.9525811672210693 0.21684889495372772 -0.21346093714237213
vn 0.9525812268257141 0.21684886515140533 -0.21346084773540497
vn 0.8620389103889465 0.2506354749202728 -0.4405345916748047
vn 0.8620389699935913 0.2506353259086609 -0.4405345618724823
vn 0.8620390295982361 0.25063544511795044 -0.4405345618724823
vn 0.8620390295982361 0.2506353557109833 -0.4405345916748047
vn 0.8620390295982361 0.2506354749202728 -0.44053444266319275
vn 0.8620390295982361 0.25063556432724 -0.44053444266319275
vn 0.9476938843727112 0.17343686521053314 -0.2679475247859955
vn 0.8383591175079346 0.19511885941028595 -0.509001612663269
vn 0.9436624050140381 0.12351465225219727 -0.3069942891597748
vn 0.8258378505706787 0.12776285409927368 -0.549243688583374
vn 0.8203039765357971 0.1418633610010147 -0.5540542006492615
vn 0.8210071921348572 0.14010250568389893 -0.5534604787826538
vn 0.816017746925354 0.15241512656211853 -0.5575704574584961
vn 0.8160176873207092 0.1524151861667633 -0.5575703978538513
vn 0.8217068910598755 0.13834115862846375 -0.552864670753479
vn 0.816017746925354 0.15241526067256927 -0.5575703978538513
vn 0.8160176873207092 0.1524152159690857 -0.5575703978538513
vn 0.8160178065299988 0.15241515636444092 -0.5575702786445618
vn 0.8160176277160645 0.15241524577140808 -0.5575704574584961
vn 0.816017746925354 0.1524151861667633 -0.5575703978538513
vn 0.8417115807533264 0.20216979086399078 -0.5006484985351562
vn 0.8620390295982361 0.2506355047225952 -0.44053447246551514
vn 0.8417116403579712 0.20216983556747437 -0.5006484985351562
vn 0.6160833835601807 0.18207792937755585 -0.7663478255271912
vn 0.6160833835601807 0.18207800388336182 -0.7663477659225464
vn 0.679723858833313 0.242677703499794 -0.6921581625938416
vn 0.8619229793548584 0.25086236000061035 -0.4406324028968811
vn 0.8221080303192139 0.11480668932199478 -0.557636022567749
vn 0.9439282417297363 0.09467329829931259 -0.3162855803966522
vn 0.825786292552948 0.08069133013486862 -0.5581809878349304
vn 0.8181707262992859 0.10182159394025803 -0.5658878684043884
vn 0.8258377909660339 0.12776276469230652 -0.549243688583374
vn 0.9436624050140381 0.12351439893245697 -0.30699437856674194
vn 0.8258378505706787 0.1277627795934677 -0.5492437481880188
vn 0.8258377909660339 0.1277627944946289 -0.549243688583374
vn 0.8258377313613892 0.12776289880275726 -0.5492439270019531
vn 0.8258377313613892 0.12776289880275726 -0.5492437481880188
vn 0.8221079111099243 0.11480668932199478 -0.5576360821723938
vn 0.9436624050140381 0.12351454794406891 -0.30699431896209717
vn 0.9929907917976379 0.11030087620019913 -0.04246164858341217
vn 0.9929909110069275 0.11030091345310211 -0.04246155172586441
vn 0.9929907917976379 0.11030077189207077 -0.04246167093515396
vn 0.9953925609588623 0.07412946969270706 -0.06081601604819298
vn 0.9953925609588623 0.07412950694561005 -0.06081570312380791
vn 0.8258377909660339 0.12776286900043488 -0.5492437481880188
vn 0.6105558276176453 0.13585926592350006 -0.7802332639694214
vn 0.8221079707145691 0.11480674892663956 -0.5576361417770386
vn 0.8181707262992859 0.10182149708271027 -0.5658878087997437
vn 0.8181707859039307 0.10182153433561325 -0.5658877491950989
vn 0.8181708455085754 0.10182156413793564 -0.5658876299858093
vn 0.8181707262992859 0.10182159394025803 -0.5658878684043884
vn 0.8181707859039307 0.10182157158851624 -0.5658877491950989
vn 0.8181707859039307 0.10182163119316101 -0.5658878087997437
vn 0.8257863521575928 0.08069131523370743 -0.5581809878349304
vn 0.8257861733436584 0.08069135248661041 -0.5581809878349304
vn -0.605217456817627 0.195839986205101 -0.7715948224067688
vn -0.46910253167152405 0.06981346756219864 -0.8803799748420715
vn -0.4427829682826996 0.1440618336200714 -0.8849799633026123
vn -0.7763034701347351 0.20205697417259216 -0.5970979332923889
vn -0.40339821577072144 0.24166364967823029 -0.8825352787971497
vn -0.6822972893714905 0.18107196688652039 -0.7082961201667786
vn 0.3846352696418762 0.2774381935596466 -0.8803884387016296
vn 0.6941223740577698 0.27707839012145996 -0.6643956899642944
vn 0.658920407295227 0.2794012427330017 -0.6983973979949951
vn 0.384635329246521 0.277438223361969 -0.8803884387016296
vn 0.37364789843559265 0.2980571687221527 -0.878378689289093
vn 0.3846352696418762 0.27743813395500183 -0.8803884387016296
vn 0.3846352994441986 0.27743813395500183 -0.8803884387016296
vn 0.37503287196159363 0.2954881489276886 -0.8786563873291016
vn 0.3764145076274872 0.2929167151451111 -0.8789265155792236
vn 0.3846352696418762 0.2774381935596466 -0.8803884387016296
vn 0.6959531307220459 0.3290760815143585 -0.6382461786270142
vn 0.622136652469635 0.281053364276886 -0.730722188949585
vn 0.38463521003723145 0.2774381637573242 -0.8803884387016296
vn 0.3846352994441986 0.27743828296661377 -0.8803884387016296
vn 0.6417043805122375 0.2843981385231018 0.7122732400894165
vn 0.6417044997215271 0.2843981981277466 0.712273120880127
vn 0.8050941228866577 0.29593944549560547 0.5140461325645447
vn 0.8281744122505188 0.295952707529068 0.4759611189365387
vn 0.6082384586334229 0.3278747797012329 0.7228721380233765
vn 0.6417043209075928 0.28439831733703613 0.7122732996940613
vn 0.6082384586334229 0.3278747797012329 0.7228721380233765
vn 0.6417043209075928 0.28439828753471375 0.7122732996940613
vn 0.6417044401168823 0.28439804911613464 0.7122732996940613
vn 0.5728733539581299 0.37032753229141235 0.7312139272689819
vn 0.6417044401168823 0.2843981385231018 0.7122732400894165
vn -0.6748276352882385 0.3493959307670593 0.6500231623649597
vn -0.8164330124855042 0.2433880865573883 0.5236405730247498
vn -0.6748276352882385 0.34939590096473694 0.6500232219696045
vn -0.784068763256073 0.2714623212814331 0.5581616163253784
vn -0.6789935231208801 0.30710819363594055 0.6668224930763245
vn -0.8835388422012329 0.29587844014167786 0.3630635142326355
vn -0.6823424100875854 0.24972663819789886 0.6870556473731995
vn -0.6823424696922302 0.2497267723083496 0.6870555281639099
vn -0.6823424100875854 0.24972672760486603 0.6870555877685547
vn -0.682342529296875 0.24972687661647797 0.6870554089546204
vn -0.6823424696922302 0.24972674250602722 0.6870555877685547
vn -0.8167862892150879 0.3305846154689789 0.4728359878063202
vn -0.8167862296104431 0.33058470487594604 0.47283610701560974
vn -0.8936441540718079 0.38813525438308716 0.22528019547462463
vn -0.9401325583457947 0.30921855568885803 0.14329887926578522
vn -0.8936442732810974 0.38813516497612 0.2252800464630127
vn -0.9401325583457947 0.3092186450958252 0.14329878985881805
vn -0.9724156260490417 0.2256297916173935 0.05915255844593048
vn -0.9724156260490417 0.2256297469139099 0.05915244668722153
vn -0.9724156260490417 0.22562985122203827 0.05915249511599541
vn -0.9724157452583313 0.22562968730926514 0.05915267392992973
vn -0.9724156260490417 0.2256297767162323 0.05915255844593048
vn -0.9724156260490417 0.22562982141971588 0.05915248766541481
vn -0.9401326179504395 0.30921849608421326 0.14329893887043
vn -0.742933988571167 0.349712073802948 -0.5707457065582275
vn -0.7429339289665222 0.34971189498901367 -0.5707459449768066
vn -0.8634983897209167 0.24124598503112793 -0.44291186332702637
vn -0.8780151009559631 0.22456157207489014 -0.42268383502960205
vn -0.7429336905479431 0.34971222281455994 -0.5707459449768066
vn -0.8482059240341187 0.2577134370803833 -0.46274229884147644
vn -0.7429338693618774 0.3497120141983032 -0.5707459449768066
vn -0.7429336905479431 0.34971174597740173 -0.5707461833953857
vn -0.7429339289665222 0.34971165657043457 -0.5707459449768066
vn -0.7429338693618774 0.3497118651866913 -0.5707460045814514
vn -0.6704861521720886 0.2638216018676758 -0.6934309601783752
vn -0.6052170991897583 0.19583997130393982 -0.7715950012207031
vn -0.5055447220802307 0.2907865047454834 -0.8123225569725037
vn -0.7657960057258606 0.28338611125946045 -0.5772770643234253
vn -0.469102680683136 0.06981357932090759 -0.8803799152374268
vn -0.4691025912761688 0.06981349736452103 -0.8803799748420715
vn 0.02389470674097538 0.31633758544921875 -0.9483457803726196
vn -0.3526189923286438 0.36286988854408264 -0.8625457882881165
vn -0.38066738843917847 0.31133022904396057 -0.8707271814346313
vn -0.008296100422739983 0.3366664946079254 -0.9415874481201172
vn -0.29267624020576477 0.32536664605140686 -0.8991535902023315
vn -0.32333290576934814 0.4131358563899994 -0.8513369560241699
vn -0.29267632961273193 0.32536664605140686 -0.8991535902023315
vn -0.32333290576934814 0.41313570737838745 -0.8513370752334595
vn -0.3233330249786377 0.41313597559928894 -0.8513368964195251
vn -0.352618932723999 0.3628697991371155 -0.8625457882881165
vn -0.32333290576934814 0.4131358861923218 -0.8513369560241699
vn -0.32333311438560486 0.41313591599464417 -0.8513368368148804
vn -0.3233330249786377 0.41313570737838745 -0.8513369560241699
vn -0.3233330249786377 0.41313570737838745 -0.8513369560241699
vn -0.3526190221309662 0.3628697097301483 -0.8625459671020508
vn -0.2880106270313263 0.31246867775917053 -0.9052144289016724
vn -0.6163850426673889 0.29994651675224304 -0.728080689907074
vn -0.5820963382720947 0.31668514013290405 -0.748915433883667
vn -0.7903620600700378 0.1927615851163864 -0.5815245509147644
vn -0.7903619408607483 0.19276149570941925 -0.5815247893333435
vn -0.5820963978767395 0.31668516993522644 -0.7489153742790222
vn -0.7903619408607483 0.19276180863380432 -0.5815245509147644
vn -0.7903620600700378 0.1927618682384491 -0.5815246105194092
vn -0.7725940346717834 0.2608901858329773 -0.5788218379020691
vn -0.7692484855651855 0.2721569538116455 -0.5780894160270691
vn -0.7903620004653931 0.19276162981987 -0.5815247297286987
vn -0.7903620004653931 0.19276148080825806 -0.581524670124054
vn -0.7903620600700378 0.1927616447210312 -0.5815245509147644
vn -0.6512818932533264 0.36812523007392883 -0.6635629534721375
vn -0.8228511214256287 0.26411792635917664 -0.5031479597091675
vn -0.8315013647079468 0.28737157583236694 -0.4754188060760498
vn -0.827319324016571 0.2757923901081085 -0.489368200302124
vn -0.850416898727417 0.35420286655426025 -0.38901349902153015
vn -0.8504167795181274 0.3542030453681946 -0.38901346921920776
vn -0.8504168391227722 0.3542030453681946 -0.3890133798122406
vn -0.8504167795181274 0.3542029857635498 -0.3890135884284973
vn -0.8504167795181274 0.3542030453681946 -0.38901352882385254
vn -0.850416898727417 0.3542029559612274 -0.3890133798122406
vn -0.8504168391227722 0.3542030453681946 -0.3890134394168854
vn -0.9134156107902527 0.27356797456741333 -0.3013843595981598
vn -0.9295256733894348 0.30798786878585815 -0.2027943879365921
vn -0.9474719762802124 0.28907448053359985 -0.13686825335025787
vn -0.9390888810157776 0.29871878027915955 -0.1699383556842804
vn -0.9724156260490417 0.22562983632087708 0.05915243178606033
vn -0.9304270148277283 0.34746819734573364 -0.1164962574839592
vn -0.9221925139427185 0.3756360411643982 -0.09197063744068146
vn -0.8672558069229126 0.3108723759651184 -0.38887760043144226
vn -0.8578606247901917 0.3357216715812683 -0.3890581429004669
vn -0.9221925139427185 0.37563610076904297 -0.0919707864522934
vn -0.8672558665275574 0.3108724057674408 -0.3888774514198303
vn -0.8672560453414917 0.31087207794189453 -0.3888775408267975
vn -0.867255687713623 0.3108728229999542 -0.38887736201286316
vn -0.8672559261322021 0.31087228655815125 -0.38887733221054077
vn -0.8672558665275574 0.3108725845813751 -0.38887733221054077
vn -0.9228709936141968 0.3822641372680664 -0.04672524705529213
vn -0.8672559261322021 0.31087252497673035 -0.38887733221054077
vn -0.7071076035499573 0.4276086390018463 -0.5631603598594666
vn -0.7071074843406677 0.4276086986064911 -0.5631603598594666
vn -0.707107663154602 0.4276086688041687 -0.5631603002548218
vn -0.49770960211753845 0.5145621299743652 -0.6982198357582092
vn -0.497709721326828 0.5145622491836548 -0.6982197165489197
vn -0.4522673785686493 0.4319697320461273 -0.7802925109863281
vn -0.8590685129165649 0.33262762427330017 -0.38905036449432373
vn -0.8590683937072754 0.33262765407562256 -0.3890504837036133
vn -0.3806672692298889 0.31133028864860535 -0.8707272410392761
vn -0.49770987033843994 0.5145621299743652 -0.6982196569442749
vn -0.43537068367004395 0.4026305079460144 -0.805196225643158
vn -0.38066717982292175 0.3113301396369934 -0.8707273006439209
vn -0.38066741824150085 0.31133028864860535 -0.8707272410392761
vn -0.3806672990322113 0.31133031845092773 -0.8707271814346313
vn -0.38066744804382324 0.31133031845092773 -0.8707271218299866
vn -0.3806673288345337 0.31133025884628296 -0.8707272410392761
vn -0.008296048268675804 0.3366664946079254 -0.9415873885154724
vn -0.008296078070998192 0.33666637539863586 -0.9415874481201172
vn -0.4439171552658081 0.4173923134803772 -0.7929195165634155
vn -0.06785409152507782 0.39375799894332886 -0.9167063236236572
vn -0.4977096915245056 0.5145622491836548 -0.6982197761535645
vn -0.49771004915237427 0.5145620703697205 -0.6982195973396301
vn -0.49770984053611755 0.5145621299743652 -0.6982197165489197
vn -0.5899485349655151 0.2654821276664734 -0.7625482678413391
vn -0.5805572271347046 0.2986448109149933 -0.7574725151062012
vn -0.6303157806396484 0.0657062903046608 -0.7735533118247986
vn -0.6303158402442932 0.06570634245872498 -0.7735533118247986
vn -0.6303157806396484 0.06570610404014587 -0.7735533714294434
vn -0.6303157210350037 0.0657062754034996 -0.7735533118247986
vn -0.4977099299430847 0.5145621299743652 -0.6982197165489197
vn -0.8798519968986511 0.38853687047958374 -0.273677796125412
vn -0.570461094379425 0.33144518733024597 -0.7514773607254028
vn -0.7193156480789185 0.2787759602069855 -0.6362931132316589
vn -0.6303157806396484 0.06570632010698318 -0.7735533118247986
vn -0.630315899848938 0.06570621579885483 -0.7735532522201538
vn -0.6303157210350037 0.0657062903046608 -0.7735533714294434
vn -0.438442200422287 0.2522345185279846 -0.8626390695571899
vn -0.438442200422287 0.25223448872566223 -0.8626390695571899
vn -0.923972487449646 0.3281898498535156 0.19638310372829437
vn -0.923972487449646 0.32818976044654846 0.19638319313526154
vn -0.7657321095466614 0.4465063512325287 0.4629107415676117
vn -0.9239724278450012 0.3281898498535156 0.19638316333293915
vn -0.9239725470542908 0.3281899094581604 0.19638310372829437
vn -0.923972487449646 0.32818982005119324 0.19638307392597198
vn -0.9049073457717896 0.37217438220977783 0.20646794140338898
vn -0.889183521270752 0.40457653999328613 0.21370649337768555
vn -0.9074113965034485 0.36672013998031616 0.20523343980312347
vn -0.889183521270752 0.4045765995979309 0.2137063443660736
vn -0.889183521270752 0.4045765995979309 0.21370673179626465
vn -0.8891836404800415 0.40457653999328613 0.21370640397071838
vn -0.907411515712738 0.3667202293872833 0.20523342490196228
vn -0.8891834616661072 0.40457677841186523 0.21370665729045868
vn -0.8914610743522644 0.39637693762779236 0.21950499713420868
vn -0.7010235786437988 0.40895211696624756 0.5842295289039612
vn -0.8891834616661072 0.40457671880722046 0.21370655298233032
vn -0.889183521270752 0.4045765995979309 0.21370631456375122
vn -0.8914611339569092 0.3963770270347595 0.2195049673318863
vn -0.8914610743522644 0.39637693762779236 0.21950508654117584
vn -0.8936443328857422 0.38813498616218567 0.22528012096881866
vn -0.8936442732810974 0.3881351053714752 0.22528012096881866
vn -0.8936440348625183 0.3881353437900543 0.22528031468391418
vn -0.8936440348625183 0.38813528418540955 0.2252805531024933
vn -0.8936440944671631 0.3881351947784424 0.22528043389320374
vn -0.8167864084243774 0.33058446645736694 0.47283604741096497
vn -0.6823424696922302 0.2497267723083496 0.6870555281639099
vn -0.4630865752696991 0.3818073272705078 0.7998586893081665
vn -0.4933761656284332 0.36647069454193115 0.7888467907905579
vn -0.31460481882095337 0.2786126732826233 0.9074132442474365
vn -0.4271041452884674 0.4049171805381775 0.8084702491760254
vn -0.2962293326854706 0.3717934489250183 0.8797827363014221
vn -0.5232034921646118 0.5156733393669128 0.6784829497337341
vn -0.42710426449775696 0.40491706132888794 0.8084702491760254
vn -0.3146047294139862 0.27861258387565613 0.9074132442474365
vn -0.31460481882095337 0.2786126136779785 0.9074132442474365
vn -0.3146047294139862 0.2786127030849457 0.9074133038520813
vn -0.314604789018631 0.2786126732826233 0.9074133634567261
vn -0.314604789018631 0.2786126136779785 0.9074132442474365
vn -0.2933538854122162 0.3848704695701599 0.8751104474067688
vn -0.3146047592163086 0.2786126434803009 0.9074132442474365
vn -0.2749556005001068 0.46133652329444885 0.8435449600219727
vn -0.2749555706977844 0.46133682131767273 0.8435448408126831
vn -0.2749556601047516 0.46133673191070557 0.8435448408126831
vn -0.2749556005001068 0.4613366723060608 0.8435449600219727
vn 0.5728733539581299 0.3703274428844452 0.7312139272689819
vn 0.5688052773475647 0.3516567051410675 0.7435039281845093
vn 0.5655614733695984 0.33753466606140137 0.7524696588516235
vn 0.5260387063026428 0.3792748749256134 0.7612055540084839
vn 0.08533654361963272 0.3893125653266907 0.9171440601348877
vn 0.023917004466056824 0.3764929473400116 0.9261107444763184
vn 0.14641331136226654 0.4005684554576874 0.9044932723045349
vn 0.47057396173477173 0.43293318152427673 0.7688491344451904
vn 0.47057417035102844 0.4329332113265991 0.7688490748405457
vn 0.4705739915370941 0.43293315172195435 0.7688491344451904
vn 0.47057390213012695 0.4329332411289215 0.7688491344451904
vn 0.4705740809440613 0.4329332113265991 0.7688490748405457
vn 0.4705739915370941 0.43293309211730957 0.7688491344451904
vn 0.5124382972717285 0.3929339647293091 0.763550877571106
vn 0.4705740809440613 0.4329332709312439 0.7688490748405457
vn 0.5655614137649536 0.33753466606140137 0.7524697184562683
vn 0.5192629098892212 0.38612261414527893 0.7624141573905945
vn 0.5655614137649536 0.33753469586372375 0.7524697184562683
vn 0.5655614137649536 0.3375346064567566 0.7524697780609131
vn 0.5655616521835327 0.3375345766544342 0.752469539642334
vn 0.7919893860816956 0.36681556701660156 0.488056480884552
vn 0.7919893860816956 0.36681559681892395 0.4880564212799072
vn 0.5698499083518982 0.3563423752784729 0.740466833114624
vn 0.5655614733695984 0.337534636259079 0.7524696588516235
vn 0.5728731751441956 0.37032753229141235 0.7312139868736267
vn 0.5728732347488403 0.3703274726867676 0.7312139272689819
vn 0.5693298578262329 0.3540010452270508 0.7419884204864502
vn 0.5728733539581299 0.37032756209373474 0.7312138080596924
vn 0.8080686330795288 0.34425655007362366 0.478029727935791
vn 0.5655614733695984 0.3375346064567566 0.7524697184562683
vn 0.7919893264770508 0.3668157160282135 0.4880565404891968
vn 0.9217618703842163 0.3513299524784088 0.16408036649227142
vn 0.9217617511749268 0.35133010149002075 0.16408061981201172
vn 0.9287447929382324 0.33626359701156616 0.1560768187046051
vn 0.9278891086578369 0.33815324306488037 0.15708027780056
vn 0.9217619299888611 0.35132989287376404 0.16408024728298187
vn 0.9217618703842163 0.3513300120830536 0.16408035159111023
vn 0.927028477191925 0.34004122018814087 0.1580830067396164
vn 0.9217619299888611 0.3513299524784088 0.16408024728298187
vn 0.9187405109405518 0.3616099953651428 -0.158600851893425
vn 0.912588894367218 0.3904130160808563 0.12148775905370712
vn 0.8954931497573853 0.44044265151023865 0.06404988467693329
vn 0.8938512206077576 0.40389153361320496 -0.19468365609645844
vn 0.89549320936203 0.44044241309165955 0.06404980272054672
vn 0.908827543258667 0.4031726121902466 0.1071648895740509
vn 0.9217618107795715 0.35133013129234314 0.16408033668994904
vn 0.9217617511749268 0.35133007168769836 0.1640804409980774
vn 0.9107517600059509 0.3968117833137512 0.1143316850066185
vn 0.8954931497573853 0.44044259190559387 0.0640498548746109
vn 0.8954931497573853 0.44044262170791626 0.06404969096183777
vn 0.8954931497573853 0.4404425323009491 0.06404975801706314
vn 0.89549320936203 0.4404425621032715 0.06404975056648254
vn 0.8954931497573853 0.44044265151023865 0.06404963880777359
vn 0.897948682308197 0.41103556752204895 -0.15728284418582916
vn 0.8938511610031128 0.40389156341552734 -0.19468355178833008
vn 0.8311755657196045 0.3397621214389801 -0.44012385606765747
vn 0.8311755657196045 0.3397621214389801 -0.44012385606765747
vn 0.8311756253242493 0.3397619426250458 -0.4401237368583679
vn 0.8499271273612976 0.3112639784812927 -0.42513352632522583
vn 0.6606404185295105 0.40351399779319763 -0.6330329775810242
vn 0.8311755657196045 0.3397620618343353 -0.4401237964630127
vn 0.6606404185295105 0.40351399779319763 -0.633033037185669
vn 0.8311755657196045 0.33976203203201294 -0.44012385606765747
vn 0.8311755657196045 0.3397621512413025 -0.4401237368583679
vn 0.8311755061149597 0.33976221084594727 -0.4401237964630127
vn 0.6606404781341553 0.40351399779319763 -0.6330329775810242
vn 0.44362252950668335 0.43887436389923096 -0.7814015746116638
vn 0.44362252950668335 0.43887436389923096 -0.781401515007019
vn 0.443622350692749 0.43887439370155334 -0.7814016342163086
vn 0.4680905342102051 0.40628889203071594 -0.7847424149513245
vn 0.8499271273612976 0.3112638592720032 -0.42513352632522583
vn 0.8499271273612976 0.3112638592720032 -0.4251336455345154
vn 0.36527255177497864 0.3134138286113739 -0.876554548740387
vn 0.4060203731060028 0.3776070475578308 -0.832202136516571
vn 0.40037035942077637 0.36858126521110535 -0.8389585018157959
vn 0.44362249970436096 0.4388744831085205 -0.781401515007019
vn 0.44362252950668335 0.4388744831085205 -0.7814014554023743
vn 0.3652724027633667 0.3134137988090515 -0.8765546083450317
vn 0.36527252197265625 0.31341391801834106 -0.8765544891357422
vn 0.36527255177497864 0.3134138882160187 -0.8765544295310974
vn 0.36527249217033386 0.31341373920440674 -0.876554548740387
vn 0.3652724027633667 0.31341391801834106 -0.8765544891357422
vn 0.3652724623680115 0.3134138286113739 -0.876554548740387
vn 0.4116058349609375 0.38657262921333313 -0.8253134489059448
vn 0.4436224102973938 0.4388745427131653 -0.7814015746116638
vn 0.4436225891113281 0.43887442350387573 -0.781401515007019
vn 0.4646401107311249 0.4109894633293152 -0.7843450903892517
vn 0.938895583152771 0.31650838255882263 -0.13526871800422668
vn 0.938895583152771 0.31650838255882263 -0.135268896818161
vn 0.8674987554550171 0.2823334038257599 -0.40955308079719543
vn 0.8674987554550171 0.2823334038257599 -0.4095531105995178
vn 0.8674988150596619 0.2823334038257599 -0.4095531105995178
vn 0.8674986958503723 0.28233346343040466 -0.4095531404018402
vn 0.8674988150596619 0.2823336124420166 -0.40955299139022827
vn 0.8648670315742493 0.26677748560905457 -0.4252467155456543
vn 0.8618070483207703 0.25108927488327026 -0.4407299757003784
vn 0.8618069887161255 0.25108930468559265 -0.44072994589805603
vn 0.8618069887161255 0.25108927488327026 -0.44072994589805603
vn 0.8618069887161255 0.25108930468559265 -0.44072994589805603
vn 0.8618069887161255 0.25108933448791504 -0.4407300353050232
vn 0.8618069887161255 0.2510894536972046 -0.4407300651073456
vn 0.8619229793548584 0.25086236000061035 -0.44063234329223633
vn 0.9555894136428833 0.2742443084716797 -0.10788397490978241
vn 0.8619063496589661 0.2508949041366577 -0.44064629077911377
vn 0.8618069887161255 0.2510894238948822 -0.4407300055027008
vn 0.8674987554550171 0.2823335528373718 -0.4095531702041626
vn 0.9388954639434814 0.3165085017681122 -0.1352689564228058
vn 0.8644558787345886 0.26454389095306396 -0.42747223377227783
vn 0.8648670315742493 0.26677754521369934 -0.4252466857433319
vn 0.8674988150596619 0.28233349323272705 -0.40955305099487305
vn 0.9337748885154724 0.3248886466026306 0.15003949403762817
vn 0.9337748289108276 0.324888676404953 0.15003952383995056
vn 0.9337748885154724 0.32488879561424255 0.1500394642353058
vn 0.9337747693061829 0.3248889744281769 0.15003949403762817
vn 0.9394893646240234 0.28065013885498047 0.1964566558599472
vn 0.9394893646240234 0.28065019845962524 0.196456640958786
vn 0.9394893646240234 0.28065019845962524 0.1964566707611084
vn 0.9394893646240234 0.28065016865730286 0.19645662605762482
vn 0.9366993308067322 0.30608463287353516 0.17001880705356598
vn 0.9375161528587341 0.29976168274879456 0.17665314674377441
vn 0.9337747693061829 0.3248889148235321 0.15003935992717743
vn 0.9394894242286682 0.2806500196456909 0.19645661115646362
vn 0.940401017665863 0.2776786684989929 0.19631731510162354
vn 0.940401017665863 0.2776786684989929 0.1963173896074295
vn 0.9371176362037659 0.3029264807701111 0.17333795130252838
vn 0.9682624340057373 0.22344690561294556 0.11197925359010696
vn 0.9413036108016968 0.27470460534095764 0.19617602229118347
vn 0.941303551197052 0.2747046947479248 0.19617600739002228
vn 0.9413036108016968 0.27470457553863525 0.19617608189582825
vn 0.9402713179588318 0.2781033515930176 0.1963372826576233
vn 0.941303551197052 0.27470460534095764 0.19617615640163422
vn 0.8454573750495911 0.2726917564868927 0.45917415618896484
vn 0.8496125340461731 0.29537901282310486 0.43693220615386963
vn 0.9394893646240234 0.28065022826194763 0.19645653665065765
vn 0.9394893646240234 0.28065013885498047 0.19645653665065765
vn 0.9337748289108276 0.32488876581192017 0.15003953874111176
vn 0.9337748885154724 0.32488879561424255 0.15003938972949982
vn 0.0009053780813701451 0.24229738116264343 -0.9702016115188599
vn -0.25882062315940857 0.23404139280319214 -0.9371427297592163
vn 0.04632649943232536 0.24203750491142273 -0.9691603779792786
vn -0.2588208317756653 0.23404131829738617 -0.9371427297592163
vn -0.25882062315940857 0.2340412437915802 -0.9371427893638611
vn 0.0916518047451973 0.24127767980098724 -0.966118574142456
vn -0.2588207721710205 0.23404119908809662 -0.9371427893638611
vn -0.25882086157798767 0.23404143750667572 -0.9371426701545715
vn -0.2588210105895996 0.2340412437915802 -0.9371426701545715
vn -0.2588209807872772 0.2340410202741623 -0.9371427297592163
vn -0.3673950731754303 0.1533605456352234 -0.9173338413238525
vn -0.3673952519893646 0.1533604860305786 -0.9173337817192078
vn -0.46910256147384644 0.06981350481510162 -0.8803800344467163
vn 0.36609190702438354 0.25248682498931885 -0.8956713080406189
vn 0.3687695264816284 0.2560720145702362 -0.8935524821281433
vn 0.34710928797721863 0.22723253071308136 -0.9098793864250183
vn 0.34710928797721863 0.22723262012004852 -0.9098793864250183
vn 0.34710925817489624 0.22723257541656494 -0.9098793864250183
vn 0.34710922837257385 0.22723257541656494 -0.9098794460296631
vn 0.34710925817489624 0.22723273932933807 -0.9098793864250183
vn 0.34710925817489624 0.2272324115037918 -0.9098794460296631
vn 0.3471093475818634 0.2272326648235321 -0.9098793864250183
vn 0.3634054362773895 0.248895525932312 -0.8977680802345276
vn 0.3544561564922333 0.21403643488883972 -0.9102468490600586
vn 0.364126056432724 0.19636580348014832 -0.9104135036468506
vn 0.35688745975494385 0.20962630212306976 -0.9103230237960815
vn 0.3641261160373688 0.19636592268943787 -0.9104134440422058
vn 0.36412617564201355 0.19636571407318115 -0.9104135036468506
vn 0.3556729853153229 0.2118321657180786 -0.9102878570556641
vn -0.0657244324684143 0.18694236874580383 -0.9801697731018066
vn 0.34285297989845276 0.16634981334209442 -0.9245428442955017
vn 0.3136603534221649 0.1259269416332245 -0.941148042678833
vn -0.004765576682984829 0.13261793553829193 -0.991155743598938
vn 0.3392517566680908 0.1613168567419052 -0.9267605543136597
vn 0.31366023421287537 0.1259269267320633 -0.9411481022834778
vn 0.364126056432724 0.19636593759059906 -0.9104135036468506
vn 0.6160834431648254 0.18207794427871704 -0.7663477659225464
vn 0.33563610911369324 0.1562768518924713 -0.9289380311965942
vn 0.3641262948513031 0.1963655948638916 -0.9104134440422058
vn 0.3641260862350464 0.19636568427085876 -0.9104134440422058
vn 0.36412617564201355 0.19636568427085876 -0.9104135036468506
vn -0.4691025912761688 0.06981346011161804 -0.8803799152374268
vn -0.4333574175834656 0.16871444880962372 -0.8852891325950623
vn -0.46910253167152405 0.06981346756219864 -0.8803799748420715
vn -0.4033982753753662 0.24166381359100342 -0.8825353384017944
vn -0.46910274028778076 0.06981348246335983 -0.880379855632782
vn -0.36739516258239746 0.15336059033870697 -0.9173337817192078
vn -0.43810853362083435 0.15640181303024292 -0.8852115273475647
vn -0.403398334980011 0.24166373908519745 -0.8825352787971497
vn -0.32269641757011414 0.12552456557750702 -0.9381421208381653
vn -0.3640998899936676 0.18412648141384125 -0.9129779934883118
vn -0.403398334980011 0.2416636347770691 -0.8825352191925049
vn -0.36985915899276733 0.19243474304676056 -0.9089406132698059
vn -0.32269635796546936 0.12552453577518463 -0.9381421208381653
vn -0.40339821577072144 0.2416635900735855 -0.8825353980064392
vn -0.40339839458465576 0.24166354537010193 -0.8825352191925049
vn -0.4033983051776886 0.2416636049747467 -0.8825352787971497
vn -0.3582974970340729 0.1757962852716446 -0.916907012462616
vn -0.6822972893714905 0.181071937084198 -0.7082961797714233
vn -0.6822972297668457 0.18107204139232635 -0.7082960605621338
vn -0.63744056224823 0.15355676412582397 -0.7550429105758667
vn -0.32269635796546936 0.1255245953798294 -0.9381421208381653
vn -0.33085983991622925 0.1133512631058693 -0.9368475079536438
vn -0.3226964771747589 0.12552474439144135 -0.9381421208381653
vn -0.3335656225681305 0.10928744077682495 -0.9363707900047302
vn -0.3226964473724365 0.125524640083313 -0.9381420612335205
vn -0.3226965665817261 0.12552466988563538 -0.9381420612335205
vn -0.3226965665817261 0.12552478909492493 -0.9381420016288757
vn -0.004765684250742197 0.1326180100440979 -0.991155743598938
vn -0.004765576682984829 0.1326179802417755 -0.991155743598938
vn 0.0017574283992871642 0.11686214059591293 -0.9931465983390808
vn -0.33221372961997986 0.11131958663463593 -0.9366119503974915
vn -0.34163323044776917 0.09708178788423538 -0.9348058700561523
vn -0.341633141040802 0.09708172082901001 -0.9348058700561523
vn -0.35919448733329773 0.14778655767440796 -0.9214870929718018
vn -0.34163302183151245 0.09708191454410553 -0.9348058700561523
vn -0.3416329026222229 0.09708180278539658 -0.9348058700561523
vn -0.3416329324245453 0.09708187729120255 -0.9348058700561523
vn -0.34163302183151245 0.09708184748888016 -0.9348058700561523
vn -0.34163299202919006 0.09708186239004135 -0.9348058104515076
vn -0.6339706182479858 0.08781003952026367 -0.7683558464050293
vn -0.5998752117156982 0.08958836644887924 -0.7950621247291565
vn -0.8063639402389526 0.07436572015285492 -0.5867257118225098
vn -0.8063639998435974 0.0743657574057579 -0.5867255926132202
vn -0.5646527409553528 0.09119830280542374 -0.8202745318412781
vn 0.3323572874069214 0.0989978164434433 -0.9379435181617737
vn 0.3506934940814972 0.07196122407913208 -0.9337214231491089
vn 0.3632735311985016 0.1290871500968933 -0.9226964712142944
vn 0.3136604428291321 0.12592682242393494 -0.941148042678833
vn 0.31366023421287537 0.12592695653438568 -0.9411481022834778
vn 0.313660204410553 0.12592679262161255 -0.9411481022834778
vn 0.3136603832244873 0.1259269118309021 -0.941148042678833
vn 0.32970699667930603 0.10285339504480362 -0.9384638667106628
vn 0.33500006794929504 0.09513993561267853 -0.9374024271965027
vn 0.3136604428291321 0.12592686712741852 -0.9411479830741882
vn 0.35069358348846436 0.07196122407913208 -0.9337213635444641
vn 0.35069355368614197 0.07196119427680969 -0.9337213635444641
vn 0.35069355368614197 0.0719611868262291 -0.9337213635444641
vn 0.35069358348846436 0.07196122407913208 -0.9337214231491089
vn 0.3506935238838196 0.0719611793756485 -0.9337214827537537
vn 0.35069355368614197 0.07196121662855148 -0.9337213635444641
vn 0.6122082471847534 0.0910211056470871 -0.7854401469230652
vn 0.6122082471847534 0.09102105349302292 -0.7854401469230652
vn 0.6122081279754639 0.09102106839418411 -0.7854402661323547
vn -0.8315094709396362 0.15301892161369324 -0.534019947052002
vn -0.8063639998435974 0.07436578720808029 -0.586725652217865
vn -0.8063639998435974 0.07436580210924149 -0.5867255926132202
vn -0.8063639402389526 0.0743657723069191 -0.5867255926132202
vn -0.8063639998435974 0.07436563074588776 -0.586725652217865
vn -0.9615287184715271 0.26934441924095154 0.054000530391931534
vn -0.9574547410011292 0.28381285071372986 0.05225621163845062
vn -0.9650238752365112 0.22924800217151642 -0.12717778980731964
vn -0.9439368844032288 0.32676947116851807 0.04695850610733032
vn -0.9472413659095764 0.12249264866113663 -0.296191543340683
vn -0.9472412467002869 0.1224929615855217 -0.29619166254997253
vn -0.9387112855911255 0.1888868510723114 -0.28834518790245056
vn -0.9472413063049316 0.12249275296926498 -0.29619166254997253
vn -0.9472413063049316 0.12249268591403961 -0.2961915135383606
vn -0.9472414255142212 0.12249256670475006 -0.2961914539337158
vn -0.9472414255142212 0.12249255180358887 -0.2961914539337158
vn -0.9472412467002869 0.12249293178319931 -0.29619160294532776
vn -0.965023934841156 0.2292480319738388 -0.12717783451080322
vn -0.9439367651939392 0.3267694413661957 0.046958379447460175
vn -0.9650239944458008 0.22924792766571045 -0.1271776556968689
vn -0.940243661403656 0.24669957160949707 0.23469366133213043
vn -0.943936824798584 0.32676932215690613 0.046958714723587036
vn -0.971508264541626 0.2356211096048355 0.02557775378227234
vn -0.940243661403656 0.24669963121414185 0.2346937656402588
vn -0.8973713517189026 0.15635010600090027 0.4126489460468292
vn -0.8973713517189026 0.15635007619857788 0.4126491844654083
vn -0.9402437210083008 0.2466995120048523 0.2346937209367752
vn -0.943936824798584 0.32676950097084045 0.04695874825119972
vn -0.943936824798584 0.3267693519592285 0.0469588004052639
vn -0.9439367055892944 0.3267696797847748 0.04695843905210495
vn -0.9439367651939392 0.32676962018013 0.046958472579717636
vn -0.9595191478729248 0.27658674120903015 0.05312994122505188
vn -0.8973714709281921 0.15635009109973907 0.4126489460468292
vn -0.8855002522468567 0.24809658527374268 0.3928580582141876
vn -0.8973715901374817 0.15635015070438385 0.41264861822128296
vn -0.8973714709281921 0.156350240111351 0.41264885663986206
vn -0.8973715305328369 0.15635007619857788 0.41264885663986206
vn -0.8973714709281921 0.15635032951831818 0.4126487970352173
vn -0.8999521136283875 0.17992469668388367 0.39713141322135925
vn -0.8218611478805542 0.23438572883605957 0.5192375183105469
vn -0.8657037615776062 0.33762243390083313 0.3695511519908905
vn -0.9299501180648804 0.2310941517353058 0.2859862744808197
vn -0.8657037615776062 0.3376223146915436 0.36955133080482483
vn -0.9375050663948059 0.21527796983718872 0.2733851969242096
vn -0.865703821182251 0.33762219548225403 0.36955127120018005
vn -0.9299502372741699 0.2310941517353058 0.28598618507385254
vn -0.865703821182251 0.33762219548225403 0.3695512115955353
vn -0.8657037615776062 0.33762213587760925 0.36955130100250244
vn -0.8657038807868958 0.3376220166683197 0.36955133080482483
vn -0.8855001926422119 0.24809668958187103 0.39285808801651
vn -0.8855002522468567 0.24809657037258148 0.39285802841186523
vn -0.865703821182251 0.3376222550868988 0.3695511221885681
vn -0.813098132610321 0.21869885921478271 0.539483368396759
vn -0.7492649555206299 0.1229490414261818 0.6507576107978821
vn -0.7387695908546448 0.16585516929626465 0.6532316207885742
vn -0.8788121342658997 0.1332973688840866 0.45817145705223083
vn -0.7268281579017639 0.20843642950057983 0.6544272899627686
vn -0.9716858863830566 0.049192141741514206 0.2310987114906311
vn -0.9716858863830566 0.04919227212667465 0.23109862208366394
vn -0.8600921034812927 0.14496295154094696 0.4891085922718048
vn -0.7268280982971191 0.20843641459941864 0.6544274091720581
vn -0.9716858267784119 0.04919218644499779 0.23109886050224304
vn -0.9716858863830566 0.049192339181900024 0.23109880089759827
vn -0.9733489751815796 0.08936464786529541 0.21120084822177887
vn -0.9732481241226196 0.08434932678937912 0.213713139295578
vn -0.9733108282089233 0.11937594413757324 0.1959984004497528
vn -0.9733108878135681 0.11937608569860458 0.19599854946136475
vn -0.9733108878135681 0.11937607079744339 0.19599854946136475
vn -0.9733108282089233 0.11937586963176727 0.19599835574626923
vn -0.9733108878135681 0.11937587708234787 0.19599848985671997
vn -0.9733108282089233 0.11937593668699265 0.195998415350914
vn -0.9716858863830566 0.04919206723570824 0.23109859228134155
vn -0.9732481241226196 0.08434922993183136 0.21371318399906158
vn -0.9832665324211121 0.16004705429077148 -0.08701705187559128
vn -0.9733108282089233 0.11937613785266876 0.1959984004497528
vn -0.9802718758583069 0.19293373823165894 -0.04293794184923172
vn -0.9802718758583069 0.19293363392353058 -0.04293796420097351
vn -0.9831085205078125 0.18285347521305084 -0.007895014248788357
vn -0.9387111663818359 0.1888868808746338 -0.2883451282978058
vn -0.9401941299438477 0.17943349480628967 -0.28954893350601196
vn -0.9259170889854431 0.25442326068878174 -0.27918893098831177
vn -0.9259172081947327 0.2544231712818146 -0.2791888117790222
vn -0.9259170889854431 0.2544233798980713 -0.27918878197669983
vn -0.9259171485900879 0.25442323088645935 -0.2791885435581207
vn -0.9259172081947327 0.2544233500957489 -0.2791886329650879
vn -0.9259169697761536 0.2544234097003937 -0.2791889011859894
vn -0.9259170889854431 0.2544233202934265 -0.2791888117790222
vn -0.9118527770042419 0.17859023809432983 -0.36963507533073425
vn -0.9118527770042419 0.17859028279781342 -0.3696349859237671
vn -0.8849049210548401 0.10023384541273117 -0.45485883951187134
vn -0.8849049210548401 0.10023368895053864 -0.4548588991165161
vn -0.8849048614501953 0.10023371875286102 -0.4548588693141937
vn -0.8849048614501953 0.10023369640111923 -0.4548588991165161
vn -0.8849049210548401 0.10023379325866699 -0.45485877990722656
vn -0.8849049210548401 0.10023371130228043 -0.45485877990722656
vn -0.8849048614501953 0.10023368149995804 -0.4548588693141937
vn -0.9118527770042419 0.1785901039838791 -0.36963507533073425
vn -0.8688189387321472 0.16560527682304382 -0.46661388874053955
vn -0.8486752510070801 0.23020367324352264 -0.47618958353996277
vn -0.8486752510070801 0.23020343482494354 -0.47618982195854187
vn -0.9343518614768982 0.16141599416732788 -0.31769680976867676
vn -0.955686628818512 0.13652731478214264 -0.26081252098083496
vn -0.8486752510070801 0.23020358383655548 -0.47618964314460754
vn -0.9455289840698242 0.1490519642829895 -0.28941068053245544
vn -0.868818998336792 0.16560524702072144 -0.46661388874053955
vn -0.8688189387321472 0.1656053513288498 -0.46661385893821716
vn -0.8486753702163696 0.23020347952842712 -0.47618967294692993
vn -0.8486753702163696 0.23020349442958832 -0.47618967294692993
vn -0.8315093517303467 0.15301892161369324 -0.534019947052002
vn -0.8486751914024353 0.2302035540342331 -0.47618988156318665
vn -0.8486751914024353 0.230203777551651 -0.47618982195854187
vn -0.9943000078201294 0.06032075360417366 -0.08791453391313553
vn -0.981825053691864 0.15778912603855133 0.10546130686998367
vn -0.9943000078201294 0.06032080575823784 -0.087914377450943
vn -0.9943000078201294 0.06032070145010948 -0.08791429549455643
vn -0.9943000078201294 0.06032054126262665 -0.08791448920965195
vn -0.9943000078201294 0.06032094359397888 -0.08791441470384598
vn -0.9942998886108398 0.060321222990751266 -0.08791445940732956
vn -0.9365785121917725 0.09595613181591034 -0.3370654881000519
vn -0.9938811659812927 0.06585264205932617 -0.08867696672677994
vn -0.9929327964782715 0.05255722999572754 -0.10640627890825272
vn -0.9934312105178833 0.0713823139667511 -0.08943694829940796
vn -0.9938811659812927 0.06585285812616348 -0.08867717534303665
vn -0.9934312701225281 0.07138226926326752 -0.08943691104650497
vn -0.8315093517303467 0.15301884710788727 -0.5340201258659363
vn -0.8063639998435974 0.07436585426330566 -0.5867255926132202
vn -0.8040093183517456 0.07974224537611008 -0.5892453789710999
vn -0.9528862833976746 0.14936941862106323 0.2640012204647064
vn -0.9528862237930298 0.14936937391757965 0.2640012502670288
vn -0.9716858863830566 0.0491921529173851 0.23109875619411469
vn -0.9231554865837097 0.24783329665660858 0.29387542605400085
vn -0.9231554865837097 0.247833251953125 0.29387521743774414
vn -0.9818251729011536 0.1577887386083603 0.10546142607927322
vn -0.9231554865837097 0.24783307313919067 0.2938753366470337
vn -0.9231554865837097 0.2478334754705429 0.2938750386238098
vn -0.9231554269790649 0.24783334136009216 0.2938753366470337
vn -0.923155665397644 0.24783332645893097 0.2938748896121979
vn -0.9865385293960571 0.1440008580684662 0.0774950161576271
vn -0.922623336315155 0.14127923548221588 0.3588961064815521
vn -0.9231554269790649 0.24783329665660858 0.2938752770423889
vn -0.9234808087348938 0.1547994166612625 0.3510274589061737
vn -0.9528862833976746 0.149369478225708 0.26400119066238403
vn -0.9716858863830566 0.049191977828741074 0.2310987412929535
vn -0.8788119554519653 0.13329719007015228 0.45817166566848755
vn -0.829088032245636 0.13243183493614197 0.5432078838348389
vn -0.912796676158905 0.05992007255554199 0.4039947986602783
vn -0.7879239916801453 0.0949290320277214 0.6084112524986267
vn -0.9234808087348938 0.15479932725429535 0.35102739930152893
vn -0.9127967953681946 0.05992009490728378 0.4039946496486664
vn -0.9127969145774841 0.05992019176483154 0.40399447083473206
vn -0.9131460785865784 0.05850372090935707 0.4034123420715332
vn -0.9130590558052063 0.05885784327983856 0.40355804562568665
vn -0.9127967953681946 0.059919990599155426 0.403994619846344
vn -0.9127967357635498 0.05992009490728378 0.40399470925331116
vn -0.9131025075912476 0.05868081375956535 0.40348514914512634
vn -0.9127966165542603 0.05992001295089722 0.40399494767189026
vn -0.9127967357635498 0.059919968247413635 0.4039946496486664
vn -0.984564483165741 0.06651626527309418 0.16189031302928925
vn -0.9134065508842468 0.05744156241416931 0.4029751718044281
vn -0.9788027405738831 0.12005618959665298 0.16592666506767273
vn -0.9942999482154846 0.06032109633088112 -0.08791442215442657
vn -0.99394291639328 0.06506285816431046 -0.0885680690407753
vn -0.9934312701225281 0.07138260453939438 -0.08943664282560349
vn -0.78792405128479 0.09492912888526917 0.6084110736846924
vn -0.7879241704940796 0.09492915123701096 0.6084110140800476
vn -0.7727018594741821 0.06035581976175308 0.6318931579589844
vn -0.616875171661377 0.1243748664855957 0.7771717309951782
vn -0.7268282175064087 0.20843654870986938 0.6544272303581238
vn -0.7268285155296326 0.20843635499477386 0.6544270515441895
vn -0.9431375861167908 -0.059204231947660446 0.32708775997161865
vn -0.9868698716163635 -0.15087582170963287 0.05765717104077339
vn -0.9864014387130737 -0.16345863044261932 0.017131168395280838
vn -0.9431377053260803 -0.05920404940843582 0.32708775997161865
vn -0.7064177989959717 -0.6818038821220398 0.19004574418067932
vn -0.8652857542037964 -0.1650296151638031 0.4733348786830902
vn -0.9487819671630859 -0.23003821074962616 -0.2165532410144806
vn -0.9487819671630859 -0.23003831505775452 -0.21655304729938507
vn -0.9855610132217407 -0.13802123069763184 0.09807977825403214
vn -0.9487818479537964 -0.23003838956356049 -0.2165532261133194
vn -0.9372879862785339 -0.13139905035495758 0.3228396475315094
vn -0.9342302083969116 -0.15539458394050598 0.32103967666625977
vn -0.921808660030365 -0.22658181190490723 0.314530611038208
vn -0.9218085408210754 -0.22658205032348633 0.3145306706428528
vn -0.9858202934265137 -0.16359703242778778 -0.03734147921204567
vn -0.9431376457214355 -0.05920426920056343 0.3270876705646515
vn -0.9431376457214355 -0.059204187244176865 0.3270876705646515
vn -0.9431375861167908 -0.05920438840985298 0.3270877003669739
vn -0.9431375861167908 -0.05920432135462761 0.32708773016929626
vn -0.9431376457214355 -0.059204261749982834 0.3270877003669739
vn -0.8652856945991516 -0.16502948105335236 0.47333499789237976
vn -0.8652856349945068 -0.16502965986728668 0.4733348786830902
vn -0.935827910900116 -0.14340749382972717 0.3219636082649231
vn -0.7635935544967651 -0.15053364634513855 0.6279048919677734
vn -0.9289775490760803 -0.19592100381851196 -0.3140311539173126
vn -0.9300888180732727 -0.18862241506576538 -0.3152086138725281
vn -0.9364026784896851 -0.1373065859079361 -0.3229503035545349
vn -0.9364024996757507 -0.13730643689632416 -0.32295095920562744
vn -0.9212328195571899 -0.23942255973815918 -0.3066055476665497
vn -0.9212326407432556 -0.2394225001335144 -0.3066060543060303
vn -0.9212327599525452 -0.23942239582538605 -0.30660584568977356
vn -0.9212327003479004 -0.23942241072654724 -0.3066062033176422
vn -0.9760332703590393 -0.14631757140159607 -0.16109099984169006
vn -0.944966197013855 -0.1841350495815277 -0.27043139934539795
vn -0.921233057975769 -0.23942206799983978 -0.30660533905029297
vn -0.9212328791618347 -0.23942217230796814 -0.3066056966781616
vn -0.865848958492279 -0.11221159994602203 -0.48755934834480286
vn -0.8676618337631226 -0.11781983077526093 -0.48299214243888855
vn -0.8676617741584778 -0.11781994253396988 -0.4829922318458557
vn -0.865848958492279 -0.11221148073673248 -0.4875594973564148
vn -0.8658491373062134 -0.11221152544021606 -0.48755913972854614
vn -0.865848958492279 -0.1122114509344101 -0.48755940794944763
vn -0.8570006489753723 -0.15281638503074646 -0.4921351969242096
vn -0.8581894636154175 -0.14775198698043823 -0.49160972237586975
vn -0.8694264888763428 -0.12342168390750885 -0.47839802503585815
vn -0.8676617741584778 -0.11781971901655197 -0.4829922318458557
vn -0.8694266080856323 -0.12342169880867004 -0.478397935628891
vn -0.869426429271698 -0.12342190742492676 -0.47839808464050293
vn -0.8694266080856323 -0.123421810567379 -0.47839784622192383
vn -0.8704442977905273 -0.11623573303222656 -0.47834712266921997
vn -0.8704442977905273 -0.11623569577932358 -0.4783470928668976
vn -0.9692038297653198 -0.13869261741638184 -0.20349015295505524
vn -0.9451650977134705 -0.13459864258766174 -0.2975669503211975
vn -0.8694263696670532 -0.12342178821563721 -0.47839826345443726
vn -0.8694262504577637 -0.12342175841331482 -0.47839847207069397
vn -0.8694263696670532 -0.12342172861099243 -0.47839826345443726
vn -0.9610013961791992 -0.13739047944545746 -0.24000026285648346
vn -0.9610012769699097 -0.137390598654747 -0.24000059068202972
vn -0.9600961208343506 -0.15026043355464935 -0.23587553203105927
vn -0.9877297282218933 -0.13739532232284546 -0.0742453932762146
vn -0.9863265156745911 -0.0875295102596283 -0.13963760435581207
vn -0.9257159233093262 -0.14490026235580444 -0.3493621051311493
vn -0.9897128939628601 -0.14237172901630402 0.014096179977059364
vn -0.9869017004966736 -0.16126112639904022 0.00447723688557744
vn -0.9824514389038086 -0.18633165955543518 -0.008350958116352558
vn -0.9897128939628601 -0.14237165451049805 0.01409636065363884
vn -0.9897130131721497 -0.14237110316753387 0.014095907099545002
vn -0.9897130131721497 -0.1423712819814682 0.014095856808125973
vn -0.9897128939628601 -0.14237158000469208 0.01409574318677187
vn -0.9897130131721497 -0.14237156510353088 0.01409609243273735
vn -0.9954273104667664 -0.09550286829471588 0.0019074548035860062
vn -0.9813272953033447 -0.1324000358581543 -0.13952432572841644
vn -0.9987747073173523 -0.04840641841292381 -0.010285432450473309
vn -0.9700688123703003 -0.1601342260837555 -0.18254779279232025
vn -0.9987747073173523 -0.04840635135769844 -0.010285292752087116
vn -0.9212327003479004 -0.2394224852323532 -0.3066059350967407
vn -0.9053254723548889 -0.18465571105480194 -0.38247600197792053
vn -0.8981660008430481 -0.16591718792915344 -0.40714767575263977
vn -0.8714165687561035 -0.10904331505298615 -0.47827059030532837
vn -0.8714163899421692 -0.10904307663440704 -0.4782710075378418
vn -0.8714163899421692 -0.10904265940189362 -0.4782710671424866
vn -0.8725546598434448 -0.14080972969532013 -0.46778297424316406
vn -0.9270215034484863 -0.08856010437011719 -0.3644012212753296
vn -0.9220812916755676 -0.13560734689235687 -0.36245933175086975
vn -0.7985092401504517 -0.12934906780719757 -0.587921679019928
vn -0.7776528596878052 -0.20688004791736603 -0.5936806201934814
vn -0.7124557495117188 -0.09737012535333633 -0.6949286460876465
vn -0.7776526212692261 -0.2068798691034317 -0.5936809778213501
vn -0.8509801030158997 -0.1578993946313858 -0.5008997321128845
vn -0.9270215034484863 -0.0885600596666336 -0.3644012212753296
vn -0.9270214438438416 -0.08856019377708435 -0.36440128087997437
vn -0.9270214438438416 -0.08856035023927689 -0.36440128087997437
vn -0.9220812916755676 -0.13560733199119568 -0.3624593913555145
vn -0.7776530981063843 -0.206880122423172 -0.5936804413795471
vn -0.7776532173156738 -0.20687974989414215 -0.5936804413795471
vn -0.7230616211891174 -0.11337941139936447 -0.6814154982566833
vn -0.7776530981063843 -0.20687980949878693 -0.5936805605888367
vn -0.7776529788970947 -0.20687998831272125 -0.5936805009841919
vn -0.7909855842590332 -0.15372055768966675 -0.5922092795372009
vn -0.7949089407920837 -0.13586269319057465 -0.5913214683532715
vn -0.8050627112388611 -0.08212298899888992 -0.5874776244163513
vn -0.8050627112388611 -0.0821232721209526 -0.5874775648117065
vn -0.792980432510376 -0.14479772746562958 -0.5917903184890747
vn -0.7776526212692261 -0.20687958598136902 -0.5936811566352844
vn -0.9069167375564575 -0.14495982229709625 -0.3955865204334259
vn -0.8619672060012817 -0.14938884973526 -0.4844537079334259
vn -0.9562551975250244 -0.1461734175682068 -0.2533954381942749
vn -0.9270214438438416 -0.0885600820183754 -0.36440131068229675
vn -0.8293719291687012 -0.13295388221740723 -0.5426467657089233
vn -0.8493813276290894 -0.18309523165225983 -0.4950025975704193
vn -0.9456596970558167 -0.13098298013210297 -0.2976093590259552
vn -0.8493813872337341 -0.18309493362903595 -0.49500253796577454
vn -0.829371988773346 -0.13295380771160126 -0.5426466464996338
vn -0.8050626516342163 -0.08212341368198395 -0.5874775648117065
vn -0.8293719291687012 -0.13295359909534454 -0.5426468253135681
vn -0.8050628304481506 -0.08212319016456604 -0.5874775052070618
vn -0.8050627112388611 -0.08212338387966156 -0.5874775052070618
vn -0.8493815660476685 -0.18309526145458221 -0.4950021207332611
vn -0.8493815064430237 -0.18309500813484192 -0.4950023293495178
vn -0.8593546748161316 -0.14268341660499573 -0.49107131361961365
vn -0.8493813872337341 -0.18309526145458221 -0.4950024485588074
vn -0.8493814468383789 -0.18309523165225983 -0.4950023591518402
vn -0.8493812680244446 -0.18309538066387177 -0.4950025975704193
vn -0.9360705018043518 -0.13799789547920227 -0.3236178755760193
vn -0.9863263964653015 -0.08752968162298203 -0.139637753367424
vn -0.9863265156745911 -0.08752968162298203 -0.13963763415813446
vn -0.9879390001296997 -0.1303049772977829 -0.08364929258823395
vn -0.9863264560699463 -0.08752963691949844 -0.13963761925697327
vn -0.9863264560699463 -0.0875297412276268 -0.1396375298500061
vn -0.9863263964653015 -0.08752957731485367 -0.13963761925697327
vn -0.9807983040809631 -0.13654236495494843 -0.13925142586231232
vn -0.9784212112426758 -0.15283247828483582 -0.13904716074466705
vn -0.9863264560699463 -0.0875297486782074 -0.13963773846626282
vn -0.979642927646637 -0.144692063331604 -0.1391543745994568
vn -0.9697144031524658 -0.20137564837932587 -0.13820959627628326
vn -0.9697144627571106 -0.20137599110603333 -0.1382092535495758
vn -0.969714343547821 -0.2013757824897766 -0.13820961117744446
vn -0.9697144031524658 -0.20137546956539154 -0.13820914924144745
vn -0.9697144031524658 -0.20137546956539154 -0.1382094919681549
vn -0.9697145223617554 -0.20137539505958557 -0.13820965588092804
vn -0.969714343547821 -0.201375812292099 -0.13820965588092804
vn -0.9562551975250244 -0.14617346227169037 -0.25339555740356445
vn -0.9270214438438416 -0.08856000006198883 -0.3644014894962311
vn -0.9270215034484863 -0.08856013417243958 -0.3644014000892639
vn -0.956255316734314 -0.14617368578910828 -0.2533951997756958
vn -0.9818289875984192 -0.1323545277118683 -0.13599367439746857
vn -0.9220813512802124 -0.1356073021888733 -0.3624592423439026
vn -0.9921971559524536 -0.12349684536457062 -0.017124909907579422
vn -0.9902538061141968 -0.1349014937877655 -0.03462719917297363
vn -0.9936135411262512 -0.042995911091566086 0.1043233796954155
vn -0.9936135411262512 -0.04299595206975937 0.10432358831167221
vn -0.9937038421630859 -0.11203781515359879 0.0003845981846097857
vn -0.993613600730896 -0.04299585893750191 0.10432347655296326
vn -0.993613600730896 -0.042995885014534 0.1043233796954155
vn -0.9936136603355408 -0.042995791882276535 0.1043233871459961
vn -0.993613600730896 -0.04299598187208176 0.1043233722448349
vn -0.9936135411262512 -0.042996007949113846 0.10432350635528564
vn -0.9572751522064209 -0.1429712176322937 0.2513635754585266
vn -0.9572751522064209 -0.142971009016037 0.2513633966445923
vn -0.9836532473564148 -0.14165805280208588 0.1111714169383049
vn -0.8959193825721741 -0.16548876464366913 0.412240207195282
vn -0.8894078731536865 -0.23823696374893188 0.39012405276298523
vn -0.9877298474311829 -0.13739535212516785 -0.074245385825634
vn -0.9665272235870361 -0.13030920922756195 0.22100819647312164
vn -0.8964796662330627 -0.0669901967048645 0.4379914402961731
vn -0.8964797258377075 -0.0669902041554451 0.43799152970314026
vn -0.8969334363937378 -0.14092972874641418 0.4191051721572876
vn -0.9824514389038086 -0.18633167445659637 -0.008351071737706661
vn -0.9824514389038086 -0.186331644654274 -0.008350858464837074
vn -0.9824513792991638 -0.1863318383693695 -0.008351339027285576
vn -0.9824514389038086 -0.1863315999507904 -0.008351162075996399
vn -0.896479606628418 -0.06699015200138092 0.43799158930778503
vn -0.8964797258377075 -0.0669902041554451 0.43799135088920593
vn -0.9665271639823914 -0.13030946254730225 0.2210080772638321
vn -0.8964797258377075 -0.06699012219905853 0.4379913806915283
vn -0.8964797854423523 -0.0669899731874466 0.43799129128456116
vn -0.8964797258377075 -0.06699015945196152 0.43799135088920593
vn -0.8964994549751282 -0.1532214730978012 0.4157065153121948
vn -0.8371052145957947 -0.14903998374938965 0.526347815990448
vn -0.8534760475158691 -0.12864179909229279 0.5050049424171448
vn -0.7025848031044006 -0.14059409499168396 0.6975728869438171
vn -0.8075920939445496 -0.104880191385746 0.5803405046463013
vn -0.8894075155258179 -0.23823747038841248 0.39012473821640015
vn -0.889407753944397 -0.23823712766170502 0.3901241719722748
vn -0.889407753944397 -0.2382373809814453 0.39012405276298523
vn -0.889407753944397 -0.2382369339466095 0.39012444019317627
vn -0.8894079923629761 -0.23823682963848114 0.3901239037513733
vn -0.8894078135490417 -0.23823724687099457 0.3901241421699524
vn -0.8208005428314209 -0.1223006621003151 0.5579686164855957
vn -0.7141745686531067 -0.0006994418217800558 0.6999673247337341
vn -0.7141745686531067 -0.0006995093426667154 0.6999673247337341
vn -0.833206295967102 -0.1396016776561737 0.535050094127655
vn -0.7076453566551208 -0.1349116712808609 0.6935681104660034
vn -0.905983567237854 -0.13821664452552795 0.4001123905181885
vn -0.9572751522064209 -0.14297117292881012 0.2513635456562042
vn -0.9779535531997681 -0.14002317190170288 0.15492017567157745
vn -0.9218085408210754 -0.22658267617225647 0.3145303726196289
vn -0.876455545425415 -0.13615119457244873 0.46183180809020996
vn -0.9481330513954163 -0.1369573175907135 0.2868562340736389
vn -0.9954274296760559 -0.09550227224826813 0.0019074361771345139
vn -0.9987748265266418 -0.04840664565563202 -0.010285644792020321
vn -0.9987748265266418 -0.048406656831502914 -0.010285711847245693
vn -0.9719867706298828 -0.1529262512922287 0.17848040163516998
vn -0.9218086004257202 -0.22658245265483856 0.3145306706428528
vn -0.9218084812164307 -0.2265823781490326 0.31453073024749756
vn -0.9218086004257202 -0.2265825718641281 0.31453022360801697
vn -0.9218085408210754 -0.22658219933509827 0.31453052163124084
vn -0.9831799268722534 -0.12701401114463806 0.13124258816242218
vn -0.9987748265266418 -0.04840647801756859 -0.010285470634698868
vn -0.9987747073173523 -0.048406489193439484 -0.01028561219573021
vn -0.9987748265266418 -0.048406586050987244 -0.010285811498761177
vn -0.9954273104667664 -0.0955025777220726 0.0019073643488809466
vn -0.9897130131721497 -0.1423715054988861 0.014095999300479889
vn -0.9824514389038086 -0.1863316297531128 -0.008350968360900879
vn -0.9863891005516052 -0.16440293192863464 0.0028733359649777412
vn -0.9863891005516052 -0.16440272331237793 0.0028733881190419197
vn -0.9824514389038086 -0.18633168935775757 -0.008351143449544907
vn -0.9665272235870361 -0.13030952215194702 0.22100812196731567
vn -0.8454111814498901 -0.13886067271232605 0.5157496929168701
vn -0.7957287430763245 -0.1255406141281128 0.5924991369247437
vn -0.7826589941978455 -0.20881222188472748 0.5863808989524841
vn -0.7826586961746216 -0.20881231129169464 0.5863811373710632
vn -0.7826587557792664 -0.20881228148937225 0.5863811373710632
vn -0.797136664390564 -0.11352958530187607 0.5930296778678894
vn -0.7826587557792664 -0.2088121771812439 0.5863810777664185
vn -0.7826586961746216 -0.20881235599517822 0.5863810777664185
vn -0.8031151294708252 -0.041372478008270264 0.5943857431411743
vn -0.80311518907547 -0.04137255623936653 0.5943856835365295
vn -0.8031153678894043 -0.04137270897626877 0.59438556432724
vn -0.8764553666114807 -0.13615131378173828 0.4618319869041443
vn -0.8764553070068359 -0.1361512392759323 0.46183210611343384
vn -0.80311518907547 -0.04137270525097847 0.5943857431411743
vn -0.7141746282577515 -0.0006995696458034217 0.6999673247337341
vn -0.7104966044425964 -0.10135973989963531 0.6963624954223633
vn -0.7141746878623962 -0.0006994888535700738 0.6999672055244446
vn -0.5888444185256958 -0.11491768062114716 0.8000351190567017
vn -0.24496708810329437 -0.14157350361347198 0.9591392278671265
vn -0.47194337844848633 -0.015483599156141281 0.8814929127693176
vn -0.471943199634552 -0.015483514405786991 0.8814929723739624
vn -0.24496734142303467 -0.14157338440418243 0.9591391682624817
vn 9.775062892458664e-8 -0.25726473331451416 0.966340959072113
vn 3.033626967408054e-7 -0.2572653889656067 0.9663407802581787
vn -5.433265570786716e-8 -0.7216141223907471 0.6922955513000488
vn -0.32836541533470154 -0.6795932650566101 0.6559948325157166
vn -0.6305583715438843 -0.14399731159210205 0.7626670002937317
vn -0.7539922595024109 -0.2644765377044678 0.6012885570526123
vn -0.47412875294685364 -0.7951343059539795 0.3781050443649292
vn -0.6305583715438843 -0.14399731159210205 0.7626668810844421
vn -0.7539922595024109 -0.26447659730911255 0.6012884378433228
vn -0.47194308042526245 -0.015483686700463295 0.881493091583252
vn -0.471943199634552 -0.015483709052205086 0.8814929723739624
vn -0.471943199634552 -0.015483844093978405 0.881493091583252
vn -0.47194305062294006 -0.015483775176107883 0.881493091583252
vn -0.630558431148529 -0.14399749040603638 0.7626669406890869
vn -0.4670427441596985 -0.11672671884298325 0.876496434211731
vn -0.46432065963745117 -0.15043851733207703 0.8727969527244568
vn -0.453017920255661 -0.24984531104564667 0.855775773525238
vn -0.4530182480812073 -0.24984489381313324 0.8557757139205933
vn -0.6473156213760376 -0.15007129311561584 0.7473025918006897
vn -0.4657488763332367 -0.1336020678281784 0.8747734427452087
vn -0.45301780104637146 -0.24984538555145264 0.855775773525238
vn -0.2449672818183899 -0.14157313108444214 0.9591391682624817
vn -0.471943199634552 -0.015483628958463669 0.8814929723739624
vn -0.03766046464443207 -0.16424982249736786 0.9856996536254883
vn -0.3850683271884918 -0.18474462628364563 0.9042078852653503
vn 0.37347978353500366 -0.3167460560798645 0.8718857765197754
vn 0.29940950870513916 -0.23360911011695862 0.9250842332839966
vn 0.3926064968109131 -0.1418381631374359 0.9087035059928894
vn 0.37347981333732605 -0.31674569845199585 0.8718858957290649
vn 0.3926064670085907 -0.14183804392814636 0.9087035059928894
vn 0.3990465998649597 0.03765348717570305 0.9161571860313416
vn 0.39904674887657166 0.03765321895480156 0.9161571860313416
vn 0.20603185892105103 -0.11338771134614944 0.9719537496566772
vn 0.3990468978881836 0.03765345364809036 0.9161571264266968
vn 0.39904674887657166 0.03765333816409111 0.9161571860313416
vn 0.1764790564775467 -0.13504962623119354 0.9749957323074341
vn -1.0556633963255263e-13 -0.257265567779541 0.9663407802581787
vn -3.033631514881563e-7 -0.25726544857025146 0.9663407802581787
vn 0.22077950835227966 -0.14691442251205444 0.9641953706741333
vn -0.04775220528244972 -0.13724255561828613 0.9893858432769775
vn 0.37347978353500366 -0.3167458772659302 0.8718858957290649
vn 0.3926067650318146 -0.141837939620018 0.9087033867835999
vn 0.39904657006263733 0.03765331208705902 0.9161573052406311
vn 0.39904651045799255 0.03765339404344559 0.9161572456359863
vn 0.39904677867889404 0.03765357658267021 0.9161571860313416
vn 0.6266408562660217 -0.14054761826992035 0.7665295600891113
vn 0.6007701754570007 -0.11818238347768784 0.790637731552124
vn 0.47412875294685364 -0.7951343059539795 0.3781050443649292
vn 0.7539922595024109 -0.2644765079021454 0.6012884974479675
vn 0.5738476514816284 -0.09560992568731308 0.8133618831634521
vn 0.3118668794631958 -0.6718811988830566 0.6717994809150696
vn 0.23530593514442444 -0.09157314151525497 0.9675977230072021
vn -1.2316073183006593e-13 -0.2572645843029022 0.966340959072113
vn 6.067300972745215e-8 -0.2572648227214813 0.966340959072113
vn -4.044862222940537e-8 -0.25726500153541565 0.9663408994674683
vn -1.2753848466218187e-7 -0.7928634881973267 0.6093993186950684
vn 2.1733166022386285e-7 -0.8546397089958191 0.5192215442657471
vn 0 -1 0
vn 0 -1 0
vn 0 -1 0
vn 0 -1 0
vn 0 -1 0
vn 0 -1 0
vn 0 -1 0
vn 0 -1 0
vn 0 -1 0
vn 0 -1 0
vn -0.47412875294685364 -0.7951343655586243 0.3781050145626068
vn 0 -1 0
vn 0 -1 0
vn -0.6869537830352783 -0.7095847725868225 -0.15679259598255157
vn -0.7539921402931213 -0.2644765377044678 0.6012886166572571
vn -0.7539920210838318 -0.26447662711143494 0.6012887358665466
vn -0.4741286337375641 -0.7951343059539795 0.37810495495796204
vn -0.7539920210838318 -0.2644771933555603 0.6012885570526123
vn -0.753991961479187 -0.26447662711143494 0.6012887954711914
vn -0.7539921998977661 -0.26447632908821106 0.6012887358665466
vn 0 -1 0
vn 0 -1 0
vn 0 -1 0
vn 0 -1 0
vn 0 -1 0
vn 0 -1 0
vn 0 -1 0
vn 0 -1 0
vn 0 -1 0
vn 0 -1 0
vn 0 -1 0
vn -0.515215277671814 -0.8489551544189453 -0.11759443581104279
vn -0.9487818479537964 -0.23003843426704407 -0.21655327081680298
vn -0.9487819075584412 -0.2300383448600769 -0.21655318140983582
vn -0.6049116849899292 -0.7842316031455994 -0.138067364692688
vn -0.9487819075584412 -0.23003807663917542 -0.2165534347295761
vn -0.9487819671630859 -0.23003824055194855 -0.2165530025959015
vn -0.9449663162231445 -0.18413498997688293 -0.2704313099384308
vn -0.944966197013855 -0.1841353178024292 -0.27043136954307556
vn -0.9364025592803955 -0.137306347489357 -0.3229506313800812
vn -0.9364026784896851 -0.13730649650096893 -0.32295048236846924
vn -0.7910435795783997 -0.13676702976226807 -0.5962757468223572
vn -0.6205034255981445 -0.624297559261322 -0.47458207607269287
vn 0 -1 0
vn 0 -1 0
vn 0 -1 0
vn 0 -1 0
vn 0 -1 0
vn 0 -1 0
vn 0 -1 0
vn 0 -1 0
vn 0 -1 0
vn 0 -1 0
vn 0 -1 0
vn 0 -1 0
vn 0 -1 0
vn 0 -1 0
vn -0.9364026188850403 -0.13730672001838684 -0.32295042276382446
vn -0.9364025592803955 -0.13730643689632416 -0.3229506015777588
vn -0.9364026188850403 -0.13730670511722565 -0.3229508101940155
vn -0.9300887584686279 -0.1886223405599594 -0.3152087926864624
vn -0.8084390759468079 -0.16357214748859406 -0.5653940439224243
vn -0.901859700679779 -0.17530852556228638 -0.39486202597618103
vn -0.6059607863426208 -0.16133931279182434 -0.7789615988731384
vn -0.6059610843658447 -0.16133904457092285 -0.7789614200592041
vn -0.7345952987670898 -0.14179660379886627 -0.6635233759880066
vn -0.7542760372161865 -0.13804380595684052 -0.6418813467025757
vn -0.8714163303375244 -0.1090431660413742 -0.478270947933197
vn -0.6015148162841797 -0.17470519244670868 -0.7795242071151733
vn -0.5831122994422913 -0.157924622297287 -0.796893835067749
vn -0.5698740482330322 -0.1231195330619812 -0.8124563097953796
vn -0.7910435795783997 -0.1367664933204651 -0.5962759256362915
vn -0.7627424001693726 -0.13555938005447388 -0.6323350667953491
vn -0.5698740482330322 -0.1231195330619812 -0.8124562501907349
vn -0.5698742270469666 -0.12311948835849762 -0.8124561309814453
vn -0.5698739290237427 -0.12311948835849762 -0.8124563097953796
vn -0.5831121206283569 -0.15792429447174072 -0.7968940734863281
vn -0.5831121802330017 -0.15792414546012878 -0.7968940734863281
vn -0.5698740482330322 -0.12311971932649612 -0.8124563097953796
vn -0.595400333404541 -0.19247221946716309 -0.7800339460372925
vn -0.5954002737998962 -0.19247236847877502 -0.7800338864326477
vn -0.5954005718231201 -0.19247227907180786 -0.7800337672233582
vn -0.5954005718231201 -0.19247224926948547 -0.7800337672233582
vn -0.600761890411377 -0.17692957818508148 -0.779603123664856
vn -0.6059606671333313 -0.16133908927440643 -0.778961718082428
vn -0.6059609055519104 -0.16133882105350494 -0.7789616584777832
vn -0.600762128829956 -0.1769295483827591 -0.7796030044555664
vn -0.6059610843658447 -0.16133904457092285 -0.7789614796638489
vn -0.595400333404541 -0.19247230887413025 -0.7800339460372925
vn -0.4100553095340729 -0.1436598002910614 -0.9006755948066711
vn -0.591991662979126 -0.13998420536518097 -0.7936941981315613
vn -0.4262946546077728 -0.15256349742412567 -0.891626238822937
vn -0.5954002737998962 -0.19247260689735413 -0.7800339460372925
vn -0.4262944459915161 -0.1525634527206421 -0.8916262984275818
vn -0.2390112280845642 -0.10614880919456482 -0.9651974439620972
vn -0.23901110887527466 -0.106148861348629 -0.9651974439620972
vn -0.23901163041591644 -0.10614895075559616 -0.9651972651481628
vn -0.23901116847991943 -0.1061490997672081 -0.9651973843574524
vn -0.5954004526138306 -0.19247186183929443 -0.7800339460372925
vn -0.42629486322402954 -0.1525629460811615 -0.891626238822937
vn -0.3605302572250366 -0.2111978679895401 -0.9085226655006409
vn -0.49130725860595703 -0.25610482692718506 -0.832482635974884
vn -0.4008215665817261 -0.3828769624233246 -0.8323144912719727
vn -0.28374677896499634 -0.26350030303001404 -0.9219844341278076
vn -0.40082210302352905 -0.382877379655838 -0.8323139548301697
vn -0.50340336561203 -0.2372632920742035 -0.8308376669883728
vn -0.4008209705352783 -0.38287702202796936 -0.832314670085907
vn -0.28374719619750977 -0.26350006461143494 -0.9219844341278076
vn -0.22189240157604218 -0.22559590637683868 -0.9486148953437805
vn -0.22189263999462128 -0.2255963534116745 -0.948614776134491
vn -0.2218930721282959 -0.22559621930122375 -0.9486147165298462
vn -0.22189214825630188 -0.22559630870819092 -0.9486148357391357
vn -0.18949498236179352 -0.1804216355085373 -0.9651630520820618
vn -0.15645702183246613 -0.13463625311851501 -0.9784652590751648
vn -0.15645760297775269 -0.13463756442070007 -0.9784650206565857
vn -0.19416992366313934 -0.18692292273044586 -0.9629942774772644
vn -0.15645731985569 -0.13463646173477173 -0.9784652590751648
vn -0.15645751357078552 -0.13463611900806427 -0.97846519947052
vn -0.15645813941955566 -0.13463765382766724 -0.9784649014472961
vn -0.15645824372768402 -0.1346377283334732 -0.9784648418426514
vn -0.15645655989646912 -0.13463501632213593 -0.9784654974937439
vn -0.26587188243865967 -0.2453504055738449 -0.9322635531425476
vn -0.4008215069770813 -0.38287702202796936 -0.8323144316673279
vn -0.27420035004615784 -0.7749952077865601 -0.5693826675415039
vn 0.0014064660063013434 -0.6401215195655823 -0.768272340297699
vn -0.20565026998519897 -0.8805380463600159 -0.42703723907470703
vn -0.40082189440727234 -0.3828771114349365 -0.8323141932487488
vn -0.4008216857910156 -0.38287773728370667 -0.8323140740394592
vn -0.24101513624191284 -0.8315276503562927 -0.5004732012748718
vn -0.40082138776779175 -0.38287657499313354 -0.8323147296905518
vn -0.4913068413734436 -0.2561047673225403 -0.8324829339981079
vn -0.5698738098144531 -0.12311980128288269 -0.8124563694000244
vn -0.5698739290237427 -0.1231195479631424 -0.8124563694000244
vn 0.24369694292545319 -0.8273652791976929 -0.5060418248176575
vn 0 -1 0
vn 0 -1 0
vn 0 -1 0
vn 0 -1 0
vn 0.24369685351848602 -0.8273655772209167 -0.5060415863990784
vn 0.6249602437019348 -0.6222039461135864 -0.4714731276035309
vn 0 -1 0
vn 0.605175793170929 -0.7840173244476318 -0.13812729716300964
vn 0 -1 0
vn 0.5807693004608154 -0.11083447188138962 -0.806488037109375
vn 0.5807693004608154 -0.110834501683712 -0.8064879775047302
vn 0.5807693004608154 -0.11083430796861649 -0.8064879179000854
vn 0.5807691812515259 -0.11083436757326126 -0.8064880967140198
vn 0.5807693004608154 -0.11083420366048813 -0.8064879775047302
vn 0.498224675655365 -0.24298085272312164 -0.8323055505752563
vn 0.5109317898750305 -0.22424420714378357 -0.8298572897911072
vn 0.7991986870765686 -0.1375090628862381 -0.5851261615753174
vn 0.5807693004608154 -0.11083440482616425 -0.8064879179000854
vn 0.7714164853096008 -0.13436535000801086 -0.621982753276825
vn 0.4032527208328247 -0.3690663278102875 -0.8373633623123169
vn 0 -1 0
vn 0.24369682371616364 -0.827365517616272 -0.5060416460037231
vn 0.4032534062862396 -0.36906594038009644 -0.8373631238937378
vn 0.4032531678676605 -0.36906564235687256 -0.8373633623123169
vn 0.40325257182121277 -0.36906594038009644 -0.8373635411262512
vn 0.40325281023979187 -0.36906662583351135 -0.8373631238937378
vn 0.4982246458530426 -0.2429811954498291 -0.8323054313659668
vn 0.2867879867553711 -0.25611892342567444 -0.9231228232383728
vn 0.3630704879760742 -0.20418688654899597 -0.9091135263442993
vn 0.5886417627334595 -0.13337965309619904 -0.7973146438598633
vn 0.40325313806533813 -0.3690667152404785 -0.8373628854751587
vn 0.40325281023979187 -0.3690662682056427 -0.8373633027076721
vn 0.26906803250312805 -0.23899483680725098 -0.9329972863197327
vn 0.2867892384529114 -0.2561185359954834 -0.9231225848197937
vn 0.5961288809776306 -0.15583786368370056 -0.7876197695732117
vn 0.3637140989303589 -0.13859684765338898 -0.9211422204971313
vn 0.4259471595287323 -0.14398673176765442 -0.893217146396637
vn 0.5961290597915649 -0.15583781898021698 -0.7876197099685669
vn 0.5961290597915649 -0.1558378040790558 -0.7876196503639221
vn 0.5961288809776306 -0.1558377593755722 -0.7876198291778564
vn 0.5928148031234741 -0.16421915590763092 -0.7884178757667542
vn 0.5916993618011475 -0.1670098751783371 -0.7886695265769958
vn 0.392605721950531 -0.1456042379140854 -0.9081079363822937
vn 0.5883208513259888 -0.1753731071949005 -0.7893813252449036
vn 0.5883208513259888 -0.1753728985786438 -0.7893813848495483
vn 0.5883204936981201 -0.17537273466587067 -0.789381742477417
vn 0.5922578573226929 -0.1656147539615631 -0.7885444760322571
vn 0.5886418223381042 -0.13337963819503784 -0.7973145842552185
vn 0.5961288213729858 -0.15583764016628265 -0.7876198887825012
vn 0.8101555109024048 -0.1614753007888794 -0.5635368824005127
vn 0.5961286425590515 -0.15583747625350952 -0.7876200079917908
vn 0.5886415243148804 -0.1333794891834259 -0.7973148226737976
vn 0.5807693004608154 -0.1108342707157135 -0.8064879179000854
vn 0.3950619399547577 -0.14137431979179382 -0.9077110886573792
vn 0.5961290597915649 -0.15583758056163788 -0.7876197099685669
vn 0.7991986870765686 -0.13750897347927094 -0.5851262807846069
vn 0.7427728772163391 -0.14434784650802612 -0.6537982225418091
vn 0 -1 0
vn 0 -1 0
vn 0 -1 0
vn 0 -1 0
vn 0 -1 0
vn 0 -1 0
vn 0 -1 0
vn 0 -1 0
vn 0 -1 0
vn 0.5154355764389038 -0.8488144278526306 -0.11764489114284515
vn 0.6872473359107971 -0.7092856168746948 -0.15685972571372986
vn 0 -1 0
vn 0.47412875294685364 -0.7951343655586243 0.3781050145626068
vn 0.4741286337375641 -0.7951343059539795 0.37810495495796204
vn 0 -1 0
vn 0 -1 0
vn 0 -1 0
vn 0 -1 0
vn 0 -1 0
vn 0 -1 0
vn 0 -1 0
vn 0 -1 0
vn 0 -1 0
vn 0 -1 0
vn 0 -1 0
vn 0.7539922595024109 -0.26447659730911255 0.6012884378433228
vn 0.753991961479187 -0.2644771933555603 0.6012885570526123
vn 0.753991961479187 -0.26447662711143494 0.6012888550758362
vn 0.8649044036865234 -0.1654430329799652 0.47388720512390137
vn 0.8649043440818787 -0.16544316709041595 0.47388726472854614
vn 0.7330849766731262 -0.15571586787700653 0.6620718240737915
vn 0.8602650761604309 -0.15133246779441833 0.4868699908256531
vn 0.7265788912773132 -0.05199814960360527 0.685112714767456
vn 0.5665332674980164 -0.1899043321609497 0.8018580675125122
vn 0 -1 0
vn 0 -1 0
vn 0 -1 0
vn 0 -1 0
vn 0 -1 0
vn 0 -1 0
vn 0.7539920210838318 -0.26447662711143494 0.6012887954711914
vn 0.7539921402931213 -0.2644765377044678 0.6012886166572571
vn 0.8649043440818787 -0.16544300317764282 0.4738871157169342
vn 0.7539921998977661 -0.26447635889053345 0.6012887358665466
vn 0.7063066959381104 -0.6818317770957947 0.19035805761814117
vn 0.9426559805870056 -0.060065992176532745 0.3283167779445648
vn 0.9426559805870056 -0.06006639823317528 0.32831665873527527
vn 0.9342737197875977 -0.15147802233695984 0.3227800130844116
vn 0.9228041768074036 -0.21919655799865723 0.3168364465236664
vn 0.9426560401916504 -0.06006620079278946 0.3283165991306305
vn 0.9426559805870056 -0.06006618216633797 0.3283165693283081
vn 0.9426560401916504 -0.06006605550646782 0.32831647992134094
vn 0.9357584714889526 -0.14008496701717377 0.3236238658428192
vn 0.922804057598114 -0.21919651329517365 0.3168366849422455
vn 0.9371187686920166 -0.1286730170249939 0.32442501187324524
vn 0.9426559805870056 -0.06006602570414543 0.3283167779445648
vn 0.9854562282562256 -0.13825024664402008 0.09880758076906204
vn 0.9878320693969727 -0.15373413264751434 -0.023525895550847054
vn 0.9228041768074036 -0.21919651329517365 0.31683650612831116
vn 0.9829458594322205 -0.09070751070976257 0.15996745228767395
vn 0.9426559805870056 -0.06006617099046707 0.3283168375492096
vn 0.9868149161338806 -0.15099263191223145 0.05828702822327614
vn 0.9489364624023438 -0.229366734623909 -0.21658849716186523
vn 0.9489365220069885 -0.22936658561229706 -0.21658855676651
vn 0.9863914251327515 -0.16346217691898346 0.017661036923527718
vn 0.9489364624023438 -0.22936654090881348 -0.21658852696418762
vn 0.9489364624023438 -0.2293665111064911 -0.21658866107463837
vn 0.9489364624023438 -0.22936668992042542 -0.21658845245838165
vn 0.948936402797699 -0.22936668992042542 -0.21658873558044434
vn 0.9489364624023438 -0.22936657071113586 -0.2165886014699936
vn 0.9460549354553223 -0.1904197633266449 -0.26214566826820374
vn 0.9460548758506775 -0.1904197335243225 -0.2621457874774933
vn 0.9340928792953491 -0.19201074540615082 -0.30100217461586
vn 0.9267704486846924 -0.23289594054222107 -0.29471349716186523
vn 0.9894894361495972 -0.09715145081281662 -0.10710864514112473
vn 0.9331470131874084 -0.19787736237049103 -0.30013507604599
vn 0.9267706274986267 -0.23289549350738525 -0.29471319913864136
vn 0.9460549354553223 -0.190419539809227 -0.26214611530303955
vn 0.939767062664032 -0.15078720450401306 -0.3067590892314911
vn 0.939767062664032 -0.1507871001958847 -0.30675917863845825
vn 0.9397670030593872 -0.1507873684167862 -0.3067593276500702
vn 0.9397669434547424 -0.15078692138195038 -0.3067595362663269
vn 0.9397670030593872 -0.15078698098659515 -0.3067592680454254
vn 0.9397670030593872 -0.15078730881214142 -0.306759238243103
vn 0.9397670030593872 -0.15078723430633545 -0.306759238243103
vn 0.9340929388999939 -0.192010760307312 -0.30100181698799133
vn 0.9267706871032715 -0.23289558291435242 -0.29471316933631897
vn 0.9267705082893372 -0.2328963577747345 -0.29471296072006226
vn 0.9267705678939819 -0.23289582133293152 -0.2947133183479309
vn 0.9024924635887146 -0.17123177647590637 -0.3952050507068634
vn 0.8651367425918579 -0.10708644986152649 -0.4899704158306122
vn 0.699033260345459 -0.14025916159152985 0.7011988759040833
vn 0.5400887131690979 -0.1218775138258934 0.8327364921569824
vn 0.7131615877151489 -0.21399351954460144 0.6675383448600769
vn 0.8258383274078369 -0.09280438721179962 0.5562179684638977
vn 0.7131615281105042 -0.21399396657943726 0.6675382256507874
vn 0.811469554901123 -0.11069119721651077 0.573815643787384
vn 0.7131614685058594 -0.21399393677711487 0.6675382852554321
vn 0.7131616473197937 -0.21399405598640442 0.6675381064414978
vn 0.7131615281105042 -0.21399381756782532 0.6675382256507874
vn 0.7131615281105042 -0.2139938771724701 0.6675383448600769
vn 0.7222877144813538 -0.13344283401966095 0.6785966157913208
vn 0.7231995463371277 -0.12182432413101196 0.6798096895217896
vn 0.5947137475013733 -0.13419020175933838 0.7926592230796814
vn 0.808043897151947 -0.17663037776947021 0.5620203018188477
vn 0.7733049988746643 -0.07209453731775284 0.6299220323562622
vn 0.8125683665275574 -0.1939631700515747 0.5496461987495422
vn 0.7733049392700195 -0.07209452241659164 0.629922091960907
vn 0.8833125233650208 -0.14188627898693085 0.44679680466651917
vn 0.8332746028900146 -0.31140220165252686 0.4568174481391907
vn 0.7733049392700195 -0.07209448516368866 0.6299221515655518
vn 0.7817323207855225 -0.05347949266433716 0.62131667137146
vn 0.7831000089645386 -0.05037356913089752 0.6198522448539734
vn 0.7733050584793091 -0.0720943808555603 0.6299221515655518
vn 0.7923714518547058 -0.02861827425658703 0.6093674302101135
vn 0.7923712730407715 -0.02861839532852173 0.6093675494194031
vn 0.7923712730407715 -0.028618313372135162 0.6093675494194031
vn 0.7923713326454163 -0.02861816994845867 0.6093674302101135
vn 0.792371392250061 -0.028618227690458298 0.6093674302101135
vn 0.7831002473831177 -0.05037333071231842 0.6198520660400391
vn 0.7733051180839539 -0.07209466397762299 0.6299219727516174
vn 0.7733050584793091 -0.07209458202123642 0.6299220323562622
vn 0.8125683665275574 -0.19396312534809113 0.5496460795402527
vn 0.7733048796653748 -0.07209447771310806 0.6299221515655518
vn 0.5947138071060181 -0.1341904252767563 0.7926591038703918
vn 0.5947136878967285 -0.13419051468372345 0.7926591634750366
vn 0.5356327295303345 -0.12585365772247314 0.8350200057029724
vn 0.9449904561042786 -0.1447223275899887 -0.2933400571346283
vn 0.96097731590271 -0.2004251331090927 -0.19066302478313446
vn 0.9609772562980652 -0.20042550563812256 -0.19066298007965088
vn 0.9416108727455139 -0.13654454052448273 -0.3077734112739563
vn 0.9733293056488037 -0.13040225207805634 -0.188746377825737
vn 0.9889221787452698 -0.12664230167865753 -0.07742471247911453
vn 0.9980303645133972 -0.05044695362448692 0.03728829696774483
vn 0.9980303645133972 -0.050447072833776474 0.03728841245174408
vn 0.9860556721687317 -0.13743087649345398 -0.0938449501991272
vn 0.9609771966934204 -0.2004254311323166 -0.19066348671913147
vn 0.9609772562980652 -0.20042574405670166 -0.190662682056427
vn 0.9609771966934204 -0.20042572915554047 -0.19066326320171356
vn 0.9609771966934204 -0.20042572915554047 -0.19066321849822998
vn 0.9913988709449768 -0.11580391973257065 -0.06097381189465523
vn 0.99039626121521 -0.13448074460029602 0.03209555521607399
vn 0.970022439956665 -0.15455175936222076 -0.18753734230995178
vn 0.970022439956665 -0.15455171465873718 -0.18753725290298462
vn 0.9769375920295715 -0.10833798348903656 -0.1839994192123413
vn 0.9792774319648743 -0.13012990355491638 -0.15518341958522797
vn 0.9769375920295715 -0.10833793133497238 -0.1839994341135025
vn 0.9769375920295715 -0.10833798348903656 -0.1839994490146637
vn 0.9769377112388611 -0.10833781212568283 -0.18399934470653534
vn 0.9769376516342163 -0.10833778232336044 -0.18399938941001892
vn 0.9769377112388611 -0.10833793878555298 -0.1839994341135025
vn 0.979277491569519 -0.1301295906305313 -0.155183345079422
vn 0.9803338050842285 -0.15175071358680725 -0.12616384029388428
vn 0.9803338646888733 -0.15175093710422516 -0.12616385519504547
vn 0.9803339242935181 -0.1517508625984192 -0.12616373598575592
vn 0.9803338646888733 -0.15175074338912964 -0.126164048910141
vn 0.9803338646888733 -0.15175111591815948 -0.1261640191078186
vn 0.9821125268936157 -0.1371202915906906 -0.1290464848279953
vn 0.9803337454795837 -0.15175087749958038 -0.12616382539272308
vn 0.9821125268936157 -0.13712015748023987 -0.1290467381477356
vn 0.9821125268936157 -0.1371203511953354 -0.1290464997291565
vn 0.941806972026825 -0.13433359563350677 -0.308146208524704
vn 0.9792775511741638 -0.13012969493865967 -0.15518341958522797
vn 0.9110329747200012 -0.13943389058113098 -0.38804274797439575
vn 0.8336006999015808 -0.15846982598304749 -0.529147744178772
vn 0.83979332447052 -0.13606514036655426 -0.5255790948867798
vn 0.8336007595062256 -0.15847007930278778 -0.5291473269462585
vn 0.9218007326126099 -0.13584020733833313 -0.36308515071868896
vn 0.9318757653236389 -0.13214418292045593 -0.3378543555736542
vn 0.9769375920295715 -0.10833797603845596 -0.18399940431118011
vn 0.9700224995613098 -0.15455162525177002 -0.18753722310066223
vn 0.9609771966934204 -0.20042578876018524 -0.1906629353761673
vn 0.9158677458763123 -0.08700784295797348 -0.3919387459754944
vn 0.9158677458763123 -0.08700777590274811 -0.391938716173172
vn 0.9158677458763123 -0.08700767904520035 -0.39193862676620483
vn 0.9158676862716675 -0.08700767904520035 -0.3919388949871063
vn 0.9158676862716675 -0.08700777590274811 -0.3919387459754944
vn 0.9480991959571838 -0.15285852551460266 -0.27882274985313416
vn 0.8988943099975586 -0.14640583097934723 -0.41298219561576843
vn 0.8117660880088806 -0.11852676421403885 -0.5718280076980591
vn 0.8069352507591248 -0.15461134910583496 -0.5700445771217346
vn 0.8230840563774109 -0.13856574892997742 -0.5507559776306152
vn 0.8117660880088806 -0.1185268685221672 -0.5718278884887695
vn 0.8061570525169373 -0.1597527414560318 -0.5697278380393982
vn 0.8010319471359253 -0.19049032032489777 -0.5675044059753418
vn 0.864382803440094 -0.13970793783664703 -0.48303642868995667
vn 0.8010320663452148 -0.19049066305160522 -0.567504346370697
vn 0.801032304763794 -0.19049006700515747 -0.5675040483474731
vn 0.8010324835777283 -0.19048982858657837 -0.5675039887428284
vn 0.801032304763794 -0.19048984348773956 -0.5675040483474731
vn 0.8010319471359253 -0.19048970937728882 -0.5675048232078552
vn 0.8643823862075806 -0.13970766961574554 -0.48303714394569397
vn 0.915867805480957 -0.08700768649578094 -0.39193856716156006
vn 0.8643824458122253 -0.1397077888250351 -0.48303699493408203
vn 0.9158675670623779 -0.08700747787952423 -0.3919391334056854
vn 0.7485334873199463 -0.1256338208913803 -0.6510866284370422
vn 0.8128932118415833 -0.12955915927886963 -0.5678194761276245
vn 0.6855935454368591 -0.05902450904250145 -0.725587785243988
vn 0.6855935454368591 -0.05902441218495369 -0.725587785243988
vn 0.756727933883667 -0.1350703239440918 -0.6396238803863525
vn 0.7401229739189148 -0.11616047471761703 -0.6623628735542297
vn 0.8010320067405701 -0.19049039483070374 -0.567504346370697
vn 0.6855933666229248 -0.05902468040585518 -0.7255879044532776
vn 0.605024516582489 -0.12772776186466217 -0.7858949899673462
vn 0.6855935454368591 -0.059024568647146225 -0.725587785243988
vn 0.6171725392341614 -0.11795748025178909 -0.777935802936554
vn 0.6855933666229248 -0.05902433395385742 -0.7255879640579224
vn 0.6855937838554382 -0.059024564921855927 -0.7255876064300537
vn 0.6855935454368591 -0.05902452766895294 -0.725587785243988
vn 0.6809653043746948 -0.1427452713251114 -0.7182687520980835
vn 0.8069350123405457 -0.15461111068725586 -0.5700450539588928
vn 0.8117660284042358 -0.11852680146694183 -0.5718281269073486
vn 0.6628488898277283 -0.13986261188983917 -0.7355746030807495
vn 0.6836469173431396 -0.13752953708171844 -0.7167373895645142
vn 0.5297033190727234 -0.1513373702764511 -0.8345725536346436
vn 0.5297027826309204 -0.15133708715438843 -0.834572970867157
vn 0.6836467981338501 -0.13752935826778412 -0.7167375087738037
vn 0.5297031402587891 -0.1513371765613556 -0.8345728516578674
vn 0.8117661476135254 -0.11852674931287766 -0.5718278884887695
vn 0.8246362209320068 -0.14141856133937836 -0.5477006435394287
vn 0.702664315700531 -0.1398710161447525 -0.6976380348205566
vn 0.8117661476135254 -0.11852680146694183 -0.5718278884887695
vn 0.8117660880088806 -0.11852672696113586 -0.5718279480934143
vn 0.8117660880088806 -0.11852691322565079 -0.5718278884887695
vn 0.8215154409408569 -0.1357097327709198 -0.5538007616996765
vn 0.8336006999015808 -0.1584700345993042 -0.5291476249694824
vn 0.8336006999015808 -0.15847016870975494 -0.5291474461555481
vn 0.8336006999015808 -0.15846993029117584 -0.5291475653648376
vn 0.8336006999015808 -0.15847019851207733 -0.5291474461555481
vn 0.833600640296936 -0.1584700644016266 -0.5291476845741272
vn 0.8397935032844543 -0.13606514036655426 -0.5255789160728455
vn 0.8397934436798096 -0.13606499135494232 -0.525579035282135
vn 0.5387322306632996 -0.1358916312456131 -0.8314452171325684
vn 0.5620734095573425 -0.15552394092082977 -0.8123335242271423
vn 0.5526422262191772 -0.1376948207616806 -0.821965217590332
vn 0.7392779588699341 -0.13432694971561432 -0.6598669290542603
vn 0.8455218076705933 -0.11358466744422913 -0.5217196345329285
vn 0.5620733499526978 -0.15552429854869843 -0.8123336434364319
vn 0.6979336142539978 -0.14044427871704102 -0.702256441116333
vn 0.5667428374290466 -0.14622147381305695 -0.8108155131340027
vn 0.5620729923248291 -0.15552429854869843 -0.8123338222503662
vn 0.718924343585968 -0.13744640350341797 -0.6813634634017944
vn 0.731535792350769 -0.14202862977981567 -0.6668458580970764
vn 0.8455216884613037 -0.1135849580168724 -0.5217198133468628
vn 0.8455219268798828 -0.11358492821455002 -0.5217195749282837
vn 0.8455220460891724 -0.11358480900526047 -0.521719217300415
vn 0.8455219268798828 -0.11358478665351868 -0.5217194557189941
vn 0.8528246283531189 -0.12924695014953613 -0.505949854850769
vn 0.8538299798965454 -0.13147921860218048 -0.5036739706993103
vn 0.8596606850624084 -0.14483779668807983 -0.4899035692214966
vn 0.8596604466438293 -0.14483818411827087 -0.48990392684936523
vn 0.8596607446670532 -0.14483805000782013 -0.4899033308029175
vn 0.8596607446670532 -0.14483843743801117 -0.48990342020988464
vn 0.851809561252594 -0.12701332569122314 -0.5082204937934875
vn 0.8455218076705933 -0.11358486115932465 -0.5217196345329285
vn 0.8455221652984619 -0.11358468234539032 -0.5217192769050598
vn 0.8629434704780579 -0.12328770756721497 -0.49002930521965027
vn 0.8625555038452148 -0.1259852796792984 -0.49002620577812195
vn 0.8651365041732788 -0.10708662122488022 -0.48997071385383606
vn 0.7626345157623291 -0.13929913938045502 -0.6316520571708679
vn 0.8651365637779236 -0.10708673298358917 -0.48997068405151367
vn 0.8651365637779236 -0.10708668828010559 -0.48997053503990173
vn 0.8651366233825684 -0.10708644986152649 -0.4899705648422241
vn 0.8651365637779236 -0.10708675533533096 -0.4899705946445465
vn 0.8651367425918579 -0.10708629339933395 -0.48997044563293457
vn 0.7222346663475037 -0.1492648422718048 -0.6753495931625366
vn 0.9024924635887146 -0.17123208940029144 -0.395205020904541
vn 0.9267703890800476 -0.23289638757705688 -0.29471325874328613
vn 0.9024924039840698 -0.17123229801654816 -0.3952050507068634
vn 0.9531542062759399 -0.15109162032604218 -0.2620466649532318
vn 0.9846543073654175 -0.11481314897537231 -0.1314302682876587
vn 0.9267702102661133 -0.23289664089679718 -0.2947138845920563
vn 0.862555742263794 -0.1259852647781372 -0.4900261163711548
vn 0.8596608638763428 -0.14483831822872162 -0.4899030327796936
vn 0.938722550868988 -0.1361217051744461 -0.31665581464767456
vn 0.9915204644203186 -0.1159476712346077 0.058680374175310135
vn 0.9992570877075195 0.008316640742123127 0.03762967139482498
vn 0.9790114164352417 -0.20244362950325012 -0.023518992587924004
vn 0.9565684795379639 -0.2787512540817261 0.08529013395309448
vn 0.9789063930511475 -0.13236862421035767 -0.15563085675239563
vn 0.9992571473121643 0.008316517807543278 0.037629734724760056
vn 0.9387224316596985 -0.13612203299999237 -0.3166556656360626
vn 0.9836698770523071 -0.12245862931013107 -0.13189983367919922
vn 0.9836697578430176 -0.12245848774909973 -0.13190004229545593
vn 0.9836697578430176 -0.12245874851942062 -0.13190028071403503
vn 0.9836698770523071 -0.12245821207761765 -0.13190004229545593
vn 0.9836696982383728 -0.12245862931013107 -0.13190047442913055
vn 0.9836697578430176 -0.12245848774909973 -0.13190019130706787
vn 0.9807807207107544 -0.1911417543888092 -0.0391671247780323
vn 0.9836697578430176 -0.12245866656303406 -0.13190019130706787
vn 0.9387224316596985 -0.13612215220928192 -0.3166557252407074
vn 0.8596608638763428 -0.14483805000782013 -0.48990315198898315
vn 0.8596607446670532 -0.14483866095542908 -0.4899033308029175
vn 0.9565684199333191 -0.2787517309188843 0.08528956025838852
vn 0.9601433873176575 -0.14949268102645874 0.23617103695869446
vn 0.9569576978683472 -0.1267605870962143 0.26108160614967346
vn 0.9565684199333191 -0.2787517011165619 0.08529003709554672
vn 0.9792699217796326 -0.16329284012317657 0.11985822021961212
vn 0.8882748484611511 -0.11692303419113159 0.4441809356212616
vn 0.9056674242019653 0.0320763923227787 0.42277368903160095
vn 0.9569578766822815 -0.12676022946834564 0.26108142733573914
vn 0.9565684199333191 -0.2787516713142395 0.08528980612754822
vn 0.9136587977409363 -0.10306660085916519 0.39319828152656555
vn 0.9886614084243774 -0.1367034912109375 0.06213507428765297
vn 0.9565684199333191 -0.27875179052352905 0.08528980612754822
vn 0.9565684199333191 -0.27875199913978577 0.08528931438922882
vn 0.9853564500808716 -0.15739871561527252 0.06556224077939987
vn 0.9565684199333191 -0.2787516117095947 0.08528946340084076
vn 0.9768742322921753 -0.21367007493972778 -0.007861603051424026
vn 0.9992571473121643 0.008316511288285255 0.037629611790180206
vn 0.9992570877075195 0.008316628634929657 0.03762977197766304
vn 0.9718380570411682 -0.12376241385936737 0.20053315162658691
vn 0.9992571473121643 0.008316717110574245 0.037629660218954086
vn 0.9992570877075195 0.008316530846059322 0.03762967512011528
vn 0.9992570877075195 0.008316350169479847 0.03762969747185707
vn 0.9777417778968811 -0.10727357864379883 0.1803147941827774
vn 0.9228042364120483 -0.21919628977775574 0.3168365955352783
vn 0.846347987651825 -0.1391582041978836 0.5141302943229675
vn 0.8315125107765198 -0.12683294713497162 0.540833055973053
vn 0.9228041768074036 -0.21919654309749603 0.316836416721344
vn 0.9228041768074036 -0.21919649839401245 0.3168363571166992
vn 0.9228041172027588 -0.21919654309749603 0.31683656573295593
vn 0.7265787124633789 -0.05199818313121796 0.6851128339767456
vn 0.7265788316726685 -0.05199814960360527 0.685112714767456
vn 0.9056674242019653 0.03207648545503616 0.4227737784385681
vn 0.9056674838066101 0.03207634389400482 0.42277365922927856
vn 0.9056674838066101 0.032076358795166016 0.42277371883392334
vn 0.9056673645973206 0.03207632154226303 0.42277392745018005
vn 0.9056674838066101 0.03207632899284363 0.4227737784385681
vn 0.8258383870124817 -0.09280426055192947 0.5562177300453186
vn 0.9056674242019653 0.03207619488239288 0.4227737486362457
vn 0.87777179479599 -0.16675633192062378 0.44912025332450867
vn 0.8332745432853699 -0.31140220165252686 0.4568174481391907
vn 0.833274781703949 -0.31140217185020447 0.4568173289299011
vn 0.8332745432853699 -0.31140220165252686 0.45681747794151306
vn 0.8691417574882507 -0.15310300886631012 0.4702680706977844
vn 0.8332746624946594 -0.31140217185020447 0.45681723952293396
vn 0.9122795462608337 -0.21743722259998322 0.34708359837532043
vn 0.9216697812080383 -0.20334492623806 0.3304173946380615
vn 0.9665504693984985 -0.11757637560367584 0.22793880105018616
vn 0.9665502905845642 -0.11757667362689972 0.2279391884803772
vn 0.8332746624946594 -0.3114020824432373 0.4568173587322235
vn 0.8332746028900146 -0.3114020526409149 0.4568175673484802
vn 0.9122795462608337 -0.21743716299533844 0.3470836281776428
vn 0.9892411231994629 -0.1368493288755417 0.051713600754737854
vn 0.9803339838981628 -0.15175051987171173 -0.12616375088691711
vn 0.9892411231994629 -0.13684935867786407 0.05171335116028786
vn 0.9892410635948181 -0.13684971630573273 0.05171339958906174
vn 0.966550350189209 -0.1175764948129654 0.2279389202594757
vn 0.966550350189209 -0.11757668107748032 0.22793887555599213
vn 0.9665502905845642 -0.1175767183303833 0.2279391586780548
vn 0.9665502905845642 -0.11757641285657883 0.22793909907341003
vn 0.9665502309799194 -0.1175769716501236 0.22793948650360107
vn 0.9623140096664429 -0.1479131430387497 0.2281961888074875
vn 0.9623140692710876 -0.1479131281375885 0.22819580137729645
vn 0.9616348147392273 -0.1522374153137207 0.22821520268917084
vn 0.9571749567985535 -0.17811012268066406 0.22823873162269592
vn 0.9084758162498474 -0.11686348915100098 0.40126630663871765
vn 0.9571748375892639 -0.17811089754104614 0.22823897004127502
vn 0.8968809843063354 -0.10597719252109528 0.42938730120658875
vn 0.8968809247016907 -0.10597683489322662 0.4293874204158783
vn 0.9571747183799744 -0.1781109869480133 0.22823886573314667
vn 0.9980303645133972 -0.05044705420732498 0.03728878125548363
vn 0.9980303645133972 -0.05044713616371155 0.03728858754038811
vn 0.9812461137771606 -0.12422841787338257 0.1473882794380188
vn 0.9871219396591187 -0.10586803406476974 0.119926318526268
vn 0.9980303645133972 -0.05044732615351677 0.03728873282670975
vn 0.998030424118042 -0.05044693499803543 0.03728849068284035
vn 0.998030424118042 -0.050447139889001846 0.037288591265678406
vn 0.9571748375892639 -0.17811091244220734 0.22823883593082428
vn 0.9571748971939087 -0.1781105399131775 0.22823849320411682
vn 0.9571747183799744 -0.17811109125614166 0.22823916375637054
vn 0.9571747779846191 -0.17811064422130585 0.2282390147447586
vn 0.946395993232727 -0.12368696928024292 0.2983892261981964
vn 0.9843226075172424 -0.11506444215774536 0.13367626070976257
vn 0.7923713326454163 -0.02861841395497322 0.6093674898147583
vn 0.7923712730407715 -0.028618264943361282 0.6093675494194031
vn 0.726578950881958 -0.05199812352657318 0.6851125955581665
vn 0.5921432971954346 -0.1703205406665802 0.787627637386322
vn 0.7265788316726685 -0.05199818313121796 0.685112714767456
vn 0.7265788912773132 -0.0519983172416687 0.6851126551628113
vn 0.7265790104866028 -0.051998320966959 0.6851125955581665
vn 0.5883204340934753 -0.17537254095077515 -0.789381742477417
vn 0.5713501572608948 -0.1369030922651291 -0.8092074394226074
vn 0.5713502764701843 -0.13690271973609924 -0.8092073798179626
vn 0.571350634098053 -0.13690271973609924 -0.8092072010040283
vn 0.5713503360748291 -0.13690285384655 -0.8092073202133179
vn 0.5713502764701843 -0.13690267503261566 -0.8092073202133179
vn 0.5713503360748291 -0.13690291345119476 -0.8092073202133179
vn 0.566743016242981 -0.1462215632200241 -0.8108153939247131
vn 0.5667428970336914 -0.1462216079235077 -0.8108153939247131
vn 0.5713501572608948 -0.1369028240442276 -0.8092073798179626
vn 0.581201434135437 -0.15892794728279114 -0.7980894446372986
vn 0.5787763595581055 -0.15343061089515686 -0.8009225130081177
vn 0.5883210301399231 -0.17537307739257812 -0.789381206035614
vn 0.5883207321166992 -0.17537334561347961 -0.7893813848495483
vn 0.5883210301399231 -0.17537307739257812 -0.7893812656402588
vn 0.5799919962882996 -0.15618015825748444 -0.7995105385780334
vn 0.5620729327201843 -0.15552449226379395 -0.8123338222503662
vn 0.5620731115341187 -0.1555243879556656 -0.8123337030410767
vn 0.5620730519294739 -0.15552441775798798 -0.8123337030410767
vn 0.562073290348053 -0.15552447736263275 -0.8123336434364319
vn 0.555026113986969 -0.14215928316116333 -0.819595456123352
vn 0.5453875660896301 -0.12427762895822525 -0.8289194107055664
vn 0.52970290184021 -0.1513369381427765 -0.834572970867157
vn 0.5297029614448547 -0.15133726596832275 -0.8345728516578674
vn -0.7124556303024292 -0.0973697379231453 -0.6949288249015808
vn -0.6283828616142273 0.014719907194375992 -0.7777649760246277
vn -0.6283828616142273 0.01471979171037674 -0.7777649760246277
vn -0.6283828020095825 0.014719735831022263 -0.7777649760246277
vn -0.6283828616142273 0.014719589613378048 -0.7777649760246277
vn -0.6283829212188721 0.014719445258378983 -0.7777649164199829
vn -0.8050627112388611 -0.0821230560541153 -0.5874776840209961
vn -0.6086762547492981 -0.10878214240074158 -0.7859259247779846
vn -0.6487899422645569 -0.14244870841503143 -0.747515857219696
vn -0.6919814944267273 -0.12778790295124054 -0.7105152010917664
vn -0.8050627112388611 -0.08212322741746902 -0.5874775648117065
vn -0.5087919235229492 -0.1826881617307663 -0.841282308101654
vn -0.508791983127594 -0.18268829584121704 -0.8412822484970093
vn -0.6706750988960266 -0.13517659902572632 -0.7293299436569214
vn -0.5087918639183044 -0.18268835544586182 -0.841282308101654
vn -0.5087918043136597 -0.18268844485282898 -0.841282308101654
vn -0.5087918043136597 -0.18268798291683197 -0.8412823677062988
vn -0.5267550945281982 -0.14911600947380066 -0.836835503578186
vn -0.5267549753189087 -0.1491163820028305 -0.8368353247642517
vn -0.7065988183021545 -0.14142127335071564 -0.6933384537696838
vn -0.7539397478103638 -0.13253848254680634 -0.6434349417686462
vn -0.8658490180969238 -0.11221130937337875 -0.48755937814712524
vn -0.5439440608024597 -0.11532547324895859 -0.8311587572097778
vn -0.5525416731834412 -0.13366083800792694 -0.8226983547210693
vn -0.56087327003479 -0.15193194150924683 -0.8138414621353149
vn -0.5608734488487244 -0.15193171799182892 -0.8138414621353149
vn -0.7092580199241638 -0.13835793733596802 -0.6912381649017334
vn -0.865848958492279 -0.11221156269311905 -0.4875594675540924
vn -0.7319942116737366 -0.1355215162038803 -0.667696475982666
vn -0.5608732104301453 -0.15193186700344086 -0.8138415217399597
vn -0.5704787373542786 -0.13285596668720245 -0.8104957342147827
vn -0.7427458763122559 -0.1325453519821167 -0.6563234329223633
vn -0.8658490777015686 -0.1122114285826683 -0.4875592291355133
vn -0.8705859184265137 -0.11520831286907196 -0.47833797335624695
vn -0.5608729720115662 -0.15193204581737518 -0.8138417601585388
vn -0.5608729720115662 -0.151932030916214 -0.8138415813446045
vn -0.5692925453186035 -0.13524393737316132 -0.8109347224235535
vn -0.5681018233299255 -0.1376315951347351 -0.811367928981781
vn -0.5775081515312195 -0.11850782483816147 -0.8077377676963806
vn -0.5775079131126404 -0.11850767582654953 -0.8077379465103149
vn -0.56087327003479 -0.151932030916214 -0.8138414621353149
vn -0.5608731508255005 -0.15193185210227966 -0.8138415217399597
vn -0.5525416731834412 -0.13366065919399261 -0.8226983547210693
vn -0.5525417923927307 -0.13366109132766724 -0.822698175907135
vn -0.5439442992210388 -0.11532531678676605 -0.8311586380004883
vn -0.6059608459472656 -0.16133944690227509 -0.7789615392684937
vn -0.5940194129943848 -0.14304405450820923 -0.7916308641433716
vn -0.5775079727172852 -0.11850810050964355 -0.8077378869056702
vn -0.3968046307563782 -0.13568611443042755 -0.9078190326690674
vn -0.5775078535079956 -0.11850812286138535 -0.8077379465103149
vn -0.6059610247612 -0.1613391637802124 -0.7789615392684937
vn -0.5899531841278076 -0.1369224637746811 -0.7957433462142944
vn -0.7733008861541748 -0.1341709941625595 -0.6196804642677307
vn -0.5775078535079956 -0.1185077428817749 -0.8077380061149597
vn -0.5775079727172852 -0.11850804835557938 -0.8077378273010254
vn -0.5775079131126404 -0.11850783228874207 -0.8077378869056702
vn -0.8714162707328796 -0.10904271900653839 -0.47827115654945374
vn -0.8714162707328796 -0.1090429350733757 -0.4782711863517761
vn -0.8714163899421692 -0.10904287546873093 -0.4782709777355194
vn -0.7942041158676147 -0.13753367960453033 0.591882050037384
vn -0.8031150698661804 -0.041372623294591904 0.5943858623504639
vn -0.8031151294708252 -0.041372597217559814 0.5943857431411743
vn -0.8031150102615356 -0.041372623294591904 0.5943859815597534
vn -0.6473153829574585 -0.15007169544696808 0.747302770614624
vn -0.6473153829574585 -0.15007135272026062 0.747302770614624
vn -0.7826590538024902 -0.20881223678588867 0.586380660533905
vn -0.7826589345932007 -0.20881202816963196 0.5863808989524841
vn -0.7141746878623962 -0.0006993841961957514 0.6999673247337341
vn -0.7141745686531067 -0.0006994091090746224 0.6999673247337341
vn -0.7141745090484619 -0.0006994276191107929 0.6999673247337341
vn -0.7091721892356873 -0.11815249174833298 0.6950646042823792
vn -0.5242425799369812 -0.15984183549880981 0.8364330530166626
vn -0.5510942339897156 -0.1400432139635086 0.8226074576377869
vn -0.38819506764411926 -0.1475723832845688 0.9096850752830505
vn -0.35436826944351196 -0.27083665132522583 0.8950254917144775
vn -0.35436856746673584 -0.2708367109298706 0.895025372505188
vn -0.5772273540496826 -0.12006176263093948 0.8077089190483093
vn -0.35436856746673584 -0.27083683013916016 0.895025372505188
vn -0.3408397138118744 -0.010447021573781967 0.9400634169578552
vn -0.3506866991519928 -0.141889289021492 0.925681471824646
vn -0.17675210535526276 -0.14292137324810028 0.9738234877586365
vn -0.35436880588531494 -0.27083656191825867 0.895025372505188
vn -0.1450401097536087 -0.11999731510877609 0.9821221232414246
vn -0.3543683588504791 -0.2708369195461273 0.895025372505188
vn -0.11309628188610077 -0.09688161313533783 0.988849401473999
vn 0.0750436931848526 0.03974052891135216 0.9963880777359009
vn 0.07504377514123917 0.03974045440554619 0.9963880777359009
vn 0.00848277285695076 -0.10782566666603088 0.9941336512565613
vn -0.3506867587566376 -0.14188934862613678 0.9256815314292908
vn -0.34083977341651917 -0.010447141714394093 0.9400633573532104
vn -0.3251481354236603 -0.03276059776544571 0.945095419883728
vn -0.35436877608299255 -0.27083683013916016 0.8950252532958984
vn -0.3506868779659271 -0.14188943803310394 0.9256814122200012
vn -0.3408397138118744 -0.010447090491652489 0.9400634169578552
vn -0.34083953499794006 -0.01044706255197525 0.9400634765625
vn -0.34083983302116394 -0.010446964763104916 0.9400634169578552
vn -0.3408396542072296 -0.010447172448039055 0.9400634169578552
vn -0.3543687164783478 -0.27083656191825867 0.895025372505188
vn 0.07504374533891678 0.039740439504384995 0.9963880777359009
vn 0.07504378259181976 0.03974059224128723 0.9963880777359009
vn 0.07504374533891678 0.03974049165844917 0.9963880777359009
vn 0.0750437080860138 0.03974051773548126 0.9963880777359009
vn 0.07504383474588394 0.039740510284900665 0.9963880777359009
vn 0.2093028873205185 -0.05894572287797928 0.9760726690292358
vn 0.25357523560523987 -0.0920955017209053 0.962921679019928
vn 0.2315322607755661 -0.07555081695318222 0.9698890447616577
vn 0.3791111409664154 -0.18793517351150513 0.906065821647644
vn 0.37911099195480347 -0.18793508410453796 0.906065821647644
vn 0.3791109621524811 -0.18793481588363647 0.9060658812522888
vn 0.37911123037338257 -0.18793487548828125 0.906065821647644
vn 0.38404643535614014 -0.11803753674030304 0.9157376885414124
vn 0.3791111707687378 -0.18793484568595886 0.9060657620429993
vn 0.3791109025478363 -0.18793512880802155 0.906065821647644
vn 0.37911078333854675 -0.18793503940105438 0.9060659408569336
vn 0.3840462267398834 -0.11803756654262543 0.9157377481460571
vn 0.3840467035770416 -0.11803750693798065 0.915737509727478
vn 0.3870604932308197 -0.04754959046840668 0.9208275079727173
vn 0.38706013560295105 -0.047549545764923096 0.9208276271820068
vn 0.3870604634284973 -0.04754965007305145 0.9208275079727173
vn 0.38706010580062866 -0.04754967615008354 0.9208275675773621
vn 0.3870604634284973 -0.047549642622470856 0.9208275079727173
vn 0.38706016540527344 -0.047549691051244736 0.9208275675773621
vn 0.3049505949020386 -0.11453022807836533 0.9454564452171326
vn -0.04674411192536354 -0.1221940815448761 0.9914048314094543
vn 0.21923187375068665 -0.18015505373477936 0.9588961005210876
vn 0.21992552280426025 -0.16593246161937714 0.961300790309906
vn 0.21923136711120605 -0.1801556795835495 0.9588959813117981
vn -0.00751853222027421 -0.13137291371822357 0.9913045763969421
vn -0.0864497721195221 -0.1214308962225914 0.9888280630111694
vn 0.22003664076328278 -0.16355805099010468 0.9616822004318237
vn 0.21923187375068665 -0.18015553057193756 0.9588959217071533
vn 0.2192317098379135 -0.18015587329864502 0.9588958621025085
vn 0.22003693878650665 -0.16355806589126587 0.9616820812225342
vn 0.21923211216926575 -0.18015506863594055 0.9588959813117981
vn 0.2192317098379135 -0.1801554262638092 0.9588959813117981
vn 0.21923154592514038 -0.1801554560661316 0.9588961005210876
vn 0.304950475692749 -0.11453027278184891 0.9454565048217773
vn 0.30495089292526245 -0.11452993750572205 0.945456326007843
vn -0.04674392566084862 -0.12219435721635818 0.9914048314094543
vn -0.30920642614364624 -0.05504894256591797 0.9494003653526306
vn 0.564268171787262 -0.1341368854045868 0.8146218657493591
vn 0.387060284614563 -0.04754962399601936 0.9208275675773621
vn 0.5878480076789856 -0.14625433087348938 0.7956408262252808
vn 0.45564988255500793 -0.16521647572517395 0.8746922612190247
vn 0.7131615281105042 -0.2139940708875656 0.6675382256507874
vn 0.7212766408920288 -0.14504261314868927 0.6772907376289368
vn 0.5402191281318665 -0.20925261080265045 0.8150930404663086
vn 0.31035128235816956 -0.24579444527626038 0.9182958006858826
vn 0.3734796345233917 -0.31674686074256897 0.8718854784965515
vn 0.22077959775924683 -0.1469142884016037 0.9641952514648438
vn 0.3734798729419708 -0.3167458176612854 0.8718858361244202
vn 0.37347978353500366 -0.31674617528915405 0.8718857169151306
vn 0.3734793961048126 -0.316746324300766 0.8718858957290649
vn 0.28837326169013977 -0.22135059535503387 0.9315818548202515
vn 0.22077934443950653 -0.1469145119190216 0.9641953706741333
vn -0.04775216802954674 -0.1372424066066742 0.9893857836723328
vn -0.04775211587548256 -0.13724285364151 0.9893857836723328
vn 0.22077929973602295 -0.1469145268201828 0.9641952514648438
vn 0.2207794487476349 -0.14691485464572906 0.9641952514648438
vn 0.22077888250350952 -0.14691463112831116 0.9641954898834229
vn 0.22077926993370056 -0.14691421389579773 0.9641954302787781
vn -0.3128056526184082 -0.11757408827543259 0.942512035369873
vn -0.3128056526184082 -0.1175742894411087 0.942512035369873
vn -0.3128056228160858 -0.1175742819905281 0.942512035369873
vn -0.3128055930137634 -0.11757414042949677 0.9425121545791626
vn -0.31280583143234253 -0.11757449805736542 0.9425119757652283
vn -0.312805712223053 -0.11757433414459229 0.9425119757652283
vn -0.3111606538295746 -0.08635465800762177 0.9464259147644043
vn -0.31116050481796265 -0.08635452389717102 0.9464259743690491
vn -0.38506850600242615 -0.18474429845809937 0.9042078852653503
vn -0.45301803946495056 -0.2498450130224228 0.855775773525238
vn -0.38506853580474854 -0.18474452197551727 0.9042077660560608
vn -0.31280574202537537 -0.1175742968916893 0.9425119757652283
vn -0.3111605644226074 -0.08635450154542923 0.9464259147644043
vn -0.5211079120635986 -0.11859156936407089 0.8452115058898926
vn -0.45301830768585205 -0.2498449683189392 0.8557756543159485
vn -0.4530183970928192 -0.24984489381313324 0.8557756543159485
vn -0.4530184268951416 -0.24984464049339294 0.855775773525238
vn -0.3274058401584625 -0.02957344800233841 0.9444208741188049
vn -0.3408394753932953 -0.010447169654071331 0.9400634765625
vn -0.5888444185256958 -0.11491748690605164 0.8000350594520569
vn -0.5888444185256958 -0.1149173229932785 0.8000351786613464
vn -0.30920660495758057 -0.05504917353391647 0.9494003057479858
vn -0.30920645594596863 -0.0550491027534008 0.9494003057479858
vn -0.30920663475990295 -0.05504930764436722 0.9494003057479858
vn -0.3228854835033417 -0.035947468131780624 0.9457551836967468
vn -0.30920639634132385 -0.05504925549030304 0.9494003057479858
vn -0.3092063069343567 -0.05504941940307617 0.9494003653526306
vn -0.3092065453529358 -0.05504940077662468 0.9494003057479858
vn -0.23146241903305054 -0.053432028740644455 0.9713754057884216
vn 0.043688468635082245 -0.009879291988909245 0.9989963173866272
vn 0.05588711425662041 -0.036815445870161057 0.9977582097053528
vn -0.26112842559814453 -0.034247927367687225 0.9646963477134705
vn -0.11203326284885406 -0.09295821934938431 0.9893468618392944
vn 0.031451985239982605 0.01706511899828911 0.9993596076965332
vn -0.36706575751304626 -0.10557451099157333 0.9241843819618225
vn -0.2518441677093506 -0.19993287324905396 0.9468903541564941
vn -0.48156484961509705 -0.030050087720155716 0.8758951425552368
vn -0.4777924418449402 -0.01943637989461422 0.8782577514648438
vn -0.473956823348999 -0.008820374496281147 0.8805039525032043
vn -0.4815649092197418 -0.03004988096654415 0.8758951425552368
vn -0.47779250144958496 -0.019436247646808624 0.8782576322555542
vn -0.47395679354667664 -0.00882039312273264 0.8805038928985596
vn -0.47395679354667664 -0.00882019940763712 0.8805039525032043
vn -0.47395679354667664 -0.008820288814604282 0.8805039525032043
vn -0.4739566743373871 -0.0088202441111207 0.8805040121078491
vn -0.473956823348999 -0.008820361457765102 0.8805038928985596
vn -0.3670657277107239 -0.10557466000318527 0.9241843223571777
vn -0.3670656085014343 -0.10557470470666885 0.9241844415664673
vn -0.25184398889541626 -0.19993291795253754 0.9468904137611389
vn -0.2518438398838043 -0.1999330073595047 0.9468904733657837
vn -0.6525431871414185 -0.07789511978626251 0.7537371516227722
vn -0.5567353963851929 -0.09327556192874908 0.8254364132881165
vn -0.24729150533676147 -0.11402305215597153 0.9622088074684143
vn -0.2518440783023834 -0.19993290305137634 0.9468903541564941
vn -0.24796578288078308 -0.12484106421470642 0.9606912732124329
vn 0.06579384952783585 -0.1210528090596199 0.9904631972312927
vn -0.11203309893608093 -0.09295829385519028 0.9893469214439392
vn -0.2518441379070282 -0.19993296265602112 0.9468903541564941
vn -0.2518443763256073 -0.19993291795253754 0.9468902945518494
vn -0.2518443167209625 -0.19993267953395844 0.9468903541564941
vn -0.1120331808924675 -0.092958465218544 0.9893469214439392
vn -0.24861042201519012 -0.13564392924308777 0.9590587615966797
vn -0.6285127401351929 -0.06802312284708023 0.7748191356658936
vn -0.6758435368537903 -0.08767954260110855 0.7318112850189209
vn -0.47395679354667664 -0.00882016308605671 0.8805038928985596
vn -0.47779250144958496 -0.01943626068532467 0.8782576322555542
vn 0.03145184367895126 0.017064956948161125 0.9993595480918884
vn 0.0314517505466938 0.017065078020095825 0.9993596076965332
vn 0.03145189955830574 0.01706484518945217 0.9993596076965332
vn 0.03145167976617813 0.01706491783261299 0.9993595480918884
vn 0.031451694667339325 0.017064953222870827 0.9993595480918884
vn 0.04368826374411583 -0.009879354387521744 0.9989964365959167
vn 0.24064411222934723 -0.06960791349411011 0.9681141376495361
vn 0.18850268423557281 -0.04785487428307533 0.9809060096740723
vn 0.2146635204553604 -0.05875604972243309 0.9749191999435425
vn 0.031452108174562454 0.01706494390964508 0.9993595480918884
vn 0.04368865489959717 -0.009879501536488533 0.9989964365959167
vn 0.38930702209472656 -0.13223159313201904 0.9115673303604126
vn 0.38930705189704895 -0.13223186135292053 0.911567211151123
vn 0.38930705189704895 -0.13223178684711456 0.911567211151123
vn 0.4956277310848236 -0.07167303562164307 0.8655726909637451
vn 0.5295696258544922 -0.050977904349565506 0.8467333316802979
vn 0.3893071115016937 -0.13223183155059814 0.911567211151123
vn 0.38930705189704895 -0.13223187625408173 0.911567211151123
vn 0.5127226710319519 -0.061340298503637314 0.8563603162765503
vn 0.624189555644989 0.010980801656842232 0.7811958193778992
vn 0.624189555644989 0.010980735532939434 0.7811957597732544
vn 0.3472375273704529 -0.03021627478301525 0.937290370464325
vn 0.5883675813674927 -0.11125954240560532 0.8009025454521179
vn 0.677130401134491 -0.07962065190076828 0.7315428853034973
vn 0.3858942985534668 -0.10031990706920624 0.9170721769332886
vn 0.38070714473724365 -0.05760522931814194 0.9228996634483337
vn 0.38466471433639526 -0.08965150266885757 0.9186922907829285
vn 0.3807070851325989 -0.05760526657104492 0.9228996634483337
vn 0.3893069624900818 -0.1322319358587265 0.911567211151123
vn 0.38930702209472656 -0.13223189115524292 0.9115671515464783
vn 0.3852851390838623 -0.09498719871044159 0.9178957939147949
vn 0.07218792289495468 -0.27590522170066833 0.9584702849388123
vn 0.07218829542398453 -0.27590495347976685 0.958470344543457
vn 0.07218807935714722 -0.2759048342704773 0.958470344543457
vn 0.07218776643276215 -0.2759051024913788 0.9584702849388123
vn -0.0639282837510109 -0.18205969035625458 0.9812071323394775
vn -0.109757199883461 -0.14903223514556885 0.9827221632003784
vn 0.23064014315605164 -0.1698427051305771 0.9581015706062317
vn 0.23064008355140686 -0.16984273493289948 0.9581015110015869
vn 0.380707323551178 -0.057605236768722534 0.922899603843689
vn 0.3807072341442108 -0.05760524421930313 0.922899603843689
vn 0.38070711493492126 -0.057605236768722534 0.9228996634483337
vn 0.38070717453956604 -0.05760534852743149 0.922899603843689
vn 0.38070717453956604 -0.05760529264807701 0.922899603843689
vn 0.23064033687114716 -0.1698426604270935 0.9581015110015869
vn 0.5883675813674927 -0.11125968396663666 0.8009026050567627
vn 0.5883674025535583 -0.11125961691141129 0.8009026646614075
vn 0.07218799740076065 -0.27590516209602356 0.9584702253341675
vn 0.07456404715776443 -0.11960317194461823 0.990017831325531
vn 0.07456404715776443 -0.11960338801145554 0.9900177717208862
vn 0.0721881091594696 -0.2759052515029907 0.9584702253341675
vn 0.07218796759843826 -0.27590516209602356 0.9584702253341675
vn 0.07456386089324951 -0.11960329860448837 0.990017831325531
vn -0.24263854324817657 -0.049019813537597656 0.9688774943351746
vn -0.24263837933540344 -0.049019649624824524 0.9688775539398193
vn -0.24263855814933777 -0.04901968687772751 0.9688774943351746
vn -0.2426384687423706 -0.049019843339920044 0.9688774943351746
vn -0.24263857305049896 -0.04901993274688721 0.9688774943351746
vn -0.24263833463191986 -0.04901958629488945 0.9688776135444641
vn -0.24263854324817657 -0.04901980236172676 0.9688774943351746
vn -0.08687783032655716 -0.165612131357193 0.98235684633255
vn -0.47125792503356934 -0.11326068639755249 0.8746931552886963
vn -0.47125810384750366 -0.1132606789469719 0.8746930360794067
vn -0.4712575674057007 -0.11326050758361816 0.8746933341026306
vn -0.6691213846206665 -0.1701093316078186 0.7234220504760742
vn -0.6691213250160217 -0.17010903358459473 0.7234221696853638
vn -0.6691210865974426 -0.1701096147298813 0.7234222292900085
vn -0.6691212058067322 -0.17010945081710815 0.7234221696853638
vn -0.6691208481788635 -0.17010988295078278 0.7234224677085876
vn -0.6691210865974426 -0.17010922729969025 0.7234223484992981
vn -0.6691212058067322 -0.17010951042175293 0.7234220504760742
vn -0.7164207696914673 -0.0830937996506691 0.6927024722099304
vn -0.7236071228981018 -0.06839658319950104 0.6868148446083069
vn -0.6822956800460815 -0.20220601558685303 0.7025562524795532
vn -0.6822957992553711 -0.20220574736595154 0.7025563716888428
vn -0.6943516731262207 -0.23397056758403778 0.6805391907691956
vn -0.6943517327308655 -0.233970507979393 0.680539071559906
vn -0.694351851940155 -0.2339702844619751 0.6805391311645508
vn -0.694351851940155 -0.23397038877010345 0.6805391311645508
vn -0.6822956204414368 -0.2022058665752411 0.702556312084198
vn -0.6068206429481506 -0.26010221242904663 -0.751076340675354
vn -0.7330548763275146 -0.13187573850154877 -0.6672625541687012
vn -0.7186368703842163 -0.14843744039535522 -0.6793580651283264
vn -0.6068202257156372 -0.2601017951965332 -0.7510768175125122
vn -0.6236096620559692 -0.12388444691896439 -0.7718573212623596
vn -0.6236097812652588 -0.12388460338115692 -0.7718572020530701
vn -0.6068203449249268 -0.2601017951965332 -0.7510766386985779
vn 0.7873913645744324 -0.11549490690231323 0.6055377125740051
vn 0.7873913645744324 -0.11549480259418488 0.6055377125740051
vn 0.7764374613761902 -0.201494961977005 0.5971136093139648
vn 0.7764374017715454 -0.20149509608745575 0.5971136689186096
vn 0.7764374017715454 -0.20149509608745575 0.5971136689186096
vn 0.7764374017715454 -0.20149464905261993 0.5971137881278992
vn 0.7764376997947693 -0.20149481296539307 0.5971134901046753
vn 0.7764374017715454 -0.20149469375610352 0.5971137881278992
vn 0.776437520980835 -0.20149445533752441 0.597113847732544
vn 0.992520272731781 -0.11631147563457489 0.03708265349268913
vn 0.9832209944725037 -0.12945012748241425 0.1285264492034912
vn 0.9727986454963684 -0.07578889280557632 0.21890412271022797
vn 0.8821800351142883 -0.15132394433021545 0.4459364414215088
vn 0.9826744198799133 -0.18166740238666534 0.03671447932720184
vn 0.9832209944725037 -0.12945011258125305 0.12852656841278076
vn 0.9727986454963684 -0.07578936964273453 0.2189037948846817
vn 0.9727985262870789 -0.07578913867473602 0.218904048204422
vn 0.9727985262870789 -0.07578928768634796 0.2189043015241623
vn 0.9826744198799133 -0.18166759610176086 0.03671469911932945
vn 0.9826744198799133 -0.18166761100292206 0.03671475872397423
vn 0.9826744198799133 -0.18166740238666534 0.03671494871377945
vn 0.9826743602752686 -0.18166743218898773 0.03671492636203766
vn 0.9832209944725037 -0.12945027649402618 0.12852658331394196
vn 0.9826744794845581 -0.1816675066947937 0.03671484813094139
vn 0.9868777394294739 -0.11907326430082321 -0.10905943065881729
vn 0.9877189993858337 -0.12713904678821564 -0.09081187099218369
vn 0.9826743006706238 -0.18166761100292206 0.03671517223119736
vn 0.9935752153396606 -0.1069127544760704 0.03712187334895134
vn 0.9913767576217651 -0.12569917738437653 0.03704012185335159
vn 0.897032618522644 -0.1421947181224823 0.41846534609794617
vn 0.7686321139335632 -0.17989015579223633 0.6138763427734375
vn 0.9109352827072144 -0.13291551172733307 0.3905513286590576
vn 0.8842101693153381 -0.07599592208862305 0.4608655571937561
vn 0.9727984666824341 -0.07578899711370468 0.2189044952392578
vn 0.9715100526809692 -0.09547732770442963 0.21691568195819855
vn 0.9691976308822632 -0.12167008221149445 0.21413177251815796
vn 0.9350470900535583 -0.04639730975031853 0.3514745831489563
vn 0.8520290851593018 0.055826425552368164 0.5205091238021851
vn 0.8061227202415466 -0.0669855996966362 0.587944746017456
vn 0.7602049708366394 -0.15814003348350525 0.6301429867744446
vn 0.994779109954834 -0.10070198029279709 0.016548221930861473
vn 0.9977831244468689 -0.06626798957586288 0.006119797937572002
vn 0.9691978096961975 -0.12167013436555862 0.21413150429725647
vn 0.9712579250335693 -0.09875617176294327 0.2165757268667221
vn 0.9727985858917236 -0.07578907161951065 0.21890383958816528
vn 0.9712579846382141 -0.09875597059726715 0.21657587587833405
vn 0.9727986454963684 -0.07578887790441513 0.21890398859977722
vn 0.9691975712776184 -0.121670201420784 0.2141319066286087
vn 0.7686321139335632 -0.17988994717597961 0.613876461982727
vn 0.8520292043685913 0.05582648888230324 0.5205090641975403
vn 0.8128750324249268 -0.05158564820885658 0.580149233341217
vn 0.8742185235023499 -0.06063304468989372 0.48173174262046814
vn 0.8742185831069946 -0.06063300743699074 0.4817318916320801
vn 0.8828062415122986 -0.1761493980884552 0.4354591369628906
vn 0.8828062415122986 -0.1761493980884552 0.43545907735824585
vn 0.8520290851593018 0.05582679435610771 0.5205092430114746
vn 0.8520290851593018 0.05582679435610771 0.5205092430114746
vn 0.8520291447639465 0.05582666024565697 0.5205091834068298
vn 0.852029025554657 0.0558265820145607 0.5205092430114746
vn 0.8520290851593018 0.055826783180236816 0.5205092430114746
vn 0.9268720149993896 -0.03350945934653282 0.3738788366317749
vn 0.969197690486908 -0.12167000025510788 0.21413162350654602
vn 0.9268719553947449 -0.03350931406021118 0.3738788962364197
vn 0.8742185235023499 -0.060632821172475815 0.4817318618297577
vn 0.9832103848457336 -0.06141641363501549 0.17182976007461548
vn 0.882806122303009 -0.17614921927452087 0.43545931577682495
vn 0.8828060626983643 -0.17614933848381042 0.4354592561721802
vn 0.8828061819076538 -0.1761496365070343 0.43545907735824585
vn 0.8828063011169434 -0.1761493980884552 0.4354589581489563
vn 0.882806122303009 -0.17614935338497162 0.4354593753814697
vn 0.9101740121841431 -0.11022467166185379 0.3992915749549866
vn 0.9101741909980774 -0.1102248877286911 0.39929115772247314
vn 0.9317140579223633 -0.04359493777155876 0.3605669140815735
vn 0.9900289177894592 -0.0381784588098526 0.13559241592884064
vn 0.9317140579223633 -0.04359513148665428 0.3605667054653168
vn 0.9101740717887878 -0.11022484302520752 0.39929142594337463
vn 0.9948390126228333 -0.030699271708726883 -0.09671037644147873
vn 0.9948391318321228 -0.03069937229156494 -0.09671004861593246
vn 0.9848289489746094 -0.03910278156399727 0.16906481981277466
vn 0.9922275543212891 -0.052271321415901184 -0.11292589455842972
vn 0.9922275543212891 -0.05227116122841835 -0.11292588710784912
vn 0.994839072227478 -0.03069961816072464 -0.0967104360461235
vn 0.9890285134315491 -0.04825615882873535 -0.13962148129940033
vn 0.9888865947723389 -0.07380513846874237 -0.12905851006507874
vn 0.996762216091156 -0.07349413633346558 0.03261430561542511
vn 0.9884142279624939 -0.022670574486255646 -0.15007807314395905
vn 0.9884142279624939 -0.02267042174935341 -0.15007798373699188
vn 0.9884142875671387 -0.022670144215226173 -0.15007777512073517
vn 0.9884142279624939 -0.022670898586511612 -0.1500779241323471
vn 0.969197690486908 -0.12167006731033325 0.21413156390190125
vn 0.9691977500915527 -0.12166967242956161 0.2141314446926117
vn 0.996762216091156 -0.07349424809217453 0.032614078372716904
vn 0.9890283942222595 -0.048256125301122665 -0.13962166011333466
vn 0.9884142875671387 -0.022670214995741844 -0.1500779092311859
vn 0.9833543300628662 -0.054924432188272476 -0.17319819331169128
vn 0.969197690486908 -0.12166980654001236 0.21413187682628632
vn 0.9884142279624939 -0.02267030067741871 -0.15007798373699188
vn 0.9813157320022583 -0.06566721946001053 -0.18085144460201263
vn 0.9884141683578491 -0.0226704403758049 -0.15007804334163666
vn 0.9823569655418396 -0.06029702350497246 -0.17702870070934296
vn 0.9741592407226562 -0.09779255837202072 -0.20359359681606293
vn 0.9741591811180115 -0.09779210388660431 -0.2035938799381256
vn 0.9345209002494812 -0.05854211375117302 -0.3510607182979584
vn 0.9888866543769836 -0.07380504161119461 -0.12905846536159515
vn 0.9890283942222595 -0.048256151378154755 -0.13962170481681824
vn 0.9173773527145386 -0.057389795780181885 -0.3938594460487366
vn 0.9888866543769836 -0.07380461692810059 -0.12905876338481903
vn 0.9888865947723389 -0.0738050565123558 -0.129058837890625
vn 0.9888866543769836 -0.07380522042512894 -0.12905874848365784
vn 0.9888866543769836 -0.07380486279726028 -0.12905842065811157
vn 0.9455668926239014 -0.06097257509827614 -0.31966474652290344
vn 0.9922275543212891 -0.05227147787809372 -0.1129259243607521
vn 0.9888865947723389 -0.07380487769842148 -0.1290585845708847
vn 0.9224340915679932 -0.056046418845653534 -0.38206571340560913
vn 0.8037378191947937 -0.08174889534711838 -0.5893409252166748
vn 0.8037378191947937 -0.08174880594015121 -0.5893409252166748
vn 0.8197527527809143 -0.05803679674863815 -0.5697693824768066
vn 0.8158396482467651 -0.06397400051355362 -0.5747287273406982
vn 0.8037378191947937 -0.08174873143434525 -0.5893409252166748
vn 0.8178037405014038 -0.061006098985672 -0.5722545981407166
vn 0.8311172723770142 -0.04020700976252556 -0.5546417832374573
vn 0.8311172723770142 -0.040207285434007645 -0.5546416640281677
vn 0.6877291798591614 -0.04421873763203621 -0.7246192693710327
vn 0.8299989104270935 -0.03310978412628174 -0.5567813515663147
vn 0.8311172723770142 -0.04020693153142929 -0.554641842842102
vn 0.8311173319816589 -0.04020707681775093 -0.5546416640281677
vn 0.8311173319816589 -0.040207184851169586 -0.554641604423523
vn 0.8311173319816589 -0.04020720720291138 -0.5546417236328125
vn 0.8311173319816589 -0.04020731523633003 -0.5546416640281677
vn 0.8056285381317139 -0.02957499958574772 -0.5916822552680969
vn 0.9347369074821472 -0.09919269382953644 -0.34121501445770264
vn 0.8761568069458008 -0.09855967015028 -0.4718424081802368
vn 0.8443607091903687 -0.038103360682725906 -0.5344184041023254
vn 0.8053190112113953 0.02268005535006523 -0.5924077033996582
vn 0.8761563301086426 -0.09856005758047104 -0.4718431830406189
vn 0.8443607091903687 -0.03810302913188934 -0.534418523311615
vn 0.8443606495857239 -0.03810333088040352 -0.5344187021255493
vn 0.8053190112113953 0.022680168971419334 -0.592407763004303
vn 0.80531907081604 0.02268022671341896 -0.5924077033996582
vn 0.8053191900253296 0.02268005721271038 -0.5924075841903687
vn 0.8053189516067505 0.02268023043870926 -0.5924078226089478
vn 0.742073655128479 -0.08606594055891037 -0.6647701263427734
vn 0.7420737147331238 -0.08606572449207306 -0.6647701263427734
vn 0.7757412791252136 -0.03177638724446297 -0.6302503943443298
vn 0.7757415175437927 -0.031776610761880875 -0.6302502155303955
vn 0.775741457939148 -0.031776655465364456 -0.6302503347396851
vn 0.8053191900253296 0.022679980844259262 -0.5924075841903687
vn 0.80531907081604 0.02267991565167904 -0.5924075841903687
vn 0.8056285381317139 -0.02957450971007347 -0.5916824340820312
vn 0.8057190775871277 -0.022104745730757713 -0.5918851494789124
vn 0.8037375807762146 -0.081748828291893 -0.5893411040306091
vn 0.8037378787994385 -0.0817488580942154 -0.5893408060073853
vn 0.8037376403808594 -0.08174923807382584 -0.5893410444259644
vn 0.742073655128479 -0.08606564998626709 -0.664770245552063
vn 0.7420737147331238 -0.08606580644845963 -0.6647701263427734
vn 0.7420737743377686 -0.08606574684381485 -0.6647700667381287
vn 0.7420737147331238 -0.08606570959091187 -0.6647701859474182
vn 0.8761562705039978 -0.09856037050485611 -0.4718432128429413
vn 0.8761566877365112 -0.09856005758047104 -0.47184252738952637
vn 0.8761566877365112 -0.09855984896421432 -0.47184279561042786
vn 0.8761565089225769 -0.09855988621711731 -0.4718429744243622
vn 0.8761564493179321 -0.0985599085688591 -0.47184300422668457
vn 0.8378146886825562 -0.1505114585161209 -0.5247979164123535
vn 0.8378145694732666 -0.15051186084747314 -0.524797797203064
vn 0.7936305403709412 -0.20141389966011047 -0.5740931630134583
vn 0.7936307191848755 -0.20141398906707764 -0.5740930438041687
vn 0.8097125887870789 -0.0914514884352684 -0.5796568989753723
vn 0.7420738339424133 -0.0860656127333641 -0.6647700071334839
vn 0.7701842784881592 -0.14417622983455658 -0.6213126182556152
vn 0.7936310172080994 -0.20141378045082092 -0.5740927457809448
vn 0.7701842188835144 -0.14417614042758942 -0.62131267786026
vn 0.7701841592788696 -0.14417631924152374 -0.6213127374649048
vn 0.7936307787895203 -0.20141422748565674 -0.5740927457809448
vn 0.7936304807662964 -0.2014135718345642 -0.5740935802459717
vn 0.7936307191848755 -0.201414093375206 -0.5740928053855896
vn 0.7936310172080994 -0.201414093375206 -0.5740926265716553
vn 0.8091647028923035 -0.13127705454826355 -0.572729229927063
vn 0.6844292283058167 -0.12490256875753403 -0.7183007597923279
vn 0.8071960210800171 -0.14136342704296112 -0.5731063485145569
vn 0.8205211162567139 -0.0604613833129406 -0.5684096813201904
vn 0.8205214738845825 -0.060461416840553284 -0.5684092044830322
vn 0.7530160546302795 -0.1259622424840927 -0.6458330750465393
vn 0.9168556928634644 -0.11282758414745331 -0.382943332195282
vn 0.8684081435203552 -0.12042070180177689 -0.4810052812099457
vn 0.8205214738845825 -0.06046191602945328 -0.5684091448783875
vn 0.8110474348068237 -0.1211760863661766 -0.572292149066925
vn 0.8378149271011353 -0.1505114734172821 -0.5247974395751953
vn 0.6743343472480774 -0.1895933300256729 -0.713671863079071
vn 0.6743345260620117 -0.18959355354309082 -0.7136716246604919
vn 0.6743344068527222 -0.18959367275238037 -0.7136718034744263
vn 0.6743342876434326 -0.1895936280488968 -0.7136719226837158
vn 0.6743345260620117 -0.1895933598279953 -0.7136718034744263
vn 0.6743345856666565 -0.18959349393844604 -0.7136717438697815
vn 0.6743344664573669 -0.18959303200244904 -0.7136718034744263
vn 0.7423824667930603 -0.13523410260677338 -0.6561859250068665
vn 0.8205212354660034 -0.06046164780855179 -0.5684095025062561
vn 0.8205211758613586 -0.06046184524893761 -0.5684096217155457
vn 0.8205215334892273 -0.060461968183517456 -0.5684089660644531
vn 0.8205212950706482 -0.06046176701784134 -0.5684093236923218
vn 0.868408203125 -0.12042035162448883 -0.4810051918029785
vn 0.7634191513061523 -0.11665161699056625 -0.6352823376655579
vn 0.6814406514167786 -0.12457884848117828 -0.7211925983428955
vn 0.6814405918121338 -0.12457901239395142 -0.7211925387382507
vn 0.6814407706260681 -0.12457875162363052 -0.7211925983428955
vn 0.9111838936805725 -0.1330215483903885 -0.3899347484111786
vn 0.9045475721359253 -0.17874997854232788 -0.3870944678783417
vn 0.9111841320991516 -0.13302110135555267 -0.3899346590042114
vn 0.9045476317405701 -0.1787499040365219 -0.3870944678783417
vn 0.904547393321991 -0.1787499487400055 -0.3870949149131775
vn 0.9045475721359253 -0.1787503957748413 -0.3870943784713745
vn 0.868408203125 -0.12042045593261719 -0.4810054302215576
vn 0.9045475125312805 -0.17875035107135773 -0.38709455728530884
vn 0.9045476317405701 -0.17875012755393982 -0.38709428906440735
vn 0.9045474529266357 -0.1787499040365219 -0.38709479570388794
vn 0.9111838936805725 -0.13302160799503326 -0.3899346888065338
vn 0.9737383127212524 -0.07016202807426453 -0.2165895402431488
vn 0.9737383723258972 -0.07016196101903915 -0.2165893018245697
vn 0.9740901589393616 -0.08596058934926987 -0.20918719470500946
vn 0.9740622639656067 -0.08398699015378952 -0.21011599898338318
vn 0.974159300327301 -0.09779247641563416 -0.20359376072883606
vn 0.9741593599319458 -0.09779229760169983 -0.20359374582767487
vn 0.9741592407226562 -0.09779278188943863 -0.20359359681606293
vn 0.9741591811180115 -0.09779246151447296 -0.20359386503696442
vn 0.9274672865867615 -0.0992269217967987 -0.36049720644950867
vn 0.9741593599319458 -0.09779226034879684 -0.20359353721141815
vn 0.9416096806526184 -0.09911605715751648 -0.32178765535354614
vn 0.9737383723258972 -0.07016195356845856 -0.21658936142921448
vn 0.9740623831748962 -0.08398695290088654 -0.21011590957641602
vn 0.9737383127212524 -0.07016193121671677 -0.2165895253419876
vn 0.9737383723258972 -0.07016187161207199 -0.21658912301063538
vn 0.9737382531166077 -0.07016211748123169 -0.21658940613269806
vn 0.9737383127212524 -0.07016225904226303 -0.21658937633037567
vn 0.9881664514541626 -0.13515429198741913 -0.07252836972475052
vn 0.9445481896400452 -0.12517225742340088 -0.3035796284675598
vn 0.9394669532775879 -0.13295786082744598 -0.31579115986824036
vn 0.9445482492446899 -0.12517261505126953 -0.30357927083969116
vn 0.7873913645744324 -0.11549464613199234 0.6055377721786499
vn 0.7686319351196289 -0.1798902153968811 0.6138765811920166
vn 0.7602050304412842 -0.15813980996608734 0.6301429271697998
vn 0.7602050304412842 -0.15813963115215302 0.6301429271697998
vn 0.7602050304412842 -0.1581398993730545 0.630142867565155
vn 0.7602049112319946 -0.15813998878002167 0.6301430463790894
vn 0.7602053880691528 -0.1581398844718933 0.6301426291465759
vn 0.7602051496505737 -0.1581401228904724 0.6301427483558655
vn 0.8128750324249268 -0.05158548802137375 0.5801493525505066
vn 0.7752621173858643 -0.08496972918510437 0.6258984804153442
vn 0.6241894960403442 0.010980812832713127 0.7811958193778992
vn 0.7752620577812195 -0.08496957272291183 0.625898540019989
vn 0.7752618193626404 -0.08496945351362228 0.6258988380432129
vn 0.8206692337989807 -0.049250278621912 0.5692771673202515
vn 0.6221539378166199 -0.018773386254906654 0.7826697826385498
vn 0.6241894960403442 0.01098079327493906 0.7811958193778992
vn 0.6241894960403442 0.010980909690260887 0.7811958193778992
vn 0.624189555644989 0.010980754159390926 0.7811957597732544
vn 0.6241896152496338 0.010980763472616673 0.7811957001686096
vn 0.6221540570259094 -0.018773285672068596 0.7826697826385498
vn 0.6221539378166199 -0.018773334100842476 0.7826699018478394
vn 0.6195635795593262 -0.04851084202528 0.7834460139274597
vn 0.619563639163971 -0.04851085692644119 0.7834459543228149
vn 0.619563639163971 -0.04851074144244194 0.7834460139274597
vn 0.6195637583732605 -0.048510801047086716 0.7834458351135254
vn 0.6195636987686157 -0.048510871827602386 0.7834459543228149
vn 0.6195637583732605 -0.048510756343603134 0.7834459543228149
vn 0.814373791217804 -0.010432199575006962 0.5802469253540039
vn 0.7704850435256958 -0.020328840240836143 0.6371338963508606
vn 0.9175243377685547 0.018677139654755592 0.3972407877445221
vn 0.9175243973731995 0.01867707446217537 0.397240549325943
vn 0.9252467751502991 -0.012467377819120884 0.37916094064712524
vn 0.7698466777801514 0.01481167133897543 0.6380569934844971
vn 0.7929509878158569 -0.015390656888484955 0.6090909838676453
vn 0.9175244569778442 0.018677005544304848 0.39724066853523254
vn 0.9163345694541931 0.011867793276906013 0.4002376198768616
vn 0.5907928347587585 -0.008950215764343739 0.8067736625671387
vn 0.5574508309364319 0.012353847734630108 0.8301180005073547
vn 0.5602867007255554 0.030636684969067574 0.8277320265769958
vn 0.6195636987686157 -0.04851080849766731 0.7834459543228149
vn 0.5907927751541138 -0.008950202725827694 0.8067737221717834
vn 0.5907930135726929 -0.0089501878246665 0.8067735433578491
vn 0.5602867603302002 0.030636785551905632 0.8277320265769958
vn 0.5602866411209106 0.030636578798294067 0.8277320265769958
vn 0.5602867603302002 0.030636776238679886 0.8277319669723511
vn 0.5578159689903259 0.014639681205153465 0.8298355340957642
vn 0.5551965832710266 -0.0013611011672765017 0.8317180871963501
vn 0.5551967620849609 -0.001361075439490378 0.8317179083824158
vn 0.5551968812942505 -0.0013612069888040423 0.831717848777771
vn 0.5551966428756714 -0.0013611185131594539 0.8317179679870605
vn 0.5551967024803162 -0.001361117116175592 0.8317179679870605
vn 0.5551965236663818 -0.0013611145550385118 0.8317180871963501
vn 0.5551967024803162 -0.001361242844723165 0.8317180275917053
vn 0.7219940423965454 0.035198062658309937 0.6910034418106079
vn 0.8890923857688904 0.08124783635139465 0.45045918226242065
vn 0.8890923261642456 0.08124792575836182 0.45045942068099976
vn 0.7713122963905334 0.04739998281002045 0.6346893310546875
vn 0.7471907138824463 0.04132862761616707 0.6633234620094299
vn 0.903076708316803 0.043199893087148666 0.4273011386394501
vn 0.8890923857688904 0.08124785125255585 0.45045924186706543
vn 0.8890923857688904 0.081247977912426 0.4504593312740326
vn 0.8890924453735352 0.08124806731939316 0.4504592716693878
vn 0.8872877955436707 0.0663900300860405 0.4564128518104553
vn 0.5159715414047241 0.04770572483539581 0.855276346206665
vn 0.5159715414047241 0.04770570248365402 0.8552762269973755
vn 0.47442397475242615 0.09655796736478806 0.874984860420227
vn 0.8339188694953918 0.02231799252331257 -0.5514355301856995
vn 0.8339190483093262 0.0223180390894413 -0.5514354109764099
vn 0.8271276354789734 0.04173862934112549 -0.5604620575904846
vn 0.8271276354789734 0.041738756000995636 -0.5604620575904846
vn 0.9438579678535461 0.028077546507120132 -0.32915616035461426
vn 0.8300790786743164 0.05062997713685036 -0.5553424954414368
vn 0.8329362273216248 0.059515438973903656 -0.5501591563224792
vn 0.8300793170928955 0.050629887729883194 -0.5553423762321472
vn 0.83293616771698 0.05951528623700142 -0.5501593351364136
vn 0.943661093711853 0.05393898859620094 -0.3264879286289215
vn 0.943661093711853 0.053938690572977066 -0.32648786902427673
vn 0.8329361081123352 0.05951540544629097 -0.5501593351364136
vn 0.83293616771698 0.05951575189828873 -0.550159215927124
vn 0.943661093711853 0.05393895506858826 -0.32648807764053345
vn 0.8329362869262695 0.059515636414289474 -0.5501590371131897
vn 0.8329362273216248 0.059515681117773056 -0.550159215927124
vn 0.8329362273216248 0.05951554328203201 -0.5501593351364136
vn 0.9955770373344421 0.04500092938542366 -0.08246973156929016
vn 0.9955770969390869 0.04500114545226097 -0.08247002214193344
vn 0.9955770969390869 0.04500112310051918 -0.08246918022632599
vn 0.9955770969390869 0.045001089572906494 -0.08246904611587524
vn 0.9955770373344421 0.04500086233019829 -0.08246951550245285
vn 0.9955770969390869 0.045001015067100525 -0.08246923983097076
vn 0.9955770969390869 0.04500093683600426 -0.08246954530477524
vn 0.9962564706802368 0.03621209040284157 -0.07849586755037308
vn 0.9962566494941711 0.03621213883161545 -0.07849573343992233
vn 0.9953925609588623 0.07412926852703094 -0.060815997421741486
vn 0.9962564706802368 0.03621174395084381 -0.07849595695734024
vn 0.9968429803848267 0.02741927281022072 -0.07451478391885757
vn 0.9968429207801819 0.027419235557317734 -0.07451478391885757
vn 0.9968429803848267 0.0274191964417696 -0.07451476901769638
vn 0.995987057685852 0.007048557512462139 -0.08921924978494644
vn 0.9959871172904968 0.007048307452350855 -0.08921931684017181
vn 0.830079197883606 0.05062989145517349 -0.555342435836792
vn 0.6484653949737549 0.08232218772172928 -0.7567798495292664
vn 0.8271276354789734 0.041738856583833694 -0.5604621767997742
vn 0.8271276354789734 0.04173869267106056 -0.5604621767997742
vn 0.8271275758743286 0.04173872619867325 -0.5604621767997742
vn 0.697673499584198 0.001333371619693935 -0.7164146900177002
vn 0.8339188694953918 0.02231811359524727 -0.5514354109764099
vn 0.8402894735336304 0.0028861958999186754 -0.5421302914619446
vn 0.8348481059074402 -0.012451966293156147 -0.5503395199775696
vn 0.8271275162696838 0.04173869267106056 -0.5604622960090637
vn 0.8402894735336304 0.002886151196435094 -0.5421302914619446
vn 0.8402894735336304 0.0028862147592008114 -0.5421303510665894
vn 0.9432306885719299 -0.005367426201701164 -0.3320949673652649
vn 0.9313626885414124 -0.0041742450557649136 -0.3640688955783844
vn 0.8402894139289856 0.0028861972969025373 -0.5421305894851685
vn 0.8402894139289856 0.0028860638849437237 -0.5421303510665894
vn 0.9540001749992371 -0.006554512772709131 -0.29973435401916504
vn 0.8402894735336304 0.002886241301894188 -0.5421303510665894
vn 0.8402894735336304 0.0028861421160399914 -0.5421302914619446
vn 0.8348480463027954 -0.01245197094976902 -0.5503395795822144
vn 0.8291293978691101 -0.0277855321764946 -0.5583659410476685
vn 0.8291295170783997 -0.02778535522520542 -0.5583656430244446
vn 0.834848165512085 -0.012451712042093277 -0.5503395199775696
vn 0.9397433996200562 -0.03137830272316933 -0.34043774008750916
vn 0.8301412463188171 -0.03399711102247238 -0.5565157532691956
vn 0.8302828073501587 -0.03488444909453392 -0.5562495589256287
vn 0.8291296362876892 -0.02778569422662258 -0.5583655834197998
vn 0.8291293382644653 -0.027785738930106163 -0.5583660006523132
vn 0.8291293978691101 -0.02778554894030094 -0.5583657622337341
vn 0.8291295170783997 -0.027785373851656914 -0.5583657622337341
vn 0.8291292190551758 -0.027785468846559525 -0.5583660006523132
vn 0.9948390126228333 -0.03069915622472763 -0.09671024233102798
vn 0.9947143197059631 -0.022014247253537178 -0.1002933531999588
vn 0.9947143793106079 -0.022014157846570015 -0.10029324889183044
vn 0.994839072227478 -0.030699074268341064 -0.09671048820018768
vn 0.9945019483566284 -0.01332694198936224 -0.103867307305336
vn 0.9945018887519836 -0.013326930813491344 -0.10386717319488525
vn 0.9945018887519836 -0.013326669111847878 -0.10386715084314346
vn 0.9945019483566284 -0.013327034190297127 -0.10386727750301361
vn 0.9945018291473389 -0.013327057473361492 -0.10386762022972107
vn 0.9945018887519836 -0.01332709938287735 -0.10386732220649719
vn 0.9945018887519836 -0.013326896354556084 -0.10386735945940018
vn 0.9854036569595337 0.01673855632543564 0.1694088578224182
vn 0.9854037165641785 0.016738848760724068 0.16940897703170776
vn 0.9968429207801819 0.02741946280002594 -0.0745147317647934
vn 0.9968429803848267 0.027419205754995346 -0.07451476901769638
vn 0.9883204102516174 -0.006267516873776913 0.15226121246814728
vn 0.9959869980812073 0.0070486366748809814 -0.08921948075294495
vn 0.9150927662849426 0.005057807080447674 0.4032116234302521
vn 0.9163346290588379 0.01186765730381012 0.40023744106292725
vn 0.9150928258895874 0.005058069713413715 0.4032118320465088
vn 0.9947143793106079 -0.022014195099473 -0.10029344260692596
vn 0.9940919280052185 -0.037210557609796524 0.10196402668952942
vn 0.994839072227478 -0.0306992344558239 -0.09671030938625336
vn 0.994839072227478 -0.03069918043911457 -0.09671041369438171
vn 0.9317139983177185 -0.04359475523233414 0.36056697368621826
vn 0.9317140579223633 -0.043594490736722946 0.36056679487228394
vn 0.9252468347549438 -0.012467147782444954 0.37916073203086853
vn 0.9317140579223633 -0.043594859540462494 0.36056673526763916
vn 0.9317141771316528 -0.04359488934278488 0.36056655645370483
vn 0.9317141771316528 -0.0435943640768528 0.3605665862560272
vn 0.9252468347549438 -0.01246740110218525 0.3791607618331909
vn 0.917524516582489 0.018676912412047386 0.3972404897212982
vn 0.9175246357917786 0.018676983192563057 0.39724043011665344
vn 0.917524516582489 0.018677067011594772 0.3972405195236206
vn 0.917524516582489 0.018677107989788055 0.3972405195236206
vn 0.9163346290588379 0.01186771597713232 0.40023764967918396
vn 0.9150928258895874 0.00505800312384963 0.4032118320465088
vn 0.9150927066802979 0.00505798077210784 0.4032117426395416
vn 0.9150927066802979 0.005058008711785078 0.40321195125579834
vn 0.9968428611755371 0.027419202029705048 -0.07451479136943817
vn 0.9968429207801819 0.027419526129961014 -0.07451474666595459
vn 0.9796494245529175 0.054093994200229645 0.19328933954238892
vn 0.9854037165641785 0.016738813370466232 0.16940905153751373
vn 0.9030765891075134 0.04319994896650314 0.4273012578487396
vn 0.9150926470756531 0.005057941656559706 0.40321189165115356
vn 0.9150928258895874 0.00505802920088172 0.40321171283721924
vn 0.9030765891075134 0.04319992661476135 0.4273011386394501
vn 0.8890924453735352 0.08124778419733047 0.45045915246009827
vn 0.8890923261642456 0.08124792575836182 0.4504593014717102
vn 0.8872877955436707 0.06639006733894348 0.4564128518104553
vn 0.8872877955436707 0.06639019399881363 0.4564129710197449
vn 0.8852530121803284 0.05151497200131416 0.4622480273246765
vn 0.8852530717849731 0.051514994353055954 0.46224814653396606
vn -0.5624619126319885 0.05135069787502289 0.8252271413803101
vn -0.5636800527572632 0.04714738205075264 0.824646532535553
vn -0.5672683119773865 0.034532755613327026 0.8228087425231934
vn -0.5587419867515564 0.06395357102155685 0.8268720507621765
vn -0.558742105960846 0.06395366787910461 0.8268719911575317
vn -0.5630723237991333 0.049249131232500076 0.8249387741088867
vn -0.558742105960846 0.06395348161458969 0.8268719911575317
vn -0.5587422251701355 0.06395383179187775 0.8268718123435974
vn -0.5587420463562012 0.06395351141691208 0.8268719911575317
vn -0.5587419867515564 0.06395350396633148 0.8268720507621765
vn -0.7351334691047668 0.014988991431891918 0.6777567267417908
vn -0.5117060542106628 0.003085117321461439 0.859154999256134
vn -0.5157264471054077 -0.0091622993350029 0.8567043542861938
vn -0.5377780199050903 0.02742353267967701 0.8426403403282166
vn -0.5587420463562012 0.06395380198955536 0.8268720507621765
vn -0.5377781391143799 0.027423502877354622 0.8426402807235718
vn -0.5377779006958008 0.027423491701483727 0.8426403403282166
vn -0.5157264471054077 -0.009162358939647675 0.8567043542861938
vn -0.5157262086868286 -0.009162286296486855 0.8567044734954834
vn -0.5157263278961182 -0.009162360802292824 0.8567044138908386
vn -0.5157260894775391 -0.009162329137325287 0.856704592704773
vn -0.5157264471054077 -0.009162385016679764 0.8567042946815491
vn -0.5672683715820312 0.0345328114926815 0.8228086829185486
vn -0.30554816126823425 0.04468757286667824 0.9511274695396423
vn -0.34311598539352417 0.07767319679260254 0.9360759854316711
vn -0.059290289878845215 0.06095055118203163 0.9963783025741577
vn -0.013193458318710327 0.02651371993124485 0.9995613098144531
vn -0.02163250371813774 0.005859115161001682 0.9997488260269165
vn -0.004747829400002956 0.04715552181005478 0.9988763332366943
vn -0.004747695289552212 0.04715593159198761 0.9988762736320496
vn -0.013193594291806221 0.026513557881116867 0.9995613694190979
vn -0.2700159549713135 0.019710348919034004 0.9626540541648865
vn -0.2700161337852478 0.019710691645741463 0.9626541137695312
vn -0.004748249892145395 0.047155898064374924 0.9988762736320496
vn -0.0047477358020842075 0.04715551435947418 0.9988762736320496
vn -0.2700161039829254 0.019710598513484 0.9626540541648865
vn -0.004747749771922827 0.04715605825185776 0.9988762736320496
vn -0.004747739993035793 0.04715560004115105 0.9988762736320496
vn -0.0047472701407969 0.047155290842056274 0.9988763332366943
vn -0.021632635965943336 0.005859007127583027 0.9997488260269165
vn -0.021632684394717216 0.005859190132468939 0.9997488856315613
vn -0.02163255214691162 0.005859017837792635 0.9997488260269165
vn -0.021632878109812737 0.005859009921550751 0.9997488260269165
vn -0.02163258194923401 0.005858938209712505 0.9997488260269165
vn 0.23444224894046783 0.05302836745977402 0.970682680606842
vn 0.23444227874279022 0.05302845686674118 0.970682680606842
vn -0.021632565185427666 0.005859020631760359 0.9997488260269165
vn 0.23444236814975739 0.053028423339128494 0.9706826210021973
vn 0.47442397475242615 0.09655801951885223 0.874984860420227
vn 0.47442394495010376 0.09655792266130447 0.874984860420227
vn 0.4744238555431366 0.09655793756246567 0.8749849200248718
vn 0.47442397475242615 0.09655803442001343 0.874984860420227
vn 0.47442394495010376 0.09655784070491791 0.8749849200248718
vn 0.47442400455474854 0.09655804932117462 0.8749848008155823
vn 0.5159715414047241 0.04770557954907417 0.855276346206665
vn 0.5581779479980469 0.016925504431128502 0.8295486569404602
vn 0.5602867603302002 0.030636727809906006 0.8277320265769958
vn 0.2804346978664398 0.023365145549178123 0.9595887660980225
vn 0.3557426333427429 -0.0014816771727055311 0.9345827698707581
vn -0.013193524442613125 0.026513753458857536 0.9995613098144531
vn 0.028168832883238792 -0.005043493118137121 0.9995905160903931
vn 0.01993796043097973 0.008023148402571678 0.9997689723968506
vn 0.052785616368055344 -0.04417986422777176 0.9976280927658081
vn 0.05278585106134415 -0.04417988285422325 0.9976280331611633
vn 0.024054361507296562 0.0014898392837494612 0.9997095465660095
vn 0.054115328937768936 -0.0410240963101387 0.9976916313171387
vn 0.052786000072956085 -0.04417988657951355 0.9976280927658081
vn 0.05455831438302994 -0.03997188061475754 0.9977101683616638
vn 0.05278622731566429 -0.044179949909448624 0.9976280927658081
vn 0.05278611183166504 -0.044179897755384445 0.9976280927658081
vn 0.05278613790869713 -0.044179774820804596 0.9976280927658081
vn 0.0527859702706337 -0.04417993500828743 0.9976280927658081
vn 0.28050217032432556 -0.012573462910950184 0.9597709774971008
vn 0.31837791204452515 -0.00703304260969162 0.9479377865791321
vn 0.560286819934845 0.030636819079518318 0.8277319073677063
vn 0.5602866411209106 0.030636733397841454 0.8277320265769958
vn 0.0543367937207222 -0.04049789905548096 0.997701108455658
vn 0.05588679760694504 -0.03681538999080658 0.9977582097053528
vn 0.05588693171739578 -0.03681562468409538 0.9977582097053528
vn 0.05588684231042862 -0.0368153415620327 0.997758150100708
vn 0.05588702857494354 -0.036815401166677475 0.9977582097053528
vn 0.05588719993829727 -0.03681563585996628 0.9977582097053528
vn 0.05588720366358757 -0.03681572899222374 0.9977580904960632
vn -0.6859137415885925 -0.0387469157576561 0.7266504764556885
vn -0.481564998626709 -0.03004983253777027 0.875895082950592
vn -0.49476349353790283 -0.007361738942563534 0.8689964413642883
vn -0.5075976848602295 0.015331743285059929 0.8614578247070312
vn -0.5075979232788086 0.015331888571381569 0.8614577054977417
vn -0.5075979828834534 0.01533201988786459 0.8614577054977417
vn -0.507597804069519 0.01533189695328474 0.8614577054977417
vn -0.49476346373558044 -0.007361802272498608 0.8689964413642883
vn -0.5075976848602295 0.015331887640058994 0.861457884311676
vn -0.507597804069519 0.015332131646573544 0.8614577054977417
vn -0.5075978636741638 0.015331914648413658 0.8614577054977417
vn -0.5117061138153076 0.0030852172058075666 0.8591550588607788
vn -0.5157263875007629 -0.00916217640042305 0.8567044138908386
vn -0.24315780401229858 -0.010018378496170044 0.9699349999427795
vn -0.5117061734199524 0.0030851068440824747 0.8591548800468445
vn -0.49476349353790283 -0.007361832540482283 0.8689965009689331
vn -0.4815649688243866 -0.030049653723835945 0.8758951425552368
vn -0.22141176462173462 -0.03477915748953819 0.974560022354126
vn -0.48156484961509705 -0.03004990518093109 0.8758951425552368
vn -0.1813240349292755 -0.03525242209434509 0.9827913641929626
vn -0.481564998626709 -0.030049754306674004 0.8758951425552368
vn -0.48156508803367615 -0.03004983626306057 0.8758950233459473
vn -0.7087509036064148 -0.014105256646871567 0.7053177356719971
vn -0.7087509036064148 -0.01410521287471056 0.7053177952766418
vn -0.863332986831665 -0.04261549562215805 0.5028319954872131
vn -0.8614283204078674 -0.029288703575730324 0.5070340037345886
vn -0.8614283204078674 -0.02928870916366577 0.5070340037345886
vn -0.8633329272270203 -0.04261555150151253 0.5028321146965027
vn -0.8633329272270203 -0.04261557385325432 0.5028320550918579
vn -0.8633329272270203 -0.04261549562215805 0.5028321743011475
vn -0.8809791803359985 0.003604110097512603 0.4731411635875702
vn -0.9006331562995911 0.029542529955506325 0.4335748255252838
vn -0.8956925868988037 0.049811895936727524 0.4418752193450928
vn -0.8633329272270203 -0.04261564835906029 0.5028321743011475
vn -0.7087509036064148 -0.014105351641774178 0.7053176760673523
vn -0.8809791207313538 0.003604141529649496 0.47314131259918213
vn -0.863332986831665 -0.04261563718318939 0.5028321146965027
vn -0.7594286799430847 0.03798140585422516 0.649480938911438
vn -0.9051197171211243 0.009258507750928402 0.42505592107772827
vn -0.7594286799430847 0.037981368601322174 0.6494809985160828
vn -0.9051197171211243 0.0092585114762187 0.4250560700893402
vn -0.7594287395477295 0.03798117861151695 0.6494809985160828
vn -0.9051195979118347 0.009258373640477657 0.4250560700893402
vn -0.9089915752410889 0.029918808490037918 0.4157392382621765
vn -0.8261775374412537 -0.08875462412834167 0.5563752055168152
vn -0.7967182993888855 -0.14286211133003235 0.5872225761413574
vn -0.8593524098396301 -0.015956014394760132 0.5111349821090698
vn -0.8351536989212036 -0.07056768983602524 0.5454709529876709
vn -0.796718418598175 -0.14286205172538757 0.5872224569320679
vn -0.7967185378074646 -0.1428617686033249 0.5872223973274231
vn -0.7967183589935303 -0.14286167919635773 0.5872225761413574
vn -0.7967185378074646 -0.14286193251609802 0.5872222781181335
vn -0.796718418598175 -0.14286184310913086 0.5872225165367126
vn -0.7967184782028198 -0.14286194741725922 0.5872223377227783
vn -0.785552978515625 -0.05451075732707977 0.6163888573646545
vn -0.7855530381202698 -0.05451095104217529 0.6163886189460754
vn -0.7674894332885742 0.03431926667690277 0.6401423811912537
vn -0.7674893140792847 0.03431911766529083 0.6401425004005432
vn -0.7674894332885742 0.034319307655096054 0.6401423215866089
vn -0.7674893736839294 0.03431910276412964 0.6401424407958984
vn -0.7674893736839294 0.03431921452283859 0.6401423811912537
vn -0.723607063293457 -0.06839653849601746 0.6868149042129517
vn -0.8167111277580261 -0.09184230118989944 0.5696910619735718
vn -0.8240454792976379 -0.16494441032409668 0.5419800877571106
vn -0.6943519115447998 -0.23396961390972137 0.6805393099784851
vn -0.694351851940155 -0.23397086560726166 0.6805388927459717
vn -0.6943520307540894 -0.23397020995616913 0.6805390119552612
vn -0.9911449551582336 -0.10480152815580368 0.08153744041919708
vn -0.9894722104072571 -0.14469461143016815 -0.0028444910421967506
vn -0.971036970615387 -0.21608507633209229 0.10195297747850418
vn -0.9683418273925781 -0.15158066153526306 0.19833658635616302
vn -0.9860888719558716 -0.13003645837306976 0.10353346168994904
vn -0.9860889315605164 -0.13003677129745483 0.10353340208530426
vn -0.9860888123512268 -0.13003677129745483 0.1035333201289177
vn -0.971036970615387 -0.2160852700471878 0.10195285826921463
vn -0.9710369110107422 -0.21608559787273407 0.10195327550172806
vn -0.9710370302200317 -0.21608524024486542 0.10195250809192657
vn -0.971036970615387 -0.21608558297157288 0.10195311903953552
vn -0.9710368514060974 -0.21608541905879974 0.10195387899875641
vn -0.971036970615387 -0.21608521044254303 0.10195343941450119
vn -0.9645087122917175 -0.12942607700824738 0.23015592992305756
vn -0.9909805059432983 -0.1324276328086853 -0.020503723993897438
vn -0.9920284748077393 -0.12009912729263306 -0.038153477013111115
vn -0.8240455389022827 -0.164944589138031 0.5419798493385315
vn -0.9666088223457336 -0.14052988588809967 0.21428659558296204
vn -0.9444461464881897 -0.06239645555615425 0.3226888179779053
vn -0.9444463849067688 -0.06239628419280052 0.32268857955932617
vn -0.8829389214515686 -0.12262322008609772 0.453191339969635
vn -0.9444462060928345 -0.062396228313446045 0.32268914580345154
vn -0.9444462656974792 -0.06239623576402664 0.3226887881755829
vn -0.9444462060928345 -0.06239640712738037 0.32268884778022766
vn -0.9444461464881897 -0.06239650771021843 0.32268890738487244
vn -0.9444460868835449 -0.06239644065499306 0.322689026594162
vn -0.9397790431976318 -0.10651219636201859 0.3247620165348053
vn -0.9411206245422363 -0.09549479931592941 0.3243035078048706
vn -0.9404642581939697 -0.10100505501031876 0.324537992477417
vn -0.9350625276565552 -0.13946104049682617 0.32589665055274963
vn -0.9350625872612 -0.13946114480495453 0.3258964717388153
vn -0.9350625872612 -0.1394609808921814 0.32589685916900635
vn -0.9350625872612 -0.13946111500263214 0.32589641213417053
vn -0.9350625872612 -0.13946102559566498 0.32589665055274963
vn -0.9350625872612 -0.13946083188056946 0.32589682936668396
vn -0.8803386688232422 -0.06627035140991211 0.4696935713291168
vn -0.9887341856956482 -0.04580453038215637 -0.14250144362449646
vn -0.9887341856956482 -0.04580453783273697 -0.14250126481056213
vn -0.9999983906745911 0.00039912533247843385 -0.001747687696479261
vn -0.9837900400161743 -0.0706995353102684 0.16479843854904175
vn -0.9837901592254639 -0.07069965451955795 0.1647985577583313
vn -0.9999983310699463 0.0003988871176261455 -0.0017478050431236625
vn -0.9858532547950745 -0.09903629869222641 -0.1352219581604004
vn -0.9963018298149109 -0.06522263586521149 -0.05593414604663849
vn -0.9801186919212341 -0.15198135375976562 -0.12755073606967926
vn -0.9949760437011719 -0.07616786658763885 -0.06497026979923248
vn -0.9999983906745911 0.0003990074328612536 -0.0017474116757512093
vn -0.8684939742088318 -0.053634386509656906 0.49278953671455383
vn -0.9456473588943481 -0.06492447108030319 0.31864672899246216
vn -0.9837901592254639 -0.07069958001375198 0.1647985577583313
vn -0.9350624084472656 -0.13946108520030975 0.32589688897132874
vn -0.9999983310699463 0.00039925871533341706 -0.0017475158674642444
vn -0.9999983906745911 0.00039888080209493637 -0.0017476624343544245
vn -0.9999983906745911 0.00039886412560008466 -0.0017475925851613283
vn -0.9999983906745911 0.000399122218368575 -0.0017473704647272825
vn -0.9990662932395935 -0.04107004404067993 0.013401733711361885
vn -0.9983216524124146 -0.0548936165869236 0.018452635034918785
vn -0.9947924017906189 -0.09623848646879196 0.03356063365936279
vn -0.9947925209999084 -0.09623819589614868 0.033560678362846375
vn -0.9947924017906189 -0.09623845666646957 0.033560365438461304
vn -0.9947924017906189 -0.09623845666646957 0.03356057405471802
vn -0.9947924017906189 -0.09623837471008301 0.033560529351234436
vn -0.9987211227416992 -0.04798327758908272 0.01592748798429966
vn -0.9955359697341919 -0.08619294315576553 0.03845709562301636
vn -0.7674893140792847 0.03431921824812889 0.6401424407958984
vn -0.7674893140792847 0.034319084137678146 0.6401424407958984
vn -0.8684940338134766 -0.053634077310562134 0.49278947710990906
vn -0.785552978515625 -0.05451083928346634 0.6163888573646545
vn -0.8307205438613892 -0.07966646552085876 0.5509597063064575
vn -0.8593523502349854 -0.015956008806824684 0.5111350417137146
vn -0.9570524096488953 -0.047500498592853546 0.2859973609447479
vn -0.8593524694442749 -0.0159560926258564 0.5111348032951355
vn -0.9570523500442505 -0.04750094935297966 0.2859973609447479
vn -0.8593524098396301 -0.015956059098243713 0.5111350417137146
vn -0.8593523502349854 -0.015956129878759384 0.5111351013183594
vn -0.8593523502349854 -0.01595601812005043 0.5111349821090698
vn -0.9961546063423157 -0.07613752782344818 0.04334899038076401
vn -0.9961546063423157 -0.07613702118396759 0.043349094688892365
vn -0.9961545467376709 -0.07613721489906311 0.04334906488656998
vn -0.9961546063423157 -0.0761369988322258 0.04334935545921326
vn -0.995631992816925 -0.08475710451602936 0.039156392216682434
vn -0.9947924017906189 -0.09623848646879196 0.033560361713171005
vn -0.9954374432563782 -0.08762873709201813 0.03775785490870476
vn -0.9961545467376709 -0.07613690942525864 0.0433490090072155
vn -0.9961547255516052 -0.07613714039325714 0.04334885627031326
vn -0.9992935657501221 -0.03378153592348099 0.016463056206703186
vn -0.9818213582038879 -0.049523480236530304 -0.18323197960853577
vn -0.9947924613952637 -0.09623830765485764 0.03356022760272026
vn -0.9780504107475281 -0.07437049597501755 -0.1946442723274231
vn -0.9872501492500305 -0.08032277971506119 -0.13742393255233765
vn -0.9316667318344116 -0.05539804697036743 -0.35906583070755005
vn -0.9316668510437012 -0.05539790540933609 -0.3590654134750366
vn -0.9265627861022949 -0.0335346944630146 -0.3746422231197357
vn -0.9265626668930054 -0.03353491798043251 -0.3746424913406372
vn -0.9316666126251221 -0.05539783090353012 -0.3590660095214844
vn -0.918016254901886 -0.03305952623486519 -0.3951621651649475
vn -0.9207670092582703 -0.011646739207208157 -0.3899391293525696
vn -0.9156559109687805 -0.049108248203992844 -0.39895182847976685
vn -0.9716996550559998 -0.029505530372262 -0.23436999320983887
vn -0.9316668510437012 -0.05539759248495102 -0.3590657711029053
vn -0.7546716928482056 -0.09553755819797516 -0.6491096019744873
vn -0.8485865592956543 -0.05428741127252579 -0.5262638330459595
vn -0.8255409598350525 -0.0314369723200798 -0.56346595287323
vn -0.7352221608161926 -0.06536819040775299 -0.6746668219566345
vn -0.7143453359603882 -0.03507183492183685 -0.6989139914512634
vn -0.7140902280807495 -0.04592528194189072 -0.6985456347465515
vn -0.754671573638916 -0.09553730487823486 -0.6491097807884216
vn -0.7352222800254822 -0.06536820530891418 -0.6746666431427002
vn -0.7546717524528503 -0.09553750604391098 -0.6491094827651978
vn -0.7546717524528503 -0.0955376848578453 -0.6491094827651978
vn -0.8485866189002991 -0.05428747832775116 -0.5262636542320251
vn -0.9207669496536255 -0.01164672989398241 -0.38993918895721436
vn -0.920767068862915 -0.011646891012787819 -0.3899390399456024
vn -0.918384850025177 -0.030383184552192688 -0.39451998472213745
vn -0.9207669496536255 -0.01164685096591711 -0.38993921875953674
vn -0.9187465906143188 -0.027706841006875038 -0.39387446641921997
vn -0.9156560301780701 -0.049108248203992844 -0.3989517390727997
vn -0.9207670092582703 -0.011646713130176067 -0.3899391293525696
vn -0.9207670092582703 -0.011646576225757599 -0.38993915915489197
vn -0.9207668900489807 -0.011646700091660023 -0.3899393081665039
vn -0.8485865592956543 -0.054287344217300415 -0.5262640118598938
vn -0.8752338886260986 -0.0630466639995575 -0.47957369685173035
vn -0.9257767200469971 -0.030408451333642006 -0.3768455982208252
vn -0.9316664934158325 -0.05539773032069206 -0.35906630754470825
vn -0.9316666126251221 -0.05539797991514206 -0.3590660095214844
vn -0.9101327657699585 -0.10036611557006836 -0.40197616815567017
vn -0.7546718716621399 -0.09553755074739456 -0.6491093635559082
vn -0.7566429376602173 -0.05876229703426361 -0.651182234287262
vn -0.757584810256958 -0.021907882764935493 -0.6523690819740295
vn -0.8327077031135559 -0.07863347977399826 -0.548101007938385
vn -0.7546717524528503 -0.09553749859333038 -0.6491095423698425
vn -0.7566429972648621 -0.05876258388161659 -0.651182234287262
vn -0.7546719908714294 -0.09553731977939606 -0.6491093635559082
vn -0.7575846910476685 -0.021907715126872063 -0.6523692607879639
vn -0.7575847506523132 -0.02190776914358139 -0.6523690819740295
vn -0.7575846910476685 -0.02190786972641945 -0.6523692607879639
vn -0.7218281626701355 -0.06600917875766754 -0.6889171004295349
vn -0.7310917377471924 -0.054993338882923126 -0.6800593733787537
vn -0.7575846910476685 -0.02190803363919258 -0.6523691415786743
vn -0.7575846910476685 -0.021907977759838104 -0.6523692607879639
vn -0.7575846910476685 -0.02190808393061161 -0.6523691415786743
vn -0.8327076435089111 -0.07863352447748184 -0.548101007938385
vn -0.7959460020065308 -0.09986664354801178 -0.597073495388031
vn -0.8327075242996216 -0.07863353937864304 -0.5481011867523193
vn -0.8913983106613159 -0.13380753993988037 -0.4330179691314697
vn -0.8913983702659607 -0.13380785286426544 -0.4330177307128906
vn -0.8913986682891846 -0.13380709290504456 -0.4330174922943115
vn -0.8913986086845398 -0.133806973695755 -0.4330175518989563
vn -0.9130446314811707 -0.09475957602262497 -0.3966990113258362
vn -0.9316666722297668 -0.05539777874946594 -0.35906603932380676
vn -0.9130446314811707 -0.09475938975811005 -0.3966990113258362
vn -0.891398549079895 -0.13380740582942963 -0.4330175518989563
vn -0.8913983106613159 -0.1338079869747162 -0.43301793932914734
vn -0.8913984298706055 -0.1338072270154953 -0.4330177307128906
vn -0.8928985595703125 -0.09789715707302094 -0.43948638439178467
vn -0.9701152443885803 -0.08503914624452591 -0.22725491225719452
vn -0.892898440361023 -0.09789741784334183 -0.43948665261268616
vn -0.8928986191749573 -0.09789726883172989 -0.4394861161708832
vn -0.8932077884674072 -0.06185618415474892 -0.44536909461021423
vn -0.8932076692581177 -0.0618562288582325 -0.4453693628311157
vn -0.8932076692581177 -0.06185612455010414 -0.4453693628311157
vn -0.8932077884674072 -0.06185614690184593 -0.4453691244125366
vn -0.8932079076766968 -0.061856407672166824 -0.44536900520324707
vn -0.8932079672813416 -0.0618562288582325 -0.44536885619163513
vn -0.8395445942878723 -0.14233414828777313 -0.5243146419525146
vn -0.6928516626358032 -0.09888781607151031 -0.714267373085022
vn -0.6931332349777222 -0.08664974570274353 -0.7155823111534119
vn -0.94404137134552 -0.10194862633943558 -0.3136756122112274
vn -0.9506313800811768 -0.10851331800222397 -0.29073160886764526
vn -0.983067512512207 -0.07737952470779419 -0.16610480844974518
vn -0.9934479594230652 -0.08709743618965149 -0.07399359345436096
vn -0.9801185131072998 -0.15198153257369995 -0.1275510936975479
vn -0.9801186919212341 -0.15198130905628204 -0.12755067646503448
vn -0.9801185727119446 -0.15198123455047607 -0.1275511384010315
vn -0.956638514995575 -0.11501175165176392 -0.26760998368263245
vn -0.9801185727119446 -0.15198127925395966 -0.1275513619184494
vn -0.9169191718101501 -0.1152033805847168 -0.3820829689502716
vn -0.960496723651886 -0.11510734260082245 -0.25336986780166626
vn -0.9887341856956482 -0.045804496854543686 -0.1425015926361084
vn -0.985853374004364 -0.09903667122125626 -0.13522201776504517
vn -0.985853374004364 -0.09903661161661148 -0.13522182404994965
vn -0.9801186323165894 -0.15198159217834473 -0.1275506317615509
vn -0.9887341856956482 -0.04580451175570488 -0.142501562833786
vn -0.988734245300293 -0.04580425098538399 -0.14250178635120392
vn -0.9887341856956482 -0.04580431804060936 -0.1425015777349472
vn -0.9801186919212341 -0.15198084712028503 -0.1275509148836136
vn -0.790714681148529 -0.20123770833015442 -0.5781642198562622
vn -0.7907146215438843 -0.20123766362667084 -0.5781641602516174
vn -0.7907145619392395 -0.20123770833015442 -0.5781642198562622
vn -0.7907145619392395 -0.2012377232313156 -0.578164279460907
vn -0.7531116008758545 -0.1476898193359375 -0.6411010026931763
vn -0.7391196489334106 -0.12946969270706177 -0.6610141396522522
vn -0.6933097839355469 -0.07439769804477692 -0.7167890071868896
vn -0.8542722463607788 -0.12230566143989563 -0.5052328705787659
vn -0.893207848072052 -0.0618564672768116 -0.44536903500556946
vn -0.8470124006271362 -0.13233642280101776 -0.5148369073867798
vn -0.8088113069534302 -0.0323026217520237 -0.5871803760528564
vn -0.8088112473487854 -0.03230271488428116 -0.5871805548667908
vn -0.8026725649833679 -0.11719515174627304 -0.5847923159599304
vn -0.8026725649833679 -0.11719508469104767 -0.5847922563552856
vn -0.7907145023345947 -0.20123766362667084 -0.5781643390655518
vn -0.7907146215438843 -0.20123755931854248 -0.578164279460907
vn -0.79071444272995 -0.2012377679347992 -0.5781643390655518
vn -0.8026726245880127 -0.11719480156898499 -0.5847923159599304
vn -0.8088111877441406 -0.03230232745409012 -0.5871806144714355
vn -0.7462019324302673 -0.1385955959558487 -0.6511328220367432
vn -0.8634454607963562 -0.09763696044683456 -0.49490290880203247
vn -0.8787875175476074 -0.11930043995380402 -0.4620605707168579
vn -0.8088111281394958 -0.03230252489447594 -0.5871806740760803
vn -0.8088113069534302 -0.03230246528983116 -0.5871804356575012
vn -0.8713107109069824 -0.10849317163228989 -0.478588342666626
vn -0.808811366558075 -0.03230256214737892 -0.5871803164482117
vn -0.808811366558075 -0.03230271115899086 -0.5871803164482117
vn -0.7186367511749268 -0.14843717217445374 -0.679358184337616
vn -0.9150741696357727 -0.18235020339488983 -0.3597049117088318
vn -0.9150742292404175 -0.1823500096797943 -0.35970503091812134
vn -0.9150739908218384 -0.18235062062740326 -0.3597050607204437
vn -0.9150741696357727 -0.18235085904598236 -0.3597048819065094
vn -0.9150742292404175 -0.1823502629995346 -0.3597049117088318
vn -0.960496723651886 -0.11510743945837021 -0.2533697187900543
vn -0.9887341856956482 -0.04580456018447876 -0.14250148832798004
vn -0.9604967832565308 -0.11510708928108215 -0.25336992740631104
vn -0.9150742292404175 -0.1823500245809555 -0.359704852104187
vn -0.9150741696357727 -0.18235056102275848 -0.35970479249954224
vn -0.9667789340019226 0.017113681882619858 0.2550402879714966
vn -0.8956924676895142 0.049812160432338715 0.4418753385543823
vn -0.8956925272941589 0.04981217160820961 0.44187524914741516
vn -0.9749902486801147 0.011436478234827518 0.22195293009281158
vn -0.9006331562995911 0.029542692005634308 0.4335748553276062
vn -0.9899008274078369 0.0385090671479702 0.1364312767982483
vn -0.9051198363304138 0.009258273057639599 0.4250558018684387
vn -0.9095904231071472 0.03336184844374657 0.4141644537448883
vn -0.9134066700935364 0.05744101479649544 0.4029749035835266
vn -0.9845644235610962 0.06651599705219269 0.1618904024362564
vn -0.9134067296981812 0.057441193610429764 0.40297502279281616
vn -0.9779992699623108 0.065443255007267 0.19807739555835724
vn -0.9934312105178833 0.07138235867023468 -0.0894368439912796
vn -0.9934312105178833 0.07138244807720184 -0.08943688124418259
vn -0.9934312701225281 0.07138248533010483 -0.08943668007850647
vn -0.9934312105178833 0.07138236612081528 -0.08943705260753632
vn -0.9929327368736267 0.052557095885276794 -0.10640640556812286
vn -0.9929326772689819 0.05255695804953575 -0.10640651732683182
vn -0.9917961955070496 0.033697765320539474 -0.12330780923366547
vn -0.9910125732421875 0.04995691403746605 -0.1240900382399559
vn -0.9975095987319946 0.019364213570952415 -0.06781985610723495
vn -0.9995652437210083 -0.027581382542848587 -0.010427139699459076
vn -0.9899658560752869 0.06620283424854279 -0.12483932822942734
vn -0.9899658560752869 0.06620309501886368 -0.12483897060155869
vn -0.9967658519744873 0.026079963892698288 -0.0760103166103363
vn -0.9051196575164795 0.009258313104510307 0.4250560998916626
vn -0.9101759791374207 0.03680445998907089 0.41258350014686584
vn -0.9134066700935364 0.05744140222668648 0.4029749035835266
vn -0.9134066700935364 0.057441383600234985 0.40297508239746094
vn -0.9134066104888916 0.057441484183073044 0.40297505259513855
vn -0.9134066104888916 0.057441480457782745 0.4029749631881714
vn -0.9051197171211243 0.009258377365767956 0.42505598068237305
vn -0.9051196575164795 0.00925849936902523 0.4250560402870178
vn -0.9006332159042358 0.029542677104473114 0.43357473611831665
vn -0.8956925272941589 0.04981202259659767 0.441875159740448
vn -0.8956925272941589 0.04981197416782379 0.44187527894973755
vn -0.8956925272941589 0.04981188103556633 0.44187524914741516
vn -0.8956924676895142 0.04981200769543648 0.44187527894973755
vn -0.8809791207313538 0.0036040868144482374 0.4731411933898926
vn -0.8633329272270203 -0.04261559620499611 0.5028321743011475
vn -0.9820372462272644 0.005744972266256809 0.18859954178333282
vn -0.9665621519088745 -0.01970205269753933 0.25567427277565
vn -0.8614282608032227 -0.029288658872246742 0.5070341229438782
vn -0.9570522904396057 -0.04750092327594757 0.28599750995635986
vn -0.8593523502349854 -0.015956111252307892 0.5111350417137146
vn -0.9987450838088989 -0.044388625770807266 0.0231945738196373
vn -0.999991238117218 -0.0019593045581132174 -0.003728745738044381
vn -0.999991238117218 -0.0019593052566051483 -0.003728868905454874
vn -0.9990391135215759 -0.039085760712623596 0.019828859716653824
vn -0.9961546063423157 -0.07613744586706161 0.0433487705886364
vn -0.9998658299446106 -0.014771254733204842 -0.007078762631863356
vn -0.999991238117218 -0.001959112472832203 -0.003728884505107999
vn -0.9998336434364319 -0.016601677983999252 -0.00755707873031497
vn -0.999991238117218 -0.0019590742886066437 -0.003728840732946992
vn -0.9999911189079285 -0.0019593299366533756 -0.0037287347950041294
vn -0.9998944401741028 -0.012941115535795689 -0.006600230932235718
vn -0.9995651841163635 -0.0275813527405262 -0.010427141562104225
vn -0.9995652437210083 -0.02758147567510605 -0.010427266359329224
vn -0.9995652437210083 -0.02758149802684784 -0.010427090339362621
vn -0.9995652437210083 -0.027581345289945602 -0.010427102446556091
vn -0.9995652437210083 -0.027581345289945602 -0.010427082888782024
vn -0.9995652437210083 -0.027581412345170975 -0.010427184402942657
vn -0.9981409311294556 0.012645688839256763 -0.059621404856443405
vn -0.9449111223220825 0.0125444196164608 -0.32708653807640076
vn -0.9640524387359619 0.0013742002192884684 -0.26570865511894226
vn -0.9899658560752869 0.06620271503925323 -0.12483910471200943
vn -0.9999911189079285 -0.0019586915150284767 -0.003728952957317233
vn -0.9999911189079285 -0.0019594270270317793 -0.003729144111275673
vn -0.9782801270484924 -0.026079000905156136 -0.20564034581184387
vn -0.9839993119239807 -0.022629229351878166 -0.17672951519489288
vn -0.8929548263549805 0.006544564384967089 -0.4500986933708191
vn -0.9156560897827148 -0.04910814017057419 -0.3989514708518982
vn -0.9156562089920044 -0.04910777509212494 -0.39895153045654297
vn -0.9156560301780701 -0.049107879400253296 -0.39895176887512207
vn -0.9156560897827148 -0.04910821095108986 -0.3989514708518982
vn -0.9156560301780701 -0.04910812899470329 -0.39895156025886536
vn -0.8892461657524109 0.014515887014567852 -0.45719853043556213
vn -0.8965493440628052 -0.0014277673326432705 -0.44294172525405884
vn -0.864691436290741 0.06215640529990196 -0.4984428584575653
vn -0.864691436290741 0.06215650960803032 -0.49844279885292053
vn -0.864691436290741 0.06215639039874077 -0.49844294786453247
vn -0.864691436290741 0.062156498432159424 -0.49844279885292053
vn -0.7969075441360474 0.0027178889140486717 -0.6040950417518616
vn -0.7969077229499817 0.0027179913595318794 -0.6040950417518616
vn -0.7137510776519775 -0.0567733459174633 -0.6980947852134705
vn -0.7137510776519775 -0.05677353963255882 -0.6980947256088257
vn -0.8612205982208252 0.002820245223119855 -0.5082234740257263
vn -0.8646916151046753 0.06215653195977211 -0.49844253063201904
vn -0.9347068667411804 0.004654962103813887 -0.3553889989852905
vn -0.8565671443939209 -0.04168843477964401 -0.5143488645553589
vn -0.8565670251846313 -0.041688572615385056 -0.5143492221832275
vn -0.8565669655799866 -0.04168836772441864 -0.5143492817878723
vn -0.8299666047096252 0.011035840027034283 -0.5577039122581482
vn -0.8299667239189148 0.01103608962148428 -0.5577037334442139
vn -0.8565670251846313 -0.04168856516480446 -0.5143491625785828
vn -0.7026862502098083 0.008558433502912521 -0.7114484310150146
vn -0.8618262410163879 0.010248085483908653 -0.5071001648902893
vn -0.8565670251846313 -0.04168868809938431 -0.5143491625785828
vn -0.8623828887939453 0.017675641924142838 -0.5059479475021362
vn -0.7969075441360474 0.0027176435105502605 -0.6040953397750854
vn -0.8646914958953857 0.0621563084423542 -0.4984428286552429
vn -0.8646914958953857 0.06215644255280495 -0.4984428286552429
vn -0.8565670251846313 -0.04168881103396416 -0.5143490433692932
vn -0.7989119291305542 0.06370082497596741 -0.5980653166770935
vn -0.7989116907119751 0.06370093673467636 -0.5980654358863831
vn -0.7989118695259094 0.06370096653699875 -0.5980653166770935
vn -0.7989118695259094 0.06370110809803009 -0.5980652570724487
vn -0.8299667239189148 0.011035727337002754 -0.5577038526535034
vn -0.7989118695259094 0.06370095908641815 -0.5980652570724487
vn -0.7989117503166199 0.06370100378990173 -0.5980653762817383
vn -0.7999227046966553 0.07530892640352249 -0.5953589677810669
vn -0.7999226450920105 0.0753089040517807 -0.5953590273857117
vn -0.8008190393447876 0.0869060605764389 -0.5925675630569458
vn -0.8008190393447876 0.08690601587295532 -0.5925675630569458
vn -0.7997851967811584 0.07365114241838455 -0.5957510471343994
vn -0.7989117503166199 0.06370098143815994 -0.5980654358863831
vn -0.9181299805641174 0.04854264482855797 -0.39329490065574646
vn -0.9268783330917358 0.06235838308930397 -0.3701460361480713
vn -0.8565670847892761 -0.04168860241770744 -0.514349102973938
vn -0.9542011022567749 0.020421555265784264 -0.29846781492233276
vn -0.9899659156799316 0.06620251387357712 -0.12483912706375122
vn -0.9899659156799316 0.06620275229215622 -0.12483876198530197
vn -0.990879237651825 0.05227888375520706 -0.12419899553060532
vn -0.9899659156799316 0.06620272994041443 -0.1248386949300766
vn -0.9910126328468323 0.0499565415084362 -0.12408984452486038
vn -0.9899659156799316 0.06620292365550995 -0.12483873218297958
vn -0.9917961955070496 0.033697694540023804 -0.12330780923366547
vn -0.9917961955070496 0.033697616308927536 -0.1233077198266983
vn -0.9917961955070496 0.03369738906621933 -0.1233079805970192
vn -0.9917961955070496 0.03369781747460365 -0.12330798804759979
vn -0.9917961955070496 0.03369772806763649 -0.12330811470746994
vn -0.9917961955070496 0.033697180449962616 -0.12330800294876099
vn -0.9268781542778015 0.06235826760530472 -0.37014636397361755
vn -0.9268782138824463 0.06235874071717262 -0.3701460361480713
vn -0.8008188605308533 0.08690577745437622 -0.5925676822662354
vn -0.800818920135498 0.08690580725669861 -0.5925676226615906
vn -0.8032171726226807 0.08153380453586578 -0.5900799036026001
vn -0.800818920135498 0.08690600097179413 -0.5925676226615906
vn -0.8008189797401428 0.08690591901540756 -0.5925675630569458
vn -0.8036137223243713 0.08063802123069763 -0.5896629691123962
vn -0.8008190393447876 0.08690598607063293 -0.5925676226615906
vn -0.6283549070358276 0.08760273456573486 -0.7729784846305847
vn -0.6696591973304749 0.025886699557304382 -0.7422173023223877
vn -0.6696592569351196 0.025886690244078636 -0.7422171235084534
vn -0.6696590781211853 0.025886759161949158 -0.7422173023223877
vn -0.5143460035324097 -0.012935223057866096 -0.8574852347373962
vn -0.5224171280860901 0.00116669328417629 -0.8526891469955444
vn -0.6249034404754639 -0.014109469950199127 -0.78057461977005
vn -0.7137510776519775 -0.056773316115140915 -0.6980947256088257
vn -0.5280502438545227 0.022028330713510513 -0.8489274382591248
vn -0.5257343053817749 0.028787441551685333 -0.8501616716384888
vn -0.7137510776519775 -0.056773435324430466 -0.6980946660041809
vn -0.7140904068946838 -0.04592536389827728 -0.698545515537262
vn -0.7143452167510986 -0.035072073340415955 -0.698914110660553
vn -0.7143453359603882 -0.03507194668054581 -0.6989139914512634
vn -0.7140468955039978 -0.047475576400756836 -0.698486328125
vn -0.7137508988380432 -0.0567731037735939 -0.6980948448181152
vn -0.7137508988380432 -0.05677322670817375 -0.6980949640274048
vn -0.713750958442688 -0.05677340552210808 -0.6980948448181152
vn -0.6249032616615295 -0.014109472744166851 -0.7805746793746948
vn -0.6249035000801086 -0.014109629206359386 -0.7805745005607605
vn -0.6931331157684326 -0.08664955198764801 -0.7155824303627014
vn -0.6933097839355469 -0.07439760863780975 -0.7167891263961792
vn -0.693309485912323 -0.07439768314361572 -0.7167893648147583
vn -0.6928513646125793 -0.09888795018196106 -0.7142676711082458
vn -0.692851722240448 -0.09888780117034912 -0.7142671942710876
vn -0.7264859676361084 -0.06050371751189232 -0.6845124959945679
vn -0.6928519606590271 -0.09888812154531479 -0.7142669558525085
vn -0.6928514838218689 -0.09888788312673569 -0.7142674922943115
vn -0.7566432356834412 -0.058762770146131516 -0.6511820554733276
vn -0.7352223992347717 -0.06536784023046494 -0.674666702747345
vn -0.6258700489997864 -0.06550974398851395 -0.7771711945533752
vn -0.7143452763557434 -0.03507203608751297 -0.6989139914512634
vn -0.7143451571464539 -0.03507201746106148 -0.698914110660553
vn -0.714345395565033 -0.035071831196546555 -0.6989139318466187
vn -0.7143452763557434 -0.03507177159190178 -0.6989139914512634
vn -0.33716875314712524 0.0038743240293115377 -0.941436231136322
vn -0.1820821464061737 -0.004787853453308344 -0.9832716584205627
vn -0.18208248913288116 -0.004788003861904144 -0.9832716584205627
vn -0.3877957761287689 0.006789811421185732 -0.9217203855514526
vn -0.3626161217689514 0.005334401503205299 -0.9319232106208801
vn -0.1820823848247528 -0.004788051825016737 -0.9832716584205627
vn -0.18208317458629608 -0.004788215737789869 -0.9832715392112732
vn -0.18208256363868713 -0.004787839483469725 -0.983271598815918
vn -0.18208272755146027 -0.004788145422935486 -0.9832716584205627
vn -0.18208308517932892 -0.0047881039790809155 -0.9832714796066284
vn -0.1782497763633728 -0.01060367003083229 -0.9839280843734741
vn -0.1787981241941452 -0.009772654622793198 -0.9838372468948364
vn -0.1709076464176178 0.014885757118463516 -0.9851745963096619
vn -0.1690351814031601 0.018165361136198044 -0.985442578792572
vn 0.002655005780979991 0.008185522630810738 -0.9999629259109497
vn -0.001425868016667664 -0.01667407527565956 -0.9998599886894226
vn -0.17440855503082275 -0.016418660059571266 -0.9845364689826965
vn -0.1744087040424347 -0.016418244689702988 -0.9845364689826965
vn -0.17440862953662872 -0.016418389976024628 -0.9845364093780518
vn -0.17440859973430634 -0.016418632119894028 -0.9845364689826965
vn -0.17440882325172424 -0.01641828380525112 -0.9845364689826965
vn -0.17440854012966156 -0.016418538987636566 -0.9845364689826965
vn -0.1777018904685974 -0.011434240266680717 -0.9840179681777954
vn -0.17558635771274567 -0.018192751333117485 -0.9842959642410278
vn -0.3462834060192108 -0.007857047021389008 -0.9380971789360046
vn -0.17715506255626678 -0.020557494834065437 -0.983968198299408
vn -0.3194895386695862 -0.03500180318951607 -0.9469431638717651
vn -0.17578260600566864 -0.018488334491848946 -0.9842553734779358
vn -0.1744089424610138 -0.01641816459596157 -0.9845364093780518
vn -0.17597883939743042 -0.01878380961716175 -0.9842147827148438
vn -0.00142612773925066 -0.016673747450113297 -0.9998599886894226
vn 0.0020535991061478853 -0.03229433298110962 -0.9994762539863586
vn -0.17715461552143097 -0.02055756375193596 -0.9839682579040527
vn -0.16698558628559113 -0.03716106340289116 -0.9852588176727295
vn -0.17715533077716827 -0.02055741846561432 -0.983968198299408
vn -0.17715506255626678 -0.020557096228003502 -0.983968198299408
vn -0.17715522646903992 -0.020558081567287445 -0.983968198299408
vn -0.17715498805046082 -0.020557614043354988 -0.983968198299408
vn -0.17715536057949066 -0.020557943731546402 -0.983968198299408
vn -0.33946678042411804 -0.037024326622486115 -0.939889132976532
vn -0.2993675172328949 -0.03296319395303726 -0.9535683393478394
vn -0.45484694838523865 -0.04868167266249657 -0.8892380595207214
vn -0.4548470675945282 -0.048681553453207016 -0.8892380595207214
vn -0.4548470973968506 -0.048681896179914474 -0.8892379999160767
vn -0.4548470079898834 -0.04868151247501373 -0.8892380595207214
vn -0.45484697818756104 -0.04868141561746597 -0.8892381191253662
vn -0.4548473060131073 -0.048681385815143585 -0.8892379999160767
vn -0.45484742522239685 -0.048681434243917465 -0.8892378211021423
vn -0.485975056886673 -0.015504302456974983 -0.8738350868225098
vn -0.49611732363700867 -0.004420317709445953 -0.8682442307472229
vn -0.4910615384578705 -0.009962674230337143 -0.8710679411888123
vn -0.4610360562801361 -0.06083386018872261 -0.8852938413619995
vn -0.6052679419517517 -0.037053823471069336 -0.7951589226722717
vn -0.5257341265678406 0.02878734841942787 -0.8501617312431335
vn -0.5257343053817749 0.028787381947040558 -0.850161612033844
vn -0.5257341861724854 0.028787530958652496 -0.8501617312431335
vn -0.5257341265678406 0.02878737822175026 -0.8501617312431335
vn -0.5257340669631958 0.028787503018975258 -0.8501617908477783
vn -0.5257341265678406 0.02878738008439541 -0.8501617312431335
vn -0.5280500650405884 0.022028323262929916 -0.8489274978637695
vn -0.5303383469581604 0.015267814509570599 -0.8476486206054688
vn -0.5303384065628052 0.01526776235550642 -0.8476486206054688
vn -0.53033846616745 0.015267900191247463 -0.847648561000824
vn -0.53033846616745 0.015267863869667053 -0.847648561000824
vn -0.5303384065628052 0.015267995186150074 -0.847648561000824
vn -0.5212732553482056 -0.000848117342684418 -0.8533894419670105
vn -0.53033846616745 0.015267923474311829 -0.8476485013961792
vn -0.5235583782196045 0.0031815438997000456 -0.8519838452339172
vn -0.53033846616745 0.0152679942548275 -0.8476485013961792
vn -0.5280500054359436 0.022028278559446335 -0.8489274978637695
vn -0.5143458247184753 -0.012935248203575611 -0.857485294342041
vn -0.5143461227416992 -0.012935089878737926 -0.8574851751327515
vn -0.5143460035324097 -0.012935228645801544 -0.8574852347373962
vn -0.5143463015556335 -0.012935176491737366 -0.8574850559234619
vn -0.5143462419509888 -0.012935249134898186 -0.8574850559234619
vn -0.33270201086997986 0.06913667917251587 -0.9404942989349365
vn -0.3756580650806427 0.19803936779499054 -0.9053515791893005
vn -0.375657856464386 0.1980392336845398 -0.9053517580032349
vn -0.448721319437027 0.0933256670832634 -0.8887854814529419
vn -0.45863181352615356 0.07811674475669861 -0.8851862549781799
vn -0.44872114062309265 0.0933254212141037 -0.8887856006622314
vn -0.5143460035324097 -0.012935247272253036 -0.8574852347373962
vn -0.35919421911239624 0.1477861851453781 -0.9214872717857361
vn -0.35919445753097534 0.14778637886047363 -0.9214870929718018
vn -0.3756577670574188 0.19803893566131592 -0.9053518176078796
vn -0.3756575882434845 0.19803892076015472 -0.9053518176078796
vn -0.375657856464386 0.19803941249847412 -0.9053516387939453
vn -0.37565770745277405 0.1980392038822174 -0.9053517580032349
vn -0.2684479057788849 0.12078014016151428 -0.9556923508644104
vn -0.16903573274612427 0.01816522516310215 -0.9854423999786377
vn -0.15586987137794495 0.041105516254901886 -0.9869219660758972
vn -0.15586982667446136 0.04110559821128845 -0.9869219660758972
vn -0.1558695286512375 0.04110584780573845 -0.9869219660758972
vn -0.15586994588375092 0.04110578075051308 -0.9869219660758972
vn -0.26844820380210876 0.12077992409467697 -0.9556923508644104
vn -0.15587028861045837 0.041105397045612335 -0.9869219064712524
vn -0.1558701992034912 0.04110538959503174 -0.9869219064712524
vn -0.15586958825588226 0.041105858981609344 -0.9869220852851868
vn 0.007295583374798298 0.041613198816776276 -0.9991071224212646
vn -0.26844796538352966 0.12078014761209488 -0.9556922316551208
vn -0.3756580054759979 0.1980389952659607 -0.9053517580032349
vn 0.007296235766261816 0.041613318026065826 -0.9991070628166199
vn 0.007295805029571056 0.04161292314529419 -0.9991071820259094
vn 0.17026618123054504 0.041006747633218765 -0.9845445156097412
vn 0.17026600241661072 0.0410066619515419 -0.9845445156097412
vn 0.3745666742324829 0.18575559556484222 -0.9084023237228394
vn 0.3745667040348053 0.18575559556484222 -0.9084023237228394
vn 0.2747787833213806 0.11436444520950317 -0.9546818137168884
vn 0.2747787833213806 0.11436447501182556 -0.9546818137168884
vn 0.17026583850383759 0.04100657254457474 -0.9845446348190308
vn 0.17026565968990326 0.0410066582262516 -0.9845446348190308
vn 0.17825834453105927 0.022444557398557663 -0.9837276935577393
vn 0.17026594281196594 0.04100680723786354 -0.984544575214386
vn 0.17026609182357788 0.04100663959980011 -0.984544575214386
vn 0.17026613652706146 0.04100680723786354 -0.9845445156097412
vn 0.2894468307495117 0.1247711107134819 -0.9490272402763367
vn 0.17939461767673492 0.0197916217148304 -0.9835781455039978
vn 0.17825847864151 0.02244444377720356 -0.9837276935577393
vn 0.3328266441822052 0.04824713245034218 -0.9417529702186584
vn 0.3745664060115814 0.18575552105903625 -0.9084023833274841
vn 0.4583207368850708 0.10054586827754974 -0.883081316947937
vn 0.4583207368850708 0.10054590553045273 -0.883081316947937
vn 0.4583207666873932 0.1005459800362587 -0.883081316947937
vn 0.37456655502319336 0.18575571477413177 -0.9084023237228394
vn 0.37456658482551575 0.1857558637857437 -0.9084022045135498
vn 0.36327359080314636 0.12908712029457092 -0.9226965308189392
vn 0.3745664060115814 0.1857558637857437 -0.9084022641181946
vn 0.3745666444301605 0.18575559556484222 -0.9084022045135498
vn 0.3632737100124359 0.12908706068992615 -0.9226964116096497
vn 0.5315513014793396 0.007519303355365992 -0.8469927906990051
vn 0.5265859365463257 -0.0009038979187607765 -0.8501213788986206
vn 0.3376290202140808 0.0018564050551503897 -0.9412773847579956
vn 0.5352384448051453 0.013836167752742767 -0.8445877432823181
vn 0.5294257402420044 -0.009925402700901031 -0.848298192024231
vn 0.35922035574913025 -0.018215317279100418 -0.933074951171875
vn 0.3870733380317688 0.001162653206847608 -0.9220481514930725
vn 0.5265859961509705 -0.0009038227726705372 -0.8501214385032654
vn 0.5298944115638733 -0.011428974568843842 -0.8479865789413452
vn 0.5265861749649048 -0.0009039140422828496 -0.8501213192939758
vn 0.5265860557556152 -0.0009037616546265781 -0.8501213788986206
vn 0.5265860557556152 -0.0009035985567606986 -0.8501214385032654
vn 0.52658611536026 -0.0009039228316396475 -0.8501214385032654
vn 0.530315101146698 0.005413437262177467 -0.8477833271026611
vn 0.3624785542488098 0.0015104213962331414 -0.9319908618927002
vn 0.5331354141235352 -0.021952200680971146 -0.8457450866699219
vn 0.5331355929374695 -0.0219521876424551 -0.8457449674606323
vn 0.5331354141235352 -0.021952219307422638 -0.8457450866699219
vn 0.5331355929374695 -0.021952373906970024 -0.8457450866699219
vn 0.5264919400215149 -0.03192269429564476 -0.8495805263519287
vn 0.5264919996261597 -0.031923070549964905 -0.8495805263519287
vn 0.5197650194168091 -0.04188825190067291 -0.8532816767692566
vn 0.35587507486343384 -0.03658895194530487 -0.9338170289993286
vn 0.5197650790214539 -0.04188797250390053 -0.8532816767692566
vn 0.3558751940727234 -0.0365888811647892 -0.9338169693946838
vn 0.5197653770446777 -0.04188805818557739 -0.8532814979553223
vn 0.5264921188354492 -0.031922679394483566 -0.8495804667472839
vn 0.519765317440033 -0.04188789427280426 -0.8532816171646118
vn 0.519765317440033 -0.0418878048658371 -0.8532816171646118
vn 0.5197651386260986 -0.04188800975680351 -0.8532816171646118
vn 0.519765317440033 -0.041887808591127396 -0.8532816171646118
vn 0.35587480664253235 -0.036588724702596664 -0.9338171482086182
vn 0.1801074743270874 -0.03006918914616108 -0.9831872582435608
vn 0.18010754883289337 -0.030069390311837196 -0.983187198638916
vn 0.1801076978445053 -0.0300691407173872 -0.983187198638916
vn 0.18010804057121277 -0.03006899729371071 -0.9831871390342712
vn 0.18010711669921875 -0.030068600550293922 -0.9831873178482056
vn 0.18010790646076202 -0.03006870299577713 -0.983187198638916
vn 0.17525146901607513 -0.022273816168308258 -0.9842717051506042
vn 0.17159922420978546 -0.01642676815390587 -0.9850298762321472
vn 0.17786113917827606 -0.007727327290922403 -0.984025239944458
vn 0.1764666736125946 -0.024222461506724358 -0.9840084910392761
vn 0.18010737001895905 -0.030068926513195038 -0.9831872582435608
vn 0.17585939168930054 -0.023248430341482162 -0.9841406941413879
vn 0.17525354027748108 -0.04017556458711624 -0.9837032556533813
vn 0.1736305207014084 -0.04354378953576088 -0.9838477969169617
vn 0.17444275319576263 -0.0418599434196949 -0.9837771654129028
vn -0.0014261496253311634 -0.016673702746629715 -0.9998600482940674
vn 0.17159898579120636 -0.01642647199332714 -0.985029935836792
vn 0.1715995818376541 -0.016426343470811844 -0.9850298166275024
vn 0.1715994030237198 -0.016426822170615196 -0.9850298762321472
vn 0.17159931361675262 -0.01642661914229393 -0.9850298762321472
vn 0.1715991497039795 -0.01642659492790699 -0.9850298762321472
vn 0.17890246212482452 -0.00627738144248724 -0.9838467836380005
vn 0.18617790937423706 0.003873472334817052 -0.9825084209442139
vn 0.18617834150791168 0.0038731731474399567 -0.9825083613395691
vn 0.1799437254667282 -0.0048273419961333275 -0.9836649894714355
vn 0.17159916460514069 -0.01642661541700363 -0.9850298762321472
vn 0.18617814779281616 0.0038739966694265604 -0.9825083613395691
vn 0.18617859482765198 0.003873499808833003 -0.9825083017349243
vn 0.18617819249629974 0.0038734101690351963 -0.9825084209442139
vn 0.18617837131023407 0.0038734308909624815 -0.9825083613395691
vn 0.1861783266067505 0.0038734544068574905 -0.9825083613395691
vn 0.5331357717514038 -0.02195269800722599 -0.8457449078559875
vn 0.5303613543510437 -0.01293222513049841 -0.8476731181144714
vn 0.5331354141235352 -0.02195216715335846 -0.8457450866699219
vn 0.7173880338668823 -0.025829816237092018 -0.6961948275566101
vn 0.6961063742637634 -0.025415781885385513 -0.7174886465072632
vn 0.674193263053894 -0.024978535249829292 -0.7381324172019958
vn 0.5331356525421143 -0.021952496841549873 -0.8457449078559875
vn 0.6958371996879578 0.028385203331708908 -0.717638373374939
vn 0.52658611536026 -0.0009038044954650104 -0.8501213192939758
vn 0.5309335589408875 0.00646637100726366 -0.847388744354248
vn 0.5352383255958557 0.013836247846484184 -0.8445877432823181
vn 0.5352384448051453 0.013836255297064781 -0.8445877432823181
vn 0.6958373188972473 0.028385275974869728 -0.717638373374939
vn 0.5352384448051453 0.013836215250194073 -0.8445877432823181
vn 0.5352384448051453 0.013836260885000229 -0.8445876836776733
vn 0.5352384448051453 0.013836003839969635 -0.8445876836776733
vn 0.8271274566650391 0.04173876345157623 -0.5604622960090637
vn 0.6958372592926025 0.028385231271386147 -0.7176383137702942
vn 0.53523850440979 0.013836370781064034 -0.8445876836776733
vn 0.6223292946815491 -0.14686504006385803 -0.7688542604446411
vn 0.5004145503044128 -0.13569721579551697 -0.8550856709480286
vn 0.5926908850669861 -0.13745814561843872 -0.7936137318611145
vn 0.6223293542861938 -0.1468651443719864 -0.7688542604446411
vn 0.5656100511550903 -0.10302417725324631 -0.8182122707366943
vn 0.565609872341156 -0.10302416980266571 -0.8182124495506287
vn 0.6223294734954834 -0.1468650996685028 -0.7688540816307068
vn 0.6608219742774963 -0.09760554879903793 -0.7441690564155579
vn 0.5709531307220459 -0.10787303000688553 -0.8138647675514221
vn 0.5690351128578186 -0.11170003563165665 -0.814691424369812
vn 0.5671073198318481 -0.1155245304107666 -0.8155019283294678
vn 0.5671073198318481 -0.11552440375089645 -0.8155019283294678
vn 0.5690354704856873 -0.11169975996017456 -0.8146911263465881
vn 0.5663703083992004 -0.10927657783031464 -0.8168741464614868
vn 0.5671074390411377 -0.11552446335554123 -0.815501868724823
vn 0.5663700699806213 -0.10927658528089523 -0.8168742060661316
vn 0.5656098127365112 -0.1030239686369896 -0.8182124495506287
vn 0.5709532499313354 -0.10787268728017807 -0.8138648271560669
vn 0.5709530711174011 -0.10787328332662582 -0.8138648271560669
vn 0.5709530115127563 -0.1078733429312706 -0.8138648271560669
vn 0.5709530711174011 -0.10787332057952881 -0.8138648271560669
vn 0.570953369140625 -0.10787280648946762 -0.8138646483421326
vn 0.5709535479545593 -0.10787275433540344 -0.8138645887374878
vn 0.660821795463562 -0.09760574996471405 -0.7441690564155579
vn 0.6608219146728516 -0.09760565310716629 -0.7441690564155579
vn 0.5265188813209534 -0.06049688905477524 -0.8480083346366882
vn 0.5265188813209534 -0.06049643084406853 -0.848008394241333
vn 0.6638278961181641 -0.0612332820892334 -0.7453743815422058
vn 0.5027918815612793 -0.0665552020072937 -0.8618414998054504
vn 0.5205256938934326 -0.04601229354739189 -0.8526054620742798
vn 0.6749767661094666 -0.065119668841362 -0.7349597215652466
vn 0.48228442668914795 -0.04995423182845116 -0.8745892643928528
vn 0.4846450090408325 -0.08704379945993423 -0.8703691959381104
vn 0.47924917936325073 -0.01279452908784151 -0.8775855898857117
vn 0.8037376403808594 -0.08174900710582733 -0.5893411040306091
vn 0.6540933847427368 -0.06249278411269188 -0.7538278698921204
vn 0.520200788974762 -0.044244665652513504 -0.8528971672058105
vn 0.5205255150794983 -0.0460122711956501 -0.8526054620742798
vn 0.6749767065048218 -0.06512001156806946 -0.7349598407745361
vn 0.5205255746841431 -0.04601246863603592 -0.8526054620742798
vn 0.5205254554748535 -0.04601229354739189 -0.8526055216789246
vn 0.5205254554748535 -0.04601229727268219 -0.8526055216789246
vn 0.5205254554748535 -0.04601239785552025 -0.8526054620742798
vn 0.5201466083526611 -0.04395021125674248 -0.8529453277587891
vn 0.1459922045469284 -0.08574826270341873 -0.9855625033378601
vn -0.004043498542159796 -0.08667613565921783 -0.9962283968925476
vn -0.004043568391352892 -0.08667643368244171 -0.9962282776832581
vn 0.14599213004112244 -0.08574853837490082 -0.9855625033378601
vn -0.004043213557451963 -0.08667666465044022 -0.9962282180786133
vn 0.14599241316318512 -0.08574860543012619 -0.9855625033378601
vn -0.15398770570755005 -0.08564305305480957 -0.9843541383743286
vn -0.15398775041103363 -0.08564287424087524 -0.9843541383743286
vn -0.15398722887039185 -0.08564353734254837 -0.9843541383743286
vn -0.15887172520160675 -0.07710067182779312 -0.9842841029167175
vn 0.0014291375409811735 -0.06753529608249664 -0.9977158308029175
vn 0.16847755014896393 -0.053134895861148834 -0.984272301197052
vn 0.16820795834064484 -0.05262716859579086 -0.9843457341194153
vn 0.15713119506835938 -0.06920167803764343 -0.985150158405304
vn 0.1459919661283493 -0.08574821054935455 -0.9855626225471497
vn 0.15871772170066833 -0.06683506816625595 -0.9850593209266663
vn 0.16820713877677917 -0.05262702703475952 -0.9843458533287048
vn 0.16847743093967438 -0.05313495919108391 -0.9842723608016968
vn 0.16847757995128632 -0.05313525348901749 -0.9842723608016968
vn 0.16874735057353973 -0.05364381894469261 -0.9841985702514648
vn 0.16874760389328003 -0.05364302545785904 -0.9841985702514648
vn 0.1682070791721344 -0.05262714624404907 -0.9843458533287048
vn 0.16874709725379944 -0.05364318937063217 -0.9841986298561096
vn 0.1687474101781845 -0.05364310368895531 -0.9841985106468201
vn 0.16874651610851288 -0.0536431148648262 -0.9841986894607544
vn 0.006078997161239386 -0.05442246049642563 -0.9984995126724243
vn 0.006079090293496847 -0.05442288890480995 -0.9984995126724243
vn -0.15675115585327148 -0.05375080555677414 -0.986174464225769
vn -0.15675148367881775 -0.05375097692012787 -0.9861743450164795
vn 0.006078949198126793 -0.05442291498184204 -0.9984995126724243
vn -0.1567520648241043 -0.05375072732567787 -0.9861742854118347
vn 0.16874751448631287 -0.05364309251308441 -0.9841984510421753
vn 0.1687474101781845 -0.05364220216870308 -0.9841985702514648
vn 0.34602493047714233 -0.052748288959264755 -0.9367413520812988
vn 0.5200923681259155 -0.04365559667348862 -0.8529936075210571
vn 0.5205255150794983 -0.046012308448553085 -0.852605402469635
vn 0.5027920007705688 -0.0665554478764534 -0.8618413805961609
vn 0.5027919411659241 -0.06655523180961609 -0.8618414402008057
vn 0.4846448600292206 -0.08704375475645065 -0.8703693151473999
vn 0.4846448302268982 -0.08704378455877304 -0.8703693747520447
vn 0.4846448302268982 -0.08704391121864319 -0.8703693151473999
vn 0.48464491963386536 -0.08704355359077454 -0.8703693747520447
vn 0.308167964220047 -0.06834051012992859 -0.9488741159439087
vn 0.33119267225265503 -0.07085546851158142 -0.9408990144729614
vn 0.168208509683609 -0.05262730270624161 -0.9843456745147705
vn 0.16820749640464783 -0.05262710899114609 -0.9843457937240601
vn 0.16820688545703888 -0.05262700840830803 -0.9843458533287048
vn 0.16820773482322693 -0.05262725427746773 -0.9843457341194153
vn 0.15554353594779968 -0.07156770676374435 -0.9852331876754761
vn 0.14599202573299408 -0.08574827760457993 -0.9855625629425049
vn 0.14599202573299408 -0.08574821054935455 -0.9855625629425049
vn 0.14599229395389557 -0.08574899286031723 -0.9855625033378601
vn 0.14116300642490387 -0.07961069047451019 -0.9867801666259766
vn 0.14047154784202576 -0.07873301953077316 -0.9869492650032043
vn 0.1418531984090805 -0.08048778027296066 -0.9866099953651428
vn 0.1363239735364914 -0.07346722483634949 -0.9879364371299744
vn 0.13632331788539886 -0.07346711307764053 -0.9879365563392639
vn 0.25133833289146423 -0.09071137756109238 -0.9636392593383789
vn 0.13632433116436005 -0.0734674334526062 -0.9879364371299744
vn 0.2513383626937866 -0.09071146696805954 -0.9636392593383789
vn 0.3002006411552429 -0.07066689431667328 -0.9512549042701721
vn 0.35401928424835205 -0.07332731038331985 -0.9323590993881226
vn 0.48464518785476685 -0.08704350888729095 -0.8703691363334656
vn 0.48228466510772705 -0.04995392635464668 -0.8745890855789185
vn 0.36280426383018494 -0.10667483508586884 -0.9257394671440125
vn 0.4223322570323944 -0.05992000550031662 -0.9044584035873413
vn 0.3628043830394745 -0.10667511075735092 -0.9257394671440125
vn 0.3628046214580536 -0.10667601972818375 -0.9257392287254333
vn 0.36280450224876404 -0.10667526721954346 -0.9257392883300781
vn 0.4223327338695526 -0.05991990864276886 -0.9044581651687622
vn 0.4792497158050537 -0.012794546782970428 -0.8775853514671326
vn 0.4792495667934418 -0.012794646434485912 -0.8775854110717773
vn 0.47924938797950745 -0.012794516049325466 -0.8775855302810669
vn 0.42233261466026306 -0.05992036685347557 -0.9044581651687622
vn 0.5265188813209534 -0.06049676984548569 -0.8480082154273987
vn 0.47146865725517273 -0.08993253856897354 -0.8772851824760437
vn 0.4792494773864746 -0.012794362381100655 -0.8775854110717773
vn 0.4792494773864746 -0.012794295325875282 -0.8775855302810669
vn 0.47924959659576416 -0.01279421616345644 -0.8775853514671326
vn 0.4822845757007599 -0.04995429888367653 -0.8745891451835632
vn 0.48464497923851013 -0.08704371750354767 -0.8703693151473999
vn 0.5690357089042664 -0.11169978976249695 -0.8146910667419434
vn 0.5671072602272034 -0.11552431434392929 -0.8155020475387573
vn 0.4531700611114502 -0.1096535474061966 -0.8846542239189148
vn 0.362590491771698 -0.10513003170490265 -0.9259999394416809
vn 0.3628046214580536 -0.10667562484741211 -0.9257392287254333
vn 0.4679536521434784 -0.11049967259168625 -0.8768176436424255
vn 0.3624284565448761 -0.10397078096866608 -0.9261941909790039
vn 0.3624286949634552 -0.103970967233181 -0.9261941313743591
vn 0.3624292314052582 -0.10397081822156906 -0.92619389295578
vn 0.36242935061454773 -0.10397116094827652 -0.9261938333511353
vn 0.36242884397506714 -0.10397110879421234 -0.9261940717697144
vn 0.3624292314052582 -0.10397060960531235 -0.92619389295578
vn 0.36261728405952454 -0.10532314330339432 -0.9259674549102783
vn 0.36280447244644165 -0.10667490214109421 -0.9257394075393677
vn 0.362805038690567 -0.10667532682418823 -0.9257391095161438
vn 0.36264389753341675 -0.10551607608795166 -0.9259350895881653
vn 0.23076492547988892 -0.09603778272867203 -0.9682584404945374
vn 0.26759156584739685 -0.09308671951293945 -0.9590253233909607
vn 0.34976375102996826 -0.11898431926965714 -0.9292513728141785
vn 0.3369605243206024 -0.13394998013973236 -0.9319415092468262
vn 0.2373393177986145 -0.11170455068349838 -0.9649830460548401
vn 0.33696112036705017 -0.1339506059885025 -0.9319412112236023
vn 0.3369610905647278 -0.13395053148269653 -0.9319412708282471
vn 0.3386697471141815 -0.14515270292758942 -0.9296415448188782
vn 0.3386700749397278 -0.1451530009508133 -0.9296414256095886
vn 0.33696094155311584 -0.13394996523857117 -0.9319413900375366
vn 0.3497637212276459 -0.11898445338010788 -0.9292513728141785
vn 0.34976378083229065 -0.1189844161272049 -0.9292513728141785
vn 0.3369613587856293 -0.13394978642463684 -0.9319412112236023
vn 0.33696022629737854 -0.13394968211650848 -0.9319417476654053
vn 0.33695995807647705 -0.13395079970359802 -0.9319416880607605
vn 0.33842799067497253 -0.14355391263961792 -0.9299778938293457
vn 0.4432280659675598 -0.12557516992092133 -0.8875696659088135
vn 0.3624286651611328 -0.10397074371576309 -0.9261940717697144
vn 0.48260587453842163 -0.11131562292575836 -0.8687349557876587
vn 0.45672494173049927 -0.13075444102287292 -0.8799464106559753
vn 0.34033337235450745 -0.1563357561826706 -0.9272176027297974
vn 0.5671073198318481 -0.11552406847476959 -0.8155019879341125
vn 0.5671072602272034 -0.11552456766366959 -0.8155019879341125
vn 0.5664770603179932 -0.11017010360956192 -0.8166800737380981
vn 0.5656100511550903 -0.10302376002073288 -0.8182123899459839
vn 0.5671072602272034 -0.11552406847476959 -0.8155019879341125
vn 0.5656100511550903 -0.10302449762821198 -0.8182122111320496
vn 0.45672520995140076 -0.13075436651706696 -0.8799462914466858
vn 0.4567249119281769 -0.13075479865074158 -0.8799464106559753
vn 0.565609872341156 -0.10302417725324631 -0.8182123899459839
vn 0.5656101107597351 -0.10302355885505676 -0.8182123899459839
vn 0.3353049159049988 -0.16231268644332886 -0.9280222654342651
vn 0.3403334617614746 -0.15633590519428253 -0.9272174835205078
vn 0.33435457944869995 -0.06364642083644867 -0.9402958154678345
vn 0.33276718854904175 -0.11612428724765778 -0.9358317852020264
vn 0.42819684743881226 -0.13008786737918854 -0.8942732214927673
vn 0.33435484766960144 -0.06364661455154419 -0.9402956962585449
vn 0.3330509066581726 -0.10863660275936127 -0.9366297125816345
vn 0.3343546390533447 -0.06364619731903076 -0.9402958154678345
vn 0.33435434103012085 -0.06364595144987106 -0.940295934677124
vn 0.3343545198440552 -0.06364607810974121 -0.9402958750724792
vn 0.33435505628585815 -0.06364622712135315 -0.9402956366539001
vn 0.3324646055698395 -0.12360474467277527 -0.9349808096885681
vn 0.33025607466697693 -0.16827987134456635 -0.9287695288658142
vn 0.3302558362483978 -0.16828002035617828 -0.9287696480751038
vn 0.3302558958530426 -0.16828058660030365 -0.9287694096565247
vn 0.33025607466697693 -0.1682802140712738 -0.9287694692611694
vn 0.3360248804092407 -0.16145972907543182 -0.9279106259346008
vn 0.330255925655365 -0.168279767036438 -0.928769588470459
vn 0.3345850706100464 -0.16316576302051544 -0.9281324744224548
vn 0.22609400749206543 -0.12862423062324524 -0.9655762314796448
vn 0.340333491563797 -0.15633581578731537 -0.9272174835205078
vn 0.3403337895870209 -0.15633560717105865 -0.927217423915863
vn 0.3403335213661194 -0.1563359946012497 -0.927217423915863
vn 0.3403337597846985 -0.1563355028629303 -0.927217423915863
vn 0.3403334319591522 -0.15633578598499298 -0.9272174835205078
vn 0.006049452815204859 -0.09559109061956406 -0.9954022169113159
vn -0.15954698622226715 -0.09244097769260406 -0.9828526973724365
vn -0.034596968442201614 -0.12369375675916672 -0.9917171001434326
vn -0.16957679390907288 -0.12380023300647736 -0.9777101278305054
vn -0.161541149020195 -0.1144518107175827 -0.9802067875862122
vn -0.009188182651996613 -0.11597056686878204 -0.9932101368904114
vn 0.09914608299732208 -0.10417967289686203 -0.9896042346954346
vn 0.09914594143629074 -0.10417962074279785 -0.9896042943000793
vn 0.10174983739852905 -0.10896134376525879 -0.9888247847557068
vn 0.10218382626771927 -0.10975752025842667 -0.9886919856071472
vn 0.0888025313615799 -0.11606431752443314 -0.9892639517784119
vn 0.10521700978279114 -0.1153314858675003 -0.9877389073371887
vn 0.10521715134382248 -0.11533167213201523 -0.9877387881278992
vn 0.10521753877401352 -0.11533161252737045 -0.9877387881278992
vn 0.10261788964271545 -0.11055410653352737 -0.9885582327842712
vn 0.21636350452899933 -0.1372840851545334 -0.9666125774383545
vn 0.3302564322948456 -0.16827990114688873 -0.9287694096565247
vn 0.21636338531970978 -0.13728375732898712 -0.966612696647644
vn 0.09914601594209671 -0.10417941957712173 -0.9896042943000793
vn 0.09914582222700119 -0.10417965799570084 -0.9896042943000793
vn 0.09914600104093552 -0.10417930781841278 -0.9896043539047241
vn 0.09914650022983551 -0.10417918860912323 -0.9896043539047241
vn 0.16819947957992554 -0.1280074268579483 -0.9774063229560852
vn 0.08707578480243683 -0.1180422306060791 -0.9891834259033203
vn 0.09914558380842209 -0.10417942702770233 -0.9896044135093689
vn 0.21636320650577545 -0.13728442788124084 -0.9666126370429993
vn 0.08534982055425644 -0.12001916021108627 -0.98909592628479
vn 0.33025652170181274 -0.16828058660030365 -0.9287692308425903
vn 0.303615540266037 -0.09393573552370071 -0.9481528401374817
vn 0.07493623346090317 -0.14430928230285645 -0.9866911768913269
vn 0.07493646442890167 -0.14430885016918182 -0.9866911768913269
vn 0.17449837923049927 -0.13486000895500183 -0.9753784537315369
vn 0.1744983196258545 -0.13486048579216003 -0.9753783345222473
vn 0.07493642717599869 -0.14430919289588928 -0.9866911768913269
vn 0.07493659108877182 -0.14430873095989227 -0.9866911768913269
vn 0.27229198813438416 -0.12404566258192062 -0.9541853666305542
vn 0.07495585829019547 -0.1339256763458252 -0.9881525635719299
vn 0.07497721165418625 -0.1318652331829071 -0.9884280562400818
vn 0.07493621855974197 -0.14016087353229523 -0.9872889518737793
vn 0.07493426650762558 -0.13599815964698792 -0.9878711104393005
vn 0.07493681460618973 -0.14015616476535797 -0.9872896075248718
vn 0.0749555453658104 -0.13390447199344635 -0.9881555438041687
vn 0.07497614622116089 -0.13186635076999664 -0.988427996635437
vn 0.07493490725755692 -0.13594967126846313 -0.9878777861595154
vn 0.07493606954813004 -0.13596870005130768 -0.9878751039505005
vn 0.07495628297328949 -0.1338840276002884 -0.9881582260131836
vn 0.07497686892747879 -0.13186609745025635 -0.988427996635437
vn 0.07493747770786285 -0.14013947546482086 -0.9872918128967285
vn 0.07493527233600616 -0.1358586847782135 -0.9878902435302734
vn 0.07493462413549423 -0.13597838580608368 -0.987873911857605
vn 0.07493513077497482 -0.13590648770332336 -0.9878836870193481
vn 0.07493755221366882 -0.1443088948726654 -0.9866911172866821
vn 0.07961558550596237 -0.1406705677509308 -0.9868501424789429
vn 0.07493742555379868 -0.14430837333202362 -0.9866911768913269
vn 0.08039604872465134 -0.14006322622299194 -0.986873209476471
vn 0.08584852516651154 -0.13581253588199615 -0.9870080947875977
vn -0.0021214124280959368 -0.1363152265548706 -0.9906631708145142
vn 0.016357529908418655 -0.1482456773519516 -0.988815188407898
vn 0.07493449002504349 -0.1358751803636551 -0.9878880381584167
vn 0.029562106356024742 -0.13620328903198242 -0.9902397394180298
vn 0.037125468254089355 -0.1363210380077362 -0.9899688959121704
vn 0.037135954946279526 -0.13616833090782166 -0.9899894595146179
vn 0.03708571940660477 -0.13417820632457733 -0.9902629256248474
vn 0.03713215887546539 -0.13214683532714844 -0.9905344247817993
vn -0.09007485955953598 -0.13576126098632812 -0.9866384863853455
vn -0.06739633530378342 -0.15768444538116455 -0.9851869344711304
vn -0.044654250144958496 -0.17944708466529846 -0.9827536940574646
vn -0.04466262087225914 -0.17943918704986572 -0.9827547073364258
vn -0.04467836767435074 -0.1794239580631256 -0.9827567934989929
vn -0.044671837240457535 -0.17942994832992554 -0.9827560186386108
vn -0.04467940330505371 -0.17942290008068085 -0.9827569723129272
vn -0.04469367861747742 -0.1794101446866989 -0.982758641242981
vn -0.11325006932020187 -0.11431624740362167 -0.9869681596755981
vn -0.11329048871994019 -0.11427724361419678 -0.9869680404663086
vn -0.06738884747028351 -0.15769220888614655 -0.9851862788200378
vn -0.07927753031253815 -0.1334533393383026 -0.9878790974617004
vn -0.18087169528007507 -0.04812036082148552 -0.9823288321495056
vn -0.18037785589694977 -0.0880698710680008 -0.9796466827392578
vn -0.1795950084924698 -0.12787924706935883 -0.9753934741020203
vn -0.09056322276592255 -0.1305856555700302 -0.9872921109199524
vn -0.000866210088133812 -0.13634821772575378 -0.9906606078147888
vn -0.0008346822578459978 -0.13632053136825562 -0.9906644225120544
vn -0.0008783849189057946 -0.13636034727096558 -0.9906589388847351
vn -0.0007707490585744381 -0.1363115906715393 -0.9906656742095947
vn -0.0008022097172215581 -0.13633866608142853 -0.9906619787216187
vn -0.0008322069188579917 -0.1362760365009308 -0.9906706213951111
vn -0.0008032982004806399 -0.136247918009758 -0.9906744360923767
vn -0.015520800836384296 -0.15078619122505188 -0.9884445071220398
vn -0.022768240422010422 -0.15795178711414337 -0.9871843457221985
vn -0.0227030161768198 -0.15794527530670166 -0.9871867895126343
vn -0.0008015889907255769 -0.1342541128396988 -0.9909466505050659
vn -0.0007980516529642045 -0.13473954796791077 -0.9908807277679443
vn -0.0008643047185614705 -0.13425378501415253 -0.9909465909004211
vn -0.000810772820841521 -0.1322377324104309 -0.9912177324295044
vn -0.0008794959867373109 -0.13223853707313538 -0.9912175536155701
vn -0.0007474687299691141 -0.1322392225265503 -0.9912176728248596
vn -0.09060541540384293 -0.13058346509933472 -0.9872884750366211
vn -0.0008507934398949146 -0.13223761320114136 -0.9912177324295044
vn -0.0008124375017359853 -0.13223810493946075 -0.9912177324295044
vn 0.037160299718379974 -0.13214610517024994 -0.9905335307121277
vn -0.0008403691463172436 -0.13223956525325775 -0.9912174344062805
vn -0.0008470389875583351 -0.13223682343959808 -0.9912177920341492
vn -0.17959479987621307 -0.12787793576717377 -0.9753937721252441
vn -0.09060371667146683 -0.13058513402938843 -0.9872884154319763
vn -0.17959453165531158 -0.127877876162529 -0.9753937721252441
vn -0.17873455584049225 -0.13012872636318207 -0.9752539992332458
vn 0.03707581013441086 -0.13214720785617828 -0.9905364513397217
vn 0.07497607171535492 -0.13186603784561157 -0.9884280562400818
vn 0.07497719675302505 -0.13186527788639069 -0.9884280562400818
vn 0.07497604191303253 -0.13186703622341156 -0.9884278774261475
vn 0.07497702538967133 -0.1318645179271698 -0.9884281158447266
vn -0.028416015207767487 -0.11592838168144226 -0.9928510785102844
vn -0.16154107451438904 -0.11445198953151703 -0.9802067279815674
vn -0.16154071688652039 -0.11445202678442001 -0.9802067875862122
vn -0.047633539885282516 -0.11584362387657166 -0.992124617099762
vn 0.1052171140909195 -0.1153317540884018 -0.9877387881278992
vn 0.10521680861711502 -0.1153317242860794 -0.987738847732544
vn 0.10521720349788666 -0.11533136665821075 -0.9877389073371887
vn 0.10521727055311203 -0.11533152312040329 -0.9877389073371887
vn 0.12012588232755661 -0.10177277773618698 -0.9875283241271973
vn 0.12225215137004852 -0.09983198344707489 -0.9874653816223145
vn 0.13498632609844208 -0.08817274123430252 -0.9869166016578674
vn 0.13498638570308685 -0.08817258477210999 -0.9869165420532227
vn 0.13498663902282715 -0.08817247301340103 -0.9869165420532227
vn 0.1349862813949585 -0.0881723165512085 -0.9869165420532227
vn 0.1349865198135376 -0.08817284554243088 -0.9869165420532227
vn 0.13498632609844208 -0.08817276358604431 -0.9869165420532227
vn 0.1349855661392212 -0.08817266672849655 -0.986916720867157
vn 0.11799933016300201 -0.1037127673625946 -0.9875828623771667
vn 0.237339049577713 -0.11170481145381927 -0.9649830460548401
vn 0.2518194019794464 -0.1149793192744255 -0.9609197378158569
vn 0.13565896451473236 -0.08082232624292374 -0.9874534606933594
vn 0.1363239735364914 -0.07346750050783157 -0.9879363775253296
vn 0.1363239586353302 -0.07346747815608978 -0.9879363775253296
vn 0.13632363080978394 -0.07346732914447784 -0.9879364371299744
vn 0.13632363080978394 -0.07346700876951218 -0.9879364967346191
vn 0.13565857708454132 -0.08082175254821777 -0.9874535799026489
vn 0.13565880060195923 -0.0808221846818924 -0.9874534606933594
vn -0.16306829452514648 -0.10793213546276093 -0.9806933403015137
vn -0.16154049336910248 -0.11445207893848419 -0.9802067875862122
vn -0.16332198679447174 -0.10684479773044586 -0.9807701706886292
vn -0.16509360074996948 -0.09923055768013 -0.981273353099823
vn -0.16509343683719635 -0.09923052042722702 -0.981273353099823
vn -0.1603400707244873 -0.09341093897819519 -0.9826318621635437
vn -0.16509349644184113 -0.09923052787780762 -0.981273353099823
vn -0.1650935262441635 -0.09923040121793747 -0.981273353099823
vn -0.16509369015693665 -0.09923044592142105 -0.981273353099823
vn -0.16357611119747162 -0.10575748234987259 -0.9808456897735596
vn -0.2895244061946869 -0.09701114892959595 -0.9522418975830078
vn -0.3230721950531006 -0.11580292880535126 -0.9392625093460083
vn -0.16509339213371277 -0.09923058748245239 -0.9812734723091125
vn -0.1650935858488083 -0.09923069924116135 -0.981273353099823
vn -0.33039426803588867 -0.09590624272823334 -0.9389577507972717
vn -0.4480631649494171 -0.09158241003751755 -0.889298677444458
vn -0.4480632543563843 -0.09158194810152054 -0.889298677444458
vn -0.4625779092311859 -0.11494855582714081 -0.879095196723938
vn -0.44806334376335144 -0.0915822684764862 -0.8892985582351685
vn -0.4480630159378052 -0.09158230572938919 -0.8892987966537476
vn -0.17758604884147644 -0.13312840461730957 -0.9750590324401855
vn -0.3353572487831116 -0.12277676910161972 -0.9340564012527466
vn -0.35745373368263245 -0.1210067942738533 -0.9260583519935608
vn -0.17758601903915405 -0.1331283301115036 -0.9750590920448303
vn -0.161540687084198 -0.11445238441228867 -0.9802067279815674
vn -0.16957701742649078 -0.12380024045705795 -0.9777101278305054
vn -0.16154062747955322 -0.11445238441228867 -0.9802067875862122
vn -0.16154085099697113 -0.1144523173570633 -0.9802066683769226
vn -0.1775859147310257 -0.1331280618906021 -0.9750590324401855
vn -0.1695767492055893 -0.12379992753267288 -0.9777103066444397
vn -0.17959479987621307 -0.12787844240665436 -0.9753937125205994
vn -0.18037787079811096 -0.08806996792554855 -0.9796466827392578
vn -0.3841051161289215 -0.1481219381093979 -0.9113304615020752
vn -0.1785910725593567 -0.1305038034915924 -0.9752301573753357
vn -0.18087135255336761 -0.04812038689851761 -0.9823288321495056
vn -0.18087166547775269 -0.04812055081129074 -0.9823288321495056
vn -0.2792031764984131 -0.1490064114332199 -0.9486004114151001
vn -0.279203325510025 -0.14900629222393036 -0.9486004114151001
vn -0.18087153136730194 -0.04812047630548477 -0.9823288321495056
vn -0.18087171018123627 -0.04812023043632507 -0.9823288321495056
vn -0.18046598136425018 -0.08236686140298843 -0.9801263809204102
vn -0.179594486951828 -0.12787920236587524 -0.9753936529159546
vn -0.18087157607078552 -0.04812034219503403 -0.9823288321495056
vn -0.1795947551727295 -0.12787938117980957 -0.9753935933113098
vn -0.1795947551727295 -0.12787845730781555 -0.9753937125205994
vn -0.17844794690608978 -0.1308780163526535 -0.9752063155174255
vn -0.31307461857795715 -0.12447801232337952 -0.9415357708930969
vn -0.17758587002754211 -0.13312849402427673 -0.9750590324401855
vn -0.17758600413799286 -0.1331285983324051 -0.9750589728355408
vn -0.17758585512638092 -0.13312900066375732 -0.9750590324401855
vn -0.1775859296321869 -0.13312864303588867 -0.9750590324401855
vn -0.48418155312538147 -0.10914946347475052 -0.8681328892707825
vn -0.48418110609054565 -0.10914947092533112 -0.8681330680847168
vn -0.4841812551021576 -0.10914942622184753 -0.868133008480072
vn -0.48418140411376953 -0.10914962738752365 -0.8681328892707825
vn -0.48418083786964417 -0.10914880037307739 -0.8681333661079407
vn -0.48418137431144714 -0.10914906114339828 -0.868133008480072
vn -0.5490487813949585 -0.1858261376619339 -0.8148705959320068
vn -0.3716752231121063 -0.2467653751373291 -0.8949661254882812
vn -0.5095452070236206 -0.11823084950447083 -0.8522823452949524
vn -0.6068201661109924 -0.2601020336151123 -0.7510766983032227
vn -0.6068204045295715 -0.26010122895240784 -0.7510768175125122
vn -0.6068205833435059 -0.2601017951965332 -0.7510765790939331
vn -0.623609721660614 -0.12388458847999573 -0.7718571424484253
vn -0.6283828616142273 0.014719784259796143 -0.7777649760246277
vn -0.5401597619056702 -0.17495055496692657 -0.8231766819953918
vn -0.4841815233230591 -0.10914928466081619 -0.8681328892707825
vn -0.549048662185669 -0.18582622706890106 -0.8148706555366516
vn -0.6068204045295715 -0.26010197401046753 -0.7510766386985779
vn -0.6493270993232727 -0.15632419288158417 -0.744269609451294
vn -0.6933097243309021 -0.07439790666103363 -0.7167890667915344
vn -0.5904825329780579 -0.10730208456516266 -0.7998854517936707
vn -0.6933097839355469 -0.07439815998077393 -0.7167890667915344
vn -0.5747545957565308 -0.11188215017318726 -0.8106414675712585
vn -0.47669535875320435 -0.1382155418395996 -0.8681349158287048
vn -0.4766950011253357 -0.13821528851985931 -0.8681350946426392
vn -0.47995632886886597 -0.1257723718881607 -0.8682299852371216
vn -0.47669583559036255 -0.13821540772914886 -0.868134617805481
vn -0.47669512033462524 -0.13821542263031006 -0.8681349158287048
vn -0.4810255765914917 -0.12161964178085327 -0.868229866027832
vn -0.48049259185791016 -0.12369619309902191 -0.8682315945625305
vn -0.4766955077648163 -0.13821569085121155 -0.8681346774101257
vn -0.47669553756713867 -0.13821536302566528 -0.8681347370147705
vn -0.4766954183578491 -0.13821560144424438 -0.8681347370147705
vn -0.46462008357048035 -0.11827965825796127 -0.877575159072876
vn -0.4480632543563843 -0.09158255904912949 -0.8892986178398132
vn -0.4605281949043274 -0.11161474138498306 -0.8805996775627136
vn -0.5603789687156677 -0.09309129416942596 -0.8229880928993225
vn -0.6059832572937012 -0.10268151015043259 -0.7888224124908447
vn -0.6933097243309021 -0.0743972659111023 -0.716789186000824
vn -0.6931332945823669 -0.08664914965629578 -0.7155824303627014
vn -0.6933099627494812 -0.07439791411161423 -0.7167888879776001
vn -0.692851722240448 -0.09888803958892822 -0.7142671942710876
vn -0.5838513374328613 -0.07910232245922089 -0.8079977631568909
vn -0.6928519606590271 -0.0988883227109909 -0.7142669558525085
vn -0.5838510394096375 -0.07910227030515671 -0.8079980611801147
vn -0.5838509798049927 -0.07910250127315521 -0.8079980611801147
vn -0.4625556170940399 -0.057650670409202576 -0.884713888168335
vn -0.4625557065010071 -0.0576508603990078 -0.8847138285636902
vn -0.4625554084777832 -0.05765107274055481 -0.8847140073776245
vn -0.4654918313026428 -0.06377020478248596 -0.8827517628669739
vn -0.4564216434955597 -0.07220537215471268 -0.8868290185928345
vn -0.46255528926849365 -0.05765092745423317 -0.8847140669822693
vn -0.45435091853141785 -0.07705330848693848 -0.8874841332435608
vn -0.4625554084777832 -0.05765079706907272 -0.8847140073776245
vn -0.4553881287574768 -0.07462966442108154 -0.887159526348114
vn -0.4480629563331604 -0.09158240258693695 -0.8892987370491028
vn -0.44806304574012756 -0.091582290828228 -0.8892987370491028
vn -0.46549198031425476 -0.06377024203538895 -0.8827517628669739
vn -0.4684049189090729 -0.06988635659217834 -0.8807455897331238
vn -0.3202444016933441 -0.07013160735368729 -0.9447354078292847
vn -0.31425994634628296 -0.07976049929857254 -0.9459803700447083
vn -0.46549201011657715 -0.06377045065164566 -0.8827517628669739
vn -0.46840497851371765 -0.06988611817359924 -0.880745530128479
vn -0.4684049189090729 -0.0698859840631485 -0.8807455897331238
vn -0.4684047996997833 -0.06988602876663208 -0.8807456493377686
vn -0.46840500831604004 -0.06988640129566193 -0.880745530128479
vn -0.4625556170940399 -0.05765078216791153 -0.8847139477729797
vn -0.46255555748939514 -0.05765043571591377 -0.8847139477729797
vn -0.31003090739250183 -0.09648113697767258 -0.9458182454109192
vn -0.15875300765037537 -0.09147042036056519 -0.9830719828605652
vn -0.15398667752742767 -0.08564356714487076 -0.9843541979789734
vn -0.15817515552043915 -0.07832194119691849 -0.984299898147583
vn -0.1539870798587799 -0.08564336597919464 -0.9843541979789734
vn -0.15398739278316498 -0.0856432318687439 -0.9843541979789734
vn -0.15398673713207245 -0.08564393222332001 -0.9843541979789734
vn -0.1637420952320099 -0.06855031847953796 -0.9841185212135315
vn -0.1637420356273651 -0.06854961812496185 -0.984118640422821
vn -0.16374172270298004 -0.06855055689811707 -0.984118640422821
vn -0.16374173760414124 -0.06855068355798721 -0.9841187000274658
vn -0.1595686376094818 -0.07587942481040955 -0.9842662811279297
vn -0.1637418568134308 -0.06854955852031708 -0.9841187000274658
vn -0.16374197602272034 -0.06855039298534393 -0.9841185808181763
vn -0.32024410367012024 -0.07013159990310669 -0.9447354674339294
vn -0.46840494871139526 -0.06988637894392014 -0.8807455897331238
vn -0.32024431228637695 -0.07013188302516937 -0.9447354078292847
vn -0.16374175250530243 -0.06855090707540512 -0.984118640422821
vn -0.5979399681091309 -0.05468139424920082 -0.7996735572814941
vn -0.579921543598175 -0.057407256215810776 -0.8126471638679504
vn -0.5979398488998413 -0.05468149855732918 -0.7996735572814941
vn -0.46776896715164185 -0.07143047451972961 -0.8809596300125122
vn -0.46767792105674744 -0.07165097445249557 -0.8809900879859924
vn -0.46840471029281616 -0.06988649070262909 -0.8807456493377686
vn -0.4671315550804138 -0.07297372817993164 -0.8811713457107544
vn -0.46713170409202576 -0.07297414541244507 -0.8811712861061096
vn -0.4678598642349243 -0.07121002674102783 -0.8809292316436768
vn -0.4671315550804138 -0.07297386229038239 -0.8811714053153992
vn -0.3186935484409332 -0.0564456433057785 -0.9461756348609924
vn -0.4671316146850586 -0.07297384738922119 -0.8811713457107544
vn -0.4671315550804138 -0.07297401130199432 -0.8811713457107544
vn -0.4671318233013153 -0.07297375053167343 -0.8811712265014648
vn -0.46103590726852417 -0.06083372235298157 -0.8852938413619995
vn -0.46713143587112427 -0.07297386974096298 -0.8811714053153992
vn -0.46103569865226746 -0.06083390861749649 -0.8852938413619995
vn -0.16698534786701202 -0.03716139495372772 -0.9852587580680847
vn -0.16698503494262695 -0.03716103732585907 -0.9852588772773743
vn -0.15675227344036102 -0.0537506639957428 -0.9861742854118347
vn -0.1602521538734436 -0.061152394860982895 -0.9851799607276917
vn -0.1567527800798416 -0.05375054106116295 -0.9861742258071899
vn -0.15675216913223267 -0.0537506602704525 -0.9861742854118347
vn -0.15675264596939087 -0.053750842809677124 -0.9861742258071899
vn -0.1602519452571869 -0.06115298345685005 -0.9851799607276917
vn -0.16025246679782867 -0.06115280091762543 -0.9851800203323364
vn -0.19905249774456024 -0.14703461527824402 -0.9688957333564758
vn -0.20462587475776672 -0.1391974687576294 -0.9688923358917236
vn -0.20392997562885284 -0.14017781615257263 -0.9688976407051086
vn -0.19905255734920502 -0.14703477919101715 -0.968895673751831
vn -0.20879368484020233 -0.13331110775470734 -0.9688310027122498
vn -0.20879356563091278 -0.13331124186515808 -0.9688310027122498
vn -0.20879332721233368 -0.13331125676631927 -0.9688310623168945
vn -0.20879346132278442 -0.1333109736442566 -0.9688310623168945
vn -0.20323438942432404 -0.1411580890417099 -0.968901515007019
vn -0.20879341661930084 -0.13331112265586853 -0.968830943107605
vn -0.006685641594231129 -0.13800394535064697 -0.9904091954231262
vn -0.19905249774456024 -0.14703468978405 -0.9688957333564758
vn -0.1943836808204651 -0.14140290021896362 -0.9706802368164062
vn -0.19905240833759308 -0.14703468978405 -0.9688957333564758
vn -0.19905252754688263 -0.1470346748828888 -0.968895673751831
vn -0.19360432028770447 -0.1404632031917572 -0.9709724187850952
vn -0.39680466055870056 -0.1356862187385559 -0.9078189134597778
vn -0.1990526169538498 -0.14703457057476044 -0.9688957333564758
vn -0.1990525871515274 -0.1470346301794052 -0.968895673751831
vn -0.19282479584217072 -0.13952325284481049 -0.9712629914283752
vn -0.39680472016334534 -0.13568584620952606 -0.9078189730644226
vn -0.3822241425514221 -0.13880231976509094 -0.9135856032371521
vn -0.18814125657081604 -0.13388100266456604 -0.9729741811752319
vn -0.18814098834991455 -0.13388106226921082 -0.9729742407798767
vn -0.18814122676849365 -0.13388128578662872 -0.9729742407798767
vn -0.18302565813064575 -0.14029602706432343 -0.973046064376831
vn -0.18814145028591156 -0.13388147950172424 -0.9729741215705872
vn -0.1881413459777832 -0.1338810920715332 -0.9729741811752319
vn -0.18814098834991455 -0.13388124108314514 -0.9729742407798767
vn -0.18814128637313843 -0.1338813304901123 -0.9729741811752319
vn -0.18217171728610992 -0.1413641721010208 -0.9730516672134399
vn -0.17618553340435028 -0.14883385598659515 -0.9730401039123535
vn -0.1761857122182846 -0.1488339751958847 -0.9730401635169983
vn -0.17618554830551147 -0.1488339900970459 -0.9730401039123535
vn -0.1761857271194458 -0.14883393049240112 -0.9730401039123535
vn -0.18131797015666962 -0.1424321085214615 -0.9730554223060608
vn -0.1761859506368637 -0.14883409440517426 -0.9730400443077087
vn -0.36732232570648193 -0.13474205136299133 -0.9202819466590881
vn -0.39395672082901 -0.1322450488805771 -0.9095655679702759
vn -0.543944239616394 -0.11532523483037949 -0.8311587572097778
vn -0.5439438223838806 -0.11532501876354218 -0.8311589956283569
vn -0.543944239616394 -0.1153254583477974 -0.8311587572097778
vn -0.5439440011978149 -0.1153252050280571 -0.8311588764190674
vn -0.5439440011978149 -0.1153251975774765 -0.8311588764190674
vn -0.5267552137374878 -0.14911603927612305 -0.8368352055549622
vn -0.5087918043136597 -0.18268820643424988 -0.841282308101654
vn -0.4702361226081848 -0.10961814224720001 -0.8757064342498779
vn -0.335244357585907 -0.1387285441160202 -0.931861400604248
vn -0.5087917447090149 -0.1826881617307663 -0.8412823677062988
vn -0.47527676820755005 -0.11882828921079636 -0.8717750310897827
vn -0.480258047580719 -0.12802328169345856 -0.8677339553833008
vn -0.4388481080532074 -0.05423986539244652 -0.8969227075576782
vn -0.4388481080532074 -0.05423978716135025 -0.896922767162323
vn -0.43884798884391785 -0.05423993617296219 -0.8969228267669678
vn -0.438848078250885 -0.05424007400870323 -0.896922767162323
vn -0.43884819746017456 -0.05424005538225174 -0.8969227075576782
vn -0.40738484263420105 -0.1512916088104248 -0.9006378054618835
vn -0.41216370463371277 -0.13745233416557312 -0.9006818532943726
vn -0.5095455646514893 -0.11823052167892456 -0.8522821664810181
vn -0.5095453262329102 -0.11823108792304993 -0.8522821664810181
vn -0.6283828616142273 0.01471979171037674 -0.7777649760246277
vn -0.3716754913330078 -0.24676552414894104 -0.8949660062789917
vn -0.37167537212371826 -0.24676549434661865 -0.8949660658836365
vn -0.37167540192604065 -0.24676558375358582 -0.8949660658836365
vn -0.3716754615306854 -0.24676541984081268 -0.8949660658836365
vn -0.11526665091514587 -0.1590632200241089 -0.9805163741111755
vn -0.11526622623205185 -0.15906360745429993 -0.9805163741111755
vn -0.14031709730625153 -0.18217194080352783 -0.973203182220459
vn -0.14031779766082764 -0.18217168748378754 -0.9732031226158142
vn -0.14031682908535004 -0.18217232823371887 -0.973203182220459
vn -0.11885518580675125 -0.16237856447696686 -0.9795441627502441
vn 0.0022077448666095734 -0.1558946669101715 -0.9877712726593018
vn -0.15214572846889496 -0.16175150871276855 -0.975032389163971
vn -0.1403176486492157 -0.1821722537279129 -0.9732031226158142
vn -0.14031769335269928 -0.18217279016971588 -0.9732029438018799
vn -0.14031752943992615 -0.18217240273952484 -0.9732030630111694
vn -0.14031705260276794 -0.18217234313488007 -0.9732032418251038
vn -0.2936974763870239 -0.11988592892885208 -0.948350727558136
vn -0.31523212790489197 -0.11058561503887177 -0.942549467086792
vn -0.2719918191432953 -0.12911583483219147 -0.9535982608795166
vn -0.1944737583398819 -0.13033632934093475 -0.9722101092338562
vn -0.4025183320045471 -0.16509738564491272 -0.9004009366035461
vn -0.43884801864624023 -0.054239869117736816 -0.896922767162323
vn -0.3716760575771332 -0.2467649281024933 -0.8949659466743469
vn -0.27920281887054443 -0.14900651574134827 -0.9486004710197449
vn -0.371675580739975 -0.24676567316055298 -0.8949658870697021
vn -0.09007556736469269 -0.13576112687587738 -0.9866384267807007
vn -0.09007549285888672 -0.1357613205909729 -0.9866384267807007
vn -0.06740399450063705 -0.15767768025398254 -0.9851875305175781
vn -0.18087171018123627 -0.04812026768922806 -0.9823288321495056
vn -0.11327376961708069 -0.11429369449615479 -0.9869680404663086
vn -0.04464750364422798 -0.17945341765880585 -0.982752799987793
vn -0.09007599204778671 -0.13576176762580872 -0.9866382479667664
vn -0.43884819746017456 -0.05423983559012413 -0.896922767162323
vn -0.15607130527496338 -0.15492184460163116 -0.97552090883255
vn -0.16778446733951569 -0.13438303768634796 -0.9766215085983276
vn -0.1677844375371933 -0.1343831568956375 -0.9766215085983276
vn -0.16778430342674255 -0.13438332080841064 -0.9766215085983276
vn -0.16778454184532166 -0.1343831866979599 -0.9766215085983276
vn -0.16778424382209778 -0.13438314199447632 -0.9766216278076172
vn -0.16778431832790375 -0.13438306748867035 -0.9766215085983276
vn -0.1677844077348709 -0.1343832015991211 -0.9766214489936829
vn -0.171391099691391 -0.1405813843011856 -0.9751214981079102
vn -0.17199112474918365 -0.14161372184753418 -0.9748664498329163
vn -0.15410929918289185 -0.15833769738674164 -0.9752842783927917
vn -0.3403830826282501 -0.137126624584198 -0.9302342534065247
vn -0.17618553340435028 -0.14883404970169067 -0.9730402231216431
vn -0.17259159684181213 -0.14264579117298126 -0.9746097922325134
vn 0.002384222811087966 -0.1401284635066986 -0.9901304841041565
vn -0.17618586122989655 -0.14883407950401306 -0.9730400443077087
vn 0.004315628204494715 -0.1363140493631363 -0.9906562566757202
vn 0.17628714442253113 -0.13418063521385193 -0.975150465965271
vn 0.17941348254680634 -0.13858512043952942 -0.9739635586738586
vn 0.1762872338294983 -0.13418138027191162 -0.9751503467559814
vn 0.17863209545612335 -0.13748478889465332 -0.974263072013855
vn 0.18175451457500458 -0.14188602566719055 -0.9730537533760071
vn 0.18175436556339264 -0.1418854147195816 -0.9730539321899414
vn 0.18175475299358368 -0.14188623428344727 -0.9730537533760071
vn 0.1817547082901001 -0.14188668131828308 -0.9730537533760071
vn 0.18449412286281586 -0.13845743238925934 -0.9730321168899536
vn 0.17902274429798126 -0.1380349099636078 -0.9741135239601135
vn 0.18175432085990906 -0.1418861448764801 -0.9730538129806519
vn 0.1762869656085968 -0.13418051600456238 -0.975150465965271
vn 0.16283465921878815 -0.1689745932817459 -0.9720763564109802
vn 0.3465074300765991 -0.15020504593849182 -0.9259431958198547
vn 0.17628683149814606 -0.13418078422546387 -0.9751505255699158
vn 0.17628729343414307 -0.13418017327785492 -0.9751505255699158
vn 0.1628352850675583 -0.16897502541542053 -0.9720761775970459
vn 0.17628709971904755 -0.1341807246208191 -0.9751504063606262
vn 0.1628352254629135 -0.1689751297235489 -0.9720761775970459
vn 0.1762867420911789 -0.13418100774288177 -0.9751505255699158
vn -0.020626110956072807 -0.13628655672073364 -0.9904547333717346
vn 0.029255056753754616 -0.1362573206424713 -0.9902413487434387
vn 0.08584918826818466 -0.13581258058547974 -0.9870081543922424
vn 0.08584928512573242 -0.13581272959709167 -0.9870080351829529
vn 0.08039505779743195 -0.14006416499614716 -0.9868731498718262
vn 0.08584873378276825 -0.13581271469593048 -0.9870080351829529
vn -0.002121107652783394 -0.13631556928157806 -0.9906632900238037
vn 0.08584897965192795 -0.1358129233121872 -0.9870080947875977
vn -0.09007486701011658 -0.13576167821884155 -0.9866384267807007
vn -0.09007617831230164 -0.1357613205909729 -0.9866383075714111
vn -0.09007426351308823 -0.13576194643974304 -0.9866384267807007
vn -0.002121751429513097 -0.13631518185138702 -0.9906632304191589
vn 0.08584903925657272 -0.13581246137619019 -0.9870080351829529
vn 0.11763429641723633 -0.16986215114593506 -0.978421688079834
vn 0.12215828895568848 -0.17470091581344604 -0.9770143032073975
vn 0.08584879338741302 -0.13581199944019318 -0.9870082139968872
vn 0.07493697106838226 -0.14430859684944153 -0.9866911768913269
vn 0.17449785768985748 -0.13486012816429138 -0.9753785133361816
vn 0.17392012476921082 -0.14289402961730957 -0.9743372797966003
vn 0.2722920775413513 -0.12404503673315048 -0.9541855454444885
vn 0.27229219675064087 -0.12404552102088928 -0.9541853666305542
vn 0.2722916603088379 -0.12404558062553406 -0.9541854858398438
vn 0.29917219281196594 -0.09825251996517181 -0.9491272568702698
vn 0.2722923159599304 -0.1240449771285057 -0.9541854858398438
vn 0.27229198813438416 -0.12404554337263107 -0.954185426235199
vn 0.27229177951812744 -0.1240454837679863 -0.9541854858398438
vn 0.30804651975631714 -0.08961610496044159 -0.9471411108970642
vn 0.272014319896698 -0.12618207931518555 -0.9539844393730164
vn 0.2720148265361786 -0.12618206441402435 -0.9539842009544373
vn 0.2720144987106323 -0.1261824518442154 -0.953984260559082
vn 0.2717360258102417 -0.12831798195838928 -0.953778862953186
vn 0.27173563838005066 -0.12831765413284302 -0.9537789821624756
vn 0.20220795273780823 -0.17173616588115692 -0.9641672372817993
vn 0.1491553783416748 -0.20353177189826965 -0.967640221118927
vn 0.14915476739406586 -0.20353202521800995 -0.967640221118927
vn 0.14915531873703003 -0.20353305339813232 -0.9676399230957031
vn 0.14915549755096436 -0.20353196561336517 -0.967640221118927
vn 0.149154931306839 -0.20353229343891144 -0.9676401019096375
vn 0.14915530383586884 -0.20353233814239502 -0.9676401019096375
vn 0.21976351737976074 -0.16096453368663788 -0.9621821641921997
vn 0.27173635363578796 -0.12831740081310272 -0.9537787437438965
vn 0.2717362940311432 -0.12831716239452362 -0.953778862953186
vn 0.2717364430427551 -0.12831798195838928 -0.9537786841392517
vn 0.21099665760993958 -0.16635988652706146 -0.9632261991500854
vn 0.14915457367897034 -0.20353305339813232 -0.9676400423049927
vn 0.11763367801904678 -0.16986267268657684 -0.978421688079834
vn 0.40454918146133423 -0.1403493881225586 -0.9036825299263
vn 0.2717364728450775 -0.12831754982471466 -0.9537788033485413
vn 0.4045490622520447 -0.1403496116399765 -0.9036825299263
vn 0.2717363238334656 -0.1283176988363266 -0.9537787437438965
vn 0.4045489728450775 -0.1403493732213974 -0.9036825895309448
vn 0.3343544900417328 -0.06364583224058151 -0.9402958750724792
vn 0.42819705605506897 -0.13008765876293182 -0.8942731022834778
vn 0.3928395211696625 -0.135267972946167 -0.9096041917800903
vn 0.4281971752643585 -0.1300867348909378 -0.8942732214927673
vn 0.5154717564582825 -0.19453322887420654 -0.8345332145690918
vn 0.5154713988304138 -0.1945333182811737 -0.8345334529876709
vn 0.5154712200164795 -0.1945343315601349 -0.8345333337783813
vn 0.5154716372489929 -0.19453498721122742 -0.8345328569412231
vn 0.5154718160629272 -0.19453437626361847 -0.8345329165458679
vn 0.5154714584350586 -0.19453394412994385 -0.8345332145690918
vn 0.5154715776443481 -0.1945333331823349 -0.8345333337783813
vn 0.5214760303497314 -0.17529527842998505 -0.835065484046936
vn 0.5291520357131958 -0.14953294396400452 -0.835247278213501
vn 0.5291520953178406 -0.1495332419872284 -0.8352471590042114
vn 0.5291517972946167 -0.14953282475471497 -0.8352474570274353
vn 0.5291517376899719 -0.1495329886674881 -0.8352474570274353
vn 0.5291515588760376 -0.1495327651500702 -0.8352476358413696
vn 0.5291516184806824 -0.1495332568883896 -0.8352474570274353
vn 0.529151439666748 -0.14953264594078064 -0.8352476954460144
vn 0.5224558115005493 -0.17208032310009003 -0.8351216316223145
vn 0.5224565267562866 -0.17208050191402435 -0.8351211547851562
vn 0.5294670462608337 -0.15056420862674713 -0.8348622918128967
vn 0.5294280052185059 -0.15043555200099945 -0.8349103331565857
vn 0.5297027826309204 -0.15133681893348694 -0.8345730900764465
vn 0.5297030210494995 -0.15133705735206604 -0.8345729112625122
vn 0.5293881893157959 -0.1503061205148697 -0.8349587917327881
vn 0.5364911556243896 -0.13975773751735687 -0.8322530388832092
vn 0.5376128554344177 -0.13782477378845215 -0.8318513631820679
vn 0.5453874468803406 -0.12427768111228943 -0.8289195895195007
vn 0.37074553966522217 -0.13570785522460938 -0.9187661409378052
vn 0.1817546784877777 -0.1418863981962204 -0.9730537533760071
vn 0.370745450258255 -0.13570798933506012 -0.9187661409378052
vn 0.5453874468803406 -0.12427768856287003 -0.8289196491241455
vn 0.5453872084617615 -0.12427756190299988 -0.8289197087287903
vn 0.5453875660896301 -0.12427754700183868 -0.828919529914856
vn 0.5453874468803406 -0.12427742779254913 -0.8289195895195007
vn 0.5453875064849854 -0.12427756935358047 -0.828919529914856
vn 0.1817542016506195 -0.14188601076602936 -0.9730538129806519
vn 0.5538359880447388 -0.13992789387702942 -0.8207836747169495
vn 0.18540644645690918 -0.1373136192560196 -0.9730207920074463
vn 0.37074539065361023 -0.13570812344551086 -0.9187661409378052
vn 0.38028690218925476 -0.14008408784866333 -0.9141981601715088
vn 0.18814122676849365 -0.13388128578662872 -0.9729742407798767
vn 0.188141331076622 -0.133881077170372 -0.9729741811752319
vn 0.1849503070116043 -0.1378854513168335 -0.973026692867279
vn 0.18814128637313843 -0.1338813304901123 -0.9729741811752319
vn -2.528684373004353e-9 -0.13631586730480194 -0.9906653761863708
vn 0.18814146518707275 -0.13388146460056305 -0.9729740619659424
vn 0.18814098834991455 -0.13388124108314514 -0.9729742407798767
vn 1.8965129466863573e-9 -0.13631561398506165 -0.9906654357910156
vn 2.528683928915143e-9 -0.13631542026996613 -0.9906654357910156
vn 0.18814098834991455 -0.13388106226921082 -0.9729742407798767
vn 0.18814125657081604 -0.13388103246688843 -0.9729741811752319
vn 0.18651491403579712 -0.13192345201969147 -0.9735545516014099
vn 0.18671837449073792 -0.13216808438301086 -0.9734823107719421
vn 0.18692182004451752 -0.13241270184516907 -0.9734100103378296
vn 0.3869425058364868 -0.1367242932319641 -0.9119111895561218
vn 0.4149508774280548 -0.1371309459209442 -0.8994503021240234
vn 0.18529443442821503 -0.13045428693294525 -0.9739854335784912
vn 0.18529470264911652 -0.13045434653759003 -0.9739853739738464
vn 0.18529456853866577 -0.13045433163642883 -0.9739854335784912
vn 0.18529446423053741 -0.13045452535152435 -0.973985493183136
vn 0.1852944940328598 -0.13045458495616913 -0.9739853739738464
vn 0.18529443442821503 -0.13045451045036316 -0.973985493183136
vn 0.35856977105140686 -0.13618949055671692 -0.9235150814056396
vn 0.18529443442821503 -0.13045461475849152 -0.973985493183136
vn 0.18439136445522308 -0.1319780945777893 -0.9739515781402588
vn -0.01305698323994875 -0.13630397617816925 -0.9905810356140137
vn 0.18318626284599304 -0.13400878012180328 -0.9739017486572266
vn 0.18318653106689453 -0.1340087652206421 -0.973901629447937
vn 0.0154891237616539 -0.13629910349845886 -0.9905466437339783
vn 0.183186337351799 -0.13400866091251373 -0.9739016890525818
vn 0.1831863820552826 -0.13400909304618835 -0.9739015698432922
vn 0.18424081802368164 -0.13223189115524292 -0.973945677280426
vn 0.18408989906311035 -0.13248565793037415 -0.9739396572113037
vn 0.1831860989332199 -0.13400830328464508 -0.9739017486572266
vn 0.18318600952625275 -0.1340084969997406 -0.9739017486572266
vn 0.1785038411617279 -0.1276363581418991 -0.9756256341934204
vn 0.1722429245710373 -0.11912774294614792 -0.9778246283531189
vn 0.1777224987745285 -0.12657420337200165 -0.9759065508842468
vn 0.1769409030675888 -0.12551063299179077 -0.9761859178543091
vn 0.18318615853786469 -0.13400885462760925 -0.9739016890525818
vn 0.1722431629896164 -0.11912739276885986 -0.9778246283531189
vn 0.17224347591400146 -0.11912751197814941 -0.9778246283531189
vn 0.17224304378032684 -0.11912734061479568 -0.9778246879577637
vn 0.17224319279193878 -0.11912713199853897 -0.9778246283531189
vn 0.1722429245710373 -0.11912735551595688 -0.9778246879577637
vn -0.041592590510845184 -0.13619770109653473 -0.989808201789856
vn -0.20879346132278442 -0.13331130146980286 -0.968830943107605
vn -0.019230661913752556 -0.1156044751405716 -0.9931091666221619
vn 0.16728903353214264 -0.1257404386997223 -0.9778567552566528
vn -0.19444772601127625 -0.10179571807384491 -0.9756165742874146
vn 0.16066548228263855 -0.13454505801200867 -0.9777956008911133
vn 0.0405338779091835 -0.136203795671463 -0.989851176738739
vn 0.16066516935825348 -0.134545236825943 -0.9777956008911133
vn 0.16646191477775574 -0.12684208154678345 -0.9778555631637573
vn 0.16066578030586243 -0.13454443216323853 -0.9777957201004028
vn 0.16066516935825348 -0.13454477488994598 -0.9777957797050476
vn 0.04053457826375961 -0.136203795671463 -0.9898512959480286
vn -0.08018776029348373 -0.13587674498558044 -0.9874753355979919
vn -0.08018763363361359 -0.13587646186351776 -0.9874753355979919
vn -0.13025668263435364 -0.10319962352514267 -0.9860947728157043
vn -0.13025738298892975 -0.10319967567920685 -0.9860947132110596
vn 0.17224279046058655 -0.11912698298692703 -0.9778246879577637
vn 0.16563427448272705 -0.1279432475566864 -0.9778526425361633
vn 0.16066482663154602 -0.13454438745975494 -0.9777957797050476
vn 0.16066518425941467 -0.13454478979110718 -0.9777957201004028
vn 0.16066503524780273 -0.13454501330852509 -0.9777956604957581
vn 0.1606655865907669 -0.1345442682504654 -0.9777957797050476
vn 0.16066399216651917 -0.1345428079366684 -0.977796196937561
vn 0.16066569089889526 -0.13454541563987732 -0.9777955412864685
vn 0.16066408157348633 -0.13454324007034302 -0.9777960777282715
vn 0.16066519916057587 -0.13454574346542358 -0.9777955412864685
vn 0.04053490608930588 -0.1362035870552063 -0.9898512363433838
vn -0.08018642663955688 -0.13587677478790283 -0.9874753952026367
vn -0.08018693327903748 -0.13587650656700134 -0.9874753952026367
vn -0.08018758147954941 -0.1358768194913864 -0.9874753355979919
vn -0.08018767088651657 -0.13587601482868195 -0.9874753952026367
vn 0.1606650948524475 -0.13454486429691315 -0.9777956604957581
vn 0.16066370904445648 -0.13454332947731018 -0.977796196937561
vn 0.1606644093990326 -0.1345442682504654 -0.9777959585189819
vn 0.16066473722457886 -0.13454477488994598 -0.9777957797050476
vn 0.1606660634279251 -0.13454581797122955 -0.977795422077179
vn 0.002130643231794238 -0.1363147646188736 -0.9906632304191589
vn -0.019259683787822723 -0.14978764951229095 -0.9885306358337402
vn 0.0021310814190655947 -0.1363164484500885 -0.9906631112098694
vn -0.15160350501537323 -0.18141105771064758 -0.9716513752937317
vn -0.151603564620018 -0.18140971660614014 -0.9716516733169556
vn 0.002130037173628807 -0.136314257979393 -0.9906634092330933
vn -0.18949541449546814 -0.18042206764221191 -0.9651628732681274
vn -0.22189418971538544 -0.22559651732444763 -0.9486143589019775
vn -0.15160393714904785 -0.18141083419322968 -0.9716513156890869
vn -0.08018733561038971 -0.1358763575553894 -0.9874753952026367
vn -0.22189375758171082 -0.22559639811515808 -0.9486144781112671
vn -0.2218940258026123 -0.22559748589992523 -0.9486141204833984
vn -0.2308807373046875 -0.16618148982524872 -0.9586854577064514
vn -0.23087994754314423 -0.16618092358112335 -0.9586858153343201
vn -0.2390112280845642 -0.10614901036024094 -0.9651973247528076
vn -0.23088115453720093 -0.16618192195892334 -0.9586852192878723
vn -0.2095678448677063 -0.08820682018995285 -0.9738074541091919
vn -0.17119471728801727 -0.15048080682754517 -0.9736775159835815
vn -0.1302565187215805 -0.1031995639204979 -0.9860947728157043
vn -0.23901061713695526 -0.10614873468875885 -0.9651976823806763
vn -0.23901106417179108 -0.1061486303806305 -0.9651975035667419
vn -0.20956763625144958 -0.08820708096027374 -0.9738073945045471
vn -0.2095678597688675 -0.08820691704750061 -0.9738074541091919
vn -0.17986001074314117 -0.07015340775251389 -0.9811874628067017
vn -0.17986012995243073 -0.07015390694141388 -0.9811875224113464
vn -0.17986011505126953 -0.07015344500541687 -0.9811875224113464
vn -0.17986023426055908 -0.07015398889780045 -0.9811874628067017
vn -0.17986047267913818 -0.07015392184257507 -0.9811873435974121
vn -0.17985990643501282 -0.07015396654605865 -0.9811874628067017
vn -0.1798599511384964 -0.07015397399663925 -0.9811874628067017
vn -0.19651302695274353 -0.10630814731121063 -0.9747210144996643
vn -0.20879341661930084 -0.13331100344657898 -0.9688310027122498
vn -0.19444778561592102 -0.10179583728313446 -0.9756166338920593
f 3//3 2//2 1//1
f 4//4 3//3 1//1
f 2//2 6//6 5//5
f 1//1 2//2 5//5
f 9//9 7//7 3//3
f 9//9 8//8 7//7
f 10//10 8//8 9//9
f 11//11 10//10 9//9
f 13//13 9//9 12//12
f 13//13 11//11 9//9
f 15//15 12//12 4//4
f 15//15 14//14 12//12
f 12//12 3//3 4//4
f 12//12 9//9 3//3
f 17//17 14//14 15//15
f 17//17 16//16 14//14
f 20//20 18//18 16//16
f 20//20 19//19 18//18
f 21//21 16//16 17//17
f 21//21 20//20 16//16
f 16//16 22//22 14//14
f 16//16 18//18 22//22
f 14//14 13//13 12//12
f 14//14 22//22 13//13
f 24//24 11//11 13//13
f 24//24 23//23 11//11
f 27//27 24//24 25//25
f 27//27 26//26 24//24
f 28//28 23//23 24//24
f 26//26 28//28 24//24
f 23//23 10//10 11//11
f 23//23 29//29 10//10
f 30//30 25//25 19//19
f 30//30 27//27 25//25
f 19//19 22//22 18//18
f 19//19 25//25 22//22
f 25//25 13//13 22//22
f 25//25 24//24 13//13
f 31//31 19//19 20//20
f 31//31 30//30 19//19
f 32//32 20//20 21//21
f 32//32 31//31 20//20
f 36//36 34//34 33//33
f 36//36 35//35 34//34
f 21//21 37//37 35//35
f 21//21 17//17 37//37
f 32//32 35//35 36//36
f 32//32 21//21 35//35
f 35//35 38//38 34//34
f 35//35 37//37 38//38
f 42//42 40//40 39//39
f 42//42 41//41 40//40
f 37//37 39//39 38//38
f 37//37 42//42 39//39
f 17//17 42//42 37//37
f 17//17 15//15 42//42
f 46//46 44//44 43//43
f 46//46 45//45 44//44
f 33//33 45//45 46//46
f 33//33 34//34 45//45
f 34//34 39//39 45//45
f 34//34 38//38 39//39
f 45//45 40//40 44//44
f 45//45 39//39 40//40
f 15//15 41//41 42//42
f 15//15 4//4 41//41
f 49//49 5//5 47//47
f 49//49 48//48 5//5
f 41//41 51//51 50//50
f 41//41 4//4 51//51
f 55//55 53//53 52//52
f 55//55 54//54 53//53
f 44//44 57//57 56//56
f 43//43 44//44 56//56
f 40//40 58//58 57//57
f 44//44 40//40 57//57
f 58//58 60//60 59//59
f 57//57 58//58 59//59
f 58//58 61//61 60//60
f 58//58 50//50 61//61
f 60//60 61//61 62//62
f 59//59 60//60 62//62
f 62//62 53//53 54//54
f 63//63 62//62 54//54
f 61//61 64//64 53//53
f 62//62 61//61 53//53
f 40//40 50//50 58//58
f 40//40 41//41 50//50
f 50//50 64//64 61//61
f 50//50 51//51 64//64
f 52//52 64//64 65//65
f 52//52 53//53 64//64
f 52//52 65//65 66//66
f 67//67 52//52 66//66
f 66//66 65//65 68//68
f 69//69 66//66 68//68
f 70//70 66//66 69//69
f 70//70 67//67 66//66
f 65//65 64//64 51//51
f 68//68 65//65 51//51
f 71//71 51//51 4//4
f 71//71 68//68 51//51
f 71//71 1//1 72//72
f 71//71 4//4 1//1
f 69//69 68//68 71//71
f 73//73 69//69 71//71
f 76//76 75//75 74//74
f 76//76 73//73 75//75
f 73//73 72//72 75//75
f 73//73 71//71 72//72
f 72//72 5//5 48//48
f 72//72 1//1 5//5
f 75//75 48//48 77//77
f 75//75 72//72 48//48
f 78//78 48//48 49//49
f 78//78 77//77 48//48
f 74//74 77//77 78//78
f 74//74 75//75 77//77
f 81//81 80//80 79//79
f 82//82 81//81 79//79
f 76//76 74//74 83//83
f 84//84 76//76 83//83
f 83//83 78//78 85//85
f 83//83 74//74 78//78
f 82//82 67//67 70//70
f 81//81 82//82 70//70
f 81//81 70//70 76//76
f 84//84 81//81 76//76
f 70//70 69//69 73//73
f 76//76 70//70 73//73
f 82//82 52//52 67//67
f 82//82 55//55 52//52
f 82//82 79//79 86//86
f 55//55 82//82 86//86
f 80//80 88//88 87//87
f 79//79 80//80 87//87
f 84//84 89//89 80//80
f 81//81 84//84 80//80
f 91//91 88//88 90//90
f 91//91 87//87 88//88
f 93//93 90//90 92//92
f 93//93 91//91 90//90
f 93//93 95//95 94//94
f 93//93 92//92 95//95
f 55//55 86//86 96//96
f 54//54 55//55 96//96
f 96//96 98//98 97//97
f 54//54 96//96 97//97
f 98//98 100//100 99//99
f 97//97 98//98 99//99
f 100//100 102//102 101//101
f 99//99 100//100 101//101
f 102//102 104//104 103//103
f 101//101 102//102 103//103
f 106//106 105//105 102//102
f 100//100 106//106 102//102
f 94//94 105//105 106//106
f 94//94 95//95 105//105
f 79//79 87//87 91//91
f 86//86 79//79 91//91
f 86//86 91//91 93//93
f 96//96 86//86 93//93
f 93//93 94//94 98//98
f 96//96 93//93 98//98
f 94//94 106//106 100//100
f 98//98 94//94 100//100
f 109//109 108//108 107//107
f 110//110 109//109 107//107
f 112//112 111//111 108//108
f 109//109 112//112 108//108
f 99//99 113//113 97//97
f 99//99 114//114 113//113
f 114//114 108//108 113//113
f 114//114 107//107 108//108
f 117//117 116//116 115//115
f 56//56 117//117 115//115
f 57//57 59//59 117//117
f 56//56 57//57 117//117
f 63//63 118//118 116//116
f 117//117 63//63 116//116
f 59//59 62//62 63//63
f 117//117 59//59 63//63
f 56//56 115//115 119//119
f 43//43 56//56 119//119
f 115//115 121//121 120//120
f 119//119 115//115 120//120
f 116//116 122//122 121//121
f 115//115 116//116 121//121
f 120//120 124//124 123//123
f 120//120 121//121 124//124
f 54//54 125//125 118//118
f 63//63 54//54 118//118
f 118//118 126//126 122//122
f 116//116 118//118 122//122
f 121//121 126//126 124//124
f 121//121 122//122 126//126
f 97//97 125//125 54//54
f 97//97 113//113 125//125
f 125//125 111//111 126//126
f 118//118 125//125 126//126
f 113//113 111//111 125//125
f 113//113 108//108 111//111
f 124//124 111//111 112//112
f 124//124 126//126 111//111
f 123//123 112//112 127//127
f 123//123 124//124 112//112
f 127//127 112//112 109//109
f 128//128 127//127 109//109
f 128//128 109//109 110//110
f 129//129 128//128 110//110
f 110//110 107//107 114//114
f 130//130 110//110 114//114
f 130//130 114//114 99//99
f 101//101 130//130 99//99
f 131//131 130//130 101//101
f 103//103 131//131 101//101
f 129//129 110//110 130//130
f 131//131 129//129 130//130
f 131//131 133//133 132//132
f 131//131 103//103 133//133
f 136//136 135//135 134//134
f 137//137 136//136 134//134
f 140//140 139//139 138//138
f 141//141 140//140 138//138
f 144//144 141//141 142//142
f 144//144 143//143 141//141
f 123//123 143//143 144//144
f 123//123 127//127 143//143
f 142//142 141//141 138//138
f 145//145 142//142 138//138
f 144//144 142//142 135//135
f 136//136 144//144 135//135
f 135//135 142//142 145//145
f 134//134 135//135 145//145
f 120//120 144//144 136//136
f 120//120 123//123 144//144
f 120//120 136//136 137//137
f 119//119 120//120 137//137
f 134//134 145//145 36//36
f 33//33 134//134 36//36
f 139//139 31//31 32//32
f 138//138 139//139 32//32
f 145//145 138//138 32//32
f 36//36 145//145 32//32
f 137//137 134//134 33//33
f 46//46 137//137 33//33
f 119//119 137//137 46//46
f 43//43 119//119 46//46
f 146//146 30//30 31//31
f 139//139 146//146 31//31
f 30//30 146//146 147//147
f 27//27 30//30 147//147
f 27//27 147//147 148//148
f 26//26 27//27 148//148
f 147//147 150//150 149//149
f 148//148 147//147 149//149
f 151//151 148//148 149//149
f 152//152 151//151 149//149
f 153//153 26//26 148//148
f 151//151 153//153 148//148
f 154//154 153//153 151//151
f 155//155 154//154 151//151
f 157//157 143//143 127//127
f 157//157 156//156 143//143
f 156//156 141//141 143//143
f 156//156 140//140 141//141
f 158//158 146//146 139//139
f 140//140 158//158 139//139
f 150//150 140//140 156//156
f 150//150 158//158 140//140
f 146//146 158//158 150//150
f 147//147 146//146 150//150
f 149//149 156//156 157//157
f 149//149 150//150 156//156
f 159//159 149//149 157//157
f 159//159 152//152 149//149
f 160//160 151//151 152//152
f 160//160 155//155 151//151
f 160//160 152//152 159//159
f 161//161 160//160 159//159
f 165//165 163//163 162//162
f 165//165 164//164 163//163
f 162//162 161//161 165//165
f 162//162 166//166 161//161
f 166//166 160//160 161//161
f 166//166 155//155 160//160
f 167//167 157//157 127//127
f 167//167 159//159 157//157
f 165//165 159//159 167//167
f 165//165 161//161 159//159
f 128//128 168//168 167//167
f 127//127 128//128 167//167
f 168//168 164//164 165//165
f 167//167 168//168 165//165
f 168//168 169//169 164//164
f 168//168 170//170 169//169
f 163//163 172//172 171//171
f 163//163 173//173 172//172
f 169//169 173//173 163//163
f 164//164 169//169 163//163
f 132//132 173//173 169//169
f 170//170 132//132 169//169
f 133//133 172//172 173//173
f 132//132 133//133 173//173
f 131//131 132//132 170//170
f 129//129 131//131 170//170
f 129//129 170//170 168//168
f 128//128 129//129 168//168
f 162//162 171//171 174//174
f 162//162 163//163 171//171
f 175//175 166//166 162//162
f 174//174 175//175 162//162
f 175//175 155//155 166//166
f 175//175 154//154 155//155
f 178//178 177//177 176//176
f 179//179 178//178 176//176
f 183//183 181//181 180//180
f 183//183 182//182 181//181
f 186//186 185//185 184//184
f 187//187 186//186 184//184
f 189//189 188//188 185//185
f 186//186 189//189 185//185
f 191//191 186//186 187//187
f 191//191 190//190 186//186
f 181//181 190//190 191//191
f 181//181 192//192 190//190
f 193//193 192//192 181//181
f 182//182 193//193 181//181
f 195//195 194//194 190//190
f 192//192 195//195 190//190
f 196//196 194//194 195//195
f 197//197 196//196 195//195
f 190//190 189//189 186//186
f 190//190 194//194 189//189
f 189//189 198//198 188//188
f 189//189 199//199 198//198
f 196//196 189//189 194//194
f 196//196 199//199 189//189
f 199//199 200//200 198//198
f 199//199 201//201 200//200
f 200//200 203//203 202//202
f 200//200 201//201 203//203
f 206//206 204//204 203//203
f 206//206 205//205 204//204
f 207//207 203//203 201//201
f 207//207 206//206 203//203
f 209//209 206//206 207//207
f 209//209 208//208 206//206
f 210//210 205//205 206//206
f 208//208 210//210 206//206
f 211//211 208//208 209//209
f 212//212 211//211 209//209
f 213//213 211//211 212//212
f 214//214 213//213 212//212
f 217//217 216//216 215//215
f 218//218 217//217 215//215
f 212//212 217//217 218//218
f 214//214 212//212 218//218
f 212//212 219//219 217//217
f 212//212 209//209 219//219
f 217//217 220//220 216//216
f 217//217 219//219 220//220
f 220//220 222//222 221//221
f 216//216 220//220 221//221
f 215//215 221//221 223//223
f 215//215 216//216 221//221
f 222//222 225//225 224//224
f 221//221 222//222 224//224
f 226//226 209//209 207//207
f 226//226 219//219 209//209
f 222//222 219//219 226//226
f 222//222 220//220 219//219
f 225//225 226//226 227//227
f 225//225 222//222 226//226
f 228//228 225//225 227//227
f 229//229 228//228 227//227
f 230//230 224//224 225//225
f 228//228 230//230 225//225
f 223//223 224//224 231//231
f 223//223 221//221 224//224
f 232//232 199//199 196//196
f 232//232 201//201 199//199
f 227//227 207//207 201//201
f 227//227 226//226 207//207
f 232//232 227//227 201//201
f 232//232 229//229 227//227
f 233//233 231//231 224//224
f 230//230 233//233 224//224
f 233//233 235//235 234//234
f 231//231 233//233 234//234
f 237//237 229//229 232//232
f 237//237 236//236 229//229
f 238//238 236//236 237//237
f 239//239 238//238 237//237
f 240//240 238//238 239//239
f 241//241 240//240 239//239
f 237//237 197//197 193//193
f 239//239 237//237 193//193
f 237//237 196//196 197//197
f 237//237 232//232 196//196
f 193//193 195//195 192//192
f 193//193 197//197 195//195
f 239//239 193//193 182//182
f 241//241 239//239 182//182
f 242//242 228//228 229//229
f 236//236 242//242 229//229
f 243//243 230//230 228//228
f 242//242 243//243 228//228
f 238//238 242//242 236//236
f 238//238 243//243 242//242
f 244//244 233//233 230//230
f 243//243 244//244 230//230
f 244//244 243//243 238//238
f 240//240 244//244 238//238
f 244//244 240//240 245//245
f 246//246 244//244 245//245
f 244//244 246//246 235//235
f 233//233 244//244 235//235
f 246//246 248//248 247//247
f 235//235 246//246 247//247
f 235//235 247//247 249//249
f 234//234 235//235 249//249
f 248//248 251//251 250//250
f 247//247 248//248 250//250
f 248//248 245//245 251//251
f 248//248 246//246 245//245
f 251//251 253//253 252//252
f 250//250 251//251 252//252
f 255//255 252//252 254//254
f 255//255 250//250 252//252
f 240//240 241//241 256//256
f 245//245 240//240 256//256
f 245//245 256//256 253//253
f 251//251 245//245 253//253
f 258//258 252//252 257//257
f 258//258 254//254 252//252
f 257//257 253//253 259//259
f 257//257 252//252 253//253
f 257//257 259//259 260//260
f 177//177 257//257 260//260
f 178//178 257//257 177//177
f 178//178 258//258 257//257
f 176//176 260//260 261//261
f 176//176 177//177 260//260
f 260//260 259//259 262//262
f 261//261 260//260 262//262
f 262//262 253//253 256//256
f 262//262 259//259 253//253
f 264//264 262//262 263//263
f 264//264 261//261 262//262
f 263//263 256//256 241//241
f 263//263 262//262 256//256
f 176//176 261//261 264//264
f 265//265 176//176 264//264
f 267//267 263//263 241//241
f 267//267 266//266 263//263
f 267//267 182//182 183//183
f 267//267 241//241 182//182
f 270//270 269//269 268//268
f 271//271 270//270 268//268
f 275//275 273//273 272//272
f 275//275 274//274 273//273
f 274//274 277//277 276//276
f 273//273 274//274 276//276
f 279//279 276//276 278//278
f 279//279 273//273 276//276
f 283//283 281//281 280//280
f 283//283 282//282 281//281
f 281//281 268//268 269//269
f 281//281 278//278 268//268
f 279//279 278//278 281//281
f 282//282 279//279 281//281
f 272//272 279//279 282//282
f 272//272 273//273 279//279
f 275//275 272//272 284//284
f 285//285 275//275 284//284
f 284//284 282//282 283//283
f 284//284 272//272 282//282
f 280//280 269//269 254//254
f 280//280 281//281 269//269
f 255//255 254//254 269//269
f 270//270 255//255 269//269
f 247//247 250//250 255//255
f 249//249 247//247 255//255
f 249//249 255//255 270//270
f 286//286 249//249 270//270
f 287//287 270//270 271//271
f 287//287 286//286 270//270
f 286//286 234//234 249//249
f 286//286 288//288 234//234
f 292//292 290//290 289//289
f 292//292 291//291 290//290
f 287//287 271//271 290//290
f 291//291 287//287 290//290
f 290//290 268//268 293//293
f 290//290 271//271 268//268
f 276//276 293//293 268//268
f 278//278 276//276 268//268
f 289//289 293//293 294//294
f 289//289 290//290 293//293
f 277//277 294//294 293//293
f 276//276 277//277 293//293
f 295//295 231//231 234//234
f 288//288 295//295 234//234
f 291//291 295//295 288//288
f 291//291 292//292 295//295
f 287//287 288//288 286//286
f 287//287 291//291 288//288
f 223//223 231//231 296//296
f 297//297 223//223 296//296
f 300//300 298//298 296//296
f 300//300 299//299 298//298
f 295//295 296//296 231//231
f 295//295 300//300 296//296
f 302//302 301//301 289//289
f 294//294 302//302 289//289
f 304//304 303//303 301//301
f 302//302 304//304 301//301
f 306//306 304//304 302//302
f 306//306 305//305 304//304
f 308//308 304//304 305//305
f 308//308 307//307 304//304
f 304//304 309//309 303//303
f 304//304 307//307 309//309
f 309//309 299//299 310//310
f 303//303 309//309 310//310
f 309//309 298//298 299//299
f 309//309 311//311 298//298
f 310//310 299//299 300//300
f 312//312 310//310 300//300
f 301//301 310//310 312//312
f 301//301 303//303 310//310
f 301//301 312//312 292//292
f 289//289 301//301 292//292
f 292//292 300//300 295//295
f 292//292 312//312 300//300
f 297//297 296//296 298//298
f 313//313 297//297 298//298
f 298//298 311//311 314//314
f 313//313 298//298 314//314
f 316//316 297//297 313//313
f 316//316 315//315 297//297
f 215//215 223//223 297//297
f 315//315 215//215 297//297
f 316//316 318//318 317//317
f 315//315 316//316 317//317
f 317//317 320//320 319//319
f 317//317 318//318 320//320
f 218//218 319//319 214//214
f 218//218 317//317 319//319
f 315//315 317//317 218//218
f 215//215 315//315 218//218
f 311//311 322//322 321//321
f 314//314 311//311 321//321
f 316//316 314//314 318//318
f 316//316 313//313 314//314
f 314//314 321//321 320//320
f 318//318 314//314 320//320
f 319//319 323//323 214//214
f 319//319 324//324 323//323
f 320//320 324//324 319//319
f 320//320 325//325 324//324
f 326//326 325//325 320//320
f 321//321 326//326 320//320
f 328//328 327//327 324//324
f 325//325 328//328 324//324
f 331//331 330//330 329//329
f 332//332 331//331 329//329
f 331//331 333//333 326//326
f 330//330 331//331 326//326
f 326//326 328//328 325//325
f 326//326 333//333 328//328
f 329//329 335//335 334//334
f 336//336 329//329 334//334
f 338//338 334//334 335//335
f 338//338 337//337 334//334
f 330//330 322//322 335//335
f 329//329 330//330 335//335
f 339//339 335//335 322//322
f 339//339 338//338 335//335
f 330//330 326//326 321//321
f 322//322 330//330 321//321
f 307//307 311//311 309//309
f 307//307 322//322 311//311
f 339//339 307//307 308//308
f 339//339 322//322 307//307
f 343//343 341//341 340//340
f 343//343 342//342 341//341
f 345//345 344//344 342//342
f 346//346 345//345 342//342
f 347//347 342//342 343//343
f 347//347 346//346 342//342
f 341//341 348//348 340//340
f 341//341 349//349 348//348
f 351//351 308//308 350//350
f 351//351 339//339 308//308
f 351//351 350//350 352//352
f 353//353 351//351 352//352
f 348//348 354//354 353//353
f 340//340 348//348 353//353
f 357//357 356//356 355//355
f 358//358 357//357 355//355
f 357//357 358//358 354//354
f 348//348 357//357 354//354
f 354//354 359//359 351//351
f 353//353 354//354 351//351
f 351//351 338//338 339//339
f 351//351 359//359 338//338
f 354//354 360//360 359//359
f 354//354 358//358 360//360
f 360//360 355//355 337//337
f 360//360 358//358 355//355
f 355//355 361//361 334//334
f 337//337 355//355 334//334
f 360//360 337//337 338//338
f 359//359 360//360 338//338
f 365//365 363//363 362//362
f 365//365 364//364 363//363
f 366//366 362//362 363//363
f 344//344 366//366 363//363
f 342//342 363//363 341//341
f 342//342 344//344 363//363
f 363//363 349//349 341//341
f 363//363 364//364 349//349
f 349//349 357//357 348//348
f 349//349 367//367 357//357
f 356//356 367//367 368//368
f 356//356 357//357 367//367
f 364//364 367//367 349//349
f 364//364 369//369 367//367
f 373//373 371//371 370//370
f 373//373 372//372 371//371
f 371//371 375//375 374//374
f 370//370 371//371 374//374
f 377//377 374//374 376//376
f 377//377 370//370 374//374
f 373//373 370//370 377//377
f 378//378 373//373 377//377
f 353//353 352//352 378//378
f 340//340 353//353 378//378
f 352//352 379//379 373//373
f 378//378 352//352 373//373
f 352//352 380//380 379//379
f 352//352 350//350 380//380
f 308//308 305//305 380//380
f 350//350 308//308 380//380
f 380//380 305//305 306//306
f 379//379 380//380 306//306
f 373//373 306//306 372//372
f 373//373 379//379 306//306
f 372//372 302//302 294//294
f 372//372 306//306 302//302
f 383//383 382//382 381//381
f 383//383 376//376 382//382
f 386//386 383//383 384//384
f 386//386 385//385 383//383
f 377//377 376//376 383//383
f 385//385 377//377 383//383
f 378//378 377//377 385//385
f 340//340 378//378 385//385
f 343//343 385//385 386//386
f 343//343 340//340 385//385
f 347//347 386//386 387//387
f 347//347 343//343 386//386
f 386//386 384//384 388//388
f 387//387 386//386 388//388
f 390//390 388//388 389//389
f 390//390 387//387 388//388
f 389//389 384//384 391//391
f 389//389 388//388 384//384
f 391//391 383//383 381//381
f 391//391 384//384 383//383
f 393//393 391//391 392//392
f 393//393 389//389 391//391
f 392//392 381//381 394//394
f 392//392 391//391 381//381
f 396//396 394//394 395//395
f 397//397 396//396 395//395
f 382//382 398//398 395//395
f 382//382 375//375 398//398
f 374//374 375//375 382//382
f 376//376 374//374 382//382
f 381//381 395//395 394//394
f 381//381 382//382 395//395
f 372//372 399//399 371//371
f 372//372 294//294 399//399
f 277//277 399//399 294//294
f 277//277 400//400 399//399
f 402//402 401//401 400//400
f 403//403 402//402 400//400
f 401//401 398//398 399//399
f 400//400 401//401 399//399
f 397//397 395//395 398//398
f 401//401 397//397 398//398
f 371//371 398//398 375//375
f 371//371 399//399 398//398
f 407//407 405//405 404//404
f 407//407 406//406 405//405
f 405//405 409//409 408//408
f 404//404 405//405 408//408
f 407//407 404//404 410//410
f 411//411 407//407 410//410
f 410//410 396//396 397//397
f 412//412 410//410 397//397
f 413//413 402//402 403//403
f 413//413 412//412 402//402
f 402//402 397//397 401//401
f 402//402 412//412 397//397
f 410//410 412//412 413//413
f 411//411 410//410 413//413
f 403//403 400//400 277//277
f 274//274 403//403 277//277
f 413//413 403//403 274//274
f 275//275 413//413 274//274
f 411//411 413//413 275//275
f 285//285 411//411 275//275
f 410//410 408//408 396//396
f 410//410 404//404 408//408
f 396//396 414//414 394//394
f 396//396 408//408 414//414
f 408//408 415//415 414//414
f 408//408 409//409 415//415
f 418//418 417//417 416//416
f 419//419 418//418 416//416
f 421//421 418//418 419//419
f 421//421 420//420 418//418
f 284//284 419//419 285//285
f 284//284 421//421 419//419
f 422//422 420//420 421//421
f 423//423 422//422 421//421
f 283//283 421//421 284//284
f 283//283 423//423 421//421
f 425//425 422//422 423//423
f 425//425 424//424 422//422
f 425//425 423//423 283//283
f 280//280 425//425 283//283
f 426//426 424//424 425//425
f 427//427 426//426 425//425
f 429//429 426//426 427//427
f 429//429 428//428 426//426
f 427//427 425//425 280//280
f 254//254 427//427 280//280
f 258//258 427//427 254//254
f 258//258 429//429 427//427
f 178//178 429//429 258//258
f 178//178 430//430 429//429
f 431//431 407//407 411//411
f 285//285 431//431 411//411
f 419//419 416//416 432//432
f 285//285 419//419 432//432
f 435//435 434//434 433//433
f 432//432 435//435 433//433
f 432//432 433//433 431//431
f 285//285 432//432 431//431
f 436//436 409//409 405//405
f 406//406 436//436 405//405
f 437//437 406//406 407//407
f 431//431 437//437 407//407
f 438//438 436//436 406//406
f 437//437 438//438 406//406
f 433//433 440//440 439//439
f 433//433 434//434 440//440
f 433//433 439//439 437//437
f 431//431 433//433 437//437
f 437//437 441//441 438//438
f 437//437 439//439 441//441
f 440//440 442//442 441//441
f 439//439 440//440 441//441
f 441//441 444//444 443//443
f 441//441 442//442 444//444
f 438//438 443//443 445//445
f 438//438 441//441 443//443
f 438//438 446//446 436//436
f 438//438 445//445 446//446
f 446//446 415//415 409//409
f 436//436 446//446 409//409
f 447//447 442//442 440//440
f 434//434 447//447 440//440
f 435//435 447//447 434//434
f 435//435 448//448 447//447
f 435//435 449//449 448//448
f 435//435 450//450 449//449
f 416//416 450//450 435//435
f 432//432 416//416 435//435
f 416//416 451//451 450//450
f 416//416 417//417 451//451
f 451//451 452//452 449//449
f 450//450 451//451 449//449
f 455//455 454//454 453//453
f 456//456 455//455 453//453
f 458//458 457//457 455//455
f 459//459 458//458 455//455
f 455//455 460//460 454//454
f 455//455 457//457 460//460
f 458//458 461//461 457//457
f 458//458 462//462 461//461
f 461//461 464//464 463//463
f 461//461 462//462 464//464
f 461//461 463//463 460//460
f 457//457 461//461 460//460
f 460//460 466//466 465//465
f 460//460 463//463 466//466
f 454//454 465//465 467//467
f 454//454 460//460 465//465
f 464//464 468//468 466//466
f 463//463 464//464 466//466
f 470//470 453//453 469//469
f 470//470 456//456 453//453
f 453//453 472//472 471//471
f 469//469 453//453 471//471
f 474//474 471//471 472//472
f 474//474 473//473 471//471
f 471//471 476//476 475//475
f 471//471 473//473 476//476
f 479//479 474//474 477//477
f 479//479 478//478 474//474
f 480//480 473//473 474//474
f 478//478 480//480 474//474
f 477//477 472//472 467//467
f 477//477 474//474 472//472
f 454//454 467//467 472//472
f 453//453 454//454 472//472
f 448//448 477//477 467//467
f 448//448 449//449 477//477
f 449//449 479//479 477//477
f 449//449 452//452 479//479
f 465//465 481//481 467//467
f 465//465 482//482 481//481
f 448//448 481//481 447//447
f 448//448 467//467 481//481
f 447//447 444//444 442//442
f 447//447 481//481 444//444
f 482//482 444//444 481//481
f 482//482 483//483 444//444
f 484//484 444//444 483//483
f 484//484 443//443 444//444
f 485//485 483//483 482//482
f 486//486 485//485 482//482
f 466//466 482//482 465//465
f 466//466 486//486 482//482
f 488//488 428//428 487//487
f 489//489 488//488 487//487
f 491//491 488//488 489//489
f 491//491 490//490 488//488
f 491//491 489//489 492//492
f 493//493 491//491 492//492
f 491//491 494//494 490//490
f 491//491 495//495 494//494
f 492//492 487//487 430//430
f 492//492 489//489 487//487
f 487//487 428//428 429//429
f 430//430 487//487 429//429
f 490//490 496//496 488//488
f 490//490 497//497 496//496
f 488//488 426//426 428//428
f 488//488 496//496 426//426
f 426//426 498//498 424//424
f 426//426 496//496 498//498
f 498//498 418//418 420//420
f 498//498 499//499 418//418
f 496//496 499//499 498//498
f 496//496 497//497 499//499
f 498//498 420//420 422//422
f 424//424 498//498 422//422
f 500//500 452//452 451//451
f 417//417 500//500 451//451
f 418//418 500//500 417//417
f 418//418 499//499 500//500
f 499//499 501//501 500//500
f 499//499 497//497 501//501
f 500//500 479//479 452//452
f 500//500 501//501 479//479
f 502//502 478//478 479//479
f 501//501 502//502 479//479
f 504//504 503//503 502//502
f 505//505 504//504 502//502
f 502//502 480//480 478//478
f 502//502 503//503 480//480
f 505//505 502//502 501//501
f 497//497 505//505 501//501
f 507//507 506//506 504//504
f 508//508 507//507 504//504
f 480//480 503//503 476//476
f 473//473 480//480 476//476
f 476//476 504//504 506//506
f 476//476 503//503 504//504
f 494//494 510//510 509//509
f 494//494 511//511 510//510
f 514//514 513//513 512//512
f 515//515 514//514 512//512
f 515//515 507//507 508//508
f 515//515 512//512 507//507
f 508//508 504//504 505//505
f 516//516 508//508 505//505
f 515//515 508//508 516//516
f 514//514 515//515 516//516
f 516//516 505//505 497//497
f 509//509 516//516 497//497
f 490//490 509//509 497//497
f 490//490 494//494 509//509
f 514//514 516//516 509//509
f 510//510 514//514 509//509
f 518//518 517//517 507//507
f 512//512 518//518 507//507
f 513//513 519//519 518//518
f 512//512 513//513 518//518
f 521//521 518//518 519//519
f 521//521 520//520 518//518
f 522//522 520//520 521//521
f 523//523 522//522 521//521
f 525//525 524//524 520//520
f 522//522 525//525 520//520
f 524//524 517//517 518//518
f 520//520 524//524 518//518
f 475//475 506//506 526//526
f 475//475 476//476 506//506
f 517//517 526//526 506//506
f 507//507 517//517 506//506
f 527//527 526//526 517//517
f 524//524 527//527 517//517
f 530//530 529//529 528//528
f 526//526 530//530 528//528
f 534//534 532//532 531//531
f 534//534 533//533 532//532
f 530//530 533//533 534//534
f 530//530 535//535 533//533
f 537//537 536//536 532//532
f 533//533 537//537 532//532
f 536//536 539//539 538//538
f 536//536 537//537 539//539
f 527//527 539//539 535//535
f 527//527 540//540 539//539
f 527//527 535//535 530//530
f 526//526 527//527 530//530
f 535//535 537//537 533//533
f 535//535 539//539 537//537
f 540//540 527//527 524//524
f 525//525 540//540 524//524
f 542//542 525//525 541//541
f 542//542 540//540 525//525
f 544//544 538//538 543//543
f 544//544 536//536 538//538
f 538//538 540//540 542//542
f 538//538 539//539 540//540
f 543//543 542//542 545//545
f 543//543 538//538 542//542
f 545//545 541//541 546//546
f 545//545 542//542 541//541
f 541//541 522//522 523//523
f 541//541 525//525 522//522
f 549//549 548//548 547//547
f 550//550 549//549 547//547
f 552//552 547//547 548//548
f 552//552 551//551 547//547
f 529//529 554//554 553//553
f 529//529 555//555 554//554
f 554//554 556//556 551//551
f 553//553 554//554 551//551
f 551//551 557//557 547//547
f 551//551 556//556 557//557
f 558//558 551//551 552//552
f 558//558 553//553 551//551
f 529//529 553//553 558//558
f 528//528 529//529 558//558
f 528//528 475//475 526//526
f 528//528 559//559 475//475
f 559//559 471//471 475//475
f 559//559 469//469 471//471
f 470//470 469//469 559//559
f 560//560 470//470 559//559
f 558//558 559//559 528//528
f 558//558 560//560 559//559
f 561//561 560//560 558//558
f 552//552 561//561 558//558
f 561//561 470//470 560//560
f 561//561 456//456 470//470
f 562//562 462//462 458//458
f 563//563 562//562 458//458
f 563//563 458//458 459//459
f 548//548 563//563 459//459
f 459//459 561//561 552//552
f 548//548 459//459 552//552
f 455//455 456//456 561//561
f 459//459 455//455 561//561
f 554//554 555//555 564//564
f 556//556 554//554 564//564
f 534//534 555//555 529//529
f 530//530 534//534 529//529
f 564//564 534//534 531//531
f 564//564 555//555 534//534
f 566//566 531//531 565//565
f 566//566 564//564 531//531
f 557//557 564//564 566//566
f 557//557 556//556 564//564
f 568//568 557//557 566//566
f 568//568 567//567 557//557
f 569//569 567//567 568//568
f 570//570 569//569 568//568
f 550//550 547//547 557//557
f 567//567 550//550 557//557
f 569//569 550//550 567//567
f 569//569 571//571 550//550
f 572//572 569//569 570//570
f 572//572 571//571 569//569
f 573//573 571//571 572//572
f 574//574 573//573 572//572
f 573//573 549//549 550//550
f 571//571 573//573 550//550
f 577//577 576//576 575//575
f 578//578 577//577 575//575
f 580//580 577//577 578//578
f 580//580 579//579 577//577
f 584//584 582//582 581//581
f 584//584 583//583 582//582
f 587//587 586//586 585//585
f 588//588 587//587 585//585
f 586//586 590//590 589//589
f 585//585 586//586 589//589
f 589//589 592//592 591//591
f 589//589 590//590 592//592
f 581//581 582//582 592//592
f 590//590 581//581 592//592
f 594//594 581//581 593//593
f 594//594 584//584 581//581
f 587//587 593//593 586//586
f 587//587 594//594 593//593
f 593//593 581//581 590//590
f 586//586 593//593 590//590
f 597//597 596//596 595//595
f 598//598 597//597 595//595
f 595//595 600//600 599//599
f 601//601 595//595 599//599
f 595//595 602//602 600//600
f 595//595 596//596 602//602
f 602//602 603//603 266//266
f 600//600 602//602 266//266
f 599//599 266//266 267//267
f 599//599 600//600 266//266
f 599//599 183//183 604//604
f 599//599 267//267 183//183
f 266//266 264//264 263//263
f 266//266 603//603 264//264
f 605//605 603//603 602//602
f 596//596 605//605 602//602
f 265//265 264//264 603//603
f 605//605 265//265 603//603
f 607//607 606//606 211//211
f 213//213 607//607 211//211
f 211//211 210//210 208//208
f 211//211 606//606 210//210
f 609//609 608//608 606//606
f 607//607 609//609 606//606
f 609//609 610//610 608//608
f 609//609 611//611 610//610
f 610//610 204//204 205//205
f 608//608 610//610 205//205
f 608//608 205//205 210//210
f 606//606 608//608 210//210
f 203//203 204//204 612//612
f 202//202 203//203 612//612
f 614//614 612//612 613//613
f 615//615 614//614 613//613
f 202//202 612//612 614//614
f 616//616 202//202 614//614
f 613//613 204//204 610//610
f 613//613 612//612 204//204
f 617//617 610//610 611//611
f 617//617 613//613 610//610
f 618//618 613//613 617//617
f 618//618 615//615 613//613
f 617//617 620//620 619//619
f 617//617 611//611 620//620
f 619//619 622//622 621//621
f 619//619 620//620 622//622
f 624//624 623//623 622//622
f 620//620 624//624 622//622
f 626//626 625//625 623//623
f 624//624 626//626 623//623
f 625//625 628//628 627//627
f 623//623 625//625 627//627
f 623//623 627//627 629//629
f 622//622 623//623 629//629
f 632//632 631//631 630//630
f 633//633 632//632 630//630
f 635//635 575//575 634//634
f 635//635 578//578 575//575
f 635//635 634//634 631//631
f 632//632 635//635 631//631
f 631//631 637//637 636//636
f 630//630 631//631 636//636
f 637//637 639//639 638//638
f 636//636 637//637 638//638
f 634//634 640//640 639//639
f 634//634 575//575 640//640
f 634//634 639//639 637//637
f 631//631 634//634 637//637
f 638//638 640//640 641//641
f 638//638 639//639 640//640
f 643//643 641//641 642//642
f 643//643 638//638 641//641
f 575//575 644//644 640//640
f 575//575 576//576 644//644
f 644//644 645//645 641//641
f 640//640 644//644 641//641
f 649//649 647//647 646//646
f 649//649 648//648 647//647
f 647//647 651//651 650//650
f 646//646 647//647 650//650
f 651//651 653//653 652//652
f 650//650 651//651 652//652
f 655//655 654//654 651//651
f 647//647 655//655 651//651
f 654//654 656//656 653//653
f 651//651 654//654 653//653
f 654//654 657//657 656//656
f 654//654 658//658 657//657
f 656//656 657//657 659//659
f 653//653 656//656 659//659
f 655//655 658//658 654//654
f 655//655 660//660 658//658
f 653//653 659//659 661//661
f 652//652 653//653 661//661
f 664//664 663//663 662//662
f 665//665 664//664 662//662
f 667//667 663//663 664//664
f 667//667 666//666 663//663
f 643//643 666//666 667//667
f 643//643 642//642 666//666
f 659//659 666//666 642//642
f 661//661 659//659 642//642
f 658//658 663//663 657//657
f 658//658 662//662 663//663
f 657//657 663//663 666//666
f 659//659 657//657 666//666
f 669//669 667//667 668//668
f 669//669 643//643 667//667
f 636//636 638//638 643//643
f 669//669 636//636 643//643
f 630//630 636//636 669//669
f 670//670 630//630 669//669
f 667//667 664//664 671//671
f 668//668 667//667 671//671
f 673//673 671//671 672//672
f 673//673 668//668 671//671
f 669//669 668//668 673//673
f 670//670 669//669 673//673
f 671//671 664//664 665//665
f 672//672 671//671 665//665
f 675//675 662//662 674//674
f 675//675 665//665 662//662
f 673//673 672//672 676//676
f 677//677 673//673 676//676
f 676//676 679//679 678//678
f 677//677 676//676 678//678
f 682//682 681//681 680//680
f 683//683 682//682 680//680
f 679//679 682//682 683//683
f 678//678 679//679 683//683
f 684//684 681//681 682//682
f 679//679 684//684 682//682
f 672//672 665//665 675//675
f 676//676 672//672 675//675
f 676//676 684//684 679//679
f 676//676 675//675 684//684
f 670//670 673//673 677//677
f 685//685 670//670 677//677
f 683//683 680//680 686//686
f 687//687 683//683 686//686
f 678//678 683//683 687//687
f 688//688 678//678 687//687
f 689//689 628//628 625//625
f 626//626 689//689 625//625
f 627//627 687//687 686//686
f 627//627 628//628 687//687
f 629//629 686//686 690//690
f 629//629 627//627 686//686
f 692//692 691//691 690//690
f 693//693 692//692 690//690
f 686//686 693//693 690//690
f 686//686 680//680 693//693
f 695//695 694//694 691//691
f 692//692 695//695 691//691
f 698//698 695//695 696//696
f 698//698 697//697 695//695
f 696//696 695//695 692//692
f 699//699 696//696 692//692
f 697//697 694//694 695//695
f 697//697 700//700 694//694
f 698//698 696//696 699//699
f 701//701 698//698 699//699
f 703//703 697//697 698//698
f 703//703 702//702 697//697
f 706//706 703//703 704//704
f 706//706 705//705 703//703
f 707//707 704//704 674//674
f 707//707 706//706 704//704
f 703//703 698//698 701//701
f 704//704 703//703 701//701
f 675//675 708//708 684//684
f 675//675 674//674 708//708
f 704//704 701//701 708//708
f 674//674 704//704 708//708
f 701//701 699//699 709//709
f 708//708 701//701 709//709
f 699//699 692//692 693//693
f 709//709 699//699 693//693
f 684//684 709//709 681//681
f 684//684 708//708 709//709
f 681//681 709//709 693//693
f 680//680 681//681 693//693
f 660//660 662//662 658//658
f 660//660 674//674 662//662
f 707//707 660//660 710//710
f 707//707 674//674 660//660
f 711//711 706//706 707//707
f 712//712 711//711 707//707
f 712//712 710//710 713//713
f 712//712 707//707 710//710
f 710//710 715//715 714//714
f 713//713 710//710 714//714
f 710//710 655//655 715//715
f 710//710 660//660 655//655
f 648//648 655//655 647//647
f 648//648 715//715 655//655
f 714//714 715//715 648//648
f 716//716 714//714 648//648
f 717//717 714//714 716//716
f 717//717 713//713 714//714
f 718//718 648//648 649//649
f 718//718 716//716 648//648
f 720//720 717//717 719//719
f 721//721 720//720 719//719
f 717//717 716//716 718//718
f 719//719 717//717 718//718
f 712//712 713//713 717//717
f 720//720 712//712 717//717
f 722//722 711//711 712//712
f 720//720 722//722 712//712
f 723//723 705//705 706//706
f 711//711 723//723 706//706
f 725//725 724//724 722//722
f 726//726 725//725 722//722
f 728//728 725//725 726//726
f 728//728 727//727 725//725
f 730//730 727//727 728//728
f 730//730 729//729 727//727
f 733//733 702//702 731//731
f 733//733 732//732 702//702
f 734//734 732//732 733//733
f 735//735 734//734 733//733
f 731//731 705//705 723//723
f 724//724 731//731 723//723
f 724//724 723//723 711//711
f 722//722 724//724 711//711
f 733//733 731//731 724//724
f 725//725 733//733 724//724
f 735//735 733//733 725//725
f 727//727 735//735 725//725
f 736//736 735//735 727//727
f 729//729 736//736 727//727
f 85//85 734//734 735//735
f 736//736 85//85 735//735
f 84//84 737//737 89//89
f 84//84 83//83 737//737
f 737//737 729//729 730//730
f 737//737 736//736 729//729
f 83//83 736//736 737//737
f 83//83 85//85 736//736
f 89//89 730//730 738//738
f 89//89 737//737 730//730
f 90//90 738//738 739//739
f 90//90 88//88 738//738
f 89//89 738//738 88//88
f 80//80 89//89 88//88
f 738//738 728//728 739//739
f 738//738 730//730 728//728
f 726//726 722//722 720//720
f 721//721 726//726 720//720
f 739//739 726//726 721//721
f 739//739 728//728 726//726
f 731//731 703//703 705//705
f 731//731 702//702 703//703
f 702//702 700//700 697//697
f 702//702 732//732 700//700
f 85//85 49//49 734//734
f 85//85 78//78 49//49
f 734//734 47//47 732//732
f 734//734 49//49 47//47
f 7//7 741//741 740//740
f 7//7 742//742 741//741
f 740//740 744//744 743//743
f 740//740 741//741 744//744
f 7//7 740//740 2//2
f 3//3 7//7 2//2
f 740//740 743//743 6//6
f 2//2 740//740 6//6
f 6//6 745//745 47//47
f 5//5 6//6 47//47
f 745//745 746//746 732//732
f 47//47 745//745 732//732
f 743//743 744//744 745//745
f 6//6 743//743 745//745
f 746//746 700//700 732//732
f 746//746 747//747 700//700
f 744//744 748//748 746//746
f 745//745 744//744 746//746
f 749//749 747//747 746//746
f 748//748 749//749 746//746
f 751//751 750//750 747//747
f 749//749 751//751 747//747
f 754//754 753//753 752//752
f 755//755 754//754 752//752
f 742//742 752//752 741//741
f 742//742 755//755 752//752
f 741//741 748//748 744//744
f 741//741 752//752 748//748
f 753//753 749//749 748//748
f 752//752 753//753 748//748
f 750//750 694//694 700//700
f 747//747 750//750 700//700
f 756//756 750//750 751//751
f 757//757 756//756 751//751
f 758//758 756//756 757//757
f 759//759 758//758 757//757
f 758//758 691//691 756//756
f 758//758 690//690 691//691
f 756//756 694//694 750//750
f 756//756 691//691 694//694
f 758//758 629//629 690//690
f 758//758 760//760 629//629
f 621//621 622//622 629//629
f 760//760 621//621 629//629
f 761//761 621//621 760//760
f 762//762 761//761 760//760
f 763//763 761//761 762//762
f 764//764 763//763 762//762
f 619//619 621//621 761//761
f 763//763 619//619 761//761
f 757//757 751//751 749//749
f 753//753 757//757 749//749
f 759//759 757//757 753//753
f 754//754 759//759 753//753
f 764//764 762//762 759//759
f 754//754 764//764 759//759
f 762//762 760//760 758//758
f 759//759 762//762 758//758
f 765//765 764//764 754//754
f 755//755 765//765 754//754
f 618//618 619//619 763//763
f 618//618 617//617 619//619
f 618//618 763//763 764//764
f 765//765 618//618 764//764
f 766//766 615//615 618//618
f 765//765 766//766 618//618
f 616//616 614//614 615//615
f 766//766 616//616 615//615
f 200//200 202//202 616//616
f 767//767 200//200 616//616
f 767//767 616//616 766//766
f 768//768 767//767 766//766
f 768//768 766//766 765//765
f 755//755 768//768 765//765
f 771//771 770//770 769//769
f 771//771 755//755 770//770
f 770//770 742//742 772//772
f 770//770 755//755 742//742
f 773//773 772//772 29//29
f 773//773 770//770 772//772
f 772//772 7//7 8//8
f 772//772 742//742 7//7
f 29//29 8//8 10//10
f 29//29 772//772 8//8
f 28//28 29//29 23//23
f 28//28 773//773 29//29
f 776//776 775//775 774//774
f 777//777 776//776 774//774
f 775//775 773//773 28//28
f 774//774 775//775 28//28
f 778//778 775//775 776//776
f 778//778 769//769 775//775
f 769//769 773//773 775//775
f 769//769 770//770 773//773
f 779//779 769//769 778//778
f 779//779 771//771 769//769
f 184//184 778//778 780//780
f 184//184 779//779 778//778
f 185//185 781//781 779//779
f 184//184 185//185 779//779
f 185//185 782//782 781//781
f 185//185 188//188 782//782
f 779//779 783//783 771//771
f 779//779 781//781 783//783
f 782//782 784//784 783//783
f 781//781 782//782 783//783
f 771//771 768//768 755//755
f 771//771 783//783 768//768
f 783//783 767//767 768//768
f 783//783 784//784 767//767
f 198//198 767//767 784//784
f 198//198 200//200 767//767
f 198//198 784//784 782//782
f 188//188 198//198 782//782
f 786//786 191//191 187//187
f 786//786 785//785 191//191
f 788//788 787//787 786//786
f 187//187 788//788 786//786
f 184//184 780//780 789//789
f 187//187 184//184 789//789
f 780//780 777//777 790//790
f 789//789 780//780 790//790
f 780//780 776//776 777//777
f 780//780 778//778 776//776
f 791//791 28//28 26//26
f 791//791 774//774 28//28
f 790//790 774//774 791//791
f 790//790 777//777 774//774
f 793//793 154//154 175//175
f 793//793 792//792 154//154
f 153//153 154//154 792//792
f 794//794 153//153 792//792
f 791//791 153//153 794//794
f 791//791 26//26 153//153
f 794//794 792//792 795//795
f 796//796 794//794 795//795
f 795//795 792//792 793//793
f 797//797 795//795 793//793
f 791//791 794//794 796//796
f 790//790 791//791 796//796
f 799//799 797//797 798//798
f 788//788 799//799 798//798
f 796//796 795//795 797//797
f 799//799 796//796 797//797
f 790//790 796//796 799//799
f 789//789 790//790 799//799
f 789//789 799//799 788//788
f 187//187 789//789 788//788
f 788//788 800//800 787//787
f 788//788 798//798 800//800
f 798//798 793//793 801//801
f 798//798 797//797 793//793
f 801//801 175//175 174//174
f 801//801 793//793 175//175
f 798//798 802//802 800//800
f 798//798 801//801 802//802
f 802//802 804//804 803//803
f 800//800 802//802 803//803
f 801//801 805//805 802//802
f 801//801 174//174 805//805
f 802//802 806//806 804//804
f 802//802 805//805 806//806
f 786//786 808//808 807//807
f 786//786 787//787 808//808
f 807//807 785//785 786//786
f 807//807 809//809 785//785
f 810//810 809//809 807//807
f 811//811 810//810 807//807
f 812//812 180//180 785//785
f 809//809 812//812 785//785
f 785//785 181//181 191//191
f 785//785 180//180 181//181
f 810//810 812//812 809//809
f 810//810 604//604 812//812
f 183//183 180//180 812//812
f 604//604 183//183 812//812
f 601//601 810//810 811//811
f 813//813 601//601 811//811
f 599//599 604//604 810//810
f 601//601 599//599 810//810
f 598//598 595//595 601//601
f 813//813 598//598 601//601
f 807//807 814//814 811//811
f 807//807 808//808 814//814
f 787//787 803//803 808//808
f 787//787 800//800 803//803
f 803//803 804//804 814//814
f 808//808 803//803 814//814
f 811//811 815//815 813//813
f 811//811 814//814 815//815
f 814//814 806//806 815//815
f 814//814 804//804 806//806
f 806//806 816//816 815//815
f 806//806 817//817 816//816
f 815//815 818//818 813//813
f 815//815 816//816 818//818
f 816//816 819//819 818//818
f 816//816 820//820 819//819
f 821//821 820//820 816//816
f 817//817 821//821 816//816
f 822//822 819//819 820//820
f 823//823 822//822 820//820
f 825//825 822//822 823//823
f 825//825 824//824 822//822
f 827//827 825//825 826//826
f 827//827 824//824 825//825
f 826//826 829//829 828//828
f 826//826 825//825 829//829
f 825//825 823//823 830//830
f 829//829 825//825 830//830
f 823//823 820//820 821//821
f 830//830 823//823 821//821
f 831//831 821//821 817//817
f 831//831 830//830 821//821
f 831//831 817//817 806//806
f 805//805 831//831 806//806
f 829//829 830//830 831//831
f 832//832 829//829 831//831
f 171//171 832//832 174//174
f 171//171 833//833 832//832
f 832//832 831//831 805//805
f 174//174 832//832 805//805
f 172//172 833//833 171//171
f 172//172 834//834 833//833
f 835//835 828//828 833//833
f 834//834 835//835 833//833
f 833//833 829//829 832//832
f 833//833 828//828 829//829
f 836//836 828//828 835//835
f 836//836 826//826 828//828
f 837//837 835//835 834//834
f 837//837 836//836 835//835
f 133//133 834//834 172//172
f 133//133 837//837 834//834
f 838//838 837//837 133//133
f 103//103 838//838 133//133
f 838//838 836//836 837//837
f 838//838 839//839 836//836
f 841//841 839//839 838//838
f 841//841 840//840 839//839
f 839//839 826//826 836//836
f 839//839 827//827 826//826
f 824//824 827//827 842//842
f 843//843 824//824 842//842
f 827//827 839//839 840//840
f 842//842 827//827 840//840
f 846//846 841//841 844//844
f 846//846 845//845 841//841
f 845//845 840//840 841//841
f 845//845 847//847 840//840
f 842//842 840//840 847//847
f 848//848 842//842 847//847
f 848//848 847//847 845//845
f 849//849 848//848 845//845
f 849//849 845//845 846//846
f 850//850 849//849 846//846
f 844//844 838//838 103//103
f 844//844 841//841 838//838
f 104//104 851//851 844//844
f 103//103 104//104 844//844
f 851//851 852//852 846//846
f 844//844 851//851 846//846
f 854//854 853//853 851//851
f 104//104 854//854 851//851
f 105//105 854//854 104//104
f 102//102 105//105 104//104
f 855//855 848//848 849//849
f 856//856 855//855 849//849
f 843//843 842//842 848//848
f 855//855 843//843 848//848
f 858//858 857//857 589//589
f 591//591 858//858 589//589
f 856//856 849//849 850//850
f 591//591 856//856 850//850
f 861//861 859//859 858//858
f 861//861 860//860 859//859
f 850//850 858//858 591//591
f 850//850 861//861 858//858
f 585//585 862//862 588//588
f 585//585 863//863 862//862
f 857//857 863//863 585//585
f 589//589 857//857 585//585
f 857//857 864//864 863//863
f 857//857 865//865 864//864
f 864//864 866//866 862//862
f 863//863 864//864 862//862
f 588//588 649//649 646//646
f 588//588 862//862 649//649
f 862//862 718//718 649//649
f 862//862 866//866 718//718
f 718//718 867//867 719//719
f 718//718 866//866 867//867
f 859//859 865//865 857//857
f 858//858 859//859 857//857
f 867//867 859//859 868//868
f 867//867 865//865 859//859
f 864//864 865//865 867//867
f 866//866 864//864 867//867
f 870//870 853//853 869//869
f 860//860 870//870 869//869
f 853//853 854//854 871//871
f 869//869 853//853 871//871
f 860//860 869//869 868//868
f 859//859 860//860 868//868
f 868//868 871//871 721//721
f 868//868 869//869 871//871
f 719//719 868//868 721//721
f 719//719 867//867 868//868
f 92//92 739//739 721//721
f 92//92 90//90 739//739
f 92//92 871//871 95//95
f 92//92 721//721 871//871
f 95//95 854//854 105//105
f 95//95 871//871 854//854
f 870//870 860//860 861//861
f 852//852 870//870 861//861
f 846//846 861//861 850//850
f 846//846 852//852 861//861
f 851//851 870//870 852//852
f 851//851 853//853 870//870
f 874//874 873//873 872//872
f 875//875 874//874 872//872
f 843//843 872//872 824//824
f 843//843 875//875 872//872
f 855//855 875//875 843//843
f 855//855 876//876 875//875
f 877//877 874//874 875//875
f 876//876 877//877 875//875
f 876//876 855//855 856//856
f 878//878 876//876 856//856
f 878//878 856//856 591//591
f 879//879 878//878 591//591
f 582//582 880//880 592//592
f 582//582 881//881 880//880
f 883//883 882//882 880//880
f 881//881 883//883 880//880
f 592//592 879//879 591//591
f 592//592 880//880 879//879
f 885//885 881//881 884//884
f 885//885 883//883 881//881
f 884//884 582//582 583//583
f 884//884 881//881 582//582
f 546//546 583//583 545//545
f 546//546 884//884 583//583
f 886//886 884//884 546//546
f 886//886 885//885 884//884
f 546//546 523//523 886//886
f 546//546 541//541 523//523
f 888//888 519//519 887//887
f 888//888 521//521 519//519
f 886//886 521//521 888//888
f 886//886 523//523 521//521
f 888//888 885//885 886//886
f 888//888 889//889 885//885
f 873//873 874//874 890//890
f 891//891 873//873 890//890
f 891//891 890//890 892//892
f 887//887 891//891 892//892
f 892//892 889//889 888//888
f 887//887 892//892 888//888
f 880//880 893//893 879//879
f 880//880 882//882 893//893
f 894//894 878//878 879//879
f 893//893 894//894 879//879
f 874//874 877//877 894//894
f 890//890 874//874 894//894
f 890//890 894//894 893//893
f 892//892 890//890 893//893
f 877//877 876//876 878//878
f 894//894 877//877 878//878
f 889//889 883//883 885//885
f 889//889 882//882 883//883
f 892//892 882//882 889//889
f 892//892 893//893 882//882
f 897//897 896//896 895//895
f 898//898 897//897 895//895
f 901//901 900//900 899//899
f 902//902 901//901 899//899
f 895//895 904//904 903//903
f 905//905 895//895 903//903
f 904//904 906//906 903//903
f 904//904 901//901 906//906
f 900//900 908//908 907//907
f 899//899 900//900 907//907
f 909//909 887//887 908//908
f 900//900 909//909 908//908
f 904//904 909//909 900//900
f 901//901 904//904 900//900
f 891//891 887//887 909//909
f 896//896 891//891 909//909
f 896//896 909//909 904//904
f 895//895 896//896 904//904
f 873//873 891//891 896//896
f 897//897 873//873 896//896
f 910//910 887//887 519//519
f 513//513 910//910 519//519
f 510//510 910//910 513//513
f 514//514 510//510 513//513
f 910//910 908//908 887//887
f 910//910 911//911 908//908
f 911//911 907//907 908//908
f 911//911 912//912 907//907
f 914//914 912//912 913//913
f 914//914 907//907 912//912
f 913//913 915//915 495//495
f 913//913 912//912 915//915
f 510//510 911//911 910//910
f 510//510 511//511 911//911
f 915//915 912//912 911//911
f 511//511 915//915 911//911
f 495//495 511//511 494//494
f 495//495 915//915 511//511
f 493//493 495//495 491//491
f 493//493 913//913 495//495
f 916//916 913//913 493//493
f 916//916 914//914 913//913
f 179//179 176//176 265//265
f 916//916 179//179 265//265
f 492//492 430//430 178//178
f 179//179 492//492 178//178
f 493//493 492//492 179//179
f 916//916 493//493 179//179
f 914//914 916//916 917//917
f 918//918 914//914 917//917
f 899//899 914//914 918//918
f 899//899 907//907 914//914
f 903//903 598//598 813//813
f 903//903 906//906 598//598
f 906//906 597//597 598//598
f 906//906 919//919 597//597
f 902//902 919//919 906//906
f 901//901 902//902 906//906
f 902//902 918//918 919//919
f 902//902 899//899 918//918
f 919//919 917//917 597//597
f 919//919 918//918 917//917
f 597//597 605//605 596//596
f 597//597 917//917 605//605
f 917//917 265//265 605//605
f 917//917 916//916 265//265
f 822//822 824//824 872//872
f 920//920 822//822 872//872
f 819//819 822//822 920//920
f 921//921 819//819 920//920
f 897//897 872//872 873//873
f 897//897 920//920 872//872
f 898//898 895//895 905//905
f 921//921 898//898 905//905
f 898//898 920//920 897//897
f 898//898 921//921 920//920
f 921//921 905//905 818//818
f 819//819 921//921 818//818
f 818//818 903//903 813//813
f 818//818 905//905 903//903
f 650//650 923//923 922//922
f 646//646 650//650 922//922
f 927//927 925//925 924//924
f 927//927 926//926 925//925
f 922//922 926//926 927//927
f 922//922 923//923 926//926
f 923//923 928//928 926//926
f 923//923 929//929 928//928
f 928//928 929//929 930//930
f 931//931 928//928 930//930
f 652//652 929//929 923//923
f 650//650 652//652 923//923
f 926//926 931//931 925//925
f 926//926 928//928 931//931
f 931//931 930//930 932//932
f 933//933 931//931 932//932
f 934//934 933//933 932//932
f 645//645 934//934 932//932
f 929//929 652//652 661//661
f 930//930 929//929 661//661
f 932//932 661//661 642//642
f 932//932 930//930 661//661
f 641//641 932//932 642//642
f 641//641 645//645 932//932
f 936//936 594//594 587//587
f 936//936 935//935 594//594
f 922//922 937//937 936//936
f 646//646 922//922 936//936
f 936//936 587//587 588//588
f 646//646 936//936 588//588
f 937//937 938//938 935//935
f 936//936 937//937 935//935
f 927//927 939//939 937//937
f 922//922 927//927 937//937
f 927//927 940//940 939//939
f 927//927 924//924 940//940
f 940//940 942//942 941//941
f 939//939 940//940 941//941
f 937//937 941//941 938//938
f 937//937 939//939 941//941
f 941//941 942//942 943//943
f 938//938 941//941 943//943
f 938//938 943//943 944//944
f 935//935 938//938 944//944
f 935//935 584//584 594//594
f 935//935 944//944 584//584
f 944//944 583//583 584//584
f 944//944 545//545 583//583
f 944//944 945//945 545//545
f 944//944 943//943 945//945
f 945//945 543//543 545//545
f 945//945 946//946 543//543
f 949//949 948//948 947//947
f 950//950 949//949 947//947
f 947//947 946//946 945//945
f 947//947 948//948 946//946
f 942//942 947//947 945//945
f 943//943 942//942 945//945
f 940//940 947//947 942//942
f 940//940 950//950 947//947
f 924//924 950//950 940//940
f 924//924 951//951 950//950
f 952//952 949//949 950//950
f 951//951 952//952 950//950
f 954//954 953//953 952//952
f 951//951 954//954 952//952
f 953//953 956//956 955//955
f 952//952 953//953 955//955
f 959//959 958//958 957//957
f 959//959 565//565 958//958
f 962//962 961//961 960//960
f 962//962 957//957 961//961
f 957//957 544//544 961//961
f 957//957 958//958 544//544
f 946//946 544//544 543//543
f 946//946 961//961 544//544
f 960//960 961//961 946//946
f 948//948 960//960 946//946
f 949//949 960//960 948//948
f 949//949 962//962 960//960
f 952//952 962//962 949//949
f 952//952 955//955 962//962
f 955//955 957//957 962//962
f 955//955 959//959 957//957
f 577//577 963//963 576//576
f 577//577 964//964 963//963
f 965//965 934//934 645//645
f 644//644 965//965 645//645
f 576//576 965//965 644//644
f 576//576 963//963 965//965
f 579//579 964//964 577//577
f 579//579 966//966 964//964
f 969//969 968//968 967//967
f 969//969 951//951 968//968
f 964//964 967//967 963//963
f 964//964 969//969 967//967
f 970//970 964//964 966//966
f 970//970 969//969 964//964
f 963//963 934//934 965//965
f 963//963 967//967 934//934
f 967//967 933//933 934//934
f 967//967 968//968 933//933
f 924//924 968//968 951//951
f 924//924 925//925 968//968
f 925//925 933//933 968//968
f 925//925 931//931 933//933
f 972//972 954//954 951//951
f 972//972 971//971 954//954
f 974//974 970//970 973//973
f 974//974 972//972 970//970
f 972//972 969//969 970//970
f 972//972 951//951 969//969
f 974//974 971//971 972//972
f 974//974 975//975 971//971
f 970//970 966//966 976//976
f 973//973 970//970 976//976
f 976//976 966//966 579//579
f 977//977 976//976 579//579
f 978//978 976//976 977//977
f 978//978 973//973 976//976
f 974//974 973//973 978//978
f 979//979 974//974 978//978
f 978//978 977//977 980//980
f 981//981 978//978 980//980
f 979//979 978//978 981//981
f 982//982 979//979 981//981
f 980//980 579//579 580//580
f 980//980 977//977 579//579
f 984//984 983//983 979//979
f 982//982 984//984 979//979
f 979//979 975//975 974//974
f 979//979 983//983 975//975
f 984//984 985//985 983//983
f 984//984 986//986 985//985
f 983//983 987//987 975//975
f 983//983 985//985 987//987
f 987//987 989//989 988//988
f 987//987 985//985 989//989
f 987//987 988//988 971//971
f 975//975 987//987 971//971
f 971//971 990//990 954//954
f 971//971 988//988 990//990
f 989//989 991//991 990//990
f 988//988 989//989 990//990
f 993//993 992//992 991//991
f 989//989 993//993 991//991
f 986//986 993//993 989//989
f 985//985 986//986 989//989
f 986//986 995//995 994//994
f 993//993 986//986 994//994
f 993//993 994//994 996//996
f 992//992 993//993 996//996
f 994//994 998//998 997//997
f 994//994 995//995 998//998
f 998//998 1000//1000 999//999
f 997//997 998//998 999//999
f 1001//1001 1000//1000 998//998
f 995//995 1001//1001 998//998
f 986//986 1001//1001 995//995
f 986//986 984//984 1001//1001
f 1001//1001 1002//1002 1000//1000
f 1001//1001 1003//1003 1002//1002
f 1005//1005 1002//1002 1003//1003
f 1005//1005 1004//1004 1002//1002
f 984//984 1003//1003 1001//1001
f 984//984 982//982 1003//1003
f 1000//1000 1002//1002 1006//1006
f 999//999 1000//1000 1006//1006
f 1009//1009 1007//1007 992//992
f 1009//1009 1008//1008 1007//1007
f 991//991 1007//1007 1010//1010
f 991//991 992//992 1007//1007
f 1013//1013 1012//1012 1011//1011
f 956//956 1013//1013 1011//1011
f 956//956 1011//1011 959//959
f 955//955 956//956 959//959
f 959//959 1014//1014 565//565
f 959//959 1011//1011 1014//1014
f 1012//1012 1015//1015 1014//1014
f 1011//1011 1012//1012 1014//1014
f 953//953 1013//1013 956//956
f 953//953 1016//1016 1013//1013
f 990//990 1016//1016 953//953
f 954//954 990//990 953//953
f 990//990 1010//1010 1016//1016
f 990//990 991//991 1010//1010
f 1010//1010 1012//1012 1013//1013
f 1016//1016 1010//1010 1013//1013
f 1010//1010 1015//1015 1012//1012
f 1010//1010 1007//1007 1015//1015
f 1018//1018 1015//1015 1017//1017
f 1018//1018 1014//1014 1015//1015
f 1008//1008 1015//1015 1007//1007
f 1008//1008 1017//1017 1015//1015
f 1020//1020 1017//1017 1008//1008
f 1020//1020 1019//1019 1017//1017
f 1022//1022 1019//1019 1020//1020
f 1022//1022 1021//1021 1019//1019
f 1018//1018 1017//1017 1019//1019
f 1021//1021 1018//1018 1019//1019
f 1023//1023 1014//1014 1018//1018
f 1023//1023 565//565 1014//1014
f 1024//1024 1018//1018 1021//1021
f 1024//1024 1023//1023 1018//1018
f 1025//1025 570//570 1024//1024
f 1025//1025 572//572 570//570
f 1025//1025 1021//1021 1022//1022
f 1025//1025 1024//1024 1021//1021
f 1024//1024 568//568 1023//1023
f 1024//1024 570//570 568//568
f 1023//1023 566//566 565//565
f 1023//1023 568//568 566//566
f 532//532 544//544 958//958
f 532//532 536//536 544//544
f 531//531 958//958 565//565
f 531//531 532//532 958//958
f 1026//1026 1003//1003 982//982
f 1026//1026 1005//1005 1003//1003
f 1027//1027 1004//1004 1005//1005
f 1028//1028 1027//1027 1005//1005
f 1029//1029 1004//1004 1027//1027
f 1030//1030 1029//1029 1027//1027
f 1029//1029 1002//1002 1004//1004
f 1029//1029 1006//1006 1002//1002
f 689//689 687//687 628//628
f 689//689 688//688 687//687
f 1031//1031 689//689 626//626
f 1032//1032 1031//1031 626//626
f 1031//1031 688//688 689//689
f 1031//1031 685//685 688//688
f 1031//1031 1033//1033 685//685
f 1031//1031 1034//1034 1033//1033
f 677//677 678//678 688//688
f 685//685 677//677 688//688
f 633//633 630//630 670//670
f 685//685 633//633 670//670
f 632//632 1035//1035 635//635
f 632//632 1036//1036 1035//1035
f 635//635 1037//1037 578//578
f 635//635 1035//1035 1037//1037
f 1041//1041 1039//1039 1038//1038
f 1041//1041 1040//1040 1039//1039
f 1042//1042 1040//1040 1036//1036
f 1042//1042 1039//1039 1040//1040
f 1040//1040 1041//1041 1035//1035
f 1036//1036 1040//1040 1035//1035
f 633//633 1036//1036 632//632
f 633//633 1042//1042 1036//1036
f 1033//1033 1042//1042 633//633
f 685//685 1033//1033 633//633
f 1044//1044 1043//1043 1033//1033
f 1034//1034 1044//1044 1033//1033
f 1033//1033 1039//1039 1042//1042
f 1033//1033 1043//1043 1039//1039
f 1038//1038 1043//1043 1045//1045
f 1038//1038 1039//1039 1043//1043
f 1045//1045 1047//1047 1046//1046
f 1048//1048 1045//1045 1046//1046
f 1050//1050 1046//1046 1049//1049
f 1051//1051 1050//1050 1049//1049
f 1049//1049 1053//1053 1052//1052
f 1049//1049 1054//1054 1053//1053
f 1056//1056 1055//1055 1053//1053
f 1054//1054 1056//1056 1053//1053
f 1047//1047 1054//1054 1049//1049
f 1046//1046 1047//1047 1049//1049
f 1044//1044 1056//1056 1054//1054
f 1047//1047 1044//1044 1054//1054
f 1043//1043 1044//1044 1047//1047
f 1045//1045 1043//1043 1047//1047
f 1056//1056 1044//1044 1034//1034
f 1055//1055 1056//1056 1034//1034
f 1032//1032 1034//1034 1031//1031
f 1032//1032 1055//1055 1034//1034
f 1032//1032 626//626 624//624
f 1057//1057 1032//1032 624//624
f 1053//1053 1032//1032 1057//1057
f 1053//1053 1055//1055 1032//1032
f 1052//1052 1057//1057 611//611
f 1052//1052 1053//1053 1057//1057
f 1057//1057 624//624 620//620
f 611//611 1057//1057 620//620
f 1059//1059 213//213 214//214
f 1059//1059 1058//1058 213//213
f 1058//1058 607//607 213//213
f 1058//1058 1060//1060 607//607
f 1062//1062 1061//1061 1060//1060
f 1062//1062 1051//1051 1061//1061
f 1062//1062 1060//1060 1058//1058
f 1063//1063 1062//1062 1058//1058
f 1062//1062 1050//1050 1051//1051
f 1062//1062 1063//1063 1050//1050
f 1052//1052 611//611 609//609
f 1061//1061 1052//1052 609//609
f 1061//1061 609//609 607//607
f 1060//1060 1061//1061 607//607
f 1049//1049 1052//1052 1061//1061
f 1051//1051 1049//1049 1061//1061
f 1066//1066 1065//1065 1064//1064
f 1067//1067 1066//1066 1064//1064
f 1068//1068 1066//1066 1067//1067
f 1069//1069 1068//1068 1067//1067
f 1070//1070 1068//1068 1069//1069
f 1071//1071 1070//1070 1069//1069
f 1073//1073 1072//1072 1066//1066
f 1068//1068 1073//1073 1066//1066
f 1075//1075 1074//1074 1070//1070
f 1076//1076 1075//1075 1070//1070
f 1075//1075 1076//1076 1050//1050
f 1063//1063 1075//1075 1050//1050
f 1075//1075 1058//1058 1059//1059
f 1075//1075 1063//1063 1058//1058
f 1070//1070 1073//1073 1068//1068
f 1070//1070 1074//1074 1073//1073
f 1074//1074 1077//1077 1072//1072
f 1073//1073 1074//1074 1072//1072
f 1077//1077 323//323 1078//1078
f 1072//1072 1077//1077 1078//1078
f 1075//1075 1059//1059 1077//1077
f 1074//1074 1075//1075 1077//1077
f 1059//1059 214//214 323//323
f 1077//1077 1059//1059 323//323
f 1072//1072 1078//1078 1065//1065
f 1066//1066 1072//1072 1065//1065
f 1078//1078 1079//1079 1065//1065
f 1078//1078 327//327 1079//1079
f 1081//1081 1064//1064 1080//1080
f 1082//1082 1081//1081 1080//1080
f 1065//1065 1080//1080 1064//1064
f 1065//1065 1079//1079 1080//1080
f 1084//1084 1083//1083 1081//1081
f 1085//1085 1084//1084 1081//1081
f 1085//1085 1081//1081 1082//1082
f 1086//1086 1085//1085 1082//1082
f 1088//1088 1087//1087 1083//1083
f 1084//1084 1088//1088 1083//1083
f 1083//1083 1089//1089 1064//1064
f 1081//1081 1083//1083 1064//1064
f 1087//1087 1090//1090 1089//1089
f 1083//1083 1087//1087 1089//1089
f 1067//1067 1064//1064 1089//1089
f 1091//1091 1067//1067 1089//1089
f 1095//1095 1093//1093 1092//1092
f 1095//1095 1094//1094 1093//1093
f 1095//1095 1091//1091 1096//1096
f 1095//1095 1092//1092 1091//1091
f 1096//1096 1089//1089 1090//1090
f 1096//1096 1091//1091 1089//1089
f 1090//1090 1087//1087 1097//1097
f 1098//1098 1090//1090 1097//1097
f 1101//1101 1098//1098 1099//1099
f 1101//1101 1100//1100 1098//1098
f 1094//1094 1096//1096 1100//1100
f 1094//1094 1095//1095 1096//1096
f 1100//1100 1090//1090 1098//1098
f 1100//1100 1096//1096 1090//1090
f 1102//1102 1100//1100 1101//1101
f 1102//1102 1094//1094 1100//1100
f 1093//1093 1071//1071 1069//1069
f 1092//1092 1093//1093 1069//1069
f 1069//1069 1067//1067 1091//1091
f 1092//1092 1069//1069 1091//1091
f 1094//1094 1103//1103 1093//1093
f 1094//1094 1102//1102 1103//1103
f 1103//1103 1048//1048 1071//1071
f 1093//1093 1103//1103 1071//1071
f 1076//1076 1048//1048 1046//1046
f 1050//1050 1076//1076 1046//1046
f 1076//1076 1070//1070 1071//1071
f 1048//1048 1076//1076 1071//1071
f 1104//1104 1045//1045 1048//1048
f 1104//1104 1038//1038 1045//1045
f 1106//1106 1105//1105 1104//1104
f 1107//1107 1106//1106 1104//1104
f 1107//1107 1104//1104 1048//1048
f 1103//1103 1107//1107 1048//1048
f 1108//1108 1106//1106 1107//1107
f 1109//1109 1108//1108 1107//1107
f 1108//1108 1109//1109 1110//1110
f 1111//1111 1108//1108 1110//1110
f 1109//1109 1107//1107 1103//1103
f 1102//1102 1109//1109 1103//1103
f 1106//1106 1108//1108 1111//1111
f 1112//1112 1106//1106 1111//1111
f 1112//1112 1111//1111 1113//1113
f 1114//1114 1112//1112 1113//1113
f 1035//1035 1105//1105 1037//1037
f 1035//1035 1041//1041 1105//1105
f 1105//1105 1106//1106 1112//1112
f 1037//1037 1105//1105 1112//1112
f 1105//1105 1038//1038 1104//1104
f 1105//1105 1041//1041 1038//1038
f 1037//1037 1112//1112 1114//1114
f 578//578 1037//1037 1114//1114
f 580//580 1114//1114 1115//1115
f 580//580 578//578 1114//1114
f 980//980 1117//1117 1116//1116
f 981//981 980//980 1116//1116
f 980//980 1115//1115 1117//1117
f 980//980 580//580 1115//1115
f 1115//1115 1119//1119 1118//1118
f 1117//1117 1115//1115 1118//1118
f 1115//1115 1113//1113 1119//1119
f 1115//1115 1114//1114 1113//1113
f 1118//1118 1119//1119 1120//1120
f 1121//1121 1118//1118 1120//1120
f 1116//1116 1118//1118 1121//1121
f 1116//1116 1117//1117 1118//1118
f 1123//1123 1122//1122 1099//1099
f 1123//1123 1120//1120 1122//1122
f 1120//1120 1113//1113 1122//1122
f 1120//1120 1119//1119 1113//1113
f 1113//1113 1110//1110 1122//1122
f 1113//1113 1111//1111 1110//1110
f 1110//1110 1102//1102 1101//1101
f 1110//1110 1109//1109 1102//1102
f 1122//1122 1101//1101 1099//1099
f 1122//1122 1110//1110 1101//1101
f 1126//1126 1125//1125 1124//1124
f 1127//1127 1126//1126 1124//1124
f 1127//1127 1124//1124 1128//1128
f 1129//1129 1127//1127 1128//1128
f 1129//1129 1128//1128 1123//1123
f 1099//1099 1129//1129 1123//1123
f 1116//1116 1121//1121 1130//1130
f 1131//1131 1116//1116 1130//1130
f 1130//1130 1132//1132 1131//1131
f 1130//1130 1133//1133 1132//1132
f 1132//1132 1134//1134 1026//1026
f 1132//1132 1135//1135 1134//1134
f 1131//1131 1026//1026 982//982
f 1131//1131 1132//1132 1026//1026
f 981//981 1116//1116 1131//1131
f 982//982 981//981 1131//1131
f 1133//1133 1135//1135 1132//1132
f 1133//1133 1136//1136 1135//1135
f 1125//1125 1135//1135 1136//1136
f 1124//1124 1125//1125 1136//1136
f 1128//1128 1136//1136 1133//1133
f 1128//1128 1124//1124 1136//1136
f 1128//1128 1133//1133 1130//1130
f 1123//1123 1128//1128 1130//1130
f 1130//1130 1120//1120 1123//1123
f 1130//1130 1121//1121 1120//1120
f 1138//1138 1137//1137 1129//1129
f 1099//1099 1138//1138 1129//1129
f 1141//1141 1140//1140 1139//1139
f 1137//1137 1141//1141 1139//1139
f 1137//1137 1139//1139 1127//1127
f 1129//1129 1137//1137 1127//1127
f 1140//1140 1143//1143 1142//1142
f 1139//1139 1140//1140 1142//1142
f 1127//1127 1142//1142 1126//1126
f 1127//1127 1139//1139 1142//1142
f 1126//1126 1145//1145 1144//1144
f 1126//1126 1142//1142 1145//1145
f 1146//1146 1144//1144 1145//1145
f 1147//1147 1146//1146 1145//1145
f 1142//1142 1148//1148 1145//1145
f 1142//1142 1143//1143 1148//1148
f 1147//1147 1145//1145 1148//1148
f 1149//1149 1147//1147 1148//1148
f 1126//1126 1150//1150 1125//1125
f 1126//1126 1144//1144 1150//1150
f 1150//1150 1134//1134 1135//1135
f 1125//1125 1150//1150 1135//1135
f 1152//1152 1151//1151 1150//1150
f 1144//1144 1152//1152 1150//1150
f 1151//1151 1027//1027 1028//1028
f 1151//1151 1030//1030 1027//1027
f 1150//1150 1028//1028 1134//1134
f 1150//1150 1151//1151 1028//1028
f 1134//1134 1005//1005 1026//1026
f 1134//1134 1028//1028 1005//1005
f 1098//1098 1097//1097 1153//1153
f 1099//1099 1098//1098 1153//1153
f 1097//1097 1155//1155 1154//1154
f 1153//1153 1097//1097 1154//1154
f 1156//1156 1153//1153 1154//1154
f 1157//1157 1156//1156 1154//1154
f 1138//1138 1099//1099 1153//1153
f 1156//1156 1138//1138 1153//1153
f 1158//1158 1138//1138 1156//1156
f 1159//1159 1158//1158 1156//1156
f 1159//1159 1156//1156 1157//1157
f 1160//1160 1159//1159 1157//1157
f 1162//1162 1160//1160 1161//1161
f 1162//1162 1159//1159 1160//1160
f 1163//1163 1159//1159 1162//1162
f 1163//1163 1158//1158 1159//1159
f 1166//1166 1165//1165 1164//1164
f 1166//1166 1161//1161 1165//1165
f 1161//1161 1157//1157 1165//1165
f 1161//1161 1160//1160 1157//1157
f 1165//1165 1154//1154 1167//1167
f 1165//1165 1157//1157 1154//1154
f 1154//1154 1168//1168 1167//1167
f 1154//1154 1155//1155 1168//1168
f 1155//1155 1084//1084 1168//1168
f 1155//1155 1088//1088 1084//1084
f 1087//1087 1088//1088 1155//1155
f 1097//1097 1087//1087 1155//1155
f 1168//1168 1085//1085 1169//1169
f 1168//1168 1084//1084 1085//1085
f 1167//1167 1169//1169 1170//1170
f 1167//1167 1168//1168 1169//1169
f 1164//1164 1167//1167 1170//1170
f 1164//1164 1165//1165 1167//1167
f 1172//1172 1164//1164 1170//1170
f 1172//1172 1171//1171 1164//1164
f 1174//1174 1173//1173 1166//1166
f 1175//1175 1174//1174 1166//1166
f 1173//1173 1161//1161 1166//1166
f 1173//1173 1162//1162 1161//1161
f 1177//1177 1176//1176 1174//1174
f 1178//1178 1177//1177 1174//1174
f 1177//1177 1178//1178 1179//1179
f 1180//1180 1177//1177 1179//1179
f 1179//1179 1182//1182 1181//1181
f 1179//1179 1178//1178 1182//1182
f 1182//1182 1174//1174 1175//1175
f 1182//1182 1178//1178 1174//1174
f 1182//1182 1175//1175 1171//1171
f 1181//1181 1182//1182 1171//1171
f 1175//1175 1166//1166 1164//1164
f 1171//1171 1175//1175 1164//1164
f 1176//1176 1184//1184 1183//1183
f 1185//1185 1176//1176 1183//1183
f 1176//1176 1185//1185 1173//1173
f 1174//1174 1176//1176 1173//1173
f 1158//1158 1141//1141 1137//1137
f 1138//1138 1158//1158 1137//1137
f 1185//1185 1162//1162 1173//1173
f 1185//1185 1163//1163 1162//1162
f 1141//1141 1158//1158 1163//1163
f 1186//1186 1141//1141 1163//1163
f 1140//1140 1141//1141 1186//1186
f 1143//1143 1140//1140 1186//1186
f 1187//1187 1163//1163 1185//1185
f 1187//1187 1186//1186 1163//1163
f 1143//1143 1186//1186 1187//1187
f 1148//1148 1143//1143 1187//1187
f 1149//1149 1148//1148 1187//1187
f 1188//1188 1149//1149 1187//1187
f 1188//1188 1187//1187 1185//1185
f 1183//1183 1188//1188 1185//1185
f 1181//1181 1171//1171 1172//1172
f 1189//1189 1181//1181 1172//1172
f 1179//1179 1181//1181 1189//1189
f 1190//1190 1179//1179 1189//1189
f 1180//1180 1179//1179 1190//1190
f 1191//1191 1180//1180 1190//1190
f 368//368 369//369 1192//1192
f 368//368 367//367 369//369
f 1190//1190 362//362 1191//1191
f 1190//1190 365//365 362//362
f 369//369 364//364 365//365
f 1192//1192 369//369 365//365
f 1189//1189 365//365 1190//1190
f 1189//1189 1192//1192 365//365
f 1172//1172 1192//1192 1189//1189
f 1172//1172 368//368 1192//1192
f 356//356 368//368 1172//1172
f 1170//1170 356//356 1172//1172
f 356//356 1170//1170 361//361
f 355//355 356//356 361//361
f 1193//1193 334//334 361//361
f 1193//1193 336//336 334//334
f 1169//1169 361//361 1170//1170
f 1169//1169 1193//1193 361//361
f 1194//1194 329//329 336//336
f 1194//1194 332//332 329//329
f 1194//1194 1082//1082 332//332
f 1194//1194 1086//1086 1082//1082
f 1194//1194 336//336 1193//1193
f 1086//1086 1194//1194 1193//1193
f 1085//1085 1193//1193 1169//1169
f 1085//1085 1086//1086 1193//1193
f 1082//1082 1080//1080 331//331
f 332//332 1082//1082 331//331
f 1079//1079 331//331 1080//1080
f 1079//1079 333//333 331//331
f 328//328 333//333 1079//1079
f 327//327 328//328 1079//1079
f 324//324 1078//1078 323//323
f 324//324 327//327 1078//1078
f 1198//1198 1196//1196 1195//1195
f 1198//1198 1197//1197 1196//1196
f 1200//1200 1197//1197 1198//1198
f 1200//1200 1199//1199 1197//1197
f 1201//1201 1196//1196 1197//1197
f 1202//1202 1201//1201 1197//1197
f 1204//1204 1196//1196 1201//1201
f 1204//1204 1203//1203 1196//1196
f 1208//1208 1206//1206 1205//1205
f 1208//1208 1207//1207 1206//1206
f 1205//1205 1203//1203 1209//1209
f 1205//1205 1210//1210 1203//1203
f 1195//1195 1196//1196 1203//1203
f 1210//1210 1195//1195 1203//1203
f 1211//1211 1210//1210 1205//1205
f 1206//1206 1211//1211 1205//1205
f 1212//1212 1195//1195 1210//1210
f 1211//1211 1212//1212 1210//1210
f 1213//1213 1195//1195 1212//1212
f 1213//1213 1198//1198 1195//1195
f 1215//1215 1213//1213 1214//1214
f 1216//1216 1215//1215 1214//1214
f 1214//1214 1212//1212 1211//1211
f 1214//1214 1213//1213 1212//1212
f 1214//1214 1211//1211 1206//1206
f 1217//1217 1214//1214 1206//1206
f 1216//1216 1214//1214 1217//1217
f 1218//1218 1216//1216 1217//1217
f 1215//1215 1198//1198 1213//1213
f 1215//1215 1200//1200 1198//1198
f 1222//1222 1220//1220 1219//1219
f 1222//1222 1221//1221 1220//1220
f 1219//1219 1220//1220 1223//1223
f 1224//1224 1219//1219 1223//1223
f 1224//1224 1223//1223 1225//1225
f 1226//1226 1224//1224 1225//1225
f 1227//1227 1219//1219 1224//1224
f 1227//1227 1209//1209 1219//1219
f 1228//1228 1219//1219 1209//1209
f 1228//1228 1222//1222 1219//1219
f 1228//1228 1203//1203 1204//1204
f 1228//1228 1209//1209 1203//1203
f 1230//1230 1223//1223 1229//1229
f 1230//1230 1225//1225 1223//1223
f 1234//1234 1232//1232 1231//1231
f 1234//1234 1233//1233 1232//1232
f 1236//1236 1231//1231 1235//1235
f 1236//1236 1234//1234 1231//1231
f 1238//1238 1234//1234 1236//1236
f 1238//1238 1237//1237 1234//1234
f 1241//1241 1232//1232 1239//1239
f 1241//1241 1240//1240 1232//1232
f 1245//1245 1243//1243 1242//1242
f 1245//1245 1244//1244 1243//1243
f 1247//1247 1242//1242 1246//1246
f 1247//1247 1245//1245 1242//1242
f 1242//1242 1249//1249 1248//1248
f 1242//1242 1243//1243 1249//1249
f 1243//1243 1239//1239 1249//1249
f 1243//1243 1241//1241 1239//1239
f 1250//1250 1232//1232 1233//1233
f 1250//1250 1239//1239 1232//1232
f 1248//1248 1239//1239 1250//1250
f 1248//1248 1249//1249 1239//1239
f 1246//1246 1248//1248 1251//1251
f 1246//1246 1242//1242 1248//1248
f 1251//1251 1250//1250 1252//1252
f 1251//1251 1248//1248 1250//1250
f 1237//1237 1233//1233 1234//1234
f 1237//1237 1253//1253 1233//1233
f 1252//1252 1233//1233 1253//1253
f 1252//1252 1250//1250 1233//1233
f 1256//1256 1254//1254 1253//1253
f 1256//1256 1255//1255 1254//1254
f 1252//1252 1258//1258 1257//1257
f 1252//1252 1253//1253 1258//1258
f 1259//1259 1258//1258 1253//1253
f 1254//1254 1259//1259 1253//1253
f 1263//1263 1261//1261 1260//1260
f 1263//1263 1262//1262 1261//1261
f 1257//1257 1264//1264 1261//1261
f 1262//1262 1257//1257 1261//1261
f 1251//1251 1257//1257 1262//1262
f 1251//1251 1252//1252 1257//1257
f 1246//1246 1262//1262 1263//1263
f 1246//1246 1251//1251 1262//1262
f 1246//1246 1263//1263 1265//1265
f 1247//1247 1246//1246 1265//1265
f 1265//1265 1266//1266 1247//1247
f 1265//1265 1267//1267 1266//1266
f 1269//1269 1268//1268 1266//1266
f 1267//1267 1269//1269 1266//1266
f 1268//1268 1224//1224 1226//1226
f 1268//1268 1227//1227 1224//1224
f 1268//1268 1226//1226 1270//1270
f 1266//1266 1268//1268 1270//1270
f 1266//1266 1270//1270 1271//1271
f 1247//1247 1266//1266 1271//1271
f 1270//1270 1225//1225 1230//1230
f 1270//1270 1226//1226 1225//1225
f 1271//1271 1230//1230 1272//1272
f 1271//1271 1270//1270 1230//1230
f 1274//1274 1272//1272 1273//1273
f 1274//1274 1271//1271 1272//1272
f 1244//1244 1274//1274 1275//1275
f 1244//1244 1245//1245 1274//1274
f 1245//1245 1271//1271 1274//1274
f 1245//1245 1247//1247 1271//1271
f 1278//1278 1277//1277 1276//1276
f 1279//1279 1278//1278 1276//1276
f 1281//1281 1276//1276 1280//1280
f 1281//1281 1279//1279 1276//1276
f 1280//1280 1283//1283 1282//1282
f 1280//1280 1276//1276 1283//1283
f 1276//1276 1284//1284 1283//1283
f 1276//1276 1277//1277 1284//1284
f 1277//1277 1285//1285 1284//1284
f 1277//1277 1286//1286 1285//1285
f 1287//1287 1286//1286 1277//1277
f 1278//1278 1287//1287 1277//1277
f 1280//1280 1282//1282 1288//1288
f 1289//1289 1280//1280 1288//1288
f 1290//1290 1280//1280 1289//1289
f 1290//1290 1281//1281 1280//1280
f 1292//1292 1288//1288 1291//1291
f 1292//1292 1289//1289 1288//1288
f 1292//1292 1291//1291 1293//1293
f 1294//1294 1292//1292 1293//1293
f 1293//1293 1296//1296 1295//1295
f 1293//1293 1297//1297 1296//1296
f 1293//1293 1298//1298 1297//1297
f 1293//1293 1291//1291 1298//1298
f 1288//1288 1282//1282 1298//1298
f 1291//1291 1288//1288 1298//1298
f 1297//1297 1300//1300 1299//1299
f 1297//1297 1298//1298 1300//1300
f 1300//1300 1301//1301 1299//1299
f 1300//1300 1302//1302 1301//1301
f 1283//1283 1302//1302 1300//1300
f 1283//1283 1284//1284 1302//1302
f 1298//1298 1283//1283 1300//1300
f 1298//1298 1282//1282 1283//1283
f 1297//1297 1303//1303 1296//1296
f 1297//1297 1299//1299 1303//1303
f 1303//1303 1305//1305 1304//1304
f 1303//1303 1299//1299 1305//1305
f 1307//1307 1304//1304 1306//1306
f 1307//1307 1303//1303 1304//1304
f 1296//1296 1307//1307 1308//1308
f 1296//1296 1303//1303 1307//1307
f 1310//1310 1307//1307 1309//1309
f 1310//1310 1308//1308 1307//1307
f 1296//1296 1308//1308 1311//1311
f 1295//1295 1296//1296 1311//1311
f 1313//1313 1312//1312 1238//1238
f 1314//1314 1313//1313 1238//1238
f 1307//1307 1306//1306 1313//1313
f 1309//1309 1307//1307 1313//1313
f 1313//1313 1315//1315 1312//1312
f 1313//1313 1306//1306 1315//1315
f 1304//1304 1316//1316 1315//1315
f 1306//1306 1304//1304 1315//1315
f 1315//1315 1316//1316 1317//1317
f 1312//1312 1315//1315 1317//1317
f 1312//1312 1317//1317 1237//1237
f 1238//1238 1312//1312 1237//1237
f 1305//1305 1319//1319 1318//1318
f 1305//1305 1320//1320 1319//1319
f 1316//1316 1318//1318 1256//1256
f 1317//1317 1316//1316 1256//1256
f 1237//1237 1256//1256 1253//1253
f 1237//1237 1317//1317 1256//1256
f 1255//1255 1321//1321 1254//1254
f 1255//1255 1322//1322 1321//1321
f 1318//1318 1255//1255 1256//1256
f 1318//1318 1319//1319 1255//1255
f 1323//1323 1322//1322 1255//1255
f 1319//1319 1323//1323 1255//1255
f 1320//1320 1323//1323 1319//1319
f 1320//1320 1324//1324 1323//1323
f 1304//1304 1318//1318 1316//1316
f 1304//1304 1305//1305 1318//1318
f 1325//1325 1320//1320 1305//1305
f 1299//1299 1325//1325 1305//1305
f 1325//1325 1324//1324 1320//1320
f 1325//1325 1326//1326 1324//1324
f 1327//1327 1322//1322 1323//1323
f 1324//1324 1327//1327 1323//1323
f 1326//1326 1327//1327 1324//1324
f 1326//1326 1328//1328 1327//1327
f 1329//1329 1328//1328 1326//1326
f 1330//1330 1329//1329 1326//1326
f 1332//1332 1329//1329 1330//1330
f 1332//1332 1331//1331 1329//1329
f 1332//1332 1334//1334 1333//1333
f 1331//1331 1332//1332 1333//1333
f 1332//1332 1335//1335 1334//1334
f 1332//1332 1330//1330 1335//1335
f 1335//1335 1301//1301 1336//1336
f 1334//1334 1335//1335 1336//1336
f 1326//1326 1325//1325 1335//1335
f 1330//1330 1326//1326 1335//1335
f 1302//1302 1336//1336 1301//1301
f 1302//1302 1337//1337 1336//1336
f 1325//1325 1299//1299 1301//1301
f 1335//1335 1325//1325 1301//1301
f 1338//1338 1337//1337 1285//1285
f 1286//1286 1338//1338 1285//1285
f 1284//1284 1337//1337 1302//1302
f 1284//1284 1285//1285 1337//1337
f 1341//1341 1339//1339 1338//1338
f 1341//1341 1340//1340 1339//1339
f 1338//1338 1336//1336 1337//1337
f 1338//1338 1339//1339 1336//1336
f 1287//1287 1338//1338 1286//1286
f 1287//1287 1341//1341 1338//1338
f 1333//1333 1336//1336 1339//1339
f 1333//1333 1334//1334 1336//1336
f 1343//1343 1333//1333 1342//1342
f 1343//1343 1331//1331 1333//1333
f 1342//1342 1339//1339 1340//1340
f 1342//1342 1333//1333 1339//1339
f 1346//1346 1345//1345 1344//1344
f 1346//1346 1343//1343 1345//1345
f 1343//1343 1342//1342 1347//1347
f 1345//1345 1343//1343 1347//1347
f 1349//1349 1347//1347 1348//1348
f 1349//1349 1345//1345 1347//1347
f 1349//1349 1348//1348 1350//1350
f 1351//1351 1349//1349 1350//1350
f 1353//1353 1351//1351 1352//1352
f 1353//1353 1344//1344 1351//1351
f 1344//1344 1349//1349 1351//1351
f 1344//1344 1345//1345 1349//1349
f 1355//1355 1354//1354 1353//1353
f 1356//1356 1355//1355 1353//1353
f 1346//1346 1344//1344 1353//1353
f 1354//1354 1346//1346 1353//1353
f 1343//1343 1346//1346 1329//1329
f 1331//1331 1343//1343 1329//1329
f 1346//1346 1354//1354 1328//1328
f 1329//1329 1346//1346 1328//1328
f 1328//1328 1357//1357 1327//1327
f 1328//1328 1354//1354 1357//1357
f 1355//1355 1358//1358 1354//1354
f 1355//1355 1359//1359 1358//1358
f 1361//1361 1359//1359 1355//1355
f 1361//1361 1360//1360 1359//1359
f 1364//1364 1363//1363 1362//1362
f 1365//1365 1364//1364 1362//1362
f 1362//1362 1259//1259 1254//1254
f 1321//1321 1362//1362 1254//1254
f 1367//1367 1366//1366 1359//1359
f 1360//1360 1367//1367 1359//1359
f 1368//1368 1364//1364 1365//1365
f 1358//1358 1368//1368 1365//1365
f 1359//1359 1368//1368 1358//1358
f 1359//1359 1366//1366 1368//1368
f 1358//1358 1365//1365 1357//1357
f 1354//1354 1358//1358 1357//1357
f 1327//1327 1321//1321 1322//1322
f 1327//1327 1357//1357 1321//1321
f 1365//1365 1362//1362 1321//1321
f 1357//1357 1365//1365 1321//1321
f 1369//1369 1366//1366 1367//1367
f 1370//1370 1369//1369 1367//1367
f 1371//1371 1367//1367 1360//1360
f 1371//1371 1370//1370 1367//1367
f 1371//1371 1360//1360 1361//1361
f 1372//1372 1371//1371 1361//1361
f 1374//1374 1370//1370 1371//1371
f 1374//1374 1373//1373 1370//1370
f 1374//1374 1371//1371 1372//1372
f 1375//1375 1374//1374 1372//1372
f 1376//1376 1375//1375 1372//1372
f 1377//1377 1376//1376 1372//1372
f 1378//1378 1353//1353 1352//1352
f 1378//1378 1356//1356 1353//1353
f 1380//1380 1377//1377 1379//1379
f 1381//1381 1380//1380 1379//1379
f 1381//1381 1378//1378 1382//1382
f 1380//1380 1381//1381 1382//1382
f 1381//1381 1356//1356 1378//1378
f 1381//1381 1379//1379 1356//1356
f 1379//1379 1355//1355 1356//1356
f 1379//1379 1361//1361 1355//1355
f 1377//1377 1372//1372 1361//1361
f 1379//1379 1377//1377 1361//1361
f 1383//1383 1376//1376 1377//1377
f 1380//1380 1383//1383 1377//1377
f 1385//1385 1384//1384 1383//1383
f 1386//1386 1385//1385 1383//1383
f 1380//1380 1382//1382 1386//1386
f 1383//1383 1380//1380 1386//1386
f 1387//1387 1385//1385 1386//1386
f 1388//1388 1387//1387 1386//1386
f 1386//1386 1389//1389 1388//1388
f 1386//1386 1382//1382 1389//1389
f 1382//1382 1352//1352 1389//1389
f 1382//1382 1378//1378 1352//1352
f 1352//1352 1350//1350 1389//1389
f 1352//1352 1351//1351 1350//1350
f 1392//1392 1391//1391 1390//1390
f 1393//1393 1392//1392 1390//1390
f 1390//1390 1395//1395 1394//1394
f 1393//1393 1390//1390 1394//1394
f 1397//1397 1396//1396 1395//1395
f 1390//1390 1397//1397 1395//1395
f 1391//1391 1398//1398 1397//1397
f 1390//1390 1391//1391 1397//1397
f 1391//1391 1399//1399 1398//1398
f 1391//1391 1400//1400 1399//1399
f 1401//1401 1207//1207 1399//1399
f 1400//1400 1401//1401 1399//1399
f 1399//1399 1207//1207 1208//1208
f 1398//1398 1399//1399 1208//1208
f 1397//1397 1208//1208 1402//1402
f 1397//1397 1398//1398 1208//1208
f 1402//1402 1403//1403 1396//1396
f 1397//1397 1402//1402 1396//1396
f 1402//1402 1205//1205 1209//1209
f 1402//1402 1208//1208 1205//1205
f 1402//1402 1227//1227 1403//1403
f 1402//1402 1209//1209 1227//1227
f 1403//1403 1268//1268 1269//1269
f 1403//1403 1227//1227 1268//1268
f 1403//1403 1269//1269 1404//1404
f 1396//1396 1403//1403 1404//1404
f 1404//1404 1269//1269 1267//1267
f 1405//1405 1404//1404 1267//1267
f 1396//1396 1404//1404 1405//1405
f 1395//1395 1396//1396 1405//1405
f 1405//1405 1267//1267 1265//1265
f 1406//1406 1405//1405 1265//1265
f 1265//1265 1260//1260 1406//1406
f 1265//1265 1263//1263 1260//1260
f 1395//1395 1405//1405 1406//1406
f 1394//1394 1395//1395 1406//1406
f 1406//1406 1407//1407 1394//1394
f 1406//1406 1260//1260 1407//1407
f 1411//1411 1409//1409 1408//1408
f 1411//1411 1410//1410 1409//1409
f 1407//1407 1409//1409 1410//1410
f 1407//1407 1264//1264 1409//1409
f 1258//1258 1409//1409 1264//1264
f 1257//1257 1258//1258 1264//1264
f 1260//1260 1264//1264 1407//1407
f 1260//1260 1261//1261 1264//1264
f 1363//1363 1408//1408 1259//1259
f 1362//1362 1363//1363 1259//1259
f 1408//1408 1409//1409 1258//1258
f 1259//1259 1408//1408 1258//1258
f 1364//1364 1408//1408 1363//1363
f 1364//1364 1411//1411 1408//1408
f 1368//1368 1411//1411 1364//1364
f 1368//1368 1412//1412 1411//1411
f 1369//1369 1368//1368 1366//1366
f 1369//1369 1412//1412 1368//1368
f 1413//1413 1412//1412 1369//1369
f 1413//1413 1393//1393 1412//1412
f 1412//1412 1410//1410 1411//1411
f 1412//1412 1393//1393 1410//1410
f 1394//1394 1410//1410 1393//1393
f 1394//1394 1407//1407 1410//1410
f 1413//1413 1415//1415 1414//1414
f 1393//1393 1413//1413 1414//1414
f 1373//1373 1369//1369 1370//1370
f 1373//1373 1413//1413 1369//1369
f 1373//1373 1416//1416 1415//1415
f 1413//1413 1373//1373 1415//1415
f 1373//1373 1417//1417 1416//1416
f 1373//1373 1374//1374 1417//1417
f 1415//1415 1419//1419 1418//1418
f 1414//1414 1415//1415 1418//1418
f 1416//1416 1420//1420 1419//1419
f 1415//1415 1416//1416 1419//1419
f 1422//1422 1418//1418 1421//1421
f 1422//1422 1414//1414 1418//1418
f 1424//1424 1422//1422 1423//1423
f 1424//1424 1392//1392 1422//1422
f 1424//1424 1400//1400 1391//1391
f 1392//1392 1424//1424 1391//1391
f 1392//1392 1414//1414 1422//1422
f 1392//1392 1393//1393 1414//1414
f 1424//1424 1401//1401 1400//1400
f 1424//1424 1425//1425 1401//1401
f 1424//1424 1423//1423 1426//1426
f 1425//1425 1424//1424 1426//1426
f 1428//1428 1427//1427 1385//1385
f 1387//1387 1428//1428 1385//1385
f 1384//1384 1429//1429 1376//1376
f 1383//1383 1384//1384 1376//1376
f 1374//1374 1430//1430 1417//1417
f 1374//1374 1375//1375 1430//1430
f 1433//1433 1432//1432 1431//1431
f 1434//1434 1433//1433 1431//1431
f 1431//1431 1436//1436 1435//1435
f 1434//1434 1431//1431 1435//1435
f 1434//1434 1435//1435 1437//1437
f 1438//1438 1434//1434 1437//1437
f 1441//1441 1440//1440 1439//1439
f 1438//1438 1441//1441 1439//1439
f 1439//1439 1433//1433 1434//1434
f 1438//1438 1439//1439 1434//1434
f 1440//1440 1443//1443 1442//1442
f 1439//1439 1440//1440 1442//1442
f 1442//1442 1444//1444 1433//1433
f 1439//1439 1442//1442 1433//1433
f 1447//1447 1446//1446 1445//1445
f 1444//1444 1447//1447 1445//1445
f 1442//1442 1447//1447 1444//1444
f 1442//1442 1448//1448 1447//1447
f 1447//1447 1449//1449 1446//1446
f 1447//1447 1450//1450 1449//1449
f 1448//1448 1450//1450 1447//1447
f 1448//1448 1218//1218 1450//1450
f 1450//1450 1451//1451 1449//1449
f 1450//1450 1452//1452 1451//1451
f 1453//1453 1452//1452 1450//1450
f 1218//1218 1453//1453 1450//1450
f 1449//1449 1455//1455 1454//1454
f 1449//1449 1451//1451 1455//1455
f 1433//1433 1445//1445 1432//1432
f 1433//1433 1444//1444 1445//1445
f 1431//1431 1457//1457 1456//1456
f 1431//1431 1432//1432 1457//1457
f 1445//1445 1446//1446 1457//1457
f 1432//1432 1445//1445 1457//1457
f 1457//1457 1449//1449 1454//1454
f 1457//1457 1446//1446 1449//1449
f 1456//1456 1454//1454 1458//1458
f 1456//1456 1457//1457 1454//1454
f 1454//1454 1459//1459 1458//1458
f 1454//1454 1455//1455 1459//1459
f 1462//1462 1461//1461 1460//1460
f 1462//1462 1458//1458 1461//1461
f 1464//1464 1460//1460 1463//1463
f 1464//1464 1462//1462 1460//1460
f 1464//1464 1465//1465 1462//1462
f 1464//1464 1466//1466 1465//1465
f 1462//1462 1467//1467 1458//1458
f 1462//1462 1465//1465 1467//1467
f 1466//1466 1468//1468 1465//1465
f 1466//1466 1469//1469 1468//1468
f 1465//1465 1470//1470 1467//1467
f 1465//1465 1468//1468 1470//1470
f 1456//1456 1467//1467 1471//1471
f 1456//1456 1458//1458 1467//1467
f 1431//1431 1471//1471 1436//1436
f 1431//1431 1456//1456 1471//1471
f 1471//1471 1470//1470 1472//1472
f 1471//1471 1467//1467 1470//1470
f 1461//1461 1474//1474 1473//1473
f 1461//1461 1458//1458 1474//1474
f 1464//1464 1463//1463 1475//1475
f 1476//1476 1464//1464 1475//1475
f 1477//1477 1466//1466 1464//1464
f 1476//1476 1477//1477 1464//1464
f 1477//1477 1469//1469 1466//1466
f 1477//1477 1478//1478 1469//1469
f 1479//1479 1468//1468 1469//1469
f 1478//1478 1479//1479 1469//1469
f 1480//1480 1478//1478 1477//1477
f 1481//1481 1480//1480 1477//1477
f 1484//1484 1483//1483 1482//1482
f 1485//1485 1484//1484 1482//1482
f 1484//1484 1479//1479 1478//1478
f 1480//1480 1484//1484 1478//1478
f 1484//1484 1486//1486 1479//1479
f 1484//1484 1485//1485 1486//1486
f 1471//1471 1472//1472 1487//1487
f 1436//1436 1471//1471 1487//1487
f 1435//1435 1487//1487 1488//1488
f 1435//1435 1436//1436 1487//1487
f 1487//1487 1472//1472 1489//1489
f 1488//1488 1487//1487 1489//1489
f 1489//1489 1470//1470 1486//1486
f 1489//1489 1472//1472 1470//1470
f 1486//1486 1470//1470 1468//1468
f 1479//1479 1486//1486 1468//1468
f 1490//1490 1486//1486 1485//1485
f 1490//1490 1489//1489 1486//1486
f 1491//1491 1489//1489 1490//1490
f 1491//1491 1488//1488 1489//1489
f 1437//1437 1488//1488 1491//1491
f 1437//1437 1435//1435 1488//1488
f 1493//1493 1441//1441 1438//1438
f 1493//1493 1492//1492 1441//1441
f 1493//1493 1437//1437 1494//1494
f 1493//1493 1438//1438 1437//1437
f 1497//1497 1496//1496 1495//1495
f 1498//1498 1497//1497 1495//1495
f 1500//1500 1497//1497 1498//1498
f 1500//1500 1499//1499 1497//1497
f 1503//1503 1502//1502 1501//1501
f 1503//1503 1199//1199 1502//1502
f 1505//1505 1503//1503 1504//1504
f 1505//1505 1199//1199 1503//1503
f 1508//1508 1507//1507 1506//1506
f 1508//1508 1502//1502 1507//1507
f 1511//1511 1510//1510 1509//1509
f 1443//1443 1511//1511 1509//1509
f 1507//1507 1510//1510 1511//1511
f 1506//1506 1507//1507 1511//1511
f 1507//1507 1215//1215 1510//1510
f 1507//1507 1200//1200 1215//1215
f 1502//1502 1200//1200 1507//1507
f 1502//1502 1199//1199 1200//1200
f 1440//1440 1511//1511 1443//1443
f 1440//1440 1506//1506 1511//1511
f 1508//1508 1506//1506 1440//1440
f 1441//1441 1508//1508 1440//1440
f 1492//1492 1508//1508 1441//1441
f 1492//1492 1512//1512 1508//1508
f 1513//1513 1512//1512 1492//1492
f 1514//1514 1513//1513 1492//1492
f 1514//1514 1492//1492 1493//1493
f 1515//1515 1514//1514 1493//1493
f 1515//1515 1517//1517 1516//1516
f 1495//1495 1515//1515 1516//1516
f 1493//1493 1494//1494 1517//1517
f 1515//1515 1493//1493 1517//1517
f 1448//1448 1216//1216 1218//1218
f 1448//1448 1509//1509 1216//1216
f 1509//1509 1215//1215 1216//1216
f 1509//1509 1510//1510 1215//1215
f 1442//1442 1509//1509 1448//1448
f 1442//1442 1443//1443 1509//1509
f 1401//1401 1206//1206 1207//1207
f 1401//1401 1217//1217 1206//1206
f 1496//1496 1514//1514 1515//1515
f 1495//1495 1496//1496 1515//1515
f 1518//1518 1513//1513 1514//1514
f 1496//1496 1518//1518 1514//1514
f 1501//1501 1512//1512 1513//1513
f 1518//1518 1501//1501 1513//1513
f 1519//1519 1518//1518 1496//1496
f 1497//1497 1519//1519 1496//1496
f 1499//1499 1519//1519 1497//1497
f 1499//1499 1520//1520 1519//1519
f 1504//1504 1520//1520 1521//1521
f 1522//1522 1504//1504 1521//1521
f 1503//1503 1519//1519 1520//1520
f 1504//1504 1503//1503 1520//1520
f 1523//1523 1504//1504 1522//1522
f 1523//1523 1505//1505 1504//1504
f 1501//1501 1508//1508 1512//1512
f 1501//1501 1502//1502 1508//1508
f 1503//1503 1501//1501 1518//1518
f 1519//1519 1503//1503 1518//1518
f 1505//1505 1197//1197 1199//1199
f 1505//1505 1202//1202 1197//1197
f 1525//1525 1524//1524 1523//1523
f 1526//1526 1525//1525 1523//1523
f 1524//1524 1202//1202 1505//1505
f 1523//1523 1524//1524 1505//1505
f 1527//1527 1201//1201 1202//1202
f 1524//1524 1527//1527 1202//1202
f 1204//1204 1201//1201 1527//1527
f 1528//1528 1204//1204 1527//1527
f 1528//1528 1527//1527 1524//1524
f 1525//1525 1528//1528 1524//1524
f 1529//1529 1528//1528 1525//1525
f 1530//1530 1529//1529 1525//1525
f 1532//1532 1531//1531 1529//1529
f 1530//1530 1532//1532 1529//1529
f 1533//1533 1532//1532 1530//1530
f 1534//1534 1533//1533 1530//1530
f 1530//1530 1525//1525 1526//1526
f 1534//1534 1530//1530 1526//1526
f 1523//1523 1522//1522 1535//1535
f 1526//1526 1523//1523 1535//1535
f 1535//1535 1521//1521 1536//1536
f 1535//1535 1522//1522 1521//1521
f 1536//1536 1520//1520 1499//1499
f 1536//1536 1521//1521 1520//1520
f 1537//1537 1499//1499 1500//1500
f 1537//1537 1536//1536 1499//1499
f 1538//1538 1536//1536 1537//1537
f 1538//1538 1535//1535 1536//1536
f 1541//1541 1540//1540 1539//1539
f 1542//1542 1541//1541 1539//1539
f 1538//1538 1537//1537 1540//1540
f 1541//1541 1538//1538 1540//1540
f 1544//1544 1540//1540 1543//1543
f 1544//1544 1539//1539 1540//1540
f 1545//1545 1539//1539 1544//1544
f 1545//1545 1542//1542 1539//1539
f 1547//1547 1544//1544 1546//1546
f 1547//1547 1545//1545 1544//1544
f 1546//1546 1543//1543 1548//1548
f 1546//1546 1544//1544 1543//1543
f 1543//1543 1537//1537 1500//1500
f 1543//1543 1540//1540 1537//1537
f 1529//1529 1204//1204 1528//1528
f 1529//1529 1228//1228 1204//1204
f 1529//1529 1222//1222 1228//1228
f 1529//1529 1531//1531 1222//1222
f 1550//1550 1549//1549 1531//1531
f 1532//1532 1550//1550 1531//1531
f 1551//1551 1221//1221 1549//1549
f 1550//1550 1551//1551 1549//1549
f 1531//1531 1221//1221 1222//1222
f 1531//1531 1549//1549 1221//1221
f 1552//1552 1220//1220 1221//1221
f 1551//1551 1552//1552 1221//1221
f 1554//1554 1552//1552 1553//1553
f 1554//1554 1229//1229 1552//1552
f 1272//1272 1229//1229 1554//1554
f 1272//1272 1230//1230 1229//1229
f 1229//1229 1220//1220 1552//1552
f 1229//1229 1223//1223 1220//1220
f 1557//1557 1556//1556 1555//1555
f 1558//1558 1557//1557 1555//1555
f 1557//1557 1554//1554 1553//1553
f 1557//1557 1559//1559 1554//1554
f 1557//1557 1560//1560 1556//1556
f 1557//1557 1553//1553 1560//1560
f 1563//1563 1561//1561 1553//1553
f 1563//1563 1562//1562 1561//1561
f 1553//1553 1552//1552 1551//1551
f 1563//1563 1553//1553 1551//1551
f 1563//1563 1551//1551 1550//1550
f 1564//1564 1563//1563 1550//1550
f 1566//1566 1565//1565 1562//1562
f 1567//1567 1566//1566 1562//1562
f 1564//1564 1562//1562 1563//1563
f 1564//1564 1567//1567 1562//1562
f 1562//1562 1568//1568 1561//1561
f 1562//1562 1565//1565 1568//1568
f 1570//1570 1568//1568 1565//1565
f 1570//1570 1569//1569 1568//1568
f 1574//1574 1572//1572 1571//1571
f 1574//1574 1573//1573 1572//1572
f 1573//1573 1568//1568 1572//1572
f 1573//1573 1561//1561 1568//1568
f 1560//1560 1561//1561 1573//1573
f 1560//1560 1553//1553 1561//1561
f 1575//1575 1573//1573 1574//1574
f 1575//1575 1560//1560 1573//1573
f 1556//1556 1577//1577 1576//1576
f 1555//1555 1556//1556 1576//1576
f 1560//1560 1575//1575 1577//1577
f 1556//1556 1560//1560 1577//1577
f 1579//1579 1575//1575 1578//1578
f 1579//1579 1577//1577 1575//1575
f 1578//1578 1574//1574 1580//1580
f 1578//1578 1575//1575 1574//1574
f 1582//1582 1578//1578 1581//1581
f 1582//1582 1579//1579 1578//1578
f 1585//1585 1584//1584 1583//1583
f 1585//1585 1580//1580 1584//1584
f 1581//1581 1580//1580 1585//1585
f 1581//1581 1578//1578 1580//1580
f 1580//1580 1571//1571 1584//1584
f 1580//1580 1574//1574 1571//1571
f 1588//1588 1587//1587 1586//1586
f 1589//1589 1588//1588 1586//1586
f 1590//1590 1568//1568 1569//1569
f 1590//1590 1572//1572 1568//1568
f 1584//1584 1572//1572 1590//1590
f 1584//1584 1571//1571 1572//1572
f 1583//1583 1590//1590 1591//1591
f 1583//1583 1584//1584 1590//1590
f 1591//1591 1569//1569 1592//1592
f 1591//1591 1590//1590 1569//1569
f 1593//1593 1569//1569 1570//1570
f 1593//1593 1592//1592 1569//1569
f 1592//1592 1593//1593 1594//1594
f 1595//1595 1592//1592 1594//1594
f 1593//1593 1597//1597 1596//1596
f 1594//1594 1593//1593 1596//1596
f 1595//1595 1594//1594 1598//1598
f 1599//1599 1595//1595 1598//1598
f 1603//1603 1601//1601 1600//1600
f 1603//1603 1602//1602 1601//1601
f 1606//1606 1605//1605 1604//1604
f 1607//1607 1606//1606 1604//1604
f 1599//1599 1608//1608 1606//1606
f 1595//1595 1599//1599 1606//1606
f 1608//1608 1609//1609 1605//1605
f 1606//1606 1608//1608 1605//1605
f 1611//1611 1610//1610 1609//1609
f 1608//1608 1611//1611 1609//1609
f 1609//1609 1610//1610 1612//1612
f 1605//1605 1609//1609 1612//1612
f 1613//1613 1611//1611 1608//1608
f 1599//1599 1613//1613 1608//1608
f 1599//1599 1598//1598 1614//1614
f 1613//1613 1599//1599 1614//1614
f 1613//1613 1614//1614 1615//1615
f 1616//1616 1613//1613 1615//1615
f 1615//1615 1618//1618 1617//1617
f 1615//1615 1614//1614 1618//1618
f 1614//1614 1619//1619 1618//1618
f 1614//1614 1598//1598 1619//1619
f 1617//1617 1542//1542 1545//1545
f 1615//1615 1617//1617 1545//1545
f 1617//1617 1541//1541 1542//1542
f 1617//1617 1620//1620 1541//1541
f 1618//1618 1596//1596 1621//1621
f 1618//1618 1619//1619 1596//1596
f 1621//1621 1597//1597 1622//1622
f 1621//1621 1596//1596 1597//1597
f 1617//1617 1621//1621 1620//1620
f 1617//1617 1618//1618 1621//1621
f 1594//1594 1596//1596 1619//1619
f 1598//1598 1594//1594 1619//1619
f 1620//1620 1622//1622 1534//1534
f 1620//1620 1621//1621 1622//1622
f 1597//1597 1570//1570 1623//1623
f 1597//1597 1593//1593 1570//1570
f 1570//1570 1565//1565 1566//1566
f 1623//1623 1570//1570 1566//1566
f 1597//1597 1623//1623 1624//1624
f 1622//1622 1597//1597 1624//1624
f 1622//1622 1624//1624 1533//1533
f 1534//1534 1622//1622 1533//1533
f 1624//1624 1566//1566 1567//1567
f 1624//1624 1623//1623 1566//1566
f 1624//1624 1567//1567 1564//1564
f 1533//1533 1624//1624 1564//1564
f 1564//1564 1550//1550 1532//1532
f 1533//1533 1564//1564 1532//1532
f 1620//1620 1538//1538 1541//1541
f 1620//1620 1534//1534 1538//1538
f 1526//1526 1535//1535 1538//1538
f 1534//1534 1526//1526 1538//1538
f 1548//1548 1500//1500 1498//1498
f 1548//1548 1543//1543 1500//1500
f 1615//1615 1545//1545 1547//1547
f 1616//1616 1615//1615 1547//1547
f 1547//1547 1625//1625 1616//1616
f 1547//1547 1626//1626 1625//1625
f 1628//1628 1627//1627 1548//1548
f 1498//1498 1628//1628 1548//1548
f 1632//1632 1630//1630 1629//1629
f 1632//1632 1631//1631 1630//1630
f 1632//1632 1633//1633 1631//1631
f 1632//1632 1634//1634 1633//1633
f 1638//1638 1636//1636 1635//1635
f 1638//1638 1637//1637 1636//1636
f 1641//1641 1639//1639 1637//1637
f 1641//1641 1640//1640 1639//1639
f 1640//1640 1642//1642 1639//1639
f 1640//1640 1631//1631 1642//1642
f 1639//1639 1643//1643 1636//1636
f 1637//1637 1639//1639 1636//1636
f 1639//1639 1644//1644 1643//1643
f 1639//1639 1642//1642 1644//1644
f 1640//1640 1630//1630 1631//1631
f 1640//1640 1645//1645 1630//1630
f 1629//1629 1647//1647 1646//1646
f 1629//1629 1630//1630 1647//1647
f 1651//1651 1649//1649 1648//1648
f 1651//1651 1650//1650 1649//1649
f 1641//1641 1645//1645 1640//1640
f 1641//1641 1648//1648 1645//1645
f 1652//1652 1648//1648 1641//1641
f 1652//1652 1651//1651 1648//1648
f 1641//1641 1637//1637 1638//1638
f 1652//1652 1641//1641 1638//1638
f 1654//1654 1651//1651 1652//1652
f 1654//1654 1653//1653 1651//1651
f 1652//1652 1638//1638 1655//1655
f 1654//1654 1652//1652 1655//1655
f 1648//1648 1656//1656 1645//1645
f 1648//1648 1649//1649 1656//1656
f 1645//1645 1647//1647 1630//1630
f 1645//1645 1656//1656 1647//1647
f 1658//1658 1625//1625 1657//1657
f 1658//1658 1616//1616 1625//1625
f 1657//1657 1656//1656 1649//1649
f 1650//1650 1657//1657 1649//1649
f 1657//1657 1647//1647 1656//1656
f 1657//1657 1625//1625 1647//1647
f 1626//1626 1647//1647 1625//1625
f 1626//1626 1646//1646 1647//1647
f 1653//1653 1650//1650 1651//1651
f 1653//1653 1659//1659 1650//1650
f 1659//1659 1657//1657 1650//1650
f 1659//1659 1658//1658 1657//1657
f 1662//1662 1661//1661 1660//1660
f 1663//1663 1662//1662 1660//1660
f 1663//1663 1660//1660 1664//1664
f 1665//1665 1663//1663 1664//1664
f 1666//1666 1663//1663 1665//1665
f 1667//1667 1666//1666 1665//1665
f 1666//1666 1662//1662 1663//1663
f 1666//1666 1668//1668 1662//1662
f 1667//1667 1669//1669 1666//1666
f 1667//1667 1670//1670 1669//1669
f 1671//1671 1670//1670 1667//1667
f 1672//1672 1671//1671 1667//1667
f 1672//1672 1674//1674 1673//1673
f 1675//1675 1672//1672 1673//1673
f 1667//1667 1665//1665 1674//1674
f 1672//1672 1667//1667 1674//1674
f 1665//1665 1664//1664 1676//1676
f 1674//1674 1665//1665 1676//1676
f 1674//1674 1676//1676 1677//1677
f 1673//1673 1674//1674 1677//1677
f 1677//1677 1678//1678 1673//1673
f 1677//1677 1635//1635 1678//1678
f 1655//1655 1679//1679 1654//1654
f 1655//1655 1680//1680 1679//1679
f 1680//1680 1661//1661 1679//1679
f 1680//1680 1660//1660 1661//1661
f 1664//1664 1660//1660 1680//1680
f 1676//1676 1664//1664 1680//1680
f 1677//1677 1680//1680 1655//1655
f 1677//1677 1676//1676 1680//1680
f 1638//1638 1635//1635 1677//1677
f 1655//1655 1638//1638 1677//1677
f 1636//1636 1643//1643 1678//1678
f 1635//1635 1636//1636 1678//1678
f 1678//1678 1644//1644 1681//1681
f 1678//1678 1643//1643 1644//1644
f 1673//1673 1681//1681 1675//1675
f 1673//1673 1678//1678 1681//1681
f 1682//1682 1671//1671 1672//1672
f 1675//1675 1682//1682 1672//1672
f 1683//1683 1626//1626 1547//1547
f 1546//1546 1683//1683 1547//1547
f 1627//1627 1683//1683 1546//1546
f 1548//1548 1627//1627 1546//1546
f 1685//1685 1684//1684 1683//1683
f 1627//1627 1685//1685 1683//1683
f 1684//1684 1646//1646 1626//1626
f 1683//1683 1684//1684 1626//1626
f 1629//1629 1646//1646 1684//1684
f 1685//1685 1629//1629 1684//1684
f 1686//1686 1685//1685 1627//1627
f 1628//1628 1686//1686 1627//1627
f 1688//1688 1687//1687 1686//1686
f 1628//1628 1688//1688 1686//1686
f 1690//1690 1689//1689 1687//1687
f 1688//1688 1690//1690 1687//1687
f 1687//1687 1634//1634 1632//1632
f 1686//1686 1687//1687 1632//1632
f 1689//1689 1691//1691 1634//1634
f 1687//1687 1689//1689 1634//1634
f 1632//1632 1629//1629 1685//1685
f 1686//1686 1632//1632 1685//1685
f 1634//1634 1692//1692 1633//1633
f 1634//1634 1691//1691 1692//1692
f 1694//1694 1692//1692 1691//1691
f 1694//1694 1693//1693 1692//1692
f 1694//1694 1691//1691 1689//1689
f 1690//1690 1694//1694 1689//1689
f 1698//1698 1696//1696 1695//1695
f 1698//1698 1697//1697 1696//1696
f 1699//1699 1697//1697 1698//1698
f 1700//1700 1699//1699 1698//1698
f 1700//1700 1698//1698 1701//1701
f 1702//1702 1700//1700 1701//1701
f 1703//1703 1699//1699 1700//1700
f 1704//1704 1703//1703 1700//1700
f 1701//1701 1694//1694 1690//1690
f 1702//1702 1701//1701 1690//1690
f 1704//1704 1700//1700 1702//1702
f 1705//1705 1704//1704 1702//1702
f 1702//1702 1690//1690 1688//1688
f 1705//1705 1702//1702 1688//1688
f 1706//1706 1703//1703 1704//1704
f 1707//1707 1706//1706 1704//1704
f 1480//1480 1709//1709 1708//1708
f 1480//1480 1481//1481 1709//1709
f 1709//1709 1711//1711 1710//1710
f 1709//1709 1712//1712 1711//1711
f 1481//1481 1712//1712 1709//1709
f 1481//1481 1713//1713 1712//1712
f 1481//1481 1477//1477 1476//1476
f 1713//1713 1481//1481 1476//1476
f 1716//1716 1714//1714 1713//1713
f 1716//1716 1715//1715 1714//1714
f 1476//1476 1475//1475 1716//1716
f 1713//1713 1476//1476 1716//1716
f 1719//1719 1718//1718 1717//1717
f 1720//1720 1719//1719 1717//1717
f 1717//1717 1491//1491 1490//1490
f 1717//1717 1718//1718 1491//1491
f 1494//1494 1491//1491 1718//1718
f 1494//1494 1437//1437 1491//1491
f 1494//1494 1718//1718 1719//1719
f 1517//1517 1494//1494 1719//1719
f 1517//1517 1719//1719 1720//1720
f 1516//1516 1517//1517 1720//1720
f 1516//1516 1720//1720 1706//1706
f 1707//1707 1516//1516 1706//1706
f 1720//1720 1717//1717 1721//1721
f 1706//1706 1720//1720 1721//1721
f 1721//1721 1722//1722 1703//1703
f 1706//1706 1721//1721 1703//1703
f 1722//1722 1697//1697 1699//1699
f 1703//1703 1722//1722 1699//1699
f 1722//1722 1696//1696 1697//1697
f 1722//1722 1482//1482 1696//1696
f 1696//1696 1723//1723 1695//1695
f 1696//1696 1724//1724 1723//1723
f 1723//1723 1711//1711 1725//1725
f 1723//1723 1710//1710 1711//1711
f 1726//1726 1710//1710 1723//1723
f 1724//1724 1726//1726 1723//1723
f 1483//1483 1726//1726 1724//1724
f 1483//1483 1708//1708 1726//1726
f 1709//1709 1710//1710 1726//1726
f 1708//1708 1709//1709 1726//1726
f 1480//1480 1708//1708 1483//1483
f 1484//1484 1480//1480 1483//1483
f 1483//1483 1724//1724 1696//1696
f 1482//1482 1483//1483 1696//1696
f 1721//1721 1482//1482 1722//1722
f 1721//1721 1485//1485 1482//1482
f 1701//1701 1695//1695 1727//1727
f 1701//1701 1698//1698 1695//1695
f 1701//1701 1693//1693 1694//1694
f 1701//1701 1727//1727 1693//1693
f 1707//1707 1704//1704 1705//1705
f 1498//1498 1707//1707 1705//1705
f 1705//1705 1688//1688 1628//1628
f 1498//1498 1705//1705 1628//1628
f 1495//1495 1516//1516 1707//1707
f 1498//1498 1495//1495 1707//1707
f 1721//1721 1490//1490 1485//1485
f 1721//1721 1717//1717 1490//1490
f 1728//1728 1725//1725 1711//1711
f 1729//1729 1728//1728 1711//1711
f 1695//1695 1725//1725 1727//1727
f 1695//1695 1723//1723 1725//1725
f 1730//1730 1713//1713 1714//1714
f 1731//1731 1730//1730 1714//1714
f 1730//1730 1712//1712 1713//1713
f 1730//1730 1732//1732 1712//1712
f 1732//1732 1711//1711 1712//1712
f 1732//1732 1729//1729 1711//1711
f 1733//1733 1729//1729 1732//1732
f 1734//1734 1733//1733 1732//1732
f 1735//1735 1732//1732 1730//1730
f 1735//1735 1734//1734 1732//1732
f 1736//1736 1730//1730 1731//1731
f 1736//1736 1735//1735 1730//1730
f 1739//1739 1738//1738 1737//1737
f 1740//1740 1739//1739 1737//1737
f 1737//1737 1734//1734 1735//1735
f 1737//1737 1738//1738 1734//1734
f 1735//1735 1736//1736 1741//1741
f 1737//1737 1735//1735 1741//1741
f 1737//1737 1741//1741 1742//1742
f 1740//1740 1737//1737 1742//1742
f 1738//1738 1733//1733 1734//1734
f 1738//1738 1743//1743 1733//1733
f 1743//1743 1728//1728 1729//1729
f 1733//1733 1743//1743 1729//1729
f 1739//1739 1743//1743 1738//1738
f 1739//1739 1744//1744 1743//1743
f 1746//1746 1745//1745 1744//1744
f 1739//1739 1746//1746 1744//1744
f 1744//1744 1747//1747 1728//1728
f 1743//1743 1744//1744 1728//1728
f 1747//1747 1727//1727 1725//1725
f 1728//1728 1747//1747 1725//1725
f 1745//1745 1748//1748 1747//1747
f 1744//1744 1745//1745 1747//1747
f 1747//1747 1693//1693 1727//1727
f 1747//1747 1748//1748 1693//1693
f 1749//1749 1692//1692 1693//1693
f 1748//1748 1749//1749 1693//1693
f 1750//1750 1749//1749 1748//1748
f 1745//1745 1750//1750 1748//1748
f 1746//1746 1750//1750 1745//1745
f 1746//1746 1751//1751 1750//1750
f 1751//1751 1749//1749 1750//1750
f 1751//1751 1752//1752 1749//1749
f 1752//1752 1692//1692 1749//1749
f 1752//1752 1633//1633 1692//1692
f 1754//1754 1752//1752 1751//1751
f 1754//1754 1753//1753 1752//1752
f 1753//1753 1633//1633 1752//1752
f 1753//1753 1631//1631 1633//1633
f 1757//1757 1756//1756 1755//1755
f 1740//1740 1757//1757 1755//1755
f 1756//1756 1759//1759 1758//1758
f 1755//1755 1756//1756 1758//1758
f 1755//1755 1760//1760 1740//1740
f 1755//1755 1761//1761 1760//1760
f 1754//1754 1751//1751 1746//1746
f 1760//1760 1754//1754 1746//1746
f 1760//1760 1746//1746 1739//1739
f 1740//1740 1760//1760 1739//1739
f 1763//1763 1754//1754 1762//1762
f 1763//1763 1753//1753 1754//1754
f 1765//1765 1762//1762 1764//1764
f 1765//1765 1763//1763 1762//1762
f 1767//1767 1764//1764 1766//1766
f 1767//1767 1765//1765 1764//1764
f 1766//1766 1762//1762 1761//1761
f 1766//1766 1764//1764 1762//1762
f 1761//1761 1754//1754 1760//1760
f 1761//1761 1762//1762 1754//1754
f 1768//1768 1766//1766 1758//1758
f 1768//1768 1767//1767 1766//1766
f 1758//1758 1761//1761 1755//1755
f 1758//1758 1766//1766 1761//1761
f 1758//1758 1769//1769 1768//1768
f 1758//1758 1759//1759 1769//1769
f 1771//1771 1770//1770 1769//1769
f 1759//1759 1771//1771 1769//1769
f 1768//1768 1772//1772 1675//1675
f 1768//1768 1769//1769 1772//1772
f 1682//1682 1772//1772 1773//1773
f 1682//1682 1675//1675 1772//1772
f 1675//1675 1767//1767 1768//1768
f 1675//1675 1681//1681 1767//1767
f 1681//1681 1765//1765 1767//1767
f 1681//1681 1644//1644 1765//1765
f 1642//1642 1753//1753 1763//1763
f 1642//1642 1631//1631 1753//1753
f 1644//1644 1763//1763 1765//1765
f 1644//1644 1642//1642 1763//1763
f 1777//1777 1775//1775 1774//1774
f 1777//1777 1776//1776 1775//1775
f 1779//1779 1776//1776 1777//1777
f 1779//1779 1778//1778 1776//1776
f 1781//1781 1780//1780 1776//1776
f 1778//1778 1781//1781 1776//1776
f 1783//1783 1781//1781 1778//1778
f 1783//1783 1782//1782 1781//1781
f 1784//1784 1782//1782 1783//1783
f 1785//1785 1784//1784 1783//1783
f 1787//1787 1774//1774 1786//1786
f 1788//1788 1787//1787 1786//1786
f 1790//1790 1787//1787 1788//1788
f 1790//1790 1789//1789 1787//1787
f 1787//1787 1792//1792 1791//1791
f 1774//1774 1787//1787 1791//1791
f 1796//1796 1794//1794 1793//1793
f 1796//1796 1795//1795 1794//1794
f 1798//1798 1797//1797 1794//1794
f 1795//1795 1798//1798 1794//1794
f 1801//1801 1798//1798 1799//1799
f 1801//1801 1800//1800 1798//1798
f 1799//1799 1795//1795 1802//1802
f 1799//1799 1798//1798 1795//1795
f 1795//1795 1803//1803 1802//1802
f 1795//1795 1796//1796 1803//1803
f 1804//1804 1793//1793 1790//1790
f 1804//1804 1796//1796 1793//1793
f 1793//1793 1805//1805 1789//1789
f 1790//1790 1793//1793 1789//1789
f 1804//1804 1788//1788 1806//1806
f 1804//1804 1790//1790 1788//1788
f 1796//1796 1806//1806 1803//1803
f 1796//1796 1804//1804 1806//1806
f 1806//1806 1786//1786 1807//1807
f 1806//1806 1788//1788 1786//1786
f 1803//1803 1807//1807 1808//1808
f 1803//1803 1806//1806 1807//1807
f 1802//1802 1808//1808 1809//1809
f 1802//1802 1803//1803 1808//1808
f 1813//1813 1811//1811 1810//1810
f 1813//1813 1812//1812 1811//1811
f 1810//1810 1815//1815 1814//1814
f 1810//1810 1811//1811 1815//1815
f 1818//1818 1816//1816 1815//1815
f 1818//1818 1817//1817 1816//1816
f 1811//1811 1818//1818 1815//1815
f 1811//1811 1819//1819 1818//1818
f 1820//1820 1819//1819 1811//1811
f 1812//1812 1820//1820 1811//1811
f 1822//1822 1819//1819 1820//1820
f 1822//1822 1821//1821 1819//1819
f 1821//1821 1818//1818 1819//1819
f 1821//1821 1823//1823 1818//1818
f 1825//1825 1823//1823 1821//1821
f 1825//1825 1824//1824 1823//1823
f 1826//1826 1821//1821 1822//1822
f 1826//1826 1825//1825 1821//1821
f 1828//1828 1825//1825 1827//1827
f 1828//1828 1824//1824 1825//1825
f 1827//1827 1830//1830 1829//1829
f 1831//1831 1827//1827 1829//1829
f 1831//1831 1829//1829 1832//1832
f 1833//1833 1831//1831 1832//1832
f 1834//1834 1827//1827 1831//1831
f 1834//1834 1828//1828 1827//1827
f 1836//1836 1834//1834 1835//1835
f 1836//1836 1828//1828 1834//1834
f 1839//1839 1835//1835 1837//1837
f 1839//1839 1838//1838 1835//1835
f 1842//1842 1839//1839 1840//1840
f 1842//1842 1841//1841 1839//1839
f 1840//1840 1837//1837 1843//1843
f 1840//1840 1839//1839 1837//1837
f 1843//1843 1845//1845 1844//1844
f 1843//1843 1837//1837 1845//1845
f 1837//1837 1834//1834 1845//1845
f 1837//1837 1835//1835 1834//1834
f 1834//1834 1831//1831 1833//1833
f 1845//1845 1834//1834 1833//1833
f 1845//1845 1833//1833 1846//1846
f 1844//1844 1845//1845 1846//1846
f 1848//1848 1846//1846 1847//1847
f 1848//1848 1844//1844 1846//1846
f 1846//1846 1850//1850 1849//1849
f 1847//1847 1846//1846 1849//1849
f 1832//1832 1852//1852 1851//1851
f 1850//1850 1832//1832 1851//1851
f 1829//1829 1830//1830 1852//1852
f 1832//1832 1829//1829 1852//1852
f 1833//1833 1832//1832 1850//1850
f 1846//1846 1833//1833 1850//1850
f 1830//1830 1826//1826 1853//1853
f 1852//1852 1830//1830 1853//1853
f 1827//1827 1826//1826 1830//1830
f 1827//1827 1825//1825 1826//1826
f 1853//1853 1822//1822 1854//1854
f 1853//1853 1826//1826 1822//1822
f 1854//1854 1820//1820 1812//1812
f 1854//1854 1822//1822 1820//1820
f 1857//1857 1856//1856 1855//1855
f 1858//1858 1857//1857 1855//1855
f 1813//1813 1857//1857 1858//1858
f 1813//1813 1810//1810 1857//1857
f 1813//1813 1858//1858 1859//1859
f 1860//1860 1813//1813 1859//1859
f 1860//1860 1812//1812 1813//1813
f 1860//1860 1854//1854 1812//1812
f 1853//1853 1854//1854 1860//1860
f 1861//1861 1853//1853 1860//1860
f 1851//1851 1853//1853 1861//1861
f 1851//1851 1852//1852 1853//1853
f 1864//1864 1863//1863 1862//1862
f 1864//1864 1861//1861 1863//1863
f 1862//1862 1866//1866 1865//1865
f 1862//1862 1863//1863 1866//1866
f 1868//1868 1867//1867 1863//1863
f 1861//1861 1868//1868 1863//1863
f 1860//1860 1859//1859 1868//1868
f 1861//1861 1860//1860 1868//1868
f 1867//1867 1869//1869 1866//1866
f 1863//1863 1867//1867 1866//1866
f 1872//1872 1871//1871 1870//1870
f 1873//1873 1872//1872 1870//1870
f 1867//1867 1870//1870 1869//1869
f 1867//1867 1873//1873 1870//1870
f 1874//1874 1873//1873 1867//1867
f 1868//1868 1874//1874 1867//1867
f 1859//1859 1875//1875 1874//1874
f 1868//1868 1859//1859 1874//1874
f 1859//1859 1855//1855 1875//1875
f 1859//1859 1858//1858 1855//1855
f 1874//1874 1877//1877 1876//1876
f 1874//1874 1875//1875 1877//1877
f 1855//1855 1856//1856 1877//1877
f 1875//1875 1855//1855 1877//1877
f 1874//1874 1872//1872 1873//1873
f 1874//1874 1876//1876 1872//1872
f 1876//1876 1878//1878 1872//1872
f 1876//1876 1879//1879 1878//1878
f 1882//1882 1881//1881 1880//1880
f 1882//1882 1878//1878 1881//1881
f 1884//1884 1882//1882 1883//1883
f 1884//1884 1871//1871 1882//1882
f 1883//1883 1880//1880 1885//1885
f 1883//1883 1882//1882 1880//1880
f 1888//1888 1887//1887 1886//1886
f 1888//1888 1885//1885 1887//1887
f 1885//1885 1889//1889 1887//1887
f 1885//1885 1880//1880 1889//1889
f 1889//1889 1891//1891 1890//1890
f 1887//1887 1889//1889 1890//1890
f 1881//1881 1891//1891 1889//1889
f 1880//1880 1881//1881 1889//1889
f 1872//1872 1882//1882 1871//1871
f 1872//1872 1878//1878 1882//1882
f 1870//1870 1871//1871 1884//1884
f 1869//1869 1870//1870 1884//1884
f 1883//1883 1885//1885 1888//1888
f 1892//1892 1883//1883 1888//1888
f 1893//1893 1883//1883 1892//1892
f 1893//1893 1884//1884 1883//1883
f 1866//1866 1884//1884 1893//1893
f 1866//1866 1869//1869 1884//1884
f 1865//1865 1866//1866 1893//1893
f 1894//1894 1865//1865 1893//1893
f 1894//1894 1893//1893 1892//1892
f 1895//1895 1894//1894 1892//1892
f 1897//1897 1896//1896 1895//1895
f 1898//1898 1897//1897 1895//1895
f 1900//1900 1896//1896 1897//1897
f 1900//1900 1899//1899 1896//1896
f 1902//1902 1901//1901 1899//1899
f 1903//1903 1902//1902 1899//1899
f 1901//1901 1904//1904 1896//1896
f 1899//1899 1901//1901 1896//1896
f 1906//1906 1905//1905 1904//1904
f 1901//1901 1906//1906 1904//1904
f 1904//1904 1894//1894 1895//1895
f 1896//1896 1904//1904 1895//1895
f 1905//1905 1865//1865 1894//1894
f 1904//1904 1905//1905 1894//1894
f 1902//1902 1908//1908 1907//1907
f 1902//1902 1909//1909 1908//1908
f 1907//1907 1906//1906 1901//1901
f 1902//1902 1907//1907 1901//1901
f 1862//1862 1865//1865 1905//1905
f 1906//1906 1862//1862 1905//1905
f 1907//1907 1862//1862 1906//1906
f 1907//1907 1864//1864 1862//1862
f 1908//1908 1849//1849 1910//1910
f 1908//1908 1911//1911 1849//1849
f 1910//1910 1850//1850 1851//1851
f 1910//1910 1849//1849 1850//1850
f 1907//1907 1910//1910 1864//1864
f 1907//1907 1908//1908 1910//1910
f 1864//1864 1851//1851 1861//1861
f 1864//1864 1910//1910 1851//1851
f 1913//1913 1847//1847 1912//1912
f 1913//1913 1848//1848 1847//1847
f 1847//1847 1849//1849 1911//1911
f 1912//1912 1847//1847 1911//1911
f 1913//1913 1912//1912 1909//1909
f 1914//1914 1913//1913 1909//1909
f 1909//1909 1911//1911 1908//1908
f 1909//1909 1912//1912 1911//1911
f 1914//1914 1909//1909 1902//1902
f 1903//1903 1914//1914 1902//1902
f 1915//1915 1899//1899 1900//1900
f 1915//1915 1903//1903 1899//1899
f 1918//1918 1917//1917 1916//1916
f 1918//1918 1903//1903 1917//1917
f 1918//1918 1919//1919 1914//1914
f 1903//1903 1918//1918 1914//1914
f 1921//1921 1916//1916 1920//1920
f 1921//1921 1918//1918 1916//1916
f 1924//1924 1923//1923 1922//1922
f 1925//1925 1924//1924 1922//1922
f 1921//1921 1920//1920 1923//1923
f 1924//1924 1921//1921 1923//1923
f 1921//1921 1927//1927 1926//1926
f 1921//1921 1924//1924 1927//1927
f 1926//1926 1929//1929 1928//1928
f 1926//1926 1927//1927 1929//1929
f 1933//1933 1931//1931 1930//1930
f 1933//1933 1932//1932 1931//1931
f 1934//1934 1932//1932 1933//1933
f 1935//1935 1934//1934 1933//1933
f 1927//1927 1931//1931 1929//1929
f 1927//1927 1930//1930 1931//1931
f 1929//1929 1931//1931 1936//1936
f 1937//1937 1929//1929 1936//1936
f 1918//1918 1926//1926 1919//1919
f 1918//1918 1921//1921 1926//1926
f 1919//1919 1928//1928 1938//1938
f 1919//1919 1926//1926 1928//1928
f 1919//1919 1938//1938 1913//1913
f 1914//1914 1919//1919 1913//1913
f 1913//1913 1937//1937 1848//1848
f 1913//1913 1938//1938 1937//1937
f 1928//1928 1929//1929 1937//1937
f 1938//1938 1928//1928 1937//1937
f 1940//1940 1933//1933 1939//1939
f 1940//1940 1935//1935 1933//1933
f 1924//1924 1930//1930 1927//1927
f 1924//1924 1925//1925 1930//1930
f 1939//1939 1930//1930 1925//1925
f 1939//1939 1933//1933 1930//1930
f 1942//1942 1941//1941 1939//1939
f 1925//1925 1942//1942 1939//1939
f 1939//1939 1943//1943 1940//1940
f 1939//1939 1941//1941 1943//1943
f 1946//1946 1945//1945 1944//1944
f 1943//1943 1946//1946 1944//1944
f 1947//1947 1945//1945 1946//1946
f 1947//1947 1773//1773 1945//1945
f 1941//1941 1946//1946 1943//1943
f 1941//1941 1947//1947 1946//1946
f 1942//1942 1947//1947 1941//1941
f 1942//1942 1948//1948 1947//1947
f 1948//1948 1773//1773 1947//1947
f 1948//1948 1682//1682 1773//1773
f 1773//1773 1949//1949 1945//1945
f 1773//1773 1772//1772 1949//1949
f 1953//1953 1951//1951 1950//1950
f 1953//1953 1952//1952 1951//1951
f 1769//1769 1949//1949 1772//1772
f 1769//1769 1770//1770 1949//1949
f 1950//1950 1770//1770 1771//1771
f 1954//1954 1950//1950 1771//1771
f 1756//1756 1771//1771 1759//1759
f 1756//1756 1954//1954 1771//1771
f 1951//1951 1949//1949 1770//1770
f 1950//1950 1951//1951 1770//1770
f 1945//1945 1949//1949 1951//1951
f 1944//1944 1945//1945 1951//1951
f 1940//1940 1944//1944 1955//1955
f 1940//1940 1943//1943 1944//1944
f 1955//1955 1935//1935 1940//1940
f 1955//1955 1956//1956 1935//1935
f 1952//1952 1956//1956 1955//1955
f 1952//1952 1957//1957 1956//1956
f 1955//1955 1951//1951 1952//1952
f 1955//1955 1944//1944 1951//1951
f 1953//1953 1958//1958 1952//1952
f 1953//1953 1959//1959 1958//1958
f 1960//1960 1952//1952 1958//1958
f 1961//1961 1960//1960 1958//1958
f 1962//1962 1950//1950 1954//1954
f 1962//1962 1953//1953 1950//1950
f 1962//1962 1954//1954 1756//1756
f 1757//1757 1962//1962 1756//1756
f 1962//1962 1959//1959 1953//1953
f 1962//1962 1963//1963 1959//1959
f 1965//1965 1844//1844 1964//1964
f 1965//1965 1843//1843 1844//1844
f 1968//1968 1965//1965 1966//1966
f 1968//1968 1967//1967 1965//1965
f 1967//1967 1843//1843 1965//1965
f 1967//1967 1840//1840 1843//1843
f 1967//1967 1970//1970 1969//1969
f 1967//1967 1968//1968 1970//1970
f 1972//1972 1960//1960 1971//1971
f 1970//1970 1972//1972 1971//1971
f 1966//1966 1972//1972 1970//1970
f 1968//1968 1966//1966 1970//1970
f 1957//1957 1952//1952 1960//1960
f 1972//1972 1957//1957 1960//1960
f 1973//1973 1957//1957 1972//1972
f 1966//1966 1973//1973 1972//1972
f 1966//1966 1964//1964 1973//1973
f 1966//1966 1965//1965 1964//1964
f 1957//1957 1974//1974 1956//1956
f 1957//1957 1973//1973 1974//1974
f 1974//1974 1932//1932 1934//1934
f 1974//1974 1975//1975 1932//1932
f 1973//1973 1975//1975 1974//1974
f 1973//1973 1964//1964 1975//1975
f 1975//1975 1931//1931 1932//1932
f 1975//1975 1936//1936 1931//1931
f 1964//1964 1936//1936 1975//1975
f 1964//1964 1844//1844 1936//1936
f 1848//1848 1936//1936 1844//1844
f 1848//1848 1937//1937 1936//1936
f 1956//1956 1934//1934 1935//1935
f 1956//1956 1974//1974 1934//1934
f 1979//1979 1977//1977 1976//1976
f 1979//1979 1978//1978 1977//1977
f 1977//1977 1981//1981 1980//1980
f 1977//1977 1982//1982 1981//1981
f 1978//1978 1984//1984 1983//1983
f 1978//1978 1979//1979 1984//1984
f 1983//1983 1986//1986 1985//1985
f 1983//1983 1984//1984 1986//1986
f 1988//1988 1987//1987 1984//1984
f 1979//1979 1988//1988 1984//1984
f 1984//1984 1989//1989 1986//1986
f 1984//1984 1987//1987 1989//1989
f 1988//1988 1976//1976 1990//1990
f 1988//1988 1979//1979 1976//1976
f 1990//1990 1961//1961 1987//1987
f 1988//1988 1990//1990 1987//1987
f 1971//1971 1960//1960 1961//1961
f 1990//1990 1971//1971 1961//1961
f 1990//1990 1991//1991 1971//1971
f 1990//1990 1976//1976 1991//1991
f 1969//1969 1971//1971 1991//1991
f 1969//1969 1970//1970 1971//1971
f 1840//1840 1969//1969 1842//1842
f 1840//1840 1967//1967 1969//1969
f 1842//1842 1991//1991 1980//1980
f 1842//1842 1969//1969 1991//1991
f 1977//1977 1980//1980 1991//1991
f 1976//1976 1977//1977 1991//1991
f 1757//1757 1963//1963 1962//1962
f 1757//1757 1992//1992 1963//1963
f 1742//1742 1993//1993 1992//1992
f 1742//1742 1994//1994 1993//1993
f 1742//1742 1992//1992 1757//1757
f 1740//1740 1742//1742 1757//1757
f 1992//1992 1995//1995 1963//1963
f 1992//1992 1993//1993 1995//1995
f 1961//1961 1958//1958 1989//1989
f 1987//1987 1961//1961 1989//1989
f 1996//1996 1989//1989 1958//1958
f 1959//1959 1996//1996 1958//1958
f 1995//1995 1996//1996 1959//1959
f 1963//1963 1995//1995 1959//1959
f 1993//1993 1997//1997 1996//1996
f 1995//1995 1993//1993 1996//1996
f 1997//1997 1986//1986 1989//1989
f 1996//1996 1997//1997 1989//1989
f 1994//1994 1998//1998 1997//1997
f 1993//1993 1994//1994 1997//1997
f 1998//1998 1985//1985 1986//1986
f 1997//1997 1998//1998 1986//1986
f 1741//1741 1999//1999 1994//1994
f 1742//1742 1741//1741 1994//1994
f 2003//2003 2001//2001 2000//2000
f 2003//2003 2002//2002 2001//2001
f 1994//1994 2003//2003 1998//1998
f 1994//1994 1999//1999 2003//2003
f 2004//2004 2002//2002 2003//2003
f 1999//1999 2004//2004 2003//2003
f 1741//1741 2004//2004 1999//1999
f 1741//1741 1736//1736 2004//2004
f 2004//2004 1731//1731 2002//2002
f 2004//2004 1736//1736 1731//1731
f 1998//1998 2000//2000 1985//1985
f 1998//1998 2003//2003 2000//2000
f 1785//1785 2000//2000 2005//2005
f 1785//1785 1985//1985 2000//2000
f 2005//2005 2001//2001 2006//2006
f 2005//2005 2000//2000 2001//2001
f 1715//1715 2001//2001 1714//1714
f 1715//1715 2006//2006 2001//2001
f 2002//2002 1714//1714 2001//2001
f 2002//2002 1731//1731 1714//1714
f 2009//2009 2008//2008 2007//2007
f 2010//2010 2009//2009 2007//2007
f 2012//2012 2009//2009 2011//2011
f 2012//2012 1779//1779 2009//2009
f 1985//1985 2011//2011 1983//1983
f 1985//1985 2012//2012 2011//2011
f 1978//1978 1982//1982 1977//1977
f 1978//1978 2013//2013 1982//1982
f 2011//2011 2010//2010 2013//2013
f 2011//2011 2009//2009 2010//2010
f 2010//2010 2007//2007 1982//1982
f 2013//2013 2010//2010 1982//1982
f 1983//1983 2013//2013 1978//1978
f 1983//1983 2011//2011 2013//2013
f 1785//1785 1783//1783 2012//2012
f 1985//1985 1785//1785 2012//2012
f 1783//1783 1778//1778 1779//1779
f 2012//2012 1783//1783 1779//1779
f 1779//1779 1777//1777 2008//2008
f 2009//2009 1779//1779 2008//2008
f 1777//1777 1774//1774 1791//1791
f 2008//2008 1777//1777 1791//1791
f 2008//2008 1791//1791 2014//2014
f 2007//2007 2008//2008 2014//2014
f 2017//2017 2016//2016 2015//2015
f 1792//1792 2017//2017 2015//2015
f 1792//1792 2015//2015 2014//2014
f 1791//1791 1792//1792 2014//2014
f 1789//1789 2017//2017 1792//1792
f 1787//1787 1789//1789 1792//1792
f 2019//2019 1805//1805 2018//2018
f 2020//2020 2019//2019 2018//2018
f 2017//2017 1789//1789 1805//1805
f 2019//2019 2017//2017 1805//1805
f 2023//2023 2022//2022 2021//2021
f 2020//2020 2023//2023 2021//2021
f 2024//2024 2019//2019 2020//2020
f 2021//2021 2024//2024 2020//2020
f 2016//2016 2017//2017 2019//2019
f 2024//2024 2016//2016 2019//2019
f 2014//2014 2025//2025 1981//1981
f 2014//2014 2015//2015 2025//2025
f 2015//2015 2024//2024 2025//2025
f 2015//2015 2016//2016 2024//2024
f 2025//2025 2021//2021 2026//2026
f 2025//2025 2024//2024 2021//2021
f 2007//2007 2014//2014 1981//1981
f 1982//1982 2007//2007 1981//1981
f 1980//1980 1841//1841 1842//1842
f 1980//1980 2027//2027 1841//1841
f 1841//1841 1838//1838 1839//1839
f 1841//1841 2028//2028 1838//1838
f 2027//2027 2028//2028 1841//1841
f 2027//2027 2029//2029 2028//2028
f 2028//2028 1835//1835 1838//1838
f 2028//2028 1836//1836 1835//1835
f 2029//2029 1836//1836 2028//2028
f 2029//2029 2030//2030 1836//1836
f 2032//2032 2031//2031 2022//2022
f 2023//2023 2032//2032 2022//2022
f 2022//2022 2034//2034 2033//2033
f 2022//2022 2031//2031 2034//2034
f 2021//2021 2033//2033 2026//2026
f 2021//2021 2022//2022 2033//2033
f 1981//1981 2026//2026 1980//1980
f 1981//1981 2025//2025 2026//2026
f 2026//2026 2027//2027 1980//1980
f 2026//2026 2033//2033 2027//2027
f 2032//2032 2036//2036 2035//2035
f 2032//2032 2037//2037 2036//2036
f 2031//2031 2035//2035 2034//2034
f 2031//2031 2032//2032 2035//2035
f 2035//2035 1824//1824 2030//2030
f 2035//2035 2036//2036 1824//1824
f 2033//2033 2029//2029 2027//2027
f 2033//2033 2034//2034 2029//2029
f 2034//2034 2030//2030 2029//2029
f 2034//2034 2035//2035 2030//2030
f 2030//2030 1828//1828 1836//1836
f 2030//2030 1824//1824 1828//1828
f 2037//2037 2032//2032 2023//2023
f 2038//2038 2037//2037 2023//2023
f 2038//2038 2023//2023 2020//2020
f 2018//2018 2038//2038 2020//2020
f 2040//2040 2038//2038 2018//2018
f 2040//2040 2039//2039 2038//2038
f 2041//2041 2039//2039 2040//2040
f 2042//2042 2041//2041 2040//2040
f 2044//2044 2042//2042 2043//2043
f 2044//2044 2041//2041 2042//2042
f 2048//2048 2046//2046 2045//2045
f 2048//2048 2047//2047 2046//2046
f 2051//2051 2050//2050 2049//2049
f 2046//2046 2051//2051 2049//2049
f 2049//2049 2050//2050 1816//1816
f 1817//1817 2049//2049 1816//1816
f 2045//2045 2049//2049 1817//1817
f 2045//2045 2046//2046 2049//2049
f 1823//1823 1817//1817 1818//1818
f 1823//1823 2045//2045 1817//1817
f 2048//2048 2045//2045 1823//1823
f 1824//1824 2048//2048 1823//1823
f 2037//2037 2053//2053 2052//2052
f 2036//2036 2037//2037 2052//2052
f 2036//2036 2052//2052 2048//2048
f 1824//1824 2036//2036 2048//2048
f 2052//2052 2055//2055 2054//2054
f 2052//2052 2053//2053 2055//2055
f 2053//2053 2037//2037 2038//2038
f 2039//2039 2053//2053 2038//2038
f 2055//2055 2053//2053 2039//2039
f 2041//2041 2055//2055 2039//2039
f 2054//2054 2041//2041 2044//2044
f 2054//2054 2055//2055 2041//2041
f 2052//2052 2054//2054 2047//2047
f 2048//2048 2052//2052 2047//2047
f 2057//2057 2043//2043 2056//2056
f 2057//2057 2044//2044 2043//2043
f 2047//2047 2051//2051 2046//2046
f 2047//2047 2057//2057 2051//2051
f 2047//2047 2044//2044 2057//2057
f 2047//2047 2054//2054 2044//2044
f 1797//1797 2040//2040 2018//2018
f 1794//1794 1797//1797 2018//2018
f 1794//1794 2018//2018 1805//1805
f 1793//1793 1794//1794 1805//1805
f 2058//2058 2042//2042 2040//2040
f 1797//1797 2058//2058 2040//2040
f 2042//2042 2058//2058 2059//2059
f 2043//2043 2042//2042 2059//2059
f 2059//2059 1800//1800 1801//1801
f 2059//2059 2058//2058 1800//1800
f 1800//1800 2058//2058 1797//1797
f 1798//1798 1800//1800 1797//1797
f 2061//2061 1715//1715 1716//1716
f 2061//2061 2060//2060 1715//1715
f 2062//2062 2006//2006 1715//1715
f 2060//2060 2062//2062 1715//1715
f 2005//2005 2006//2006 2062//2062
f 2063//2063 2005//2005 2062//2062
f 2064//2064 2062//2062 2060//2060
f 2064//2064 2063//2063 2062//2062
f 1785//1785 2005//2005 2063//2063
f 1784//1784 1785//1785 2063//2063
f 1948//1948 2065//2065 1671//1671
f 1682//1682 1948//1948 1671//1671
f 2069//2069 2067//2067 2066//2066
f 2069//2069 2068//2068 2067//2067
f 2071//2071 2070//2070 2067//2067
f 2068//2068 2071//2071 2067//2067
f 2069//2069 2066//2066 2072//2072
f 2073//2073 2069//2069 2072//2072
f 2072//2072 2074//2074 1922//1922
f 2072//2072 2066//2066 2074//2074
f 1922//1922 2075//2075 1925//1925
f 1922//1922 2074//2074 2075//2075
f 2074//2074 2076//2076 2075//2075
f 2074//2074 2070//2070 2076//2076
f 2067//2067 2070//2070 2074//2074
f 2066//2066 2067//2067 2074//2074
f 2075//2075 2076//2076 2077//2077
f 2078//2078 2075//2075 2077//2077
f 1942//1942 2075//2075 2078//2078
f 1942//1942 1925//1925 2075//2075
f 1948//1948 2078//2078 2065//2065
f 1948//1948 1942//1942 2078//2078
f 1671//1671 2079//2079 1670//1670
f 1671//1671 2065//2065 2079//2079
f 2078//2078 2077//2077 2079//2079
f 2065//2065 2078//2078 2079//2079
f 2079//2079 2077//2077 1669//1669
f 1670//1670 2079//2079 1669//1669
f 1669//1669 2076//2076 2080//2080
f 1669//1669 2077//2077 2076//2076
f 1666//1666 2080//2080 1668//1668
f 1666//1666 1669//1669 2080//2080
f 2071//2071 2076//2076 2070//2070
f 2071//2071 2080//2080 2076//2076
f 2072//2072 2081//2081 2073//2073
f 2072//2072 2082//2082 2081//2081
f 1923//1923 2082//2082 2072//2072
f 1922//1922 1923//1923 2072//2072
f 1923//1923 2083//2083 2082//2082
f 1923//1923 1920//1920 2083//2083
f 1916//1916 2084//2084 2083//2083
f 1920//1920 1916//1916 2083//2083
f 2083//2083 2084//2084 2081//2081
f 2082//2082 2083//2083 2081//2081
f 1916//1916 2085//2085 2084//2084
f 1916//1916 1917//1917 2085//2085
f 1917//1917 1915//1915 2086//2086
f 1917//1917 1903//1903 1915//1915
f 1900//1900 1897//1897 2087//2087
f 2088//2088 1900//1900 2087//2087
f 1290//1290 1289//1289 1292//1292
f 2089//2089 1290//1290 1292//1292
f 2091//2091 2089//2089 2090//2090
f 2091//2091 1290//1290 2089//2089
f 1290//1290 2092//2092 1281//1281
f 1290//1290 2091//2091 2092//2092
f 2091//2091 2093//2093 2092//2092
f 2091//2091 2094//2094 2093//2093
f 1294//1294 1295//1295 2095//2095
f 1294//1294 1293//1293 1295//1295
f 2089//2089 1292//1292 1294//1294
f 2096//2096 2089//2089 1294//1294
f 1294//1294 2095//2095 2097//2097
f 2096//2096 1294//1294 2097//2097
f 2095//2095 2099//2099 2098//2098
f 2097//2097 2095//2095 2098//2098
f 2101//2101 2100//2100 2097//2097
f 2098//2098 2101//2101 2097//2097
f 2098//2098 1310//1310 2102//2102
f 2098//2098 2099//2099 1310//1310
f 1311//1311 1308//1308 1310//1310
f 2099//2099 1311//1311 1310//1310
f 2095//2095 1311//1311 2099//2099
f 2095//2095 1295//1295 1311//1311
f 2104//2104 2103//2103 2101//2101
f 2105//2105 2104//2104 2101//2101
f 2106//2106 2104//2104 2105//2105
f 2107//2107 2106//2106 2105//2105
f 1309//1309 1313//1313 1314//1314
f 2108//2108 1309//1309 1314//1314
f 2102//2102 1309//1309 2108//2108
f 2102//2102 1310//1310 1309//1309
f 2105//2105 2101//2101 2098//2098
f 2102//2102 2105//2105 2098//2098
f 2107//2107 2105//2105 2102//2102
f 2108//2108 2107//2107 2102//2102
f 1314//1314 2110//2110 2109//2109
f 2108//2108 1314//1314 2109//2109
f 2107//2107 2112//2112 2111//2111
f 2107//2107 2108//2108 2112//2112
f 2109//2109 2112//2112 2108//2108
f 2109//2109 2113//2113 2112//2112
f 2115//2115 2113//2113 2109//2109
f 2115//2115 2114//2114 2113//2113
f 2109//2109 2116//2116 2115//2115
f 2109//2109 2110//2110 2116//2116
f 2119//2119 2118//2118 2117//2117
f 2120//2120 2119//2119 2117//2117
f 2118//2118 2114//2114 2115//2115
f 2117//2117 2118//2118 2115//2115
f 2115//2115 2121//2121 2117//2117
f 2115//2115 2116//2116 2121//2121
f 2117//2117 1240//1240 2120//2120
f 2117//2117 2121//2121 1240//1240
f 2122//2122 1240//1240 1241//1241
f 2122//2122 2120//2120 1240//1240
f 1244//1244 1241//1241 1243//1243
f 1244//1244 2122//2122 1241//1241
f 2121//2121 1232//1232 1240//1240
f 2121//2121 1231//1231 1232//1232
f 1314//1314 1236//1236 2110//2110
f 1314//1314 1238//1238 1236//1236
f 1235//1235 1231//1231 2121//2121
f 2116//2116 1235//1235 2121//2121
f 2110//2110 1235//1235 2116//2116
f 2110//2110 1236//1236 1235//1235
f 2126//2126 2124//2124 2123//2123
f 2126//2126 2125//2125 2124//2124
f 2126//2126 2128//2128 2127//2127
f 2125//2125 2126//2126 2127//2127
f 2126//2126 2123//2123 2118//2118
f 2119//2119 2126//2126 2118//2118
f 2118//2118 2129//2129 2114//2114
f 2118//2118 2123//2123 2129//2129
f 2129//2129 2130//2130 2113//2113
f 2114//2114 2129//2129 2113//2113
f 2124//2124 2130//2130 2129//2129
f 2123//2123 2124//2124 2129//2129
f 2124//2124 2131//2131 2130//2130
f 2124//2124 2132//2132 2131//2131
f 2113//2113 2131//2131 2112//2112
f 2113//2113 2130//2130 2131//2131
f 2111//2111 2131//2131 2133//2133
f 2111//2111 2112//2112 2131//2131
f 2135//2135 1579//1579 1582//1582
f 2135//2135 2134//2134 1579//1579
f 2137//2137 1582//1582 1581//1581
f 2137//2137 2136//2136 1582//1582
f 2136//2136 2135//2135 1582//1582
f 2136//2136 2138//2138 2135//2135
f 1576//1576 1577//1577 1579//1579
f 2134//2134 1576//1576 1579//1579
f 1555//1555 1576//1576 2134//2134
f 2139//2139 1555//1555 2134//2134
f 2139//2139 2134//2134 2135//2135
f 2140//2140 2139//2139 2135//2135
f 1558//1558 1555//1555 2139//2139
f 2141//2141 1558//1558 2139//2139
f 2141//2141 2139//2139 2140//2140
f 2120//2120 2141//2141 2140//2140
f 2119//2119 2142//2142 2128//2128
f 2126//2126 2119//2119 2128//2128
f 2127//2127 2144//2144 2143//2143
f 2127//2127 2128//2128 2144//2144
f 2142//2142 2138//2138 2144//2144
f 2128//2128 2142//2142 2144//2144
f 2144//2144 2138//2138 2136//2136
f 2143//2143 2144//2144 2136//2136
f 2140//2140 2135//2135 2138//2138
f 2142//2142 2140//2140 2138//2138
f 2119//2119 2140//2140 2142//2142
f 2119//2119 2120//2120 2140//2140
f 2122//2122 1275//1275 2145//2145
f 2122//2122 1244//1244 1275//1275
f 2122//2122 2145//2145 2141//2141
f 2120//2120 2122//2122 2141//2141
f 2145//2145 2147//2147 2146//2146
f 2145//2145 1275//1275 2147//2147
f 2141//2141 2146//2146 1558//1558
f 2141//2141 2145//2145 2146//2146
f 2146//2146 1273//1273 1559//1559
f 2146//2146 2147//2147 1273//1273
f 1558//1558 1559//1559 1557//1557
f 1558//1558 2146//2146 1559//1559
f 1559//1559 1272//1272 1554//1554
f 1559//1559 1273//1273 1272//1272
f 1274//1274 1273//1273 2147//2147
f 1275//1275 1274//1274 2147//2147
f 1425//1425 1217//1217 1401//1401
f 1425//1425 1218//1218 1217//1217
f 2149//2149 1418//1418 2148//2148
f 2149//2149 1421//1421 1418//1418
f 2150//2150 1421//1421 2149//2149
f 2151//2151 2150//2150 2149//2149
f 1426//1426 2150//2150 2151//2151
f 1426//1426 1423//1423 2150//2150
f 1422//1422 1421//1421 2150//2150
f 1423//1423 1422//1422 2150//2150
f 2153//2153 2149//2149 2152//2152
f 2153//2153 2151//2151 2149//2149
f 1426//1426 2151//2151 2153//2153
f 1453//1453 1426//1426 2153//2153
f 1425//1425 1426//1426 1453//1453
f 1218//1218 1425//1425 1453//1453
f 1419//1419 2154//2154 2148//2148
f 1418//1418 1419//1419 2148//2148
f 1417//1417 2155//2155 1420//1420
f 1416//1416 1417//1417 1420//1420
f 1420//1420 2155//2155 2154//2154
f 1419//1419 1420//1420 2154//2154
f 1385//1385 2156//2156 1384//1384
f 1385//1385 1427//1427 2156//2156
f 2158//2158 2157//2157 2156//2156
f 1427//1427 2158//2158 2156//2156
f 1428//1428 2158//2158 1427//1427
f 1428//1428 2159//2159 2158//2158
f 2158//2158 2160//2160 2157//2157
f 2158//2158 2161//2161 2160//2160
f 2159//2159 2161//2161 2158//2158
f 2159//2159 2162//2162 2161//2161
f 2164//2164 2163//2163 2160//2160
f 2161//2161 2164//2164 2160//2160
f 2160//2160 2166//2166 2165//2165
f 2160//2160 2163//2163 2166//2166
f 2157//2157 2160//2160 2165//2165
f 1429//1429 2157//2157 2165//2165
f 2156//2156 2157//2157 1429//1429
f 1384//1384 2156//2156 1429//1429
f 1376//1376 2165//2165 1375//1375
f 1376//1376 1429//1429 2165//2165
f 1430//1430 2168//2168 2167//2167
f 1430//1430 1375//1375 2168//2168
f 2165//2165 2168//2168 1375//1375
f 2165//2165 2166//2166 2168//2168
f 2169//2169 2164//2164 2161//2161
f 2162//2162 2169//2169 2161//2161
f 2169//2169 2170//2170 2164//2164
f 2169//2169 2171//2171 2170//2170
f 2171//2171 2172//2172 2170//2170
f 2171//2171 2173//2173 2172//2172
f 2175//2175 2171//2171 2169//2169
f 2175//2175 2174//2174 2171//2171
f 2179//2179 2177//2177 2176//2176
f 2179//2179 2178//2178 2177//2177
f 2173//2173 2177//2177 2172//2172
f 2173//2173 2176//2176 2177//2177
f 2172//2172 2181//2181 2180//2180
f 2172//2172 2177//2177 2181//2181
f 2180//2180 2181//2181 2168//2168
f 2166//2166 2180//2180 2168//2168
f 2168//2168 2181//2181 2182//2182
f 2167//2167 2168//2168 2182//2182
f 2167//2167 2182//2182 2183//2183
f 2184//2184 2167//2167 2183//2183
f 2185//2185 2182//2182 2178//2178
f 2185//2185 2183//2183 2182//2182
f 2178//2178 2181//2181 2177//2177
f 2178//2178 2182//2182 2181//2181
f 2170//2170 2180//2180 2186//2186
f 2170//2170 2172//2172 2180//2180
f 2186//2186 2180//2180 2166//2166
f 2163//2163 2186//2186 2166//2166
f 2164//2164 2186//2186 2163//2163
f 2164//2164 2170//2170 2186//2186
f 2190//2190 2188//2188 2187//2187
f 2190//2190 2189//2189 2188//2188
f 2188//2188 2174//2174 2175//2175
f 2187//2187 2188//2188 2175//2175
f 2188//2188 2189//2189 2191//2191
f 2174//2174 2188//2188 2191//2191
f 2174//2174 2191//2191 2173//2173
f 2171//2171 2174//2174 2173//2173
f 2173//2173 2192//2192 2176//2176
f 2173//2173 2191//2191 2192//2192
f 2189//2189 2193//2193 2192//2192
f 2191//2191 2189//2189 2192//2192
f 2193//2193 2189//2189 2190//2190
f 2194//2194 2193//2193 2190//2190
f 1808//1808 2194//2194 1809//1809
f 1808//1808 2195//2195 2194//2194
f 2195//2195 2193//2193 2194//2194
f 2195//2195 2196//2196 2193//2193
f 2198//2198 2196//2196 2195//2195
f 2198//2198 2197//2197 2196//2196
f 1807//1807 2195//2195 1808//1808
f 1807//1807 2198//2198 2195//2195
f 1786//1786 1774//1774 2199//2199
f 2200//2200 1786//1786 2199//2199
f 2198//2198 1786//1786 2200//2200
f 2198//2198 1807//1807 1786//1786
f 2201//2201 2192//2192 2193//2193
f 2196//2196 2201//2201 2193//2193
f 2197//2197 2201//2201 2196//2196
f 2197//2197 2202//2202 2201//2201
f 2197//2197 2200//2200 2202//2202
f 2197//2197 2198//2198 2200//2200
f 2202//2202 2199//2199 2203//2203
f 2202//2202 2200//2200 2199//2199
f 2203//2203 2204//2204 2201//2201
f 2202//2202 2203//2203 2201//2201
f 2203//2203 2206//2206 2205//2205
f 2204//2204 2203//2203 2205//2205
f 2206//2206 2203//2203 2199//2199
f 2207//2207 2206//2206 2199//2199
f 2208//2208 2206//2206 2207//2207
f 2209//2209 2208//2208 2207//2207
f 2206//2206 2208//2208 2210//2210
f 2205//2205 2206//2206 2210//2210
f 1775//1775 2199//2199 1774//1774
f 1775//1775 2207//2207 2199//2199
f 2212//2212 2176//2176 2211//2211
f 2213//2213 2212//2212 2211//2211
f 2204//2204 2205//2205 2211//2211
f 2176//2176 2204//2204 2211//2211
f 2204//2204 2176//2176 2192//2192
f 2201//2201 2204//2204 2192//2192
f 2216//2216 2215//2215 2214//2214
f 2217//2217 2216//2216 2214//2214
f 2221//2221 2219//2219 2218//2218
f 2221//2221 2220//2220 2219//2219
f 2223//2223 2222//2222 2219//2219
f 2220//2220 2223//2223 2219//2219
f 2215//2215 2223//2223 2220//2220
f 2215//2215 2224//2224 2223//2223
f 2214//2214 2220//2220 2221//2221
f 2214//2214 2215//2215 2220//2220
f 2224//2224 2213//2213 2222//2222
f 2223//2223 2224//2224 2222//2222
f 2219//2219 2226//2226 2225//2225
f 2219//2219 2222//2222 2226//2226
f 2205//2205 2210//2210 2226//2226
f 2211//2211 2205//2205 2226//2226
f 2213//2213 2211//2211 2226//2226
f 2222//2222 2213//2213 2226//2226
f 2216//2216 2224//2224 2215//2215
f 2216//2216 2227//2227 2224//2224
f 2212//2212 2179//2179 2176//2176
f 2212//2212 2228//2228 2179//2179
f 2227//2227 2212//2212 2213//2213
f 2224//2224 2227//2227 2213//2213
f 2209//2209 2207//2207 1775//1775
f 2229//2229 2209//2209 1775//1775
f 1776//1776 2229//2229 1775//1775
f 1776//1776 1780//1780 2229//2229
f 2208//2208 2209//2209 2230//2230
f 2210//2210 2208//2208 2230//2230
f 2230//2230 2229//2229 2231//2231
f 2230//2230 2209//2209 2229//2229
f 2226//2226 2230//2230 2225//2225
f 2226//2226 2210//2210 2230//2230
f 2218//2218 2225//2225 2232//2232
f 2218//2218 2219//2219 2225//2225
f 2225//2225 2231//2231 2232//2232
f 2225//2225 2230//2230 2231//2231
f 1782//1782 2234//2234 2233//2233
f 1782//1782 1784//1784 2234//2234
f 1781//1781 2233//2233 1780//1780
f 1781//1781 1782//1782 2233//2233
f 1780//1780 2231//2231 2229//2229
f 1780//1780 2233//2233 2231//2231
f 2234//2234 2232//2232 2231//2231
f 2233//2233 2234//2234 2231//2231
f 1784//1784 2063//2063 2064//2064
f 2234//2234 1784//1784 2064//2064
f 2234//2234 2064//2064 2235//2235
f 2232//2232 2234//2234 2235//2235
f 2235//2235 2236//2236 2232//2232
f 2235//2235 2237//2237 2236//2236
f 2236//2236 2238//2238 2218//2218
f 2232//2232 2236//2236 2218//2218
f 1463//1463 2240//2240 2239//2239
f 1463//1463 1460//1460 2240//2240
f 2239//2239 2240//2240 2237//2237
f 2241//2241 2239//2239 2237//2237
f 2240//2240 2242//2242 2236//2236
f 2237//2237 2240//2240 2236//2236
f 1475//1475 2239//2239 2241//2241
f 1475//1475 1463//1463 2239//2239
f 2241//2241 2237//2237 2235//2235
f 2061//2061 2241//2241 2235//2235
f 2064//2064 2060//2060 2061//2061
f 2235//2235 2064//2064 2061//2061
f 1475//1475 2241//2241 2061//2061
f 1716//1716 1475//1475 2061//2061
f 1473//1473 2244//2244 2243//2243
f 1473//1473 1474//1474 2244//2244
f 2243//2243 2244//2244 2245//2245
f 2246//2246 2243//2243 2245//2245
f 2242//2242 1473//1473 2247//2247
f 2242//2242 1461//1461 1473//1473
f 2242//2242 2247//2247 2238//2238
f 2236//2236 2242//2242 2238//2238
f 2247//2247 2243//2243 2248//2248
f 2247//2247 1473//1473 2243//2243
f 2248//2248 2243//2243 2246//2246
f 2249//2249 2248//2248 2246//2246
f 2247//2247 2248//2248 2249//2249
f 2238//2238 2247//2247 2249//2249
f 2238//2238 2249//2249 2221//2221
f 2218//2218 2238//2238 2221//2221
f 2249//2249 2246//2246 2214//2214
f 2221//2221 2249//2249 2214//2214
f 2246//2246 2245//2245 2217//2217
f 2214//2214 2246//2246 2217//2217
f 1460//1460 2242//2242 2240//2240
f 1460//1460 1461//1461 2242//2242
f 2253//2253 2251//2251 2250//2250
f 2253//2253 2252//2252 2251//2251
f 2254//2254 2251//2251 2252//2252
f 2255//2255 2254//2254 2252//2252
f 2217//2217 2245//2245 2254//2254
f 2256//2256 2217//2217 2254//2254
f 2256//2256 2254//2254 2255//2255
f 2257//2257 2256//2256 2255//2255
f 2245//2245 2244//2244 2251//2251
f 2254//2254 2245//2245 2251//2251
f 2250//2250 2244//2244 1474//1474
f 2250//2250 2251//2251 2244//2244
f 2258//2258 2250//2250 1459//1459
f 2258//2258 2253//2253 2250//2250
f 1459//1459 1474//1474 1458//1458
f 1459//1459 2250//2250 1474//1474
f 1455//1455 2258//2258 1459//1459
f 1455//1455 2259//2259 2258//2258
f 2262//2262 2261//2261 2260//2260
f 2263//2263 2262//2262 2260//2260
f 2257//2257 2255//2255 2261//2261
f 2262//2262 2257//2257 2261//2261
f 2261//2261 2253//2253 2258//2258
f 2260//2260 2261//2261 2258//2258
f 2255//2255 2252//2252 2253//2253
f 2261//2261 2255//2255 2253//2253
f 2264//2264 2258//2258 2259//2259
f 2264//2264 2260//2260 2258//2258
f 2264//2264 2259//2259 2265//2265
f 2266//2266 2264//2264 2265//2265
f 1451//1451 2259//2259 1455//1455
f 1451//1451 2265//2265 2259//2259
f 2153//2153 2266//2266 1452//1452
f 1453//1453 2153//2153 1452//1452
f 1452//1452 2265//2265 1451//1451
f 1452//1452 2266//2266 2265//2265
f 2152//2152 2148//2148 2263//2263
f 2152//2152 2149//2149 2148//2148
f 2152//2152 2260//2260 2264//2264
f 2152//2152 2263//2263 2260//2260
f 2153//2153 2264//2264 2266//2266
f 2153//2153 2152//2152 2264//2264
f 2269//2269 2268//2268 2267//2267
f 2263//2263 2269//2269 2267//2267
f 2148//2148 2269//2269 2263//2263
f 2148//2148 2154//2154 2269//2269
f 2155//2155 2270//2270 2269//2269
f 2154//2154 2155//2155 2269//2269
f 1417//1417 2270//2270 2155//2155
f 1417//1417 1430//1430 2270//2270
f 2270//2270 2167//2167 2184//2184
f 2270//2270 1430//1430 2167//2167
f 2269//2269 2184//2184 2268//2268
f 2269//2269 2270//2270 2184//2184
f 2257//2257 2272//2272 2271//2271
f 2257//2257 2262//2262 2272//2272
f 2262//2262 2267//2267 2272//2272
f 2262//2262 2263//2263 2267//2267
f 2272//2272 2274//2274 2273//2273
f 2272//2272 2267//2267 2274//2274
f 2256//2256 2271//2271 2275//2275
f 2256//2256 2257//2257 2271//2271
f 2217//2217 2275//2275 2216//2216
f 2217//2217 2256//2256 2275//2275
f 2216//2216 2276//2276 2227//2227
f 2216//2216 2275//2275 2276//2276
f 2271//2271 2273//2273 2277//2277
f 2271//2271 2272//2272 2273//2273
f 2275//2275 2277//2277 2276//2276
f 2275//2275 2271//2271 2277//2277
f 2228//2228 2274//2274 2179//2179
f 2228//2228 2273//2273 2274//2274
f 2276//2276 2273//2273 2228//2228
f 2276//2276 2277//2277 2273//2273
f 2227//2227 2228//2228 2212//2212
f 2227//2227 2276//2276 2228//2228
f 2274//2274 2178//2178 2179//2179
f 2274//2274 2185//2185 2178//2178
f 2267//2267 2185//2185 2274//2274
f 2267//2267 2268//2268 2185//2185
f 2268//2268 2183//2183 2185//2185
f 2268//2268 2184//2184 2183//2183
f 2281//2281 2279//2279 2278//2278
f 2281//2281 2280//2280 2279//2279
f 2279//2279 2282//2282 2278//2278
f 2279//2279 2283//2283 2282//2282
f 2282//2282 2285//2285 2284//2284
f 2278//2278 2282//2282 2284//2284
f 2281//2281 2287//2287 2286//2286
f 2281//2281 2278//2278 2287//2287
f 2284//2284 2287//2287 2278//2278
f 2284//2284 2288//2288 2287//2287
f 2287//2287 2290//2290 2289//2289
f 2286//2286 2287//2287 2289//2289
f 2291//2291 2290//2290 2287//2287
f 2288//2288 2291//2291 2287//2287
f 2295//2295 2293//2293 2292//2292
f 2295//2295 2294//2294 2293//2293
f 2292//2292 2288//2288 2284//2284
f 2296//2296 2292//2292 2284//2284
f 2293//2293 2291//2291 2288//2288
f 2292//2292 2293//2293 2288//2288
f 2295//2295 2292//2292 2296//2296
f 2297//2297 2295//2295 2296//2296
f 2296//2296 2298//2298 2297//2297
f 2296//2296 2299//2299 2298//2298
f 2300//2300 2295//2295 2297//2297
f 2301//2301 2300//2300 2297//2297
f 2297//2297 2302//2302 2301//2301
f 2297//2297 2298//2298 2302//2302
f 2306//2306 2304//2304 2303//2303
f 2306//2306 2305//2305 2304//2304
f 2285//2285 2307//2307 2299//2299
f 2285//2285 2308//2308 2307//2307
f 2284//2284 2299//2299 2296//2296
f 2284//2284 2285//2285 2299//2299
f 2307//2307 2309//2309 2298//2298
f 2299//2299 2307//2307 2298//2298
f 2282//2282 2308//2308 2285//2285
f 2282//2282 2310//2310 2308//2308
f 2310//2310 2303//2303 2308//2308
f 2310//2310 2306//2306 2303//2303
f 2308//2308 2309//2309 2307//2307
f 2308//2308 2303//2303 2309//2309
f 2303//2303 2311//2311 2309//2309
f 2303//2303 2304//2304 2311//2311
f 2298//2298 2311//2311 2302//2302
f 2298//2298 2309//2309 2311//2311
f 2312//2312 2294//2294 2295//2295
f 2300//2300 2312//2312 2295//2295
f 2314//2314 2312//2312 2313//2313
f 2314//2314 2294//2294 2312//2312
f 2290//2290 2314//2314 2315//2315
f 2290//2290 2291//2291 2314//2314
f 2291//2291 2294//2294 2314//2314
f 2291//2291 2293//2293 2294//2294
f 2319//2319 2317//2317 2316//2316
f 2319//2319 2318//2318 2317//2317
f 2317//2317 2318//2318 2283//2283
f 2320//2320 2317//2317 2283//2283
f 2318//2318 2310//2310 2282//2282
f 2283//2283 2318//2318 2282//2282
f 2320//2320 2283//2283 2279//2279
f 2321//2321 2320//2320 2279//2279
f 2323//2323 2316//2316 2322//2322
f 2323//2323 2319//2319 2316//2316
f 2322//2322 2325//2325 2324//2324
f 2322//2322 2316//2316 2325//2325
f 2316//2316 2320//2320 2325//2325
f 2316//2316 2317//2317 2320//2320
f 2325//2325 2321//2321 2326//2326
f 2325//2325 2320//2320 2321//2321
f 2322//2322 2324//2324 2327//2327
f 2328//2328 2322//2322 2327//2327
f 2332//2332 2330//2330 2329//2329
f 2332//2332 2331//2331 2330//2330
f 2328//2328 2327//2327 2332//2332
f 2333//2333 2328//2328 2332//2332
f 2327//2327 2334//2334 2331//2331
f 2332//2332 2327//2327 2331//2331
f 2336//2336 2331//2331 2334//2334
f 2336//2336 2335//2335 2331//2331
f 2324//2324 2337//2337 2334//2334
f 2327//2327 2324//2324 2334//2334
f 2340//2340 2339//2339 2338//2338
f 2341//2341 2340//2340 2338//2338
f 2342//2342 2340//2340 2341//2341
f 2343//2343 2342//2342 2341//2341
f 2344//2344 2340//2340 2342//2342
f 2344//2344 2329//2329 2340//2340
f 2333//2333 2329//2329 2344//2344
f 2333//2333 2332//2332 2329//2329
f 2322//2322 2345//2345 2323//2323
f 2322//2322 2328//2328 2345//2345
f 2333//2333 2344//2344 2345//2345
f 2328//2328 2333//2333 2345//2345
f 2323//2323 2346//2346 2305//2305
f 2323//2323 2345//2345 2346//2346
f 2345//2345 2342//2342 2346//2346
f 2345//2345 2344//2344 2342//2342
f 2306//2306 2319//2319 2323//2323
f 2305//2305 2306//2306 2323//2323
f 2310//2310 2318//2318 2319//2319
f 2306//2306 2310//2310 2319//2319
f 2349//2349 2348//2348 2347//2347
f 2350//2350 2349//2349 2347//2347
f 2348//2348 2352//2352 2351//2351
f 2347//2347 2348//2348 2351//2351
f 2350//2350 2347//2347 2353//2353
f 2354//2354 2350//2350 2353//2353
f 2353//2353 2351//2351 2305//2305
f 2353//2353 2347//2347 2351//2351
f 2346//2346 2353//2353 2305//2305
f 2346//2346 2355//2355 2353//2353
f 2342//2342 2355//2355 2346//2346
f 2342//2342 2343//2343 2355//2355
f 2357//2357 2356//2356 2355//2355
f 2343//2343 2357//2357 2355//2355
f 2359//2359 2358//2358 2356//2356
f 2357//2357 2359//2359 2356//2356
f 2358//2358 2360//2360 2354//2354
f 2356//2356 2358//2358 2354//2354
f 2356//2356 2354//2354 2353//2353
f 2355//2355 2356//2356 2353//2353
f 2357//2357 2341//2341 2359//2359
f 2357//2357 2343//2343 2341//2341
f 2359//2359 2338//2338 2361//2361
f 2359//2359 2341//2341 2338//2338
f 2361//2361 2362//2362 2358//2358
f 2359//2359 2361//2361 2358//2358
f 2362//2362 1809//1809 2360//2360
f 2358//2358 2362//2362 2360//2360
f 2363//2363 2354//2354 2360//2360
f 2363//2363 2350//2350 2354//2354
f 2364//2364 2360//2360 1809//1809
f 2364//2364 2363//2363 2360//2360
f 2194//2194 2190//2190 2364//2364
f 1809//1809 2194//2194 2364//2364
f 2190//2190 2187//2187 2365//2365
f 2364//2364 2190//2190 2365//2365
f 2365//2365 2363//2363 2364//2364
f 2365//2365 2366//2366 2363//2363
f 2349//2349 2350//2350 2363//2363
f 2366//2366 2349//2349 2363//2363
f 2367//2367 2349//2349 2366//2366
f 2367//2367 2348//2348 2349//2349
f 2367//2367 2366//2366 2365//2365
f 2368//2368 2367//2367 2365//2365
f 2365//2365 2175//2175 2368//2368
f 2365//2365 2187//2187 2175//2175
f 2370//2370 2352//2352 2369//2369
f 2370//2370 2351//2351 2352//2352
f 2373//2373 2369//2369 2371//2371
f 2373//2373 2372//2372 2369//2369
f 2370//2370 2369//2369 2372//2372
f 2374//2374 2370//2370 2372//2372
f 2375//2375 2372//2372 2373//2373
f 2375//2375 2374//2374 2372//2372
f 2302//2302 2374//2374 2375//2375
f 2302//2302 2311//2311 2374//2374
f 2304//2304 2351//2351 2370//2370
f 2304//2304 2305//2305 2351//2351
f 2311//2311 2370//2370 2374//2374
f 2311//2311 2304//2304 2370//2370
f 2368//2368 2169//2169 2162//2162
f 2368//2368 2175//2175 2169//2169
f 2352//2352 2348//2348 2367//2367
f 2376//2376 2352//2352 2367//2367
f 2376//2376 2367//2367 2368//2368
f 2162//2162 2376//2376 2368//2368
f 2371//2371 2352//2352 2376//2376
f 2371//2371 2369//2369 2352//2352
f 2377//2377 2376//2376 2162//2162
f 2377//2377 2371//2371 2376//2376
f 2302//2302 2375//2375 2378//2378
f 2301//2301 2302//2302 2378//2378
f 2378//2378 2373//2373 2379//2379
f 2378//2378 2375//2375 2373//2373
f 2379//2379 2371//2371 2377//2377
f 2379//2379 2373//2373 2371//2371
f 2383//2383 2381//2381 2380//2380
f 2383//2383 2382//2382 2381//2381
f 2380//2380 2385//2385 2384//2384
f 2380//2380 2381//2381 2385//2385
f 2386//2386 2385//2385 2381//2381
f 2382//2382 2386//2386 2381//2381
f 2378//2378 2379//2379 2385//2385
f 2386//2386 2378//2378 2385//2385
f 2384//2384 2379//2379 2377//2377
f 2384//2384 2385//2385 2379//2379
f 2387//2387 2378//2378 2386//2386
f 2387//2387 2301//2301 2378//2378
f 2387//2387 2386//2386 2382//2382
f 2388//2388 2387//2387 2382//2382
f 2390//2390 2380//2380 2389//2389
f 2390//2390 2383//2383 2380//2380
f 2394//2394 2392//2392 2391//2391
f 2394//2394 2393//2393 2392//2392
f 2389//2389 2393//2393 2394//2394
f 2389//2389 2395//2395 2393//2393
f 2389//2389 2384//2384 2395//2395
f 2389//2389 2380//2380 2384//2384
f 2395//2395 2377//2377 2162//2162
f 2395//2395 2384//2384 2377//2377
f 2395//2395 2159//2159 2393//2393
f 2395//2395 2162//2162 2159//2159
f 2393//2393 1428//1428 2392//2392
f 2393//2393 2159//2159 1428//1428
f 2398//2398 2397//2397 2396//2396
f 2399//2399 2398//2398 2396//2396
f 2092//2092 2401//2401 2400//2400
f 2092//2092 2093//2093 2401//2401
f 2396//2396 2400//2400 2401//2401
f 2402//2402 2396//2396 2401//2401
f 2404//2404 1801//1801 2403//2403
f 2404//2404 2059//2059 1801//1801
f 2043//2043 2059//2059 2404//2404
f 2056//2056 2043//2043 2404//2404
f 2404//2404 2403//2403 2405//2405
f 2406//2406 2404//2404 2405//2405
f 2409//2409 2405//2405 2407//2407
f 2409//2409 2408//2408 2405//2405
f 2406//2406 2405//2405 2408//2408
f 2410//2410 2406//2406 2408//2408
f 2411//2411 2408//2408 2409//2409
f 2411//2411 2410//2410 2408//2408
f 2057//2057 2412//2412 2051//2051
f 2057//2057 2056//2056 2412//2412
f 2415//2415 2414//2414 2413//2413
f 2056//2056 2415//2415 2413//2413
f 2413//2413 2412//2412 2056//2056
f 2413//2413 2416//2416 2412//2412
f 2414//2414 2418//2418 2417//2417
f 2413//2413 2414//2414 2417//2417
f 2420//2420 2419//2419 2418//2418
f 2414//2414 2420//2420 2418//2418
f 2422//2422 2421//2421 2416//2416
f 2423//2423 2422//2422 2416//2416
f 2417//2417 2416//2416 2413//2413
f 2417//2417 2423//2423 2416//2416
f 2424//2424 2423//2423 2417//2417
f 2425//2425 2424//2424 2417//2417
f 2427//2427 2426//2426 2424//2424
f 2428//2428 2427//2427 2424//2424
f 2429//2429 2421//2421 2422//2422
f 2426//2426 2429//2429 2422//2422
f 2426//2426 2422//2422 2423//2423
f 2424//2424 2426//2426 2423//2423
f 2431//2431 2430//2430 2421//2421
f 2429//2429 2431//2431 2421//2421
f 1816//1816 2430//2430 2431//2431
f 1816//1816 2050//2050 2430//2430
f 2051//2051 2430//2430 2050//2050
f 2051//2051 2412//2412 2430//2430
f 2416//2416 2430//2430 2412//2412
f 2416//2416 2421//2421 2430//2430
f 2415//2415 2404//2404 2406//2406
f 2415//2415 2056//2056 2404//2404
f 2432//2432 2420//2420 2414//2414
f 2415//2415 2432//2432 2414//2414
f 2415//2415 2406//2406 2410//2410
f 2432//2432 2415//2415 2410//2410
f 2434//2434 2411//2411 2433//2433
f 2435//2435 2434//2434 2433//2433
f 2432//2432 2410//2410 2411//2411
f 2434//2434 2432//2432 2411//2411
f 2434//2434 2436//2436 2420//2420
f 2432//2432 2434//2434 2420//2420
f 2434//2434 2437//2437 2436//2436
f 2434//2434 2435//2435 2437//2437
f 2439//2439 2438//2438 2437//2437
f 2435//2435 2439//2439 2437//2437
f 2440//2440 2439//2439 2435//2435
f 2441//2441 2440//2440 2435//2435
f 2441//2441 2433//2433 2442//2442
f 2441//2441 2435//2435 2433//2433
f 2445//2445 2444//2444 2443//2443
f 2446//2446 2445//2445 2443//2443
f 2428//2428 2424//2424 2425//2425
f 2443//2443 2428//2428 2425//2425
f 2425//2425 2446//2446 2443//2443
f 2425//2425 2447//2447 2446//2446
f 2447//2447 2448//2448 2446//2446
f 2447//2447 2449//2449 2448//2448
f 2417//2417 2447//2447 2425//2425
f 2417//2417 2418//2418 2447//2447
f 2436//2436 2449//2449 2419//2419
f 2420//2420 2436//2436 2419//2419
f 2419//2419 2449//2449 2447//2447
f 2418//2418 2419//2419 2447//2447
f 2437//2437 2448//2448 2449//2449
f 2436//2436 2437//2437 2449//2449
f 2438//2438 2450//2450 2448//2448
f 2437//2437 2438//2438 2448//2448
f 2450//2450 2445//2445 2446//2446
f 2448//2448 2450//2450 2446//2446
f 2433//2433 2409//2409 2451//2451
f 2433//2433 2411//2411 2409//2409
f 2452//2452 2440//2440 2441//2441
f 2453//2453 2452//2452 2441//2441
f 2457//2457 2455//2455 2454//2454
f 2457//2457 2456//2456 2455//2455
f 2455//2455 2458//2458 2454//2454
f 2455//2455 2459//2459 2458//2458
f 2460//2460 2452//2452 2458//2458
f 2459//2459 2460//2460 2458//2458
f 2461//2461 2460//2460 2459//2459
f 2462//2462 2461//2461 2459//2459
f 2460//2460 2461//2461 2440//2440
f 2452//2452 2460//2460 2440//2440
f 2461//2461 2463//2463 2439//2439
f 2440//2440 2461//2461 2439//2439
f 2439//2439 2464//2464 2438//2438
f 2439//2439 2463//2463 2464//2464
f 2463//2463 2461//2461 2462//2462
f 2465//2465 2463//2463 2462//2462
f 2465//2465 2462//2462 2466//2466
f 2467//2467 2465//2465 2466//2466
f 2468//2468 2466//2466 2455//2455
f 2456//2456 2468//2468 2455//2455
f 2462//2462 2459//2459 2455//2455
f 2466//2466 2462//2462 2455//2455
f 2472//2472 2470//2470 2469//2469
f 2472//2472 2471//2471 2470//2470
f 2470//2470 2468//2468 2456//2456
f 2470//2470 2471//2471 2468//2468
f 2474//2474 2473//2473 2468//2468
f 2471//2471 2474//2474 2468//2468
f 2473//2473 2467//2467 2466//2466
f 2468//2468 2473//2473 2466//2466
f 2476//2476 2473//2473 2475//2475
f 2476//2476 2467//2467 2473//2473
f 2475//2475 2474//2474 2477//2477
f 2475//2475 2473//2473 2474//2474
f 2478//2478 2471//2471 2472//2472
f 2478//2478 2474//2474 2471//2471
f 2469//2469 2456//2456 2457//2457
f 2469//2469 2470//2470 2456//2456
f 2481//2481 2479//2479 2476//2476
f 2481//2481 2480//2480 2479//2479
f 2479//2479 2483//2483 2482//2482
f 2479//2479 2484//2484 2483//2483
f 2476//2476 2482//2482 2467//2467
f 2476//2476 2479//2479 2482//2482
f 2485//2485 2467//2467 2482//2482
f 2486//2486 2485//2485 2482//2482
f 2485//2485 2487//2487 2467//2467
f 2485//2485 2488//2488 2487//2487
f 2491//2491 2489//2489 2488//2488
f 2491//2491 2490//2490 2489//2489
f 2463//2463 2492//2492 2464//2464
f 2463//2463 2465//2465 2492//2492
f 2465//2465 2487//2487 2492//2492
f 2465//2465 2467//2467 2487//2487
f 2492//2492 2494//2494 2493//2493
f 2492//2492 2487//2487 2494//2494
f 2495//2495 2488//2488 2485//2485
f 2495//2495 2491//2491 2488//2488
f 2488//2488 2494//2494 2487//2487
f 2488//2488 2489//2489 2494//2494
f 2489//2489 2444//2444 2494//2494
f 2489//2489 2496//2496 2444//2444
f 2493//2493 2494//2494 2444//2444
f 2445//2445 2493//2493 2444//2444
f 2497//2497 2443//2443 2444//2444
f 2496//2496 2497//2497 2444//2444
f 2498//2498 2493//2493 2445//2445
f 2450//2450 2498//2498 2445//2445
f 2464//2464 2493//2493 2498//2498
f 2464//2464 2492//2492 2493//2493
f 2438//2438 2498//2498 2450//2450
f 2438//2438 2464//2464 2498//2498
f 2490//2490 2496//2496 2489//2489
f 2490//2490 2499//2499 2496//2496
f 2499//2499 2497//2497 2496//2496
f 2499//2499 2500//2500 2497//2497
f 2500//2500 2499//2499 2501//2501
f 2502//2502 2500//2500 2501//2501
f 2504//2504 2500//2500 2502//2502
f 2504//2504 2503//2503 2500//2500
f 2507//2507 2506//2506 2505//2505
f 2508//2508 2507//2507 2505//2505
f 2502//2502 2501//2501 2507//2507
f 2508//2508 2502//2502 2507//2507
f 2501//2501 2490//2490 2491//2491
f 2501//2501 2499//2499 2490//2490
f 2501//2501 2491//2491 2495//2495
f 2507//2507 2501//2501 2495//2495
f 2511//2511 2486//2486 2509//2509
f 2511//2511 2510//2510 2486//2486
f 2506//2506 2511//2511 2512//2512
f 2506//2506 2510//2510 2511//2511
f 2495//2495 2510//2510 2506//2506
f 2507//2507 2495//2495 2506//2506
f 2506//2506 2512//2512 2513//2513
f 2505//2505 2506//2506 2513//2513
f 2495//2495 2485//2485 2486//2486
f 2510//2510 2495//2495 2486//2486
f 2486//2486 2482//2482 2483//2483
f 2509//2509 2486//2486 2483//2483
f 2515//2515 2483//2483 2514//2514
f 2515//2515 2509//2509 2483//2483
f 2513//2513 2515//2515 2516//2516
f 2513//2513 2512//2512 2515//2515
f 2511//2511 2509//2509 2515//2515
f 2512//2512 2511//2511 2515//2515
f 2520//2520 2518//2518 2517//2517
f 2520//2520 2519//2519 2518//2518
f 2520//2520 2517//2517 2521//2521
f 2522//2522 2520//2520 2521//2521
f 2524//2524 2523//2523 2519//2519
f 2520//2520 2524//2524 2519//2519
f 2519//2519 2526//2526 2525//2525
f 2519//2519 2523//2523 2526//2526
f 2528//2528 2527//2527 2523//2523
f 2524//2524 2528//2528 2523//2523
f 2530//2530 2528//2528 2529//2529
f 2530//2530 2527//2527 2528//2528
f 2529//2529 2524//2524 2531//2531
f 2529//2529 2528//2528 2524//2524
f 2516//2516 2529//2529 2513//2513
f 2516//2516 2530//2530 2529//2529
f 2513//2513 2531//2531 2505//2505
f 2513//2513 2529//2529 2531//2531
f 2505//2505 2522//2522 2508//2508
f 2505//2505 2531//2531 2522//2522
f 2531//2531 2520//2520 2522//2522
f 2531//2531 2524//2524 2520//2520
f 2522//2522 2521//2521 2532//2532
f 2508//2508 2522//2522 2532//2532
f 2533//2533 2502//2502 2508//2508
f 2533//2533 2504//2504 2502//2502
f 2535//2535 2533//2533 2508//2508
f 2535//2535 2534//2534 2533//2533
f 2532//2532 2536//2536 2535//2535
f 2508//2508 2532//2532 2535//2535
f 2538//2538 2534//2534 2535//2535
f 2538//2538 2537//2537 2534//2534
f 2541//2541 2540//2540 2539//2539
f 2538//2538 2541//2541 2539//2539
f 2543//2543 2542//2542 2540//2540
f 2541//2541 2543//2543 2540//2540
f 2547//2547 2545//2545 2544//2544
f 2547//2547 2546//2546 2545//2545
f 2542//2542 2547//2547 2548//2548
f 2540//2540 2542//2542 2548//2548
f 2549//2549 2547//2547 2542//2542
f 2549//2549 2546//2546 2547//2547
f 2552//2552 2549//2549 2550//2550
f 2552//2552 2551//2551 2549//2549
f 2550//2550 2542//2542 2543//2543
f 2550//2550 2549//2549 2542//2542
f 2550//2550 2543//2543 2541//2541
f 2536//2536 2550//2550 2541//2541
f 2552//2552 2550//2550 2536//2536
f 2532//2532 2552//2552 2536//2536
f 2521//2521 2553//2553 2552//2552
f 2532//2532 2521//2521 2552//2552
f 2553//2553 2554//2554 2551//2551
f 2552//2552 2553//2553 2551//2551
f 2517//2517 2555//2555 2553//2553
f 2521//2521 2517//2517 2553//2553
f 2536//2536 2541//2541 2538//2538
f 2535//2535 2536//2536 2538//2538
f 2544//2544 2557//2557 2556//2556
f 2544//2544 2545//2545 2557//2557
f 2556//2556 2557//2557 2558//2558
f 2559//2559 2556//2556 2558//2558
f 2563//2563 2561//2561 2560//2560
f 2563//2563 2562//2562 2561//2561
f 2566//2566 2563//2563 2564//2564
f 2566//2566 2565//2565 2563//2563
f 2567//2567 2565//2565 2566//2566
f 2568//2568 2567//2567 2566//2566
f 2564//2564 2560//2560 2537//2537
f 2564//2564 2563//2563 2560//2560
f 2539//2539 2537//2537 2538//2538
f 2539//2539 2564//2564 2537//2537
f 2569//2569 2564//2564 2539//2539
f 2569//2569 2566//2566 2564//2564
f 2540//2540 2548//2548 2569//2569
f 2539//2539 2540//2540 2569//2569
f 2548//2548 2544//2544 2570//2570
f 2548//2548 2547//2547 2544//2544
f 2569//2569 2570//2570 2571//2571
f 2569//2569 2548//2548 2570//2570
f 2570//2570 2556//2556 2559//2559
f 2570//2570 2544//2544 2556//2556
f 2572//2572 2568//2568 2571//2571
f 2573//2573 2572//2572 2571//2571
f 2573//2573 2558//2558 2574//2574
f 2573//2573 2559//2559 2558//2558
f 2571//2571 2559//2559 2573//2573
f 2571//2571 2570//2570 2559//2559
f 2568//2568 2566//2566 2569//2569
f 2571//2571 2568//2568 2569//2569
f 2577//2577 2567//2567 2575//2575
f 2577//2577 2576//2576 2567//2567
f 2579//2579 2578//2578 2574//2574
f 2580//2580 2579//2579 2574//2574
f 2578//2578 2572//2572 2573//2573
f 2574//2574 2578//2578 2573//2573
f 2575//2575 2567//2567 2568//2568
f 2572//2572 2575//2575 2568//2568
f 2577//2577 2575//2575 2572//2572
f 2578//2578 2577//2577 2572//2572
f 2581//2581 2577//2577 2578//2578
f 2579//2579 2581//2581 2578//2578
f 2583//2583 2582//2582 2581//2581
f 2579//2579 2583//2583 2581//2581
f 2584//2584 2583//2583 2579//2579
f 2580//2580 2584//2584 2579//2579
f 2588//2588 2586//2586 2585//2585
f 2588//2588 2587//2587 2586//2586
f 2582//2582 2587//2587 2588//2588
f 2581//2581 2582//2582 2588//2588
f 2581//2581 2576//2576 2577//2577
f 2581//2581 2588//2588 2576//2576
f 2588//2588 2589//2589 2576//2576
f 2588//2588 2585//2585 2589//2589
f 2565//2565 2562//2562 2563//2563
f 2565//2565 2589//2589 2562//2562
f 2576//2576 2565//2565 2567//2567
f 2576//2576 2589//2589 2565//2565
f 2593//2593 2591//2591 2590//2590
f 2593//2593 2592//2592 2591//2591
f 2595//2595 2594//2594 2591//2591
f 2592//2592 2595//2595 2591//2591
f 2591//2591 2594//2594 2596//2596
f 2590//2590 2591//2591 2596//2596
f 2596//2596 2597//2597 2584//2584
f 2596//2596 2594//2594 2597//2597
f 2597//2597 2598//2598 2583//2583
f 2584//2584 2597//2597 2583//2583
f 2598//2598 2599//2599 2582//2582
f 2583//2583 2598//2598 2582//2582
f 2601//2601 2600//2600 2599//2599
f 2598//2598 2601//2601 2599//2599
f 2603//2603 2602//2602 2601//2601
f 2603//2603 1879//1879 2602//2602
f 2603//2603 2601//2601 2598//2598
f 2597//2597 2603//2603 2598//2598
f 2595//2595 2597//2597 2594//2594
f 2595//2595 2603//2603 2597//2597
f 2604//2604 2603//2603 2595//2595
f 2604//2604 1879//1879 2603//2603
f 1878//1878 2604//2604 1881//1881
f 1878//1878 1879//1879 2604//2604
f 1881//1881 2605//2605 1891//1891
f 1881//1881 2604//2604 2605//2605
f 1890//1890 2605//2605 2606//2606
f 1890//1890 1891//1891 2605//2605
f 2605//2605 2592//2592 2593//2593
f 2606//2606 2605//2605 2593//2593
f 2605//2605 2595//2595 2592//2592
f 2605//2605 2604//2604 2595//2595
f 1876//1876 2607//2607 1879//1879
f 1876//1876 1877//1877 2607//2607
f 2607//2607 2602//2602 1879//1879
f 2607//2607 2608//2608 2602//2602
f 1877//1877 2609//2609 2607//2607
f 1877//1877 1856//1856 2609//2609
f 2609//2609 2608//2608 2607//2607
f 2609//2609 2610//2610 2608//2608
f 2612//2612 2611//2611 2608//2608
f 2610//2610 2612//2612 2608//2608
f 2608//2608 2613//2613 2602//2602
f 2608//2608 2611//2611 2613//2613
f 2601//2601 2613//2613 2600//2600
f 2601//2601 2602//2602 2613//2613
f 2614//2614 2586//2586 2613//2613
f 2611//2611 2614//2614 2613//2613
f 2612//2612 2614//2614 2611//2611
f 2612//2612 2615//2615 2614//2614
f 2587//2587 2613//2613 2586//2586
f 2587//2587 2600//2600 2613//2613
f 2599//2599 2600//2600 2587//2587
f 2582//2582 2599//2599 2587//2587
f 2616//2616 2612//2612 2610//2610
f 2616//2616 2615//2615 2612//2612
f 2616//2616 2610//2610 2609//2609
f 2617//2617 2616//2616 2609//2609
f 1857//1857 2609//2609 1856//1856
f 1857//1857 2617//2617 2609//2609
f 2620//2620 2619//2619 2618//2618
f 2621//2621 2620//2620 2618//2618
f 2621//2621 2618//2618 2428//2428
f 2443//2443 2621//2621 2428//2428
f 2622//2622 2497//2497 2500//2500
f 2503//2503 2622//2622 2500//2500
f 2621//2621 2443//2443 2497//2497
f 2622//2622 2621//2621 2497//2497
f 2620//2620 2621//2621 2622//2622
f 2623//2623 2620//2620 2622//2622
f 2624//2624 2622//2622 2503//2503
f 2624//2624 2623//2623 2622//2622
f 2626//2626 2504//2504 2533//2533
f 2626//2626 2625//2625 2504//2504
f 2625//2625 2503//2503 2504//2504
f 2625//2625 2624//2624 2503//2503
f 2625//2625 2628//2628 2627//2627
f 2625//2625 2626//2626 2628//2628
f 2624//2624 2627//2627 2623//2623
f 2624//2624 2625//2625 2627//2627
f 2630//2630 2629//2629 2619//2619
f 2620//2620 2630//2630 2619//2619
f 2627//2627 2630//2630 2620//2620
f 2623//2623 2627//2627 2620//2620
f 2628//2628 2585//2585 2630//2630
f 2627//2627 2628//2628 2630//2630
f 2618//2618 2631//2631 2427//2427
f 2428//2428 2618//2618 2427//2427
f 2619//2619 2632//2632 2631//2631
f 2618//2618 2619//2619 2631//2631
f 2632//2632 2634//2634 2633//2633
f 2631//2631 2632//2632 2633//2633
f 2629//2629 2634//2634 2632//2632
f 2619//2619 2629//2629 2632//2632
f 2635//2635 2429//2429 2426//2426
f 2427//2427 2635//2635 2426//2426
f 2427//2427 2633//2633 2635//2635
f 2427//2427 2631//2631 2633//2633
f 2635//2635 2636//2636 1814//1814
f 2635//2635 2633//2633 2636//2636
f 2635//2635 2431//2431 2429//2429
f 2635//2635 1814//1814 2431//2431
f 1815//1815 2431//2431 1814//1814
f 1815//1815 1816//1816 2431//2431
f 1810//1810 2617//2617 1857//1857
f 1810//1810 1814//1814 2617//2617
f 2636//2636 2616//2616 2617//2617
f 1814//1814 2636//2636 2617//2617
f 2637//2637 2615//2615 2616//2616
f 2636//2636 2637//2637 2616//2616
f 2638//2638 2637//2637 2634//2634
f 2629//2629 2638//2638 2634//2634
f 2633//2633 2637//2637 2636//2636
f 2633//2633 2634//2634 2637//2637
f 2637//2637 2638//2638 2614//2614
f 2615//2615 2637//2637 2614//2614
f 2585//2585 2638//2638 2629//2629
f 2630//2630 2585//2585 2629//2629
f 2638//2638 2585//2585 2586//2586
f 2614//2614 2638//2638 2586//2586
f 2589//2589 2628//2628 2562//2562
f 2589//2589 2585//2585 2628//2628
f 2537//2537 2561//2561 2534//2534
f 2537//2537 2560//2560 2561//2561
f 2562//2562 2626//2626 2561//2561
f 2562//2562 2628//2628 2626//2626
f 2534//2534 2626//2626 2533//2533
f 2534//2534 2561//2561 2626//2626
f 2639//2639 1802//1802 1809//1809
f 2639//2639 1799//1799 1802//1802
f 2362//2362 2640//2640 1809//1809
f 2362//2362 2641//2641 2640//2640
f 2641//2641 2451//2451 2640//2640
f 2641//2641 2642//2642 2451//2451
f 2640//2640 2639//2639 1809//1809
f 2640//2640 2407//2407 2639//2639
f 2403//2403 1799//1799 2639//2639
f 2403//2403 1801//1801 1799//1799
f 2407//2407 2403//2403 2639//2639
f 2407//2407 2405//2405 2403//2403
f 2451//2451 2407//2407 2640//2640
f 2451//2451 2409//2409 2407//2407
f 2433//2433 2451//2451 2642//2642
f 2442//2442 2433//2433 2642//2642
f 2442//2442 2642//2642 2643//2643
f 2644//2644 2442//2442 2643//2643
f 2441//2441 2442//2442 2644//2644
f 2453//2453 2441//2441 2644//2644
f 2646//2646 2643//2643 2645//2645
f 2646//2646 2644//2644 2643//2643
f 2453//2453 2644//2644 2646//2646
f 2647//2647 2453//2453 2646//2646
f 2645//2645 2642//2642 2641//2641
f 2645//2645 2643//2643 2642//2642
f 2361//2361 2641//2641 2362//2362
f 2361//2361 2645//2645 2641//2641
f 2338//2338 2645//2645 2361//2361
f 2338//2338 2646//2646 2645//2645
f 2330//2330 2339//2339 2340//2340
f 2329//2329 2330//2330 2340//2340
f 2648//2648 2339//2339 2330//2330
f 2649//2649 2648//2648 2330//2330
f 2454//2454 2647//2647 2339//2339
f 2454//2454 2458//2458 2647//2647
f 2458//2458 2453//2453 2647//2647
f 2458//2458 2452//2452 2453//2453
f 2650//2650 2457//2457 2648//2648
f 2650//2650 2469//2469 2457//2457
f 2648//2648 2454//2454 2339//2339
f 2648//2648 2457//2457 2454//2454
f 2647//2647 2646//2646 2338//2338
f 2339//2339 2647//2647 2338//2338
f 2478//2478 2472//2472 2651//2651
f 2652//2652 2478//2478 2651//2651
f 2651//2651 2654//2654 2653//2653
f 2652//2652 2651//2651 2653//2653
f 2651//2651 2655//2655 2654//2654
f 2651//2651 2650//2650 2655//2655
f 2651//2651 2469//2469 2650//2650
f 2651//2651 2472//2472 2469//2469
f 2650//2650 2648//2648 2649//2649
f 2655//2655 2650//2650 2649//2649
f 2655//2655 2649//2649 2335//2335
f 2656//2656 2655//2655 2335//2335
f 2649//2649 2330//2330 2331//2331
f 2335//2335 2649//2649 2331//2331
f 2654//2654 2656//2656 2657//2657
f 2654//2654 2655//2655 2656//2656
f 2656//2656 2335//2335 2336//2336
f 2657//2657 2656//2656 2336//2336
f 2659//2659 2336//2336 2658//2658
f 2659//2659 2657//2657 2336//2336
f 2653//2653 2657//2657 2659//2659
f 2653//2653 2654//2654 2657//2657
f 2659//2659 2658//2658 2660//2660
f 2661//2661 2659//2659 2660//2660
f 2661//2661 2660//2660 2662//2662
f 2663//2663 2661//2661 2662//2662
f 2665//2665 2663//2663 2664//2664
f 2665//2665 2661//2661 2663//2663
f 2653//2653 2661//2661 2665//2665
f 2653//2653 2659//2659 2661//2661
f 2667//2667 2664//2664 2666//2666
f 2667//2667 2665//2665 2664//2664
f 2653//2653 2665//2665 2667//2667
f 2652//2652 2653//2653 2667//2667
f 2669//2669 2666//2666 2668//2668
f 2669//2669 2667//2667 2666//2666
f 2670//2670 2667//2667 2669//2669
f 2670//2670 2652//2652 2667//2667
f 2674//2674 2672//2672 2671//2671
f 2674//2674 2673//2673 2672//2672
f 2673//2673 2666//2666 2672//2672
f 2673//2673 2668//2668 2666//2666
f 2676//2676 2671//2671 2675//2675
f 2677//2677 2676//2676 2675//2675
f 2672//2672 2675//2675 2671//2671
f 2672//2672 2678//2678 2675//2675
f 2666//2666 2678//2678 2672//2672
f 2666//2666 2664//2664 2678//2678
f 2663//2663 2662//2662 2678//2678
f 2664//2664 2663//2663 2678//2678
f 2660//2660 2680//2680 2679//2679
f 2662//2662 2660//2660 2679//2679
f 2678//2678 2679//2679 2675//2675
f 2678//2678 2662//2662 2679//2679
f 2677//2677 2675//2675 2679//2679
f 2681//2681 2677//2677 2679//2679
f 2683//2683 2677//2677 2681//2681
f 2683//2683 2682//2682 2677//2677
f 2684//2684 2676//2676 2677//2677
f 2682//2682 2684//2684 2677//2677
f 2676//2676 2686//2686 2685//2685
f 2676//2676 2684//2684 2686//2686
f 2689//2689 2688//2688 2687//2687
f 2689//2689 2686//2686 2688//2688
f 2685//2685 2689//2689 2690//2690
f 2685//2685 2686//2686 2689//2689
f 2689//2689 2687//2687 2691//2691
f 2690//2690 2689//2689 2691//2691
f 2695//2695 2693//2693 2692//2692
f 2695//2695 2694//2694 2693//2693
f 2692//2692 2690//2690 2695//2695
f 2692//2692 2685//2685 2690//2690
f 2695//2695 2691//2691 2696//2696
f 2695//2695 2690//2690 2691//2691
f 2676//2676 2685//2685 2692//2692
f 2671//2671 2676//2676 2692//2692
f 2692//2692 2697//2697 2671//2671
f 2692//2692 2693//2693 2697//2697
f 2698//2698 2695//2695 2696//2696
f 2698//2698 2694//2694 2695//2695
f 2699//2699 2694//2694 2698//2698
f 2700//2700 2699//2699 2698//2698
f 2701//2701 443//443 484//484
f 2701//2701 445//445 443//443
f 2701//2701 2696//2696 445//445
f 2701//2701 2698//2698 2696//2696
f 2691//2691 2703//2703 2702//2702
f 2691//2691 2687//2687 2703//2703
f 2696//2696 2702//2702 445//445
f 2696//2696 2691//2691 2702//2702
f 2702//2702 2704//2704 446//446
f 445//445 2702//2702 446//446
f 2708//2708 2706//2706 2705//2705
f 2708//2708 2707//2707 2706//2706
f 2710//2710 2705//2705 2709//2709
f 2710//2710 2708//2708 2705//2705
f 2712//2712 2710//2710 2711//2711
f 2713//2713 2712//2712 2711//2711
f 2710//2710 2709//2709 2714//2714
f 2711//2711 2710//2710 2714//2714
f 549//549 2715//2715 548//548
f 549//549 2716//2716 2715//2715
f 573//573 2716//2716 549//549
f 573//573 2717//2717 2716//2716
f 2716//2716 2718//2718 2715//2715
f 2716//2716 2719//2719 2718//2718
f 2720//2720 2719//2719 2716//2716
f 2717//2717 2720//2720 2716//2716
f 2721//2721 2720//2720 2717//2717
f 2721//2721 2713//2713 2720//2720
f 2720//2720 2711//2711 2719//2719
f 2720//2720 2713//2713 2711//2711
f 2711//2711 2714//2714 2718//2718
f 2719//2719 2711//2711 2718//2718
f 2718//2718 2714//2714 2722//2722
f 2723//2723 2718//2718 2722//2722
f 2725//2725 2722//2722 2724//2724
f 2725//2725 2723//2723 2722//2722
f 2726//2726 2715//2715 2718//2718
f 2723//2723 2726//2726 2718//2718
f 563//563 548//548 2715//2715
f 2726//2726 563//563 2715//2715
f 562//562 563//563 2726//2726
f 2727//2727 562//562 2726//2726
f 2725//2725 2726//2726 2723//2723
f 2725//2725 2727//2727 2726//2726
f 2725//2725 2724//2724 2728//2728
f 2727//2727 2725//2725 2728//2728
f 2728//2728 2730//2730 2729//2729
f 2728//2728 2724//2724 2730//2730
f 562//562 2728//2728 2731//2731
f 562//562 2727//2727 2728//2728
f 2722//2722 2732//2732 2730//2730
f 2724//2724 2722//2722 2730//2730
f 2734//2734 2733//2733 2730//2730
f 2732//2732 2734//2734 2730//2730
f 2736//2736 2735//2735 2734//2734
f 2737//2737 2736//2736 2734//2734
f 2737//2737 2734//2734 2732//2732
f 2709//2709 2737//2737 2732//2732
f 2714//2714 2709//2709 2732//2732
f 2722//2722 2714//2714 2732//2732
f 2721//2721 2717//2717 573//573
f 574//574 2721//2721 573//573
f 2738//2738 2721//2721 574//574
f 2739//2739 2738//2738 574//574
f 2712//2712 2713//2713 2721//2721
f 2738//2738 2712//2712 2721//2721
f 2741//2741 2740//2740 2712//2712
f 2738//2738 2741//2741 2712//2712
f 2712//2712 2708//2708 2710//2710
f 2712//2712 2740//2740 2708//2708
f 2742//2742 2707//2707 2708//2708
f 2740//2740 2742//2742 2708//2708
f 2746//2746 2744//2744 2743//2743
f 2746//2746 2745//2745 2744//2744
f 2747//2747 2744//2744 2706//2706
f 2707//2707 2747//2747 2706//2706
f 2745//2745 2706//2706 2744//2744
f 2745//2745 2748//2748 2706//2706
f 2706//2706 2749//2749 2705//2705
f 2706//2706 2748//2748 2749//2749
f 2705//2705 2750//2750 2709//2709
f 2705//2705 2749//2749 2750//2750
f 2749//2749 2751//2751 2750//2750
f 2749//2749 2752//2752 2751//2751
f 2751//2751 2752//2752 2753//2753
f 2754//2754 2751//2751 2753//2753
f 2755//2755 2752//2752 2749//2749
f 2748//2748 2755//2755 2749//2749
f 2753//2753 2755//2755 2756//2756
f 2753//2753 2752//2752 2755//2755
f 2757//2757 2745//2745 2746//2746
f 2757//2757 2756//2756 2745//2745
f 2755//2755 2748//2748 2745//2745
f 2756//2756 2755//2755 2745//2745
f 2757//2757 2759//2759 2758//2758
f 2760//2760 2757//2757 2758//2758
f 2753//2753 2756//2756 2757//2757
f 2760//2760 2753//2753 2757//2757
f 2754//2754 2753//2753 2760//2760
f 2761//2761 2754//2754 2760//2760
f 2760//2760 2758//2758 2762//2762
f 2761//2761 2760//2760 2762//2762
f 2762//2762 2530//2530 2516//2516
f 2761//2761 2762//2762 2516//2516
f 2763//2763 2527//2527 2530//2530
f 2762//2762 2763//2763 2530//2530
f 2523//2523 2763//2763 2526//2526
f 2523//2523 2527//2527 2763//2763
f 2758//2758 2764//2764 2763//2763
f 2762//2762 2758//2758 2763//2763
f 2764//2764 2765//2765 2526//2526
f 2763//2763 2764//2764 2526//2526
f 2766//2766 2757//2757 2746//2746
f 2766//2766 2759//2759 2757//2757
f 2767//2767 2759//2759 2766//2766
f 2768//2768 2767//2767 2766//2766
f 2767//2767 2768//2768 2765//2765
f 2764//2764 2767//2767 2765//2765
f 2759//2759 2767//2767 2764//2764
f 2758//2758 2759//2759 2764//2764
f 2516//2516 2514//2514 2761//2761
f 2516//2516 2515//2515 2514//2514
f 2483//2483 2769//2769 2514//2514
f 2483//2483 2484//2484 2769//2769
f 2514//2514 2770//2770 2761//2761
f 2514//2514 2769//2769 2770//2770
f 2769//2769 2771//2771 2770//2770
f 2769//2769 2772//2772 2771//2771
f 2754//2754 2761//2761 2770//2770
f 2773//2773 2754//2754 2770//2770
f 2774//2774 2754//2754 2773//2773
f 2774//2774 2751//2751 2754//2754
f 2773//2773 2770//2770 2771//2771
f 2775//2775 2773//2773 2771//2771
f 2776//2776 2773//2773 2775//2775
f 2776//2776 2774//2774 2773//2773
f 2776//2776 2775//2775 2777//2777
f 2778//2778 2776//2776 2777//2777
f 2776//2776 2779//2779 2774//2774
f 2776//2776 2778//2778 2779//2779
f 2736//2736 2737//2737 2779//2779
f 2778//2778 2736//2736 2779//2779
f 2779//2779 2750//2750 2751//2751
f 2774//2774 2779//2779 2751//2751
f 2737//2737 2709//2709 2750//2750
f 2779//2779 2737//2737 2750//2750
f 2782//2782 2781//2781 2780//2780
f 2783//2783 2782//2782 2780//2780
f 2785//2785 2784//2784 2781//2781
f 2782//2782 2785//2785 2781//2781
f 2787//2787 2786//2786 2781//2781
f 2784//2784 2787//2787 2781//2781
f 2786//2786 2788//2788 2780//2780
f 2781//2781 2786//2786 2780//2780
f 2736//2736 2785//2785 2782//2782
f 2735//2735 2736//2736 2782//2782
f 2736//2736 2777//2777 2785//2785
f 2736//2736 2778//2778 2777//2777
f 2785//2785 2789//2789 2784//2784
f 2785//2785 2777//2777 2789//2789
f 2777//2777 2771//2771 2789//2789
f 2777//2777 2775//2775 2771//2771
f 2789//2789 2791//2791 2790//2790
f 2784//2784 2789//2789 2790//2790
f 2771//2771 2772//2772 2791//2791
f 2789//2789 2771//2771 2791//2791
f 2791//2791 2792//2792 2480//2480
f 2791//2791 2772//2772 2792//2792
f 2792//2792 2484//2484 2479//2479
f 2480//2480 2792//2792 2479//2479
f 2792//2792 2772//2772 2769//2769
f 2484//2484 2792//2792 2769//2769
f 2790//2790 2480//2480 2481//2481
f 2790//2790 2791//2791 2480//2480
f 2670//2670 2478//2478 2652//2652
f 2670//2670 2793//2793 2478//2478
f 2795//2795 2793//2793 2670//2670
f 2795//2795 2794//2794 2793//2793
f 2477//2477 2474//2474 2478//2478
f 2793//2793 2477//2477 2478//2478
f 2475//2475 2477//2477 2796//2796
f 2797//2797 2475//2475 2796//2796
f 2798//2798 2796//2796 2794//2794
f 2798//2798 2797//2797 2796//2796
f 2796//2796 2477//2477 2793//2793
f 2794//2794 2796//2796 2793//2793
f 2481//2481 2797//2797 2798//2798
f 2790//2790 2481//2481 2798//2798
f 2481//2481 2475//2475 2797//2797
f 2481//2481 2476//2476 2475//2475
f 2790//2790 2798//2798 2799//2799
f 2784//2784 2790//2790 2799//2799
f 2795//2795 2801//2801 2800//2800
f 2799//2799 2795//2795 2800//2800
f 2798//2798 2794//2794 2795//2795
f 2799//2799 2798//2798 2795//2795
f 2795//2795 2669//2669 2801//2801
f 2795//2795 2670//2670 2669//2669
f 2669//2669 2668//2668 2802//2802
f 2801//2801 2669//2669 2802//2802
f 2802//2802 2668//2668 2673//2673
f 2803//2803 2802//2802 2673//2673
f 2804//2804 2673//2673 2674//2674
f 2804//2804 2803//2803 2673//2673
f 2800//2800 2803//2803 2804//2804
f 2787//2787 2800//2800 2804//2804
f 2800//2800 2802//2802 2803//2803
f 2800//2800 2801//2801 2802//2802
f 2799//2799 2800//2800 2787//2787
f 2784//2784 2799//2799 2787//2787
f 2804//2804 2806//2806 2805//2805
f 2804//2804 2674//2674 2806//2806
f 2804//2804 2805//2805 2786//2786
f 2787//2787 2804//2804 2786//2786
f 2786//2786 2807//2807 2788//2788
f 2786//2786 2805//2805 2807//2807
f 2734//2734 2808//2808 2733//2733
f 2734//2734 2735//2735 2808//2808
f 2808//2808 2782//2782 2783//2783
f 2808//2808 2735//2735 2782//2782
f 2808//2808 2783//2783 2809//2809
f 2733//2733 2808//2808 2809//2809
f 2730//2730 2809//2809 2729//2729
f 2730//2730 2733//2733 2809//2809
f 2729//2729 2811//2811 2810//2810
f 2729//2729 2809//2809 2811//2811
f 2811//2811 2812//2812 2810//2810
f 2811//2811 2813//2813 2812//2812
f 2809//2809 2780//2780 2811//2811
f 2809//2809 2783//2783 2780//2780
f 2780//2780 2813//2813 2811//2811
f 2780//2780 2788//2788 2813//2813
f 2806//2806 2815//2815 2814//2814
f 2806//2806 2697//2697 2815//2815
f 2674//2674 2697//2697 2806//2806
f 2674//2674 2671//2671 2697//2697
f 2807//2807 2814//2814 2813//2813
f 2788//2788 2807//2807 2813//2813
f 2806//2806 2814//2814 2807//2807
f 2805//2805 2806//2806 2807//2807
f 2813//2813 2815//2815 2812//2812
f 2813//2813 2814//2814 2815//2815
f 2693//2693 2815//2815 2697//2697
f 2693//2693 2816//2816 2815//2815
f 2699//2699 2816//2816 2693//2693
f 2694//2694 2699//2699 2693//2693
f 2815//2815 2816//2816 2817//2817
f 2812//2812 2815//2815 2817//2817
f 2817//2817 2699//2699 2700//2700
f 2817//2817 2816//2816 2699//2699
f 2818//2818 2698//2698 2701//2701
f 2818//2818 2700//2700 2698//2698
f 2817//2817 2700//2700 2818//2818
f 2819//2819 2817//2817 2818//2818
f 2812//2812 2817//2817 2819//2819
f 2810//2810 2812//2812 2819//2819
f 2819//2819 2820//2820 468//468
f 2810//2810 2819//2819 468//468
f 2820//2820 486//486 466//466
f 468//468 2820//2820 466//466
f 2820//2820 485//485 486//486
f 2820//2820 2821//2821 485//485
f 484//484 483//483 485//485
f 2821//2821 484//484 485//485
f 2818//2818 2821//2821 2820//2820
f 2819//2819 2818//2818 2820//2820
f 2818//2818 484//484 2821//2821
f 2818//2818 2701//2701 484//484
f 2731//2731 2810//2810 468//468
f 464//464 2731//2731 468//468
f 2731//2731 2729//2729 2810//2810
f 2731//2731 2728//2728 2729//2729
f 562//562 2731//2731 464//464
f 462//462 562//562 464//464
f 2823//2823 2822//2822 366//366
f 2824//2824 2823//2823 366//366
f 345//345 366//366 344//344
f 345//345 2824//2824 366//366
f 2826//2826 2825//2825 2823//2823
f 2827//2827 2826//2826 2823//2823
f 2826//2826 2828//2828 2825//2825
f 2826//2826 2829//2829 2828//2828
f 2825//2825 2830//2830 2822//2822
f 2823//2823 2825//2825 2822//2822
f 2828//2828 2831//2831 2830//2830
f 2825//2825 2828//2828 2830//2830
f 2835//2835 2833//2833 2832//2832
f 2835//2835 2834//2834 2833//2833
f 2837//2837 2835//2835 2836//2836
f 2829//2829 2837//2837 2836//2836
f 2828//2828 2836//2836 2831//2831
f 2828//2828 2829//2829 2836//2836
f 2837//2837 2829//2829 2826//2826
f 2838//2838 2837//2837 2826//2826
f 2840//2840 2839//2839 2837//2837
f 2838//2838 2840//2840 2837//2837
f 2840//2840 2841//2841 2839//2839
f 2840//2840 2842//2842 2841//2841
f 2841//2841 2843//2843 2834//2834
f 2839//2839 2841//2841 2834//2834
f 2837//2837 2834//2834 2835//2835
f 2837//2837 2839//2839 2834//2834
f 2823//2823 2824//2824 2844//2844
f 2827//2827 2823//2823 2844//2844
f 2838//2838 2826//2826 2827//2827
f 2845//2845 2838//2838 2827//2827
f 2827//2827 2844//2844 2846//2846
f 2845//2845 2827//2827 2846//2846
f 2844//2844 345//345 346//346
f 2844//2844 2824//2824 345//345
f 2844//2844 346//346 347//347
f 2846//2846 2844//2844 347//347
f 2846//2846 390//390 2847//2847
f 2845//2845 2846//2846 2847//2847
f 347//347 387//387 390//390
f 2846//2846 347//347 390//390
f 390//390 389//389 393//393
f 2847//2847 390//390 393//393
f 2847//2847 2848//2848 2845//2845
f 2847//2847 2849//2849 2848//2848
f 2852//2852 2850//2850 2848//2848
f 2852//2852 2851//2851 2850//2850
f 2848//2848 2853//2853 2845//2845
f 2848//2848 2850//2850 2853//2853
f 2850//2850 2854//2854 2853//2853
f 2850//2850 2855//2855 2854//2854
f 2854//2854 2855//2855 2856//2856
f 2857//2857 2854//2854 2856//2856
f 2858//2858 2855//2855 2850//2850
f 2851//2851 2858//2858 2850//2850
f 2858//2858 2851//2851 2859//2859
f 2860//2860 2858//2858 2859//2859
f 2856//2856 2858//2858 2860//2860
f 2856//2856 2855//2855 2858//2858
f 2854//2854 2842//2842 2840//2840
f 2853//2853 2854//2854 2840//2840
f 2853//2853 2840//2840 2838//2838
f 2845//2845 2853//2853 2838//2838
f 2862//2862 2861//2861 2849//2849
f 2863//2863 2862//2862 2849//2849
f 393//393 2849//2849 2847//2847
f 393//393 2863//2863 2849//2849
f 2862//2862 2863//2863 2864//2864
f 2865//2865 2862//2862 2864//2864
f 2849//2849 2852//2852 2848//2848
f 2849//2849 2861//2861 2852//2852
f 2863//2863 393//393 392//392
f 2864//2864 2863//2863 392//392
f 2866//2866 392//392 394//394
f 2866//2866 2864//2864 392//392
f 2868//2868 2865//2865 2867//2867
f 2869//2869 2868//2868 2867//2867
f 2868//2868 2862//2862 2865//2865
f 2868//2868 2861//2861 2862//2862
f 2865//2865 2864//2864 2866//2866
f 2867//2867 2865//2865 2866//2866
f 2871//2871 2870//2870 414//414
f 415//415 2871//2871 414//414
f 2873//2873 2872//2872 2870//2870
f 2871//2871 2873//2873 2870//2870
f 2872//2872 2867//2867 2866//2866
f 2870//2870 2872//2872 2866//2866
f 2874//2874 2869//2869 2867//2867
f 2872//2872 2874//2874 2867//2867
f 2873//2873 2874//2874 2872//2872
f 2873//2873 2875//2875 2874//2874
f 414//414 2866//2866 394//394
f 414//414 2870//2870 2866//2866
f 2703//2703 2876//2876 2874//2874
f 2875//2875 2703//2703 2874//2874
f 2703//2703 2875//2875 2704//2704
f 2702//2702 2703//2703 2704//2704
f 2704//2704 2873//2873 2871//2871
f 2704//2704 2875//2875 2873//2873
f 2704//2704 2871//2871 415//415
f 446//446 2704//2704 415//415
f 2682//2682 2878//2878 2877//2877
f 2684//2684 2682//2682 2877//2877
f 2877//2877 2880//2880 2879//2879
f 2877//2877 2878//2878 2880//2880
f 2877//2877 2879//2879 2876//2876
f 2688//2688 2877//2877 2876//2876
f 2684//2684 2877//2877 2688//2688
f 2686//2686 2684//2684 2688//2688
f 2688//2688 2876//2876 2703//2703
f 2687//2687 2688//2688 2703//2703
f 2876//2876 2879//2879 2869//2869
f 2874//2874 2876//2876 2869//2869
f 2852//2852 2861//2861 2868//2868
f 2881//2881 2852//2852 2868//2868
f 2881//2881 2868//2868 2869//2869
f 2879//2879 2881//2881 2869//2869
f 2882//2882 2881//2881 2879//2879
f 2882//2882 2859//2859 2881//2881
f 2859//2859 2852//2852 2881//2881
f 2859//2859 2851//2851 2852//2852
f 2883//2883 2859//2859 2882//2882
f 2883//2883 2860//2860 2859//2859
f 2883//2883 2885//2885 2884//2884
f 2886//2886 2883//2883 2884//2884
f 2884//2884 2888//2888 2887//2887
f 2889//2889 2884//2884 2887//2887
f 2885//2885 2882//2882 2890//2890
f 2885//2885 2883//2883 2882//2882
f 2882//2882 2879//2879 2880//2880
f 2890//2890 2882//2882 2880//2880
f 2884//2884 2891//2891 2888//2888
f 2884//2884 2885//2885 2891//2891
f 2891//2891 2890//2890 2892//2892
f 2891//2891 2885//2885 2890//2890
f 2891//2891 2892//2892 2893//2893
f 2888//2888 2891//2891 2893//2893
f 2890//2890 2880//2880 2894//2894
f 2892//2892 2890//2890 2894//2894
f 2893//2893 2894//2894 2895//2895
f 2893//2893 2892//2892 2894//2894
f 2896//2896 2895//2895 2894//2894
f 2897//2897 2896//2896 2894//2894
f 2679//2679 2680//2680 2896//2896
f 2681//2681 2679//2679 2896//2896
f 2683//2683 2896//2896 2897//2897
f 2683//2683 2681//2681 2896//2896
f 2683//2683 2897//2897 2878//2878
f 2682//2682 2683//2683 2878//2878
f 2897//2897 2894//2894 2880//2880
f 2878//2878 2897//2897 2880//2880
f 2658//2658 2334//2334 2337//2337
f 2658//2658 2336//2336 2334//2334
f 2658//2658 2337//2337 2680//2680
f 2660//2660 2658//2658 2680//2680
f 2680//2680 2337//2337 2895//2895
f 2896//2896 2680//2680 2895//2895
f 2324//2324 2326//2326 2337//2337
f 2324//2324 2325//2325 2326//2326
f 2898//2898 2895//2895 2337//2337
f 2898//2898 2893//2893 2895//2895
f 2887//2887 2898//2898 2899//2899
f 2900//2900 2887//2887 2899//2899
f 2887//2887 2893//2893 2898//2898
f 2887//2887 2888//2888 2893//2893
f 2898//2898 2337//2337 2326//2326
f 2899//2899 2898//2898 2326//2326
f 2899//2899 2326//2326 2321//2321
f 2901//2901 2899//2899 2321//2321
f 2901//2901 2321//2321 2279//2279
f 2280//2280 2901//2901 2279//2279
f 2889//2889 2900//2900 2902//2902
f 2889//2889 2887//2887 2900//2900
f 2902//2902 2904//2904 2903//2903
f 2902//2902 2900//2900 2904//2904
f 2904//2904 2901//2901 2280//2280
f 2903//2903 2904//2904 2280//2280
f 2900//2900 2899//2899 2901//2901
f 2904//2904 2900//2900 2901//2901
f 2907//2907 2315//2315 2905//2905
f 2907//2907 2906//2906 2315//2315
f 2911//2911 2909//2909 2908//2908
f 2911//2911 2910//2910 2909//2909
f 2911//2911 2908//2908 2912//2912
f 2907//2907 2911//2911 2912//2912
f 2909//2909 2914//2914 2913//2913
f 2908//2908 2909//2909 2913//2913
f 2915//2915 2914//2914 2909//2909
f 2910//2910 2915//2915 2909//2909
f 2915//2915 2916//2916 2914//2914
f 2915//2915 2833//2833 2916//2916
f 2854//2854 2857//2857 2917//2917
f 2842//2842 2854//2854 2917//2917
f 2886//2886 2884//2884 2889//2889
f 2918//2918 2886//2886 2889//2889
f 2856//2856 2860//2860 2883//2883
f 2886//2886 2856//2856 2883//2883
f 2857//2857 2856//2856 2886//2886
f 2918//2918 2857//2857 2886//2886
f 2857//2857 2918//2918 2919//2919
f 2917//2917 2857//2857 2919//2919
f 2841//2841 2917//2917 2843//2843
f 2841//2841 2842//2842 2917//2917
f 2917//2917 2919//2919 2916//2916
f 2843//2843 2917//2917 2916//2916
f 2834//2834 2916//2916 2833//2833
f 2834//2834 2843//2843 2916//2916
f 2913//2913 2916//2916 2919//2919
f 2913//2913 2914//2914 2916//2916
f 2920//2920 2919//2919 2918//2918
f 2920//2920 2913//2913 2919//2919
f 2922//2922 2921//2921 2920//2920
f 2918//2918 2922//2922 2920//2920
f 2924//2924 2923//2923 2921//2921
f 2922//2922 2924//2924 2921//2921
f 2912//2912 2913//2913 2920//2920
f 2912//2912 2908//2908 2913//2913
f 2921//2921 2925//2925 2912//2912
f 2920//2920 2921//2921 2912//2912
f 2906//2906 2290//2290 2315//2315
f 2906//2906 2289//2289 2290//2290
f 2912//2912 2906//2906 2907//2907
f 2912//2912 2925//2925 2906//2906
f 2926//2926 2289//2289 2906//2906
f 2925//2925 2926//2926 2906//2906
f 2286//2286 2289//2289 2926//2926
f 2923//2923 2286//2286 2926//2926
f 2921//2921 2926//2926 2925//2925
f 2921//2921 2923//2923 2926//2926
f 2281//2281 2286//2286 2923//2923
f 2924//2924 2281//2281 2923//2923
f 2902//2902 2903//2903 2924//2924
f 2922//2922 2902//2902 2924//2924
f 2889//2889 2902//2902 2922//2922
f 2918//2918 2889//2889 2922//2922
f 2924//2924 2280//2280 2281//2281
f 2924//2924 2903//2903 2280//2280
f 2927//2927 2911//2911 2907//2907
f 2905//2905 2927//2927 2907//2907
f 2928//2928 2910//2910 2911//2911
f 2927//2927 2928//2928 2911//2911
f 2932//2932 2930//2930 2929//2929
f 2932//2932 2931//2931 2930//2930
f 2932//2932 2929//2929 2933//2933
f 2934//2934 2932//2932 2933//2933
f 2928//2928 2932//2932 2934//2934
f 2928//2928 2927//2927 2932//2932
f 2927//2927 2931//2931 2932//2932
f 2927//2927 2905//2905 2931//2931
f 2936//2936 2832//2832 2935//2935
f 2937//2937 2936//2936 2935//2935
f 2939//2939 2938//2938 2935//2935
f 2832//2832 2939//2939 2935//2935
f 2938//2938 2941//2941 2940//2940
f 2935//2935 2938//2938 2940//2940
f 2938//2938 2933//2933 2941//2941
f 2938//2938 2934//2934 2933//2933
f 2939//2939 2833//2833 2915//2915
f 2939//2939 2832//2832 2833//2833
f 2928//2928 2915//2915 2910//2910
f 2928//2928 2939//2939 2915//2915
f 2928//2928 2934//2934 2938//2938
f 2939//2939 2928//2928 2938//2938
f 2835//2835 2832//2832 2942//2942
f 2836//2836 2835//2835 2942//2942
f 2942//2942 2832//2832 2936//2936
f 2943//2943 2942//2942 2936//2936
f 2944//2944 2942//2942 2943//2943
f 2945//2945 2944//2944 2943//2943
f 2945//2945 2946//2946 2944//2944
f 2945//2945 2947//2947 2946//2946
f 2836//2836 2942//2942 2944//2944
f 2831//2831 2836//2836 2944//2944
f 2948//2948 1191//1191 2946//2946
f 2947//2947 2948//2948 2946//2946
f 2822//2822 1191//1191 362//362
f 366//366 2822//2822 362//362
f 2822//2822 2946//2946 1191//1191
f 2822//2822 2830//2830 2946//2946
f 2831//2831 2944//2944 2946//2946
f 2830//2830 2831//2831 2946//2946
f 2315//2315 2313//2313 2905//2905
f 2315//2315 2314//2314 2313//2313
f 2313//2313 2949//2949 2905//2905
f 2313//2313 2950//2950 2949//2949
f 2949//2949 2931//2931 2905//2905
f 2949//2949 2951//2951 2931//2931
f 2953//2953 2952//2952 2949//2949
f 2950//2950 2953//2953 2949//2949
f 2957//2957 2955//2955 2954//2954
f 2957//2957 2956//2956 2955//2955
f 2955//2955 2953//2953 2950//2950
f 2954//2954 2955//2955 2950//2950
f 2955//2955 2958//2958 2953//2953
f 2955//2955 2956//2956 2958//2958
f 2957//2957 2954//2954 2312//2312
f 2300//2300 2957//2957 2312//2312
f 2954//2954 2950//2950 2313//2313
f 2312//2312 2954//2954 2313//2313
f 2959//2959 2957//2957 2300//2300
f 2301//2301 2959//2959 2300//2300
f 2962//2962 2960//2960 2959//2959
f 2962//2962 2961//2961 2960//2960
f 2960//2960 2956//2956 2957//2957
f 2959//2959 2960//2960 2957//2957
f 2964//2964 2961//2961 2962//2962
f 2964//2964 2963//2963 2961//2961
f 2966//2966 2964//2964 2388//2388
f 2966//2966 2965//2965 2964//2964
f 2388//2388 2962//2962 2387//2387
f 2388//2388 2964//2964 2962//2962
f 2387//2387 2959//2959 2301//2301
f 2387//2387 2962//2962 2959//2959
f 2388//2388 2382//2382 2383//2383
f 2966//2966 2388//2388 2383//2383
f 2966//2966 2383//2383 2390//2390
f 2967//2967 2966//2966 2390//2390
f 2390//2390 2969//2969 2968//2968
f 2967//2967 2390//2390 2968//2968
f 2390//2390 2394//2394 2969//2969
f 2390//2390 2389//2389 2394//2394
f 2391//2391 2392//2392 2970//2970
f 2971//2971 2391//2391 2970//2970
f 2969//2969 2391//2391 2971//2971
f 2969//2969 2394//2394 2391//2391
f 2392//2392 1428//1428 1387//1387
f 2970//2970 2392//2392 1387//1387
f 2975//2975 2973//2973 2972//2972
f 2975//2975 2974//2974 2973//2973
f 1350//1350 2977//2977 2976//2976
f 1350//1350 1348//1348 2977//2977
f 1347//1347 2978//2978 2977//2977
f 1348//1348 1347//1347 2977//2977
f 2977//2977 2978//2978 2979//2979
f 2980//2980 2977//2977 2979//2979
f 2982//2982 2979//2979 2981//2981
f 2982//2982 2980//2980 2979//2979
f 2984//2984 2982//2982 2983//2983
f 2984//2984 2980//2980 2982//2982
f 2977//2977 2980//2980 2984//2984
f 2976//2976 2977//2977 2984//2984
f 2983//2983 2974//2974 2975//2975
f 2985//2985 2983//2983 2975//2975
f 2981//2981 2986//2986 2973//2973
f 2974//2974 2981//2981 2973//2973
f 2982//2982 2981//2981 2974//2974
f 2983//2983 2982//2982 2974//2974
f 2979//2979 2987//2987 2986//2986
f 2981//2981 2979//2979 2986//2986
f 1342//1342 1340//1340 2978//2978
f 1347//1347 1342//1342 2978//2978
f 2978//2978 1340//1340 2987//2987
f 2979//2979 2978//2978 2987//2987
f 2988//2988 1387//1387 1388//1388
f 2988//2988 2970//2970 1387//1387
f 1389//1389 2976//2976 1388//1388
f 1389//1389 1350//1350 2976//2976
f 2976//2976 2984//2984 2989//2989
f 1388//1388 2976//2976 2989//2989
f 2989//2989 2988//2988 1388//1388
f 2989//2989 2990//2990 2988//2988
f 2984//2984 2983//2983 2985//2985
f 2989//2989 2984//2984 2985//2985
f 2985//2985 2990//2990 2989//2989
f 2985//2985 2991//2991 2990//2990
f 2990//2990 2992//2992 2988//2988
f 2990//2990 2993//2993 2992//2992
f 2994//2994 2993//2993 2990//2990
f 2991//2991 2994//2994 2990//2990
f 2994//2994 2996//2996 2995//2995
f 2994//2994 2991//2991 2996//2996
f 2985//2985 2975//2975 2996//2996
f 2991//2991 2985//2985 2996//2996
f 2997//2997 2968//2968 2992//2992
f 2993//2993 2997//2997 2992//2992
f 2971//2971 2970//2970 2988//2988
f 2992//2992 2971//2971 2988//2988
f 2968//2968 2971//2971 2992//2992
f 2968//2968 2969//2969 2971//2971
f 2998//2998 2967//2967 2968//2968
f 2997//2997 2998//2998 2968//2968
f 2999//2999 2998//2998 2997//2997
f 2995//2995 2999//2999 2997//2997
f 2996//2996 3000//3000 2999//2999
f 2995//2995 2996//2996 2999//2999
f 2994//2994 2997//2997 2993//2993
f 2994//2994 2995//2995 2997//2997
f 3002//3002 3001//3001 2998//2998
f 2999//2999 3002//3002 2998//2998
f 3003//3003 3002//3002 2999//2999
f 3000//3000 3003//3003 2999//2999
f 3003//3003 3004//3004 3002//3002
f 3003//3003 3005//3005 3004//3004
f 3004//3004 3006//3006 3001//3001
f 3002//3002 3004//3004 3001//3001
f 2998//2998 3007//3007 2967//2967
f 2998//2998 3001//3001 3007//3007
f 2967//2967 2965//2965 2966//2966
f 2967//2967 3007//3007 2965//2965
f 2986//2986 3009//3009 3008//3008
f 2973//2973 2986//2986 3008//3008
f 2975//2975 2972//2972 3000//3000
f 2996//2996 2975//2975 3000//3000
f 3013//3013 3011//3011 3010//3010
f 3013//3013 3012//3012 3011//3011
f 3011//3011 3003//3003 3000//3000
f 2972//2972 3011//3011 3000//3000
f 2973//2973 3008//3008 3014//3014
f 2972//2972 2973//2973 3014//3014
f 3014//3014 3015//3015 2972//2972
f 3014//3014 3016//3016 3015//3015
f 3018//3018 3015//3015 3017//3017
f 3018//3018 3010//3010 3015//3015
f 3011//3011 2972//2972 3015//3015
f 3010//3010 3011//3011 3015//3015
f 3021//3021 3020//3020 3019//3019
f 3022//3022 3021//3021 3019//3019
f 3013//3013 3024//3024 3023//3023
f 3013//3013 3025//3025 3024//3024
f 3025//3025 3010//3010 3018//3018
f 3025//3025 3013//3013 3010//3010
f 3025//3025 3026//3026 3024//3024
f 3025//3025 3018//3018 3026//3026
f 3026//3026 3028//3028 3027//3027
f 3024//3024 3026//3026 3027//3027
f 3029//3029 3027//3027 3028//3028
f 3030//3030 3029//3029 3028//3028
f 3029//3029 3032//3032 3031//3031
f 3029//3029 3033//3033 3032//3032
f 3027//3027 3031//3031 3034//3034
f 3027//3027 3029//3029 3031//3031
f 3023//3023 3027//3027 3034//3034
f 3023//3023 3024//3024 3027//3027
f 3034//3034 3035//3035 3020//3020
f 3034//3034 3031//3031 3035//3035
f 3021//3021 3034//3034 3020//3020
f 3021//3021 3023//3023 3034//3034
f 3012//3012 3023//3023 3021//3021
f 3012//3012 3013//3013 3023//3023
f 2965//2965 2963//2963 2964//2964
f 2965//2965 3036//3036 2963//2963
f 3036//3036 3037//3037 2961//2961
f 2963//2963 3036//3036 2961//2961
f 3007//3007 3036//3036 2965//2965
f 3007//3007 3038//3038 3036//3036
f 3038//3038 3019//3019 3037//3037
f 3036//3036 3038//3038 3037//3037
f 3006//3006 3038//3038 3007//3007
f 3001//3001 3006//3006 3007//3007
f 3005//3005 3022//3022 3006//3006
f 3004//3004 3005//3005 3006//3006
f 3011//3011 3005//3005 3003//3003
f 3011//3011 3012//3012 3005//3005
f 3012//3012 3021//3021 3022//3022
f 3005//3005 3012//3012 3022//3022
f 3022//3022 3019//3019 3038//3038
f 3006//3006 3022//3022 3038//3038
f 3019//3019 3020//3020 3039//3039
f 3037//3037 3019//3019 3039//3039
f 2960//2960 3039//3039 2958//2958
f 2956//2956 2960//2960 2958//2958
f 3037//3037 3039//3039 2960//2960
f 2961//2961 3037//3037 2960//2960
f 2958//2958 3040//3040 2952//2952
f 2953//2953 2958//2958 2952//2952
f 3039//3039 3020//3020 3040//3040
f 2958//2958 3039//3039 3040//3040
f 3042//3042 3040//3040 3020//3020
f 3042//3042 3041//3041 3040//3040
f 3044//3044 3041//3041 3042//3042
f 3044//3044 3043//3043 3041//3041
f 3046//3046 3045//3045 3041//3041
f 3043//3043 3046//3046 3041//3041
f 3041//3041 2952//2952 3040//3040
f 3041//3041 3045//3045 2952//2952
f 2952//2952 2951//2951 2949//2949
f 2952//2952 3045//3045 2951//2951
f 3046//3046 3047//3047 2951//2951
f 3045//3045 3046//3046 2951//2951
f 3049//3049 3048//3048 3044//3044
f 3042//3042 3049//3049 3044//3044
f 3049//3049 3050//3050 3048//3048
f 3049//3049 3051//3051 3050//3050
f 3052//3052 3051//3051 3049//3049
f 3035//3035 3052//3052 3049//3049
f 3035//3035 3049//3049 3042//3042
f 3020//3020 3035//3035 3042//3042
f 3031//3031 3052//3052 3035//3035
f 3031//3031 3032//3032 3052//3052
f 3054//3054 3032//3032 3053//3053
f 3054//3054 3052//3052 3032//3032
f 3052//3052 3054//3054 3055//3055
f 3051//3051 3052//3052 3055//3055
f 3050//3050 3055//3055 3056//3056
f 3050//3050 3051//3051 3055//3055
f 3054//3054 3058//3058 3057//3057
f 3055//3055 3054//3054 3057//3057
f 3053//3053 3033//3033 3059//3059
f 3053//3053 3032//3032 3033//3033
f 3061//3061 3059//3059 3060//3060
f 3061//3061 3053//3053 3059//3059
f 3054//3054 3053//3053 3061//3061
f 3058//3058 3054//3054 3061//3061
f 3060//3060 3062//3062 3061//3061
f 3060//3060 3063//3063 3062//3062
f 3062//3062 3065//3065 3064//3064
f 3062//3062 3066//3066 3065//3065
f 3064//3064 3068//3068 3067//3067
f 3058//3058 3064//3064 3067//3067
f 3061//3061 3064//3064 3058//3058
f 3061//3061 3062//3062 3064//3064
f 3070//3070 3067//3067 3069//3069
f 3070//3070 3058//3058 3067//3067
f 3063//3063 3066//3066 3062//3062
f 3063//3063 3071//3071 3066//3066
f 3075//3075 3073//3073 3072//3072
f 3075//3075 3074//3074 3073//3073
f 3077//3077 3075//3075 3076//3076
f 3077//3077 3074//3074 3075//3075
f 3079//3079 3072//3072 3078//3078
f 3079//3079 3075//3075 3072//3072
f 3072//3072 3081//3081 3080//3080
f 3078//3078 3072//3072 3080//3080
f 3072//3072 3082//3082 3081//3081
f 3072//3072 3073//3073 3082//3082
f 3084//3084 3082//3082 3073//3073
f 3084//3084 3083//3083 3082//3082
f 3085//3085 3073//3073 3074//3074
f 3085//3085 3084//3084 3073//3073
f 3087//3087 3084//3084 3085//3085
f 3087//3087 3086//3086 3084//3084
f 3068//3068 3086//3086 3087//3087
f 3067//3067 3068//3068 3087//3087
f 3067//3067 3087//3087 3088//3088
f 3069//3069 3067//3067 3088//3088
f 3065//3065 3089//3089 3068//3068
f 3064//3064 3065//3065 3068//3068
f 3089//3089 3090//3090 3086//3086
f 3068//3068 3089//3089 3086//3086
f 3091//3091 3083//3083 3090//3090
f 3089//3089 3091//3091 3090//3090
f 3090//3090 3083//3083 3084//3084
f 3086//3086 3090//3090 3084//3084
f 3092//3092 3082//3082 3083//3083
f 3091//3091 3092//3092 3083//3083
f 3094//3094 3092//3092 3091//3091
f 3094//3094 3093//3093 3092//3092
f 3094//3094 3091//3091 3089//3089
f 3065//3065 3094//3094 3089//3089
f 3094//3094 3065//3065 3066//3066
f 3095//3095 3094//3094 3066//3066
f 3095//3095 3066//3066 3071//3071
f 3096//3096 3095//3095 3071//3071
f 3093//3093 3094//3094 3095//3095
f 3097//3097 3093//3093 3095//3095
f 3099//3099 3092//3092 3093//3093
f 3099//3099 3098//3098 3092//3092
f 3081//3081 3082//3082 3092//3092
f 3098//3098 3081//3081 3092//3092
f 3101//3101 3099//3099 3093//3093
f 3101//3101 3100//3100 3099//3099
f 3102//3102 3098//3098 3099//3099
f 3103//3103 3102//3102 3099//3099
f 3080//3080 3081//3081 3098//3098
f 3102//3102 3080//3080 3098//3098
f 3078//3078 3080//3080 3102//3102
f 3104//3104 3078//3078 3102//3102
f 3105//3105 3103//3103 3099//3099
f 3100//3100 3105//3105 3099//3099
f 3109//3109 3107//3107 3106//3106
f 3109//3109 3108//3108 3107//3107
f 3107//3107 3105//3105 3110//3110
f 3107//3107 3111//3111 3105//3105
f 3110//3110 3105//3105 3100//3100
f 3112//3112 3110//3110 3100//3100
f 3106//3106 3110//3110 3112//3112
f 3106//3106 3107//3107 3110//3110
f 3109//3109 3106//3106 3113//3113
f 3114//3114 3109//3109 3113//3113
f 3106//3106 3112//3112 3115//3115
f 3113//3113 3106//3106 3115//3115
f 3115//3115 3100//3100 3101//3101
f 3115//3115 3112//3112 3100//3100
f 3117//3117 3115//3115 3116//3116
f 3117//3117 3113//3113 3115//3115
f 3097//3097 3101//3101 3093//3093
f 3097//3097 3118//3118 3101//3101
f 3119//3119 3118//3118 3097//3097
f 3120//3120 3119//3119 3097//3097
f 3097//3097 3095//3095 3096//3096
f 3120//3120 3097//3097 3096//3096
f 3120//3120 3096//3096 3121//3121
f 3122//3122 3120//3120 3121//3121
f 3118//3118 3115//3115 3101//3101
f 3118//3118 3116//3116 3115//3115
f 3123//3123 3116//3116 3118//3118
f 3119//3119 3123//3123 3118//3118
f 3117//3117 3116//3116 3123//3123
f 3124//3124 3117//3117 3123//3123
f 3125//3125 3123//3123 3119//3119
f 3125//3125 3124//3124 3123//3123
f 3125//3125 3119//3119 3120//3120
f 3122//3122 3125//3125 3120//3120
f 3126//3126 3125//3125 3122//3122
f 3127//3127 3126//3126 3122//3122
f 3128//3128 3124//3124 3125//3125
f 3126//3126 3128//3128 3125//3125
f 3128//3128 3117//3117 3124//3124
f 3128//3128 3129//3129 3117//3117
f 3128//3128 3131//3131 3130//3130
f 3129//3129 3128//3128 3130//3130
f 3130//3130 3133//3133 3132//3132
f 3130//3130 3131//3131 3133//3133
f 3128//3128 3134//3134 3131//3131
f 3128//3128 3126//3126 3134//3134
f 3134//3134 3135//3135 3133//3133
f 3131//3131 3134//3134 3133//3133
f 3129//3129 3113//3113 3117//3117
f 3129//3129 3114//3114 3113//3113
f 3129//3129 3130//3130 3136//3136
f 3114//3114 3129//3129 3136//3136
f 3138//3138 3109//3109 3114//3114
f 3138//3138 3137//3137 3109//3109
f 3096//3096 3071//3071 3063//3063
f 3121//3121 3096//3096 3063//3063
f 3126//3126 3139//3139 3134//3134
f 3126//3126 3127//3127 3139//3139
f 3139//3139 3140//3140 3135//3135
f 3134//3134 3139//3139 3135//3135
f 3122//3122 3121//3121 3141//3141
f 3127//3127 3122//3122 3141//3141
f 3121//3121 3063//3063 3060//3060
f 3141//3141 3121//3121 3060//3060
f 3060//3060 3030//3030 3141//3141
f 3060//3060 3059//3059 3030//3030
f 3033//3033 3029//3029 3030//3030
f 3059//3059 3033//3033 3030//3030
f 3017//3017 3142//3142 3026//3026
f 3018//3018 3017//3017 3026//3026
f 3142//3142 3127//3127 3028//3028
f 3026//3026 3142//3142 3028//3028
f 3142//3142 3143//3143 3139//3139
f 3127//3127 3142//3142 3139//3139
f 3141//3141 3028//3028 3127//3127
f 3141//3141 3030//3030 3028//3028
f 3142//3142 3144//3144 3143//3143
f 3142//3142 3017//3017 3144//3144
f 3016//3016 3017//3017 3015//3015
f 3016//3016 3144//3144 3017//3017
f 3143//3143 3145//3145 3140//3140
f 3139//3139 3143//3143 3140//3140
f 3145//3145 3147//3147 3146//3146
f 3140//3140 3145//3145 3146//3146
f 3151//3151 3149//3149 3148//3148
f 3151//3151 3150//3150 3149//3149
f 3146//3146 3151//3151 3148//3148
f 3146//3146 3147//3147 3151//3151
f 3153//3153 3152//3152 3151//3151
f 3147//3147 3153//3153 3151//3151
f 3154//3154 3150//3150 3151//3151
f 3152//3152 3154//3154 3151//3151
f 3156//3156 3155//3155 3150//3150
f 3154//3154 3156//3156 3150//3150
f 3008//3008 3154//3154 3152//3152
f 3014//3014 3008//3008 3152//3152
f 3009//3009 3156//3156 3154//3154
f 3008//3008 3009//3009 3154//3154
f 3152//3152 3016//3016 3014//3014
f 3152//3152 3153//3153 3016//3016
f 3153//3153 3144//3144 3016//3016
f 3153//3153 3157//3157 3144//3144
f 3157//3157 3153//3153 3147//3147
f 3145//3145 3157//3157 3147//3147
f 3143//3143 3157//3157 3145//3145
f 3143//3143 3144//3144 3157//3157
f 3160//3160 3159//3159 3158//3158
f 3161//3161 3160//3160 3158//3158
f 3162//3162 3160//3160 3161//3161
f 3163//3163 3162//3162 3161//3161
f 3162//3162 3164//3164 3138//3138
f 3114//3114 3162//3162 3138//3138
f 3162//3162 3136//3136 3160//3160
f 3162//3162 3114//3114 3136//3136
f 3136//3136 3165//3165 3159//3159
f 3160//3160 3136//3136 3159//3159
f 3166//3166 3140//3140 3146//3146
f 3166//3166 3135//3135 3140//3140
f 3133//3133 3135//3135 3166//3166
f 3132//3132 3133//3133 3166//3166
f 3130//3130 3132//3132 3165//3165
f 3136//3136 3130//3130 3165//3165
f 3165//3165 3166//3166 3167//3167
f 3165//3165 3132//3132 3166//3166
f 3167//3167 3146//3146 3148//3148
f 3167//3167 3166//3166 3146//3146
f 3171//3171 3169//3169 3168//3168
f 3171//3171 3170//3170 3169//3169
f 3171//3171 3172//3172 3170//3170
f 3171//3171 3173//3173 3172//3172
f 3173//3173 3159//3159 3172//3172
f 3173//3173 3158//3158 3159//3159
f 3174//3174 3173//3173 3171//3171
f 3175//3175 3174//3174 3171//3171
f 3171//3171 3168//3168 3176//3176
f 3175//3175 3171//3171 3176//3176
f 3163//3163 3161//3161 3174//3174
f 3177//3177 3163//3163 3174//3174
f 3174//3174 3158//3158 3173//3173
f 3174//3174 3161//3161 3158//3158
f 3170//3170 3167//3167 3148//3148
f 3170//3170 3172//3172 3167//3167
f 3172//3172 3165//3165 3167//3167
f 3172//3172 3159//3159 3165//3165
f 3180//3180 3179//3179 3178//3178
f 3181//3181 3180//3180 3178//3178
f 3169//3169 3179//3179 3180//3180
f 3169//3169 3182//3182 3179//3179
f 3170//3170 3182//3182 3169//3169
f 3170//3170 3148//3148 3182//3182
f 3168//3168 3184//3184 3183//3183
f 3176//3176 3168//3168 3183//3183
f 3184//3184 3180//3180 3181//3181
f 3183//3183 3184//3184 3181//3181
f 3183//3183 3181//3181 2397//2397
f 2398//2398 3183//3183 2397//2397
f 3176//3176 3183//3183 2398//2398
f 3185//3185 3176//3176 2398//2398
f 3169//3169 3180//3180 3184//3184
f 3168//3168 3169//3169 3184//3184
f 3149//3149 3182//3182 3148//3148
f 3149//3149 3186//3186 3182//3182
f 3186//3186 3179//3179 3182//3182
f 3186//3186 3187//3187 3179//3179
f 3188//3188 3179//3179 3187//3187
f 3188//3188 3178//3178 3179//3179
f 1287//1287 3188//3188 3189//3189
f 1287//1287 1278//1278 3188//3188
f 3188//3188 3187//3187 3190//3190
f 3189//3189 3188//3188 3190//3190
f 1278//1278 3178//3178 3188//3188
f 1278//1278 1279//1279 3178//3178
f 1281//1281 2400//2400 1279//1279
f 1281//1281 2092//2092 2400//2400
f 2397//2397 1279//1279 2400//2400
f 2396//2396 2397//2397 2400//2400
f 2397//2397 3178//3178 1279//1279
f 2397//2397 3181//3181 3178//3178
f 2987//2987 1340//1340 3191//3191
f 3192//3192 2987//2987 3191//3191
f 3009//3009 2987//2987 3192//3192
f 3009//3009 2986//2986 2987//2987
f 3156//3156 3192//3192 3155//3155
f 3156//3156 3009//3009 3192//3192
f 3150//3150 3193//3193 3149//3149
f 3150//3150 3155//3155 3193//3193
f 3192//3192 3191//3191 3193//3193
f 3155//3155 3192//3192 3193//3193
f 3190//3190 3187//3187 3186//3186
f 3194//3194 3190//3190 3186//3186
f 3193//3193 3186//3186 3149//3149
f 3193//3193 3194//3194 3186//3186
f 3195//3195 3194//3194 3193//3193
f 3191//3191 3195//3195 3193//3193
f 1341//1341 3195//3195 3191//3191
f 1340//1340 1341//1341 3191//3191
f 3195//3195 3190//3190 3194//3194
f 3195//3195 3189//3189 3190//3190
f 1287//1287 3189//3189 3195//3195
f 1341//1341 1287//1287 3195//3195
f 3198//3198 3197//3197 3196//3196
f 3199//3199 3198//3198 3196//3196
f 3200//3200 3198//3198 3199//3199
f 3201//3201 3200//3200 3199//3199
f 3203//3203 3200//3200 3201//3201
f 3203//3203 3202//3202 3200//3200
f 3205//3205 3203//3203 3201//3201
f 3205//3205 3204//3204 3203//3203
f 3207//3207 3204//3204 3205//3205
f 3207//3207 3206//3206 3204//3204
f 3207//3207 3205//3205 3208//3208
f 3209//3209 3207//3207 3208//3208
f 1184//1184 3206//3206 3207//3207
f 1183//1183 1184//1184 3207//3207
f 3209//3209 1188//1188 1183//1183
f 3207//3207 3209//3209 1183//1183
f 3210//3210 1149//1149 1188//1188
f 3209//3209 3210//3210 1188//1188
f 3211//3211 1147//1147 1149//1149
f 3210//3210 3211//3211 1149//1149
f 3209//3209 3208//3208 3211//3211
f 3210//3210 3209//3209 3211//3211
f 3208//3208 3213//3213 3212//3212
f 3211//3211 3208//3208 3212//3212
f 3205//3205 3201//3201 3213//3213
f 3208//3208 3205//3205 3213//3213
f 3215//3215 3213//3213 3201//3201
f 3215//3215 3214//3214 3213//3213
f 3216//3216 3201//3201 3199//3199
f 3217//3217 3216//3216 3199//3199
f 3220//3220 3219//3219 3218//3218
f 3216//3216 3220//3220 3218//3218
f 3216//3216 3218//3218 3215//3215
f 3201//3201 3216//3216 3215//3215
f 3222//3222 3202//3202 3203//3203
f 3222//3222 3221//3221 3202//3202
f 3204//3204 3222//3222 3203//3203
f 3204//3204 3223//3223 3222//3222
f 3224//3224 3223//3223 3204//3204
f 3206//3206 3224//3224 3204//3204
f 3223//3223 3226//3226 3225//3225
f 3223//3223 3224//3224 3226//3226
f 1184//1184 3224//3224 3206//3206
f 1184//1184 3226//3226 3224//3224
f 1176//1176 3226//3226 1184//1184
f 1176//1176 1177//1177 3226//3226
f 3225//3225 1177//1177 1180//1180
f 3225//3225 3226//3226 1177//1177
f 2948//2948 1180//1180 1191//1191
f 2948//2948 3225//3225 1180//1180
f 3222//3222 3225//3225 2948//2948
f 3222//3222 3223//3223 3225//3225
f 3221//3221 2948//2948 2947//2947
f 3221//3221 3222//3222 2948//2948
f 3221//3221 3227//3227 3202//3202
f 3221//3221 3228//3228 3227//3227
f 3228//3228 2947//2947 2945//2945
f 3228//3228 3221//3221 2947//2947
f 3228//3228 2943//2943 3227//3227
f 3228//3228 2945//2945 2943//2943
f 3202//3202 3229//3229 3200//3200
f 3202//3202 3227//3227 3229//3229
f 2943//2943 2936//2936 3229//3229
f 3227//3227 2943//2943 3229//3229
f 3229//3229 2936//2936 2937//2937
f 3230//3230 3229//3229 2937//2937
f 3198//3198 3231//3231 3197//3197
f 3198//3198 3230//3230 3231//3231
f 3229//3229 3230//3230 3198//3198
f 3200//3200 3229//3229 3198//3198
f 3231//3231 3233//3233 3232//3232
f 3197//3197 3231//3231 3232//3232
f 3232//3232 2940//2940 3234//3234
f 3232//3232 3233//3233 2940//2940
f 2940//2940 3235//3235 3234//3234
f 2940//2940 2941//2941 3235//3235
f 2933//2933 2929//2929 3235//3235
f 2941//2941 2933//2933 3235//3235
f 2937//2937 2935//2935 2940//2940
f 3233//3233 2937//2937 2940//2940
f 3231//3231 2937//2937 3233//3233
f 3231//3231 3230//3230 2937//2937
f 3196//3196 3232//3232 3236//3236
f 3196//3196 3197//3197 3232//3232
f 3236//3236 3234//3234 3237//3237
f 3236//3236 3232//3232 3234//3234
f 3234//3234 3238//3238 3237//3237
f 3234//3234 3235//3235 3238//3238
f 3238//3238 3240//3240 3239//3239
f 3237//3237 3238//3238 3239//3239
f 3240//3240 3043//3043 3044//3044
f 3239//3239 3240//3240 3044//3044
f 2930//2930 3047//3047 3240//3240
f 3238//3238 2930//2930 3240//3240
f 3240//3240 3046//3046 3043//3043
f 3240//3240 3047//3047 3046//3046
f 2951//2951 2930//2930 2931//2931
f 2951//2951 3047//3047 2930//2930
f 3235//3235 2930//2930 3238//3238
f 3235//3235 2929//2929 2930//2930
f 3055//3055 3057//3057 3241//3241
f 3056//3056 3055//3055 3241//3241
f 3242//3242 3241//3241 3057//3057
f 3243//3243 3242//3242 3057//3057
f 3245//3245 3241//3241 3244//3244
f 3245//3245 3056//3056 3241//3241
f 3050//3050 3056//3056 3245//3245
f 3048//3048 3050//3050 3245//3245
f 3239//3239 3244//3244 3237//3237
f 3239//3239 3245//3245 3244//3244
f 3044//3044 3245//3245 3239//3239
f 3044//3044 3048//3048 3245//3245
f 3244//3244 3246//3246 3237//3237
f 3244//3244 3247//3247 3246//3246
f 3247//3247 3248//3248 3246//3246
f 3247//3247 3249//3249 3248//3248
f 3241//3241 3247//3247 3244//3244
f 3241//3241 3242//3242 3247//3247
f 3242//3242 3249//3249 3247//3247
f 3242//3242 3250//3250 3249//3249
f 3253//3253 3248//3248 3251//3251
f 3253//3253 3252//3252 3248//3248
f 3254//3254 3252//3252 3253//3253
f 3255//3255 3254//3254 3253//3253
f 3254//3254 3256//3256 3252//3252
f 3254//3254 3257//3257 3256//3256
f 3256//3256 3246//3246 3248//3248
f 3252//3252 3256//3256 3248//3248
f 3257//3257 3236//3236 3256//3256
f 3257//3257 3196//3196 3236//3236
f 3236//3236 3237//3237 3246//3246
f 3256//3256 3236//3236 3246//3246
f 3217//3217 3199//3199 3196//3196
f 3257//3257 3217//3217 3196//3196
f 3255//3255 3217//3217 3257//3257
f 3254//3254 3255//3255 3257//3257
f 3220//3220 3216//3216 3217//3217
f 3255//3255 3220//3220 3217//3217
f 3255//3255 3253//3253 3258//3258
f 3220//3220 3255//3255 3258//3258
f 3258//3258 3260//3260 3259//3259
f 3261//3261 3258//3258 3259//3259
f 3258//3258 3251//3251 3260//3260
f 3258//3258 3253//3253 3251//3251
f 3251//3251 3249//3249 3262//3262
f 3251//3251 3248//3248 3249//3249
f 3250//3250 3242//3242 3243//3243
f 3263//3263 3250//3250 3243//3243
f 3262//3262 3250//3250 3263//3263
f 3262//3262 3249//3249 3250//3250
f 3265//3265 3263//3263 3264//3264
f 3265//3265 3262//3262 3263//3263
f 3251//3251 3262//3262 3265//3265
f 3260//3260 3251//3251 3265//3265
f 3265//3265 3267//3267 3266//3266
f 3260//3260 3265//3265 3266//3266
f 3070//3070 3069//3069 3268//3268
f 3264//3264 3070//3070 3268//3268
f 3264//3264 3268//3268 3267//3267
f 3265//3265 3264//3264 3267//3267
f 3070//3070 3057//3057 3058//3058
f 3070//3070 3243//3243 3057//3057
f 3264//3264 3243//3243 3070//3070
f 3264//3264 3263//3263 3243//3243
f 3069//3069 3088//3088 3269//3269
f 3268//3268 3069//3069 3269//3269
f 3268//3268 3269//3269 3270//3270
f 3267//3267 3268//3268 3270//3270
f 3269//3269 3088//3088 3271//3271
f 3270//3270 3269//3269 3271//3271
f 3273//3273 3271//3271 3272//3272
f 3273//3273 3270//3270 3271//3271
f 3271//3271 3087//3087 3085//3085
f 3271//3271 3088//3088 3087//3087
f 3267//3267 3270//3270 3273//3273
f 3266//3266 3267//3267 3273//3273
f 3272//3272 3275//3275 3274//3274
f 3273//3273 3272//3272 3274//3274
f 3275//3275 3277//3277 3276//3276
f 3274//3274 3275//3275 3276//3276
f 3272//3272 3278//3278 3275//3275
f 3272//3272 3074//3074 3278//3278
f 3278//3278 3279//3279 3277//3277
f 3275//3275 3278//3278 3277//3277
f 3278//3278 3281//3281 3280//3280
f 3279//3279 3278//3278 3280//3280
f 3278//3278 3077//3077 3281//3281
f 3278//3278 3074//3074 3077//3077
f 3272//3272 3085//3085 3074//3074
f 3272//3272 3271//3271 3085//3085
f 3266//3266 3283//3283 3282//3282
f 3260//3260 3266//3266 3282//3282
f 3286//3286 3285//3285 3284//3284
f 3259//3259 3286//3286 3284//3284
f 3282//3282 3286//3286 3259//3259
f 3260//3260 3282//3282 3259//3259
f 3290//3290 3288//3288 3287//3287
f 3290//3290 3289//3289 3288//3288
f 3292//3292 3289//3289 3290//3290
f 3292//3292 3291//3291 3289//3289
f 3294//3294 3290//3290 3293//3293
f 3294//3294 3292//3292 3290//3290
f 3292//3292 3295//3295 3291//3291
f 3292//3292 3296//3296 3295//3295
f 3296//3296 3279//3279 3295//3295
f 3296//3296 3277//3277 3279//3279
f 3276//3276 3277//3277 3296//3296
f 3297//3297 3276//3276 3296//3296
f 3294//3294 3296//3296 3292//3292
f 3294//3294 3297//3297 3296//3296
f 3283//3283 3297//3297 3294//3294
f 3282//3282 3283//3283 3294//3294
f 3283//3283 3276//3276 3297//3297
f 3283//3283 3274//3274 3276//3276
f 3273//3273 3274//3274 3283//3283
f 3266//3266 3273//3273 3283//3283
f 3286//3286 3298//3298 3285//3285
f 3286//3286 3293//3293 3298//3298
f 3282//3282 3293//3293 3286//3286
f 3282//3282 3294//3294 3293//3293
f 3290//3290 3287//3287 3298//3298
f 3293//3293 3290//3290 3298//3298
f 3302//3302 3300//3300 3299//3299
f 3302//3302 3301//3301 3300//3300
f 3302//3302 3299//3299 3288//3288
f 3289//3289 3302//3302 3288//3288
f 3288//3288 3304//3304 3303//3303
f 3288//3288 3299//3299 3304//3304
f 3300//3300 3305//3305 3304//3304
f 3299//3299 3300//3300 3304//3304
f 3304//3304 3307//3307 3306//3306
f 3304//3304 3305//3305 3307//3307
f 3309//3309 3308//3308 3306//3306
f 3307//3307 3309//3309 3306//3306
f 3310//3310 3307//3307 3305//3305
f 3311//3311 3310//3310 3305//3305
f 3311//3311 3305//3305 3300//3300
f 3301//3301 3311//3311 3300//3300
f 3308//3308 3313//3313 3312//3312
f 3306//3306 3308//3308 3312//3312
f 3303//3303 3306//3306 3312//3312
f 3303//3303 3304//3304 3306//3306
f 3315//3315 3303//3303 3312//3312
f 3315//3315 3314//3314 3303//3303
f 3284//3284 3314//3314 3315//3315
f 3284//3284 3285//3285 3314//3314
f 3314//3314 3288//3288 3303//3303
f 3314//3314 3287//3287 3288//3288
f 3298//3298 3287//3287 3314//3314
f 3285//3285 3298//3298 3314//3314
f 3261//3261 3259//3259 3284//3284
f 3316//3316 3261//3261 3284//3284
f 3316//3316 3284//3284 3315//3315
f 3317//3317 3316//3316 3315//3315
f 3318//3318 3315//3315 3312//3312
f 3318//3318 3317//3317 3315//3315
f 3319//3319 3317//3317 3318//3318
f 3320//3320 3319//3319 3318//3318
f 3218//3218 3319//3319 3320//3320
f 3215//3215 3218//3218 3320//3320
f 3219//3219 3321//3321 3319//3319
f 3218//3218 3219//3219 3319//3319
f 3220//3220 3258//3258 3261//3261
f 3219//3219 3220//3220 3261//3261
f 3321//3321 3316//3316 3317//3317
f 3319//3319 3321//3321 3317//3317
f 3321//3321 3261//3261 3316//3316
f 3321//3321 3219//3219 3261//3261
f 3212//3212 3323//3323 3322//3322
f 1146//1146 3212//3212 3322//3322
f 3212//3212 1146//1146 1147//1147
f 3211//3211 3212//3212 1147//1147
f 3325//3325 3323//3323 3214//3214
f 3325//3325 3324//3324 3323//3323
f 3214//3214 3212//3212 3213//3213
f 3214//3214 3323//3323 3212//3212
f 3320//3320 3214//3214 3215//3215
f 3320//3320 3325//3325 3214//3214
f 3325//3325 3320//3320 3318//3318
f 3326//3326 3325//3325 3318//3318
f 3324//3324 3325//3325 3326//3326
f 3327//3327 3324//3324 3326//3326
f 3322//3322 3324//3324 3327//3327
f 3322//3322 3323//3323 3324//3324
f 3327//3327 3326//3326 3313//3313
f 3328//3328 3327//3327 3313//3313
f 3326//3326 3318//3318 3312//3312
f 3313//3313 3326//3326 3312//3312
f 3322//3322 3327//3327 3328//3328
f 3329//3329 3322//3322 3328//3328
f 1146//1146 3322//3322 3329//3329
f 1144//1144 1146//1146 3329//3329
f 3329//3329 3330//3330 1152//1152
f 1144//1144 3329//3329 1152//1152
f 3328//3328 3331//3331 3330//3330
f 3329//3329 3328//3328 3330//3330
f 3330//3330 3333//3333 3332//3332
f 1152//1152 3330//3330 3332//3332
f 3330//3330 3334//3334 3333//3333
f 3330//3330 3331//3331 3334//3334
f 3331//3331 3328//3328 3313//3313
f 3308//3308 3331//3331 3313//3313
f 3334//3334 3331//3331 3308//3308
f 3309//3309 3334//3334 3308//3308
f 3332//3332 3336//3336 3335//3335
f 3332//3332 3333//3333 3336//3336
f 3336//3336 3307//3307 3310//3310
f 3336//3336 3309//3309 3307//3307
f 3333//3333 3309//3309 3336//3336
f 3333//3333 3334//3334 3309//3309
f 1152//1152 1030//1030 1151//1151
f 1152//1152 3332//3332 1030//1030
f 3332//3332 1029//1029 1030//1030
f 3332//3332 3335//3335 1029//1029
f 3335//3335 1006//1006 1029//1029
f 3335//3335 3337//3337 1006//1006
f 3335//3335 3310//3310 3337//3337
f 3335//3335 3336//3336 3310//3310
f 3338//3338 3311//3311 3301//3301
f 3339//3339 3338//3338 3301//3301
f 3338//3338 3310//3310 3311//3311
f 3338//3338 3337//3337 3310//3310
f 3339//3339 3301//3301 3302//3302
f 3340//3340 3339//3339 3302//3302
f 3342//3342 3341//3341 3340//3340
f 3291//3291 3342//3342 3340//3340
f 3340//3340 3302//3302 3289//3289
f 3291//3291 3340//3340 3289//3289
f 3295//3295 3344//3344 3343//3343
f 3291//3291 3295//3295 3343//3343
f 3343//3343 3345//3345 3291//3291
f 3343//3343 3346//3346 3345//3345
f 3281//3281 3348//3348 3347//3347
f 3281//3281 3077//3077 3348//3348
f 3351//3351 3350//3350 3349//3349
f 3351//3351 3348//3348 3350//3350
f 3348//3348 3076//3076 3350//3350
f 3348//3348 3077//3077 3076//3076
f 3347//3347 3348//3348 3351//3351
f 3352//3352 3347//3347 3351//3351
f 3281//3281 3347//3347 3353//3353
f 3280//3280 3281//3281 3353//3353
f 3353//3353 3347//3347 3352//3352
f 3354//3354 3353//3353 3352//3352
f 3354//3354 3352//3352 3355//3355
f 3356//3356 3354//3354 3355//3355
f 3280//3280 3353//3353 3354//3354
f 3344//3344 3280//3280 3354//3354
f 3344//3344 3354//3354 3356//3356
f 3343//3343 3344//3344 3356//3356
f 3279//3279 3280//3280 3344//3344
f 3295//3295 3279//3279 3344//3344
f 3164//3164 3358//3358 3357//3357
f 3138//3138 3164//3164 3357//3357
f 3163//3163 3359//3359 3164//3164
f 3162//3162 3163//3163 3164//3164
f 3357//3357 3137//3137 3138//3138
f 3357//3357 3360//3360 3137//3137
f 3363//3363 3108//3108 3361//3361
f 3363//3363 3362//3362 3108//3108
f 3108//3108 3111//3111 3107//3107
f 3108//3108 3362//3362 3111//3111
f 3137//3137 3108//3108 3109//3109
f 3137//3137 3361//3361 3108//3108
f 3364//3364 3361//3361 3137//3137
f 3360//3360 3364//3364 3137//3137
f 3366//3366 3104//3104 3365//3365
f 3367//3367 3366//3366 3365//3365
f 3079//3079 3078//3078 3104//3104
f 3366//3366 3079//3079 3104//3104
f 3104//3104 3102//3102 3103//3103
f 3365//3365 3104//3104 3103//3103
f 3362//3362 3365//3365 3111//3111
f 3362//3362 3367//3367 3365//3365
f 3111//3111 3103//3103 3105//3105
f 3111//3111 3365//3365 3103//3103
f 3076//3076 3079//3079 3368//3368
f 3076//3076 3075//3075 3079//3079
f 3350//3350 3368//3368 3369//3369
f 3350//3350 3076//3076 3368//3368
f 3349//3349 3369//3369 3370//3370
f 3349//3349 3350//3350 3369//3369
f 3371//3371 3079//3079 3366//3366
f 3371//3371 3368//3368 3079//3079
f 3369//3369 3368//3368 3371//3371
f 3370//3370 3369//3369 3371//3371
f 3374//3374 3373//3373 3372//3372
f 3375//3375 3374//3374 3372//3372
f 3372//3372 3377//3377 3376//3376
f 3372//3372 3373//3373 3377//3377
f 3379//3379 3378//3378 3377//3377
f 3373//3373 3379//3379 3377//3377
f 3374//3374 3379//3379 3373//3373
f 3374//3374 3380//3380 3379//3379
f 3383//3383 3381//3381 3380//3380
f 3383//3383 3382//3382 3381//3381
f 3381//3381 3378//3378 3379//3379
f 3380//3380 3381//3381 3379//3379
f 3381//3381 3384//3384 3378//3378
f 3381//3381 3385//3385 3384//3384
f 3382//3382 3387//3387 3386//3386
f 3382//3382 3388//3388 3387//3387
f 3382//3382 3385//3385 3381//3381
f 3382//3382 3386//3386 3385//3385
f 3390//3390 3389//3389 3388//3388
f 3391//3391 3390//3390 3388//3388
f 3393//3393 3390//3390 3391//3391
f 3393//3393 3392//3392 3390//3390
f 3383//3383 3388//3388 3382//3382
f 3383//3383 3391//3391 3388//3388
f 3394//3394 3391//3391 3383//3383
f 3394//3394 3393//3393 3391//3391
f 3383//3383 3380//3380 3374//3374
f 3394//3394 3383//3383 3374//3374
f 3395//3395 3393//3393 3394//3394
f 3396//3396 3395//3395 3394//3394
f 3394//3394 3374//3374 3375//3375
f 3396//3396 3394//3394 3375//3375
f 3398//3398 3395//3395 3396//3396
f 3398//3398 3397//3397 3395//3395
f 3395//3395 3392//3392 3393//3393
f 3395//3395 3399//3399 3392//3392
f 3399//3399 3400//3400 3392//3392
f 3399//3399 3401//3401 3400//3400
f 3400//3400 3389//3389 3390//3390
f 3392//3392 3400//3400 3390//3390
f 3401//3401 3402//3402 3400//3400
f 3401//3401 3403//3403 3402//3402
f 3405//3405 3401//3401 3404//3404
f 3405//3405 3403//3403 3401//3401
f 3404//3404 3407//3407 3406//3406
f 3408//3408 3404//3404 3406//3406
f 3401//3401 3399//3399 3407//3407
f 3404//3404 3401//3401 3407//3407
f 3397//3397 3399//3399 3395//3395
f 3397//3397 3407//3407 3399//3399
f 3409//3409 3407//3407 3397//3397
f 3409//3409 3406//3406 3407//3407
f 3410//3410 3406//3406 3409//3409
f 3410//3410 3408//3408 3406//3406
f 3412//3412 3409//3409 3411//3411
f 3412//3412 3410//3410 3409//3409
f 3411//3411 3397//3397 3398//3398
f 3411//3411 3409//3409 3397//3397
f 3411//3411 3413//3413 3412//3412
f 3411//3411 3414//3414 3413//3413
f 3416//3416 3415//3415 3413//3413
f 3414//3414 3416//3416 3413//3413
f 3417//3417 3414//3414 3411//3411
f 3398//3398 3417//3417 3411//3411
f 3418//3418 3416//3416 3414//3414
f 3417//3417 3418//3418 3414//3414
f 3420//3420 3419//3419 3418//3418
f 3421//3421 3420//3420 3418//3418
f 3421//3421 3418//3418 3417//3417
f 3422//3422 3421//3421 3417//3417
f 3419//3419 3415//3415 3416//3416
f 3418//3418 3419//3419 3416//3416
f 3420//3420 3423//3423 3419//3419
f 3420//3420 3424//3424 3423//3423
f 3420//3420 3355//3355 3424//3424
f 3420//3420 3425//3425 3355//3355
f 3427//3427 3426//3426 3421//3421
f 3422//3422 3427//3427 3421//3421
f 3421//3421 3425//3425 3420//3420
f 3421//3421 3426//3426 3425//3425
f 3428//3428 3356//3356 3355//3355
f 3425//3425 3428//3428 3355//3355
f 3356//3356 3346//3346 3343//3343
f 3356//3356 3428//3428 3346//3346
f 3428//3428 3429//3429 3346//3346
f 3428//3428 3430//3430 3429//3429
f 3430//3430 3428//3428 3425//3425
f 3426//3426 3430//3430 3425//3425
f 3427//3427 3430//3430 3426//3426
f 3427//3427 3429//3429 3430//3430
f 3431//3431 3427//3427 3422//3422
f 3396//3396 3431//3431 3422//3422
f 3422//3422 3417//3417 3398//3398
f 3396//3396 3422//3422 3398//3398
f 3355//3355 3351//3351 3424//3424
f 3355//3355 3352//3352 3351//3351
f 3431//3431 3396//3396 3375//3375
f 3432//3432 3431//3431 3375//3375
f 3435//3435 3432//3432 3433//3433
f 3435//3435 3434//3434 3432//3432
f 3433//3433 3375//3375 3372//3372
f 3433//3433 3432//3432 3375//3375
f 3436//3436 3372//3372 3376//3376
f 3436//3436 3433//3433 3372//3372
f 3439//3439 3436//3436 3437//3437
f 3439//3439 3438//3438 3436//3436
f 3435//3435 3433//3433 3436//3436
f 3438//3438 3435//3435 3436//3436
f 3435//3435 3440//3440 3434//3434
f 3435//3435 3438//3438 3440//3440
f 3439//3439 3342//3342 3440//3440
f 3438//3438 3439//3439 3440//3440
f 3434//3434 3431//3431 3432//3432
f 3434//3434 3441//3441 3431//3431
f 3346//3346 3441//3441 3345//3345
f 3346//3346 3429//3429 3441//3441
f 3431//3431 3429//3429 3427//3427
f 3431//3431 3441//3441 3429//3429
f 3440//3440 3345//3345 3441//3441
f 3434//3434 3440//3440 3441//3441
f 3342//3342 3291//3291 3345//3345
f 3440//3440 3342//3342 3345//3345
f 3341//3341 3442//3442 3339//3339
f 3340//3340 3341//3341 3339//3339
f 3439//3439 3443//3443 3341//3341
f 3342//3342 3439//3439 3341//3341
f 3443//3443 3444//3444 3442//3442
f 3341//3341 3443//3443 3442//3442
f 3443//3443 3437//3437 3445//3445
f 3443//3443 3439//3439 3437//3437
f 3444//3444 3445//3445 3446//3446
f 3444//3444 3443//3443 3445//3445
f 3437//3437 3376//3376 3447//3447
f 3437//3437 3436//3436 3376//3376
f 3450//3450 3449//3449 3448//3448
f 3451//3451 3450//3450 3448//3448
f 3437//3437 3447//3447 3450//3450
f 3445//3445 3437//3437 3450//3450
f 3453//3453 3451//3451 3452//3452
f 3453//3453 3446//3446 3451//3451
f 3445//3445 3450//3450 3451//3451
f 3446//3446 3445//3445 3451//3451
f 3444//3444 3446//3446 3453//3453
f 3442//3442 3444//3444 3453//3453
f 3442//3442 3453//3453 3338//3338
f 3339//3339 3442//3442 3338//3338
f 3338//3338 3452//3452 3337//3337
f 3338//3338 3453//3453 3452//3452
f 3454//3454 1006//1006 3337//3337
f 3454//3454 999//999 1006//1006
f 997//997 999//999 3454//3454
f 3455//3455 997//997 3454//3454
f 3454//3454 3456//3456 3455//3455
f 3454//3454 3457//3457 3456//3456
f 3449//3449 3459//3459 3458//3458
f 3448//3448 3449//3449 3458//3458
f 3457//3457 3458//3458 3456//3456
f 3457//3457 3448//3448 3458//3458
f 3451//3451 3448//3448 3457//3457
f 3452//3452 3451//3451 3457//3457
f 3452//3452 3457//3457 3454//3454
f 3337//3337 3452//3452 3454//3454
f 3447//3447 3460//3460 3449//3449
f 3450//3450 3447//3447 3449//3449
f 3376//3376 3461//3461 3447//3447
f 3376//3376 3377//3377 3461//3461
f 3377//3377 3384//3384 3461//3461
f 3377//3377 3378//3378 3384//3384
f 3447//3447 3462//3462 3460//3460
f 3447//3447 3461//3461 3462//3462
f 3462//3462 3464//3464 3463//3463
f 3462//3462 3465//3465 3464//3464
f 3460//3460 3463//3463 3466//3466
f 3460//3460 3462//3462 3463//3463
f 3463//3463 3468//3468 3467//3467
f 3463//3463 3464//3464 3468//3468
f 3469//3469 3468//3468 3464//3464
f 3465//3465 3469//3469 3464//3464
f 3461//3461 3465//3465 3462//3462
f 3461//3461 3384//3384 3465//3465
f 3384//3384 3469//3469 3465//3465
f 3384//3384 3385//3385 3469//3469
f 3385//3385 3470//3470 3469//3469
f 3385//3385 3386//3386 3470//3470
f 996//996 3471//3471 992//992
f 996//996 3472//3472 3471//3471
f 3472//3472 3466//3466 3471//3471
f 3472//3472 3459//3459 3466//3466
f 3460//3460 3466//3466 3459//3459
f 3449//3449 3460//3460 3459//3459
f 3471//3471 3473//3473 992//992
f 3471//3471 3467//3467 3473//3473
f 3466//3466 3467//3467 3471//3471
f 3466//3466 3463//3463 3467//3467
f 3456//3456 3459//3459 3472//3472
f 3456//3456 3458//3458 3459//3459
f 3455//3455 3472//3472 996//996
f 3455//3455 3456//3456 3472//3472
f 994//994 997//997 3455//3455
f 996//996 994//994 3455//3455
f 3467//3467 3474//3474 3473//3473
f 3467//3467 3468//3468 3474//3474
f 3475//3475 3473//3473 3474//3474
f 3476//3476 3475//3475 3474//3474
f 3479//3479 3478//3478 3477//3477
f 3480//3480 3479//3479 3477//3477
f 3479//3479 3480//3480 3475//3475
f 3481//3481 3479//3479 3475//3475
f 3480//3480 3477//3477 1009//1009
f 992//992 3480//3480 1009//1009
f 3480//3480 992//992 3473//3473
f 3475//3475 3480//3480 3473//3473
f 3483//3483 3470//3470 3386//3386
f 3483//3483 3482//3482 3470//3470
f 3470//3470 3474//3474 3468//3468
f 3469//3469 3470//3470 3468//3468
f 3476//3476 3474//3474 3470//3470
f 3482//3482 3476//3476 3470//3470
f 3484//3484 3476//3476 3482//3482
f 3485//3485 3484//3484 3482//3482
f 3481//3481 3475//3475 3476//3476
f 3484//3484 3481//3481 3476//3476
f 3487//3487 3481//3481 3486//3486
f 3487//3487 3479//3479 3481//3481
f 3486//3486 3484//3484 3485//3485
f 3486//3486 3481//3481 3484//3484
f 3489//3489 3485//3485 3488//3488
f 3489//3489 3486//3486 3485//3485
f 3488//3488 3482//3482 3483//3483
f 3488//3488 3485//3485 3482//3482
f 3490//3490 3486//3486 3489//3489
f 3490//3490 3487//3487 3486//3486
f 3492//3492 3487//3487 3490//3490
f 3492//3492 3491//3491 3487//3487
f 3478//3478 3479//3479 3487//3487
f 3491//3491 3478//3478 3487//3487
f 3496//3496 3494//3494 3493//3493
f 3496//3496 3495//3495 3494//3494
f 3497//3497 3493//3493 2739//2739
f 3497//3497 3496//3496 3493//3493
f 3498//3498 3478//3478 3491//3491
f 3495//3495 3498//3498 3491//3491
f 3478//3478 3498//3498 3499//3499
f 3477//3477 3478//3478 3499//3499
f 3498//3498 3495//3495 3496//3496
f 3499//3499 3498//3498 3496//3496
f 3477//3477 3499//3499 3500//3500
f 1009//1009 3477//3477 3500//3500
f 3500//3500 1008//1008 1009//1009
f 3500//3500 1020//1020 1008//1008
f 3499//3499 3496//3496 3497//3497
f 3500//3500 3499//3499 3497//3497
f 3497//3497 1020//1020 3500//3500
f 3497//3497 1022//1022 1020//1020
f 3495//3495 3491//3491 3492//3492
f 3494//3494 3495//3495 3492//3492
f 3503//3503 3502//3502 3501//3501
f 3490//3490 3503//3503 3501//3501
f 3501//3501 3504//3504 3492//3492
f 3490//3490 3501//3501 3492//3492
f 3507//3507 3506//3506 3505//3505
f 3508//3508 3507//3507 3505//3505
f 3510//3510 3505//3505 3509//3509
f 3510//3510 3508//3508 3505//3505
f 3512//3512 3508//3508 3510//3510
f 3512//3512 3511//3511 3508//3508
f 3502//3502 3512//3512 3513//3513
f 3502//3502 3511//3511 3512//3512
f 3502//3502 3513//3513 3514//3514
f 3501//3501 3502//3502 3514//3514
f 3515//3515 3511//3511 3502//3502
f 3503//3503 3515//3515 3502//3502
f 3511//3511 3507//3507 3508//3508
f 3511//3511 3515//3515 3507//3507
f 3517//3517 3509//3509 3505//3505
f 3517//3517 3516//3516 3509//3509
f 3518//3518 3516//3516 3517//3517
f 3519//3519 3518//3518 3517//3517
f 3521//3521 3517//3517 3520//3520
f 3521//3521 3519//3519 3517//3517
f 3520//3520 3505//3505 3506//3506
f 3520//3520 3517//3517 3505//3505
f 3523//3523 3522//3522 3520//3520
f 3506//3506 3523//3523 3520//3520
f 3525//3525 3524//3524 3522//3522
f 3523//3523 3525//3525 3522//3522
f 3522//3522 3526//3526 3521//3521
f 3520//3520 3522//3522 3521//3521
f 3521//3521 3528//3528 3527//3527
f 3521//3521 3526//3526 3528//3528
f 3526//3526 3529//3529 3528//3528
f 3526//3526 3530//3530 3529//3529
f 3531//3531 3529//3529 3530//3530
f 3524//3524 3531//3531 3530//3530
f 3522//3522 3530//3530 3526//3526
f 3522//3522 3524//3524 3530//3530
f 3532//3532 3531//3531 3524//3524
f 3525//3525 3532//3532 3524//3524
f 3535//3535 3534//3534 3533//3533
f 3536//3536 3535//3535 3533//3533
f 3538//3538 3535//3535 3536//3536
f 3538//3538 3537//3537 3535//3535
f 3538//3538 3536//3536 3525//3525
f 3523//3523 3538//3538 3525//3525
f 3536//3536 3533//3533 3532//3532
f 3525//3525 3536//3536 3532//3532
f 3541//3541 3539//3539 3506//3506
f 3541//3541 3540//3540 3539//3539
f 3542//3542 3537//3537 3538//3538
f 3539//3539 3542//3542 3538//3538
f 3539//3539 3538//3538 3523//3523
f 3506//3506 3539//3539 3523//3523
f 3542//3542 3543//3543 3537//3537
f 3542//3542 3544//3544 3543//3543
f 3543//3543 3534//3534 3535//3535
f 3537//3537 3543//3543 3535//3535
f 3534//3534 3546//3546 3545//3545
f 3533//3533 3534//3534 3545//3545
f 3543//3543 3546//3546 3534//3534
f 3543//3543 3547//3547 3546//3546
f 3544//3544 3547//3547 3543//3543
f 3544//3544 3403//3403 3547//3547
f 3400//3400 3548//3548 3389//3389
f 3400//3400 3402//3402 3548//3548
f 3548//3548 3550//3550 3549//3549
f 3548//3548 3402//3402 3550//3550
f 3402//3402 3544//3544 3550//3550
f 3402//3402 3403//3403 3544//3544
f 3550//3550 3542//3542 3551//3551
f 3550//3550 3544//3544 3542//3542
f 3550//3550 3551//3551 3552//3552
f 3549//3549 3550//3550 3552//3552
f 3552//3552 3551//3551 3540//3540
f 3553//3553 3552//3552 3540//3540
f 3551//3551 3542//3542 3539//3539
f 3540//3540 3551//3551 3539//3539
f 3557//3557 3555//3555 3554//3554
f 3557//3557 3556//3556 3555//3555
f 3553//3553 3540//3540 3541//3541
f 3557//3557 3553//3553 3541//3541
f 3558//3558 3552//3552 3553//3553
f 3558//3558 3549//3549 3552//3552
f 3558//3558 3553//3553 3557//3557
f 3554//3554 3558//3558 3557//3557
f 3548//3548 3549//3549 3558//3558
f 3387//3387 3548//3548 3558//3558
f 3387//3387 3558//3558 3554//3554
f 3386//3386 3387//3387 3554//3554
f 3388//3388 3548//3548 3387//3387
f 3388//3388 3389//3389 3548//3548
f 3554//3554 3483//3483 3386//3386
f 3554//3554 3555//3555 3483//3483
f 3555//3555 3488//3488 3483//3483
f 3555//3555 3559//3559 3488//3488
f 3560//3560 3559//3559 3555//3555
f 3556//3556 3560//3560 3555//3555
f 3507//3507 3561//3561 3541//3541
f 3506//3506 3507//3507 3541//3541
f 3515//3515 3562//3562 3561//3561
f 3507//3507 3515//3515 3561//3561
f 3561//3561 3556//3556 3557//3557
f 3541//3541 3561//3561 3557//3557
f 3561//3561 3560//3560 3556//3556
f 3561//3561 3562//3562 3560//3560
f 3560//3560 3562//3562 3563//3563
f 3559//3559 3560//3560 3563//3563
f 3488//3488 3563//3563 3489//3489
f 3488//3488 3559//3559 3563//3563
f 3489//3489 3503//3503 3490//3490
f 3489//3489 3563//3563 3503//3503
f 3562//3562 3515//3515 3503//3503
f 3563//3563 3562//3562 3503//3503
f 3564//3564 3519//3519 3521//3521
f 3527//3527 3564//3564 3521//3521
f 3565//3565 3509//3509 3516//3516
f 3566//3566 3565//3565 3516//3516
f 2768//2768 3568//3568 3567//3567
f 2765//2765 2768//2768 3567//3567
f 3568//3568 2766//2766 3569//3569
f 3568//3568 2768//2768 2766//2766
f 3569//3569 3565//3565 3566//3566
f 3569//3569 2743//2743 3565//3565
f 3564//3564 3518//3518 3519//3519
f 3564//3564 3570//3570 3518//3518
f 3566//3566 3516//3516 3518//3518
f 3570//3570 3566//3566 3518//3518
f 3569//3569 3566//3566 3570//3570
f 3568//3568 3569//3569 3570//3570
f 3568//3568 3570//3570 3564//3564
f 3567//3567 3568//3568 3564//3564
f 3567//3567 3564//3564 3527//3527
f 2525//2525 3567//3567 3527//3527
f 2526//2526 3567//3567 2525//2525
f 2526//2526 2765//2765 3567//3567
f 3571//3571 2743//2743 2744//2744
f 2747//2747 3571//3571 2744//2744
f 3569//3569 2746//2746 2743//2743
f 3569//3569 2766//2766 2746//2746
f 3573//3573 3565//3565 2743//2743
f 3573//3573 3572//3572 3565//3565
f 3514//3514 3572//3572 3573//3573
f 3514//3514 3513//3513 3572//3572
f 3512//3512 3510//3510 3572//3572
f 3513//3513 3512//3512 3572//3572
f 3514//3514 3573//3573 3574//3574
f 3575//3575 3514//3514 3574//3574
f 3572//3572 3509//3509 3565//3565
f 3572//3572 3510//3510 3509//3509
f 3573//3573 2743//2743 3571//3571
f 3574//3574 3573//3573 3571//3571
f 3574//3574 3571//3571 3576//3576
f 3577//3577 3574//3574 3576//3576
f 3501//3501 3575//3575 3504//3504
f 3501//3501 3514//3514 3575//3575
f 3504//3504 3579//3579 3578//3578
f 3504//3504 3575//3575 3579//3579
f 3575//3575 3574//3574 3577//3577
f 3579//3579 3575//3575 3577//3577
f 2742//2742 2747//2747 2707//2707
f 2742//2742 3580//3580 2747//2747
f 3576//3576 3571//3571 2747//2747
f 3580//3580 3576//3576 2747//2747
f 3580//3580 2742//2742 2740//2740
f 2741//2741 3580//3580 2740//2740
f 3576//3576 3580//3580 2741//2741
f 3581//3581 3576//3576 2741//2741
f 3581//3581 2741//2741 2738//2738
f 2739//2739 3581//3581 2738//2738
f 3492//3492 3578//3578 3494//3494
f 3492//3492 3504//3504 3578//3578
f 3578//3578 3577//3577 3582//3582
f 3578//3578 3579//3579 3577//3577
f 3494//3494 3582//3582 3493//3493
f 3494//3494 3578//3578 3582//3582
f 3493//3493 3581//3581 2739//2739
f 3493//3493 3582//3582 3581//3581
f 3582//3582 3576//3576 3581//3581
f 3582//3582 3577//3577 3576//3576
f 574//574 572//572 1025//1025
f 2739//2739 574//574 1025//1025
f 1025//1025 1022//1022 3497//3497
f 2739//2739 1025//1025 3497//3497
f 2606//2606 2593//2593 3583//3583
f 3584//3584 2606//2606 3583//3583
f 3585//3585 2606//2606 3584//3584
f 3585//3585 1890//1890 2606//2606
f 3588//3588 3587//3587 3586//3586
f 3589//3589 3588//3588 3586//3586
f 2593//2593 2590//2590 3586//3586
f 3583//3583 2593//2593 3586//3586
f 3586//3586 2596//2596 3589//3589
f 3586//3586 2590//2590 2596//2596
f 3589//3589 2584//2584 2580//2580
f 3589//3589 2596//2596 2584//2584
f 2574//2574 3590//3590 2580//2580
f 2574//2574 2558//2558 3590//3590
f 3592//3592 3590//3590 3591//3591
f 3592//3592 2580//2580 3590//3590
f 3595//3595 3594//3594 3593//3593
f 3592//3592 3595//3595 3593//3593
f 3593//3593 3597//3597 3596//3596
f 3598//3598 3593//3593 3596//3596
f 3592//3592 3593//3593 3598//3598
f 2580//2580 3592//3592 3598//3598
f 3598//3598 3588//3588 3589//3589
f 2580//2580 3598//3598 3589//3589
f 3596//3596 3599//3599 3588//3588
f 3598//3598 3596//3596 3588//3588
f 3603//3603 3601//3601 3600//3600
f 3603//3603 3602//3602 3601//3601
f 3600//3600 3605//3605 3604//3604
f 3600//3600 3601//3601 3605//3605
f 3604//3604 3607//3607 3606//3606
f 3604//3604 3605//3605 3607//3607
f 3591//3591 3605//3605 3601//3601
f 3602//3602 3591//3591 3601//3601
f 3591//3591 3607//3607 3605//3605
f 3591//3591 3590//3590 3607//3607
f 3595//3595 3591//3591 3602//3602
f 3595//3595 3592//3592 3591//3591
f 2558//2558 3607//3607 3590//3590
f 2558//2558 2557//2557 3607//3607
f 2545//2545 3607//3607 2557//2557
f 2545//2545 3606//3606 3607//3607
f 3609//3609 3604//3604 3608//3608
f 3609//3609 3600//3600 3604//3604
f 3608//3608 3606//3606 3610//3610
f 3608//3608 3604//3604 3606//3606
f 2546//2546 3606//3606 2545//2545
f 2546//2546 3610//3610 3606//3606
f 3613//3613 3611//3611 3610//3610
f 3613//3613 3612//3612 3611//3611
f 3611//3611 3614//3614 3610//3610
f 3611//3611 3615//3615 3614//3614
f 3614//3614 3608//3608 3610//3610
f 3614//3614 3616//3616 3608//3608
f 2554//2554 3613//3613 3610//3610
f 2551//2551 2554//2554 3610//3610
f 2555//2555 3617//3617 2554//2554
f 2553//2553 2555//2555 2554//2554
f 2551//2551 2546//2546 2549//2549
f 2551//2551 3610//3610 2546//2546
f 2519//2519 3618//3618 2518//2518
f 2519//2519 2525//2525 3618//3618
f 3527//3527 3619//3619 2525//2525
f 3527//3527 3528//3528 3619//3619
f 3619//3619 3620//3620 3618//3618
f 2525//2525 3619//3619 3618//3618
f 3618//3618 3622//3622 3621//3621
f 3618//3618 3620//3620 3622//3622
f 3620//3620 3623//3623 3622//3622
f 3620//3620 3624//3624 3623//3623
f 3622//3622 3625//3625 3612//3612
f 3622//3622 3623//3623 3625//3625
f 3621//3621 3612//3612 3613//3613
f 3621//3621 3622//3622 3612//3612
f 2517//2517 3617//3617 2555//2555
f 2517//2517 2518//2518 3617//3617
f 2518//2518 3621//3621 3617//3617
f 2518//2518 3618//3618 3621//3621
f 3617//3617 3621//3621 3613//3613
f 2554//2554 3617//3617 3613//3613
f 3619//3619 3624//3624 3620//3620
f 3619//3619 3626//3626 3624//3624
f 3630//3630 3628//3628 3627//3627
f 3630//3630 3629//3629 3628//3628
f 3632//3632 3628//3628 3631//3631
f 3632//3632 3627//3627 3628//3628
f 3628//3628 3633//3633 3631//3631
f 3628//3628 3634//3634 3633//3633
f 3635//3635 3634//3634 3628//3628
f 3629//3629 3635//3635 3628//3628
f 3636//3636 3635//3635 3629//3629
f 3637//3637 3636//3636 3629//3629
f 3640//3640 3638//3638 3637//3637
f 3640//3640 3639//3639 3638//3638
f 3640//3640 3629//3629 3630//3630
f 3640//3640 3637//3637 3629//3629
f 3642//3642 3630//3630 3641//3641
f 3642//3642 3640//3640 3630//3630
f 3642//3642 3639//3639 3640//3640
f 3642//3642 3643//3643 3639//3639
f 3647//3647 3645//3645 3644//3644
f 3647//3647 3646//3646 3645//3645
f 3639//3639 3645//3645 3638//3638
f 3639//3639 3648//3648 3645//3645
f 3649//3649 3645//3645 3646//3646
f 3649//3649 3638//3638 3645//3645
f 3649//3649 3646//3646 3650//3650
f 3651//3651 3649//3649 3650//3650
f 3653//3653 3649//3649 3651//3651
f 3653//3653 3652//3652 3649//3649
f 3652//3652 3638//3638 3649//3649
f 3652//3652 3637//3637 3638//3638
f 3655//3655 3653//3653 3654//3654
f 3655//3655 3652//3652 3653//3653
f 3657//3657 3653//3653 3656//3656
f 3657//3657 3654//3654 3653//3653
f 3656//3656 3658//3658 3547//3547
f 3403//3403 3656//3656 3547//3547
f 3653//3653 3651//3651 3658//3658
f 3656//3656 3653//3653 3658//3658
f 3658//3658 3650//3650 3659//3659
f 3658//3658 3651//3651 3650//3650
f 3650//3650 3646//3646 3647//3647
f 3659//3659 3650//3650 3647//3647
f 3658//3658 3659//3659 3546//3546
f 3547//3547 3658//3658 3546//3546
f 3546//3546 3647//3647 3545//3545
f 3546//3546 3659//3659 3647//3647
f 3545//3545 3644//3644 3660//3660
f 3545//3545 3647//3647 3644//3644
f 3532//3532 3545//3545 3660//3660
f 3532//3532 3533//3533 3545//3545
f 3532//3532 3661//3661 3531//3531
f 3532//3532 3660//3660 3661//3661
f 3661//3661 3626//3626 3529//3529
f 3531//3531 3661//3661 3529//3529
f 3528//3528 3626//3626 3619//3619
f 3528//3528 3529//3529 3626//3626
f 3626//3626 3662//3662 3624//3624
f 3626//3626 3661//3661 3662//3662
f 3661//3661 3663//3663 3662//3662
f 3661//3661 3660//3660 3663//3663
f 3662//3662 3664//3664 3625//3625
f 3662//3662 3663//3663 3664//3664
f 3662//3662 3625//3625 3623//3623
f 3624//3624 3662//3662 3623//3623
f 3612//3612 3664//3664 3611//3611
f 3612//3612 3625//3625 3664//3664
f 3666//3666 3665//3665 3664//3664
f 3663//3663 3666//3666 3664//3664
f 3668//3668 3667//3667 3665//3665
f 3666//3666 3668//3668 3665//3665
f 3669//3669 3668//3668 3666//3666
f 3670//3670 3669//3669 3666//3666
f 3669//3669 3672//3672 3671//3671
f 3669//3669 3670//3670 3672//3672
f 3670//3670 3644//3644 3672//3672
f 3670//3670 3660//3660 3644//3644
f 3670//3670 3666//3666 3663//3663
f 3660//3660 3670//3670 3663//3663
f 3672//3672 3648//3648 3673//3673
f 3671//3671 3672//3672 3673//3673
f 3672//3672 3645//3645 3648//3648
f 3672//3672 3644//3644 3645//3645
f 3674//3674 3643//3643 3642//3642
f 3675//3675 3674//3674 3642//3642
f 3674//3674 3673//3673 3643//3643
f 3674//3674 3671//3671 3673//3673
f 3673//3673 3648//3648 3639//3639
f 3643//3643 3673//3673 3639//3639
f 3675//3675 3641//3641 3676//3676
f 3675//3675 3642//3642 3641//3641
f 3678//3678 3627//3627 3632//3632
f 3678//3678 3677//3677 3627//3627
f 3630//3630 3627//3627 3677//3677
f 3641//3641 3630//3630 3677//3677
f 3676//3676 3677//3677 3678//3678
f 3676//3676 3641//3641 3677//3677
f 3680//3680 3632//3632 3679//3679
f 3680//3680 3678//3678 3632//3632
f 3681//3681 3678//3678 3680//3680
f 3681//3681 3676//3676 3678//3678
f 3680//3680 3683//3683 3682//3682
f 3681//3681 3680//3680 3682//3682
f 3682//3682 3685//3685 3684//3684
f 3686//3686 3682//3682 3684//3684
f 3681//3681 3682//3682 3686//3686
f 3687//3687 3681//3681 3686//3686
f 3675//3675 3676//3676 3681//3681
f 3687//3687 3675//3675 3681//3681
f 3669//3669 3671//3671 3674//3674
f 3688//3688 3669//3669 3674//3674
f 3688//3688 3689//3689 3668//3668
f 3669//3669 3688//3688 3668//3668
f 3688//3688 3690//3690 3689//3689
f 3688//3688 3687//3687 3690//3690
f 3688//3688 3674//3674 3675//3675
f 3687//3687 3688//3688 3675//3675
f 3692//3692 3686//3686 3691//3691
f 3692//3692 3687//3687 3686//3686
f 3691//3691 3684//3684 3693//3693
f 3691//3691 3686//3686 3684//3684
f 3695//3695 3693//3693 3694//3694
f 3695//3695 3691//3691 3693//3693
f 3696//3696 3691//3691 3695//3695
f 3696//3696 3692//3692 3691//3691
f 3696//3696 3698//3698 3697//3697
f 3692//3692 3696//3696 3697//3697
f 3692//3692 3697//3697 3690//3690
f 3687//3687 3692//3692 3690//3690
f 3700//3700 3699//3699 3698//3698
f 3696//3696 3700//3700 3698//3698
f 3700//3700 3701//3701 3699//3699
f 3700//3700 3702//3702 3701//3701
f 3699//3699 3704//3704 3703//3703
f 3698//3698 3699//3699 3703//3703
f 3697//3697 3703//3703 3705//3705
f 3697//3697 3698//3698 3703//3703
f 3690//3690 3705//3705 3706//3706
f 3690//3690 3697//3697 3705//3705
f 3705//3705 3704//3704 3616//3616
f 3705//3705 3703//3703 3704//3704
f 3706//3706 3616//3616 3614//3614
f 3706//3706 3705//3705 3616//3616
f 3701//3701 3609//3609 3704//3704
f 3699//3699 3701//3701 3704//3704
f 3664//3664 3615//3615 3611//3611
f 3664//3664 3665//3665 3615//3615
f 3689//3689 3707//3707 3667//3667
f 3668//3668 3689//3689 3667//3667
f 3665//3665 3707//3707 3615//3615
f 3665//3665 3667//3667 3707//3707
f 3690//3690 3706//3706 3707//3707
f 3689//3689 3690//3690 3707//3707
f 3615//3615 3706//3706 3614//3614
f 3615//3615 3707//3707 3706//3706
f 3616//3616 3609//3609 3608//3608
f 3616//3616 3704//3704 3609//3609
f 3708//3708 3602//3602 3603//3603
f 3708//3708 3595//3595 3602//3602
f 3701//3701 3600//3600 3609//3609
f 3701//3701 3603//3603 3600//3600
f 3708//3708 3603//3603 3701//3701
f 3702//3702 3708//3708 3701//3701
f 3708//3708 3710//3710 3709//3709
f 3708//3708 3702//3702 3710//3710
f 3700//3700 3712//3712 3711//3711
f 3702//3702 3700//3700 3711//3711
f 3710//3710 3714//3714 3713//3713
f 3710//3710 3715//3715 3714//3714
f 3715//3715 3716//3716 3714//3714
f 3715//3715 3717//3717 3716//3716
f 3719//3719 3717//3717 3718//3718
f 3719//3719 3716//3716 3717//3717
f 3711//3711 3717//3717 3715//3715
f 3711//3711 3720//3720 3717//3717
f 3711//3711 3715//3715 3710//3710
f 3702//3702 3711//3711 3710//3710
f 3712//3712 3721//3721 3720//3720
f 3711//3711 3712//3712 3720//3720
f 3712//3712 3694//3694 3721//3721
f 3712//3712 3695//3695 3694//3694
f 3700//3700 3695//3695 3712//3712
f 3700//3700 3696//3696 3695//3695
f 3694//3694 3693//3693 3722//3722
f 3721//3721 3694//3694 3722//3722
f 3721//3721 3722//3722 3723//3723
f 3720//3720 3721//3721 3723//3723
f 3723//3723 3725//3725 3724//3724
f 3723//3723 3722//3722 3725//3725
f 3693//3693 3684//3684 3725//3725
f 3722//3722 3693//3693 3725//3725
f 3728//3728 3726//3726 3724//3724
f 3728//3728 3727//3727 3726//3726
f 3726//3726 3723//3723 3724//3724
f 3726//3726 3718//3718 3723//3723
f 3718//3718 3720//3720 3723//3723
f 3718//3718 3717//3717 3720//3720
f 3732//3732 3730//3730 3729//3729
f 3732//3732 3731//3731 3730//3730
f 3730//3730 3734//3734 3733//3733
f 3730//3730 3735//3735 3734//3734
f 3729//3729 3733//3733 3736//3736
f 3729//3729 3730//3730 3733//3733
f 3736//3736 3733//3733 3727//3727
f 3737//3737 3736//3736 3727//3727
f 3727//3727 3734//3734 3726//3726
f 3727//3727 3733//3733 3734//3734
f 3734//3734 3718//3718 3726//3726
f 3734//3734 3719//3719 3718//3718
f 3738//3738 3736//3736 3737//3737
f 3738//3738 3729//3729 3736//3736
f 3739//3739 3729//3729 3738//3738
f 3739//3739 3732//3732 3729//3729
f 3742//3742 3735//3735 3740//3740
f 3742//3742 3741//3741 3735//3735
f 3741//3741 3734//3734 3735//3735
f 3741//3741 3719//3719 3734//3734
f 3716//3716 3719//3719 3741//3741
f 3714//3714 3716//3716 3741//3741
f 3713//3713 3741//3741 3742//3742
f 3713//3713 3714//3714 3741//3741
f 3731//3731 3735//3735 3730//3730
f 3731//3731 3740//3740 3735//3735
f 3744//3744 3743//3743 3740//3740
f 3731//3731 3744//3744 3740//3740
f 3745//3745 3713//3713 3742//3742
f 3746//3746 3745//3745 3742//3742
f 3709//3709 3713//3713 3745//3745
f 3709//3709 3710//3710 3713//3713
f 3747//3747 3742//3742 3740//3740
f 3747//3747 3746//3746 3742//3742
f 3740//3740 3743//3743 3748//3748
f 3747//3747 3740//3740 3748//3748
f 3747//3747 3748//3748 3599//3599
f 3596//3596 3747//3747 3599//3599
f 3597//3597 3746//3746 3747//3747
f 3596//3596 3597//3597 3747//3747
f 3709//3709 3745//3745 3749//3749
f 3594//3594 3709//3709 3749//3749
f 3708//3708 3709//3709 3594//3594
f 3595//3595 3708//3708 3594//3594
f 3594//3594 3749//3749 3597//3597
f 3593//3593 3594//3594 3597//3597
f 3749//3749 3745//3745 3746//3746
f 3597//3597 3749//3749 3746//3746
f 3586//3586 3750//3750 3583//3583
f 3586//3586 3587//3587 3750//3750
f 3583//3583 3751//3751 3584//3584
f 3583//3583 3750//3750 3751//3751
f 3750//3750 3752//3752 3751//3751
f 3750//3750 3753//3753 3752//3752
f 3599//3599 3754//3754 3587//3587
f 3588//3588 3599//3599 3587//3587
f 3587//3587 3753//3753 3750//3750
f 3587//3587 3754//3754 3753//3753
f 3748//3748 3753//3753 3754//3754
f 3599//3599 3748//3748 3754//3754
f 3743//3743 3752//3752 3753//3753
f 3748//3748 3743//3743 3753//3753
f 3751//3751 3756//3756 3755//3755
f 3584//3584 3751//3751 3755//3755
f 3759//3759 3758//3758 3757//3757
f 3759//3759 3584//3584 3758//3758
f 3757//3757 3761//3761 3760//3760
f 3757//3757 3758//3758 3761//3761
f 3757//3757 3760//3760 3762//3762
f 3763//3763 3757//3757 3762//3762
f 3765//3765 3760//3760 3764//3764
f 3765//3765 3762//3762 3760//3760
f 3764//3764 3761//3761 3766//3766
f 3764//3764 3760//3760 3761//3761
f 3770//3770 3768//3768 3767//3767
f 3770//3770 3769//3769 3768//3768
f 3771//3771 3767//3767 3755//3755
f 3771//3771 3770//3770 3767//3767
f 3767//3767 3761//3761 3758//3758
f 3767//3767 3768//3768 3761//3761
f 3755//3755 3758//3758 3584//3584
f 3755//3755 3767//3767 3758//3758
f 3773//3773 3770//3770 3771//3771
f 3773//3773 3772//3772 3770//3770
f 3773//3773 3739//3739 3774//3774
f 3773//3773 3775//3775 3739//3739
f 3775//3775 3732//3732 3739//3739
f 3775//3775 3776//3776 3732//3732
f 3771//3771 3775//3775 3773//3773
f 3771//3771 3777//3777 3775//3775
f 3778//3778 3776//3776 3775//3775
f 3777//3777 3778//3778 3775//3775
f 3778//3778 3779//3779 3744//3744
f 3776//3776 3778//3778 3744//3744
f 3776//3776 3744//3744 3731//3731
f 3732//3732 3776//3776 3731//3731
f 3756//3756 3777//3777 3771//3771
f 3755//3755 3756//3756 3771//3771
f 3752//3752 3779//3779 3756//3756
f 3751//3751 3752//3752 3756//3756
f 3779//3779 3778//3778 3777//3777
f 3756//3756 3779//3779 3777//3777
f 3779//3779 3752//3752 3743//3743
f 3744//3744 3779//3779 3743//3743
f 3631//3631 3781//3781 3780//3780
f 3631//3631 3633//3633 3781//3781
f 3785//3785 3783//3783 3782//3782
f 3785//3785 3784//3784 3783//3783
f 3788//3788 3787//3787 3786//3786
f 3789//3789 3788//3788 3786//3786
f 3788//3788 3790//3790 3787//3787
f 3788//3788 3782//3782 3790//3790
f 3788//3788 3785//3785 3782//3782
f 3788//3788 3791//3791 3785//3785
f 3789//3789 3791//3791 3788//3788
f 3789//3789 3792//3792 3791//3791
f 3794//3794 3792//3792 3789//3789
f 3794//3794 3793//3793 3792//3792
f 3795//3795 3772//3772 3773//3773
f 3774//3774 3795//3795 3773//3773
f 3797//3797 3796//3796 3772//3772
f 3795//3795 3797//3797 3772//3772
f 3772//3772 3769//3769 3770//3770
f 3772//3772 3796//3796 3769//3769
f 3787//3787 3799//3799 3798//3798
f 3786//3786 3787//3787 3798//3798
f 3786//3786 3798//3798 3800//3800
f 3801//3801 3786//3786 3800//3800
f 3801//3801 3800//3800 3797//3797
f 3795//3795 3801//3801 3797//3797
f 3794//3794 3801//3801 3795//3795
f 3774//3774 3794//3794 3795//3795
f 3789//3789 3786//3786 3801//3801
f 3794//3794 3789//3789 3801//3801
f 3805//3805 3803//3803 3802//3802
f 3805//3805 3804//3804 3803//3803
f 3800//3800 3804//3804 3805//3805
f 3797//3797 3800//3800 3805//3805
f 3798//3798 3799//3799 3804//3804
f 3800//3800 3798//3798 3804//3804
f 3804//3804 3806//3806 3803//3803
f 3804//3804 3799//3799 3806//3806
f 3766//3766 3761//3761 3768//3768
f 3807//3807 3766//3766 3768//3768
f 3807//3807 3768//3768 3769//3769
f 3796//3796 3807//3807 3769//3769
f 3805//3805 3807//3807 3796//3796
f 3797//3797 3805//3805 3796//3796
f 3805//3805 3766//3766 3807//3807
f 3805//3805 3802//3802 3766//3766
f 3808//3808 3766//3766 3802//3802
f 3808//3808 3764//3764 3766//3766
f 3811//3811 3810//3810 3809//3809
f 3812//3812 3811//3811 3809//3809
f 3810//3810 3814//3814 3813//3813
f 3809//3809 3810//3810 3813//3813
f 3808//3808 3811//3811 3815//3815
f 3808//3808 3802//3802 3811//3811
f 3803//3803 3816//3816 3802//3802
f 3803//3803 3817//3817 3816//3816
f 3816//3816 3818//3818 3802//3802
f 3816//3816 3819//3819 3818//3818
f 3818//3818 3820//3820 3814//3814
f 3810//3810 3818//3818 3814//3814
f 3802//3802 3818//3818 3810//3810
f 3811//3811 3802//3802 3810//3810
f 3817//3817 3821//3821 3816//3816
f 3817//3817 3822//3822 3821//3821
f 3821//3821 3819//3819 3816//3816
f 3821//3821 3823//3823 3819//3819
f 3819//3819 3820//3820 3818//3818
f 3819//3819 3824//3824 3820//3820
f 3825//3825 3821//3821 3822//3822
f 3826//3826 3825//3825 3822//3822
f 3827//3827 3820//3820 3824//3824
f 3828//3828 3827//3827 3824//3824
f 3825//3825 3823//3823 3821//3821
f 3825//3825 3829//3829 3823//3823
f 3823//3823 3824//3824 3819//3819
f 3823//3823 3830//3830 3824//3824
f 3831//3831 3820//3820 3827//3827
f 3831//3831 3814//3814 3820//3820
f 3833//3833 3831//3831 3832//3832
f 3834//3834 3833//3833 3832//3832
f 3832//3832 3836//3836 3835//3835
f 3832//3832 3837//3837 3836//3836
f 3832//3832 3827//3827 3837//3837
f 3832//3832 3831//3831 3827//3827
f 3829//3829 3830//3830 3823//3823
f 3829//3829 3838//3838 3830//3830
f 3828//3828 3824//3824 3830//3830
f 3838//3838 3828//3828 3830//3830
f 3840//3840 3838//3838 3829//3829
f 3840//3840 3839//3839 3838//3838
f 3841//3841 3828//3828 3838//3838
f 3839//3839 3841//3841 3838//3838
f 3842//3842 3825//3825 3826//3826
f 3843//3843 3842//3842 3826//3826
f 3842//3842 3829//3829 3825//3825
f 3842//3842 3840//3840 3829//3829
f 3837//3837 3827//3827 3828//3828
f 3841//3841 3837//3837 3828//3828
f 3845//3845 3844//3844 3836//3836
f 3837//3837 3845//3845 3836//3836
f 3848//3848 3847//3847 3846//3846
f 3849//3849 3848//3848 3846//3846
f 3851//3851 3848//3848 3849//3849
f 3851//3851 3850//3850 3848//3848
f 3853//3853 3850//3850 3851//3851
f 3853//3853 3852//3852 3850//3850
f 3847//3847 3854//3854 3845//3845
f 3846//3846 3847//3847 3845//3845
f 3857//3857 3853//3853 3855//3855
f 3857//3857 3856//3856 3853//3853
f 3858//3858 3857//3857 3855//3855
f 3859//3859 3858//3858 3855//3855
f 3862//3862 3861//3861 3860//3860
f 3863//3863 3862//3862 3860//3860
f 3865//3865 3861//3861 3864//3864
f 3865//3865 3860//3860 3861//3861
f 3863//3863 3860//3860 3865//3865
f 3866//3866 3863//3863 3865//3865
f 3839//3839 3863//3863 3866//3866
f 3841//3841 3839//3839 3866//3866
f 3840//3840 3862//3862 3863//3863
f 3839//3839 3840//3840 3863//3863
f 3866//3866 3865//3865 3867//3867
f 3868//3868 3866//3866 3867//3867
f 3867//3867 3864//3864 3869//3869
f 3867//3867 3865//3865 3864//3864
f 3864//3864 3871//3871 3870//3870
f 3864//3864 3861//3861 3871//3871
f 3872//3872 3871//3871 3861//3861
f 3862//3862 3872//3872 3861//3861
f 3872//3872 3873//3873 3871//3871
f 3872//3872 3874//3874 3873//3873
f 3873//3873 3875//3875 3870//3870
f 3871//3871 3873//3873 3870//3870
f 3849//3849 3846//3846 3868//3868
f 3867//3867 3849//3849 3868//3868
f 3869//3869 3849//3849 3867//3867
f 3869//3869 3851//3851 3849//3849
f 3846//3846 3845//3845 3837//3837
f 3868//3868 3846//3846 3837//3837
f 3855//3855 3851//3851 3869//3869
f 3855//3855 3853//3853 3851//3851
f 3841//3841 3866//3866 3868//3868
f 3837//3837 3841//3841 3868//3868
f 3869//3869 3870//3870 3855//3855
f 3869//3869 3864//3864 3870//3870
f 3842//3842 3872//3872 3862//3862
f 3840//3840 3842//3842 3862//3862
f 3842//3842 3874//3874 3872//3872
f 3842//3842 3843//3843 3874//3874
f 3875//3875 3859//3859 3855//3855
f 3870//3870 3875//3875 3855//3855
f 3877//3877 3876//3876 3859//3859
f 3875//3875 3877//3877 3859//3859
f 3843//3843 3878//3878 3874//3874
f 3843//3843 3879//3879 3878//3878
f 3878//3878 3877//3877 3880//3880
f 3878//3878 3881//3881 3877//3877
f 3874//3874 3880//3880 3873//3873
f 3874//3874 3878//3878 3880//3880
f 3880//3880 3877//3877 3875//3875
f 3873//3873 3880//3880 3875//3875
f 3882//3882 3858//3858 3859//3859
f 3876//3876 3882//3882 3859//3859
f 3885//3885 3884//3884 3883//3883
f 3782//3782 3885//3885 3883//3883
f 3884//3884 3882//3882 3876//3876
f 3883//3883 3884//3884 3876//3876
f 3881//3881 3876//3876 3877//3877
f 3881//3881 3883//3883 3876//3876
f 3879//3879 3881//3881 3878//3878
f 3879//3879 3886//3886 3881//3881
f 3886//3886 3883//3883 3881//3881
f 3886//3886 3782//3782 3883//3883
f 3843//3843 3826//3826 3887//3887
f 3879//3879 3843//3843 3887//3887
f 3887//3887 3889//3889 3888//3888
f 3890//3890 3887//3887 3888//3888
f 3826//3826 3822//3822 3889//3889
f 3887//3887 3826//3826 3889//3889
f 3888//3888 3822//3822 3817//3817
f 3888//3888 3889//3889 3822//3822
f 3806//3806 3817//3817 3803//3803
f 3806//3806 3888//3888 3817//3817
f 3890//3890 3888//3888 3806//3806
f 3790//3790 3890//3890 3806//3806
f 3790//3790 3806//3806 3799//3799
f 3787//3787 3790//3790 3799//3799
f 3886//3886 3890//3890 3790//3790
f 3782//3782 3886//3886 3790//3790
f 3879//3879 3887//3887 3890//3890
f 3886//3886 3879//3879 3890//3890
f 3813//3813 3814//3814 3831//3831
f 3833//3833 3813//3813 3831//3831
f 3894//3894 3892//3892 3891//3891
f 3894//3894 3893//3893 3892//3892
f 3891//3891 3784//3784 3785//3785
f 3891//3891 3892//3892 3784//3784
f 3895//3895 3891//3891 3785//3785
f 3791//3791 3895//3895 3785//3785
f 3896//3896 3895//3895 3791//3791
f 3792//3792 3896//3896 3791//3791
f 3898//3898 3895//3895 3896//3896
f 3898//3898 3897//3897 3895//3895
f 3897//3897 3891//3891 3895//3895
f 3897//3897 3894//3894 3891//3891
f 3900//3900 3897//3897 3898//3898
f 3900//3900 3899//3899 3897//3897
f 3903//3903 3902//3902 3901//3901
f 3904//3904 3903//3903 3901//3901
f 3906//3906 3903//3903 3904//3904
f 3906//3906 3905//3905 3903//3903
f 3907//3907 3900//3900 3902//3902
f 3907//3907 3899//3899 3900//3900
f 3905//3905 3902//3902 3903//3903
f 3905//3905 3907//3907 3902//3902
f 3901//3901 3900//3900 3908//3908
f 3901//3901 3902//3902 3900//3900
f 3908//3908 3898//3898 3793//3793
f 3908//3908 3900//3900 3898//3898
f 3793//3793 3896//3896 3792//3792
f 3793//3793 3898//3898 3896//3896
f 3908//3908 3793//3793 3794//3794
f 3774//3774 3908//3908 3794//3794
f 3909//3909 3908//3908 3774//3774
f 3909//3909 3901//3901 3908//3908
f 3739//3739 3738//3738 3909//3909
f 3774//3774 3739//3739 3909//3909
f 3910//3910 3727//3727 3728//3728
f 3910//3910 3737//3737 3727//3727
f 3728//3728 3904//3904 3910//3910
f 3728//3728 3906//3906 3904//3904
f 3910//3910 3901//3901 3909//3909
f 3910//3910 3904//3904 3901//3901
f 3738//3738 3737//3737 3910//3910
f 3909//3909 3738//3738 3910//3910
f 3724//3724 3906//3906 3728//3728
f 3724//3724 3911//3911 3906//3906
f 3912//3912 3911//3911 3724//3724
f 3725//3725 3912//3912 3724//3724
f 3685//3685 3912//3912 3725//3725
f 3684//3684 3685//3685 3725//3725
f 3683//3683 3913//3913 3685//3685
f 3682//3682 3683//3683 3685//3685
f 3913//3913 3914//3914 3912//3912
f 3685//3685 3913//3913 3912//3912
f 3683//3683 3914//3914 3913//3913
f 3683//3683 3915//3915 3914//3914
f 3680//3680 3915//3915 3683//3683
f 3680//3680 3679//3679 3915//3915
f 3915//3915 3916//3916 3914//3914
f 3915//3915 3917//3917 3916//3916
f 3914//3914 3916//3916 3911//3911
f 3912//3912 3914//3914 3911//3911
f 3911//3911 3905//3905 3906//3906
f 3911//3911 3916//3916 3905//3905
f 3916//3916 3907//3907 3905//3905
f 3916//3916 3917//3917 3907//3907
f 3899//3899 3894//3894 3897//3897
f 3899//3899 3780//3780 3894//3894
f 3917//3917 3899//3899 3907//3907
f 3917//3917 3780//3780 3899//3899
f 3679//3679 3917//3917 3915//3915
f 3679//3679 3780//3780 3917//3917
f 3679//3679 3631//3631 3780//3780
f 3679//3679 3632//3632 3631//3631
f 3918//3918 3893//3893 3894//3894
f 3780//3780 3918//3918 3894//3894
f 3918//3918 3919//3919 3893//3893
f 3918//3918 3920//3920 3919//3919
f 3918//3918 3781//3781 3921//3921
f 3918//3918 3780//3780 3781//3781
f 3921//3921 3923//3923 3922//3922
f 3921//3921 3781//3781 3923//3923
f 3921//3921 3922//3922 3924//3924
f 3925//3925 3921//3921 3924//3924
f 3927//3927 3925//3925 3926//3926
f 3927//3927 3920//3920 3925//3925
f 3920//3920 3921//3921 3925//3925
f 3920//3920 3918//3918 3921//3921
f 3927//3927 3926//3926 3928//3928
f 3929//3929 3927//3927 3928//3928
f 3931//3931 3922//3922 3930//3930
f 3931//3931 3924//3924 3922//3922
f 3926//3926 3924//3924 3931//3931
f 3926//3926 3925//3925 3924//3924
f 3928//3928 3931//3931 3932//3932
f 3928//3928 3926//3926 3931//3931
f 3932//3932 3934//3934 3933//3933
f 3928//3928 3932//3932 3933//3933
f 3928//3928 3933//3933 3935//3935
f 3929//3929 3928//3928 3935//3935
f 3933//3933 3937//3937 3936//3936
f 3933//3933 3934//3934 3937//3937
f 3941//3941 3939//3939 3938//3938
f 3941//3941 3940//3940 3939//3939
f 3927//3927 3943//3943 3942//3942
f 3927//3927 3929//3929 3943//3943
f 3943//3943 3940//3940 3941//3941
f 3943//3943 3929//3929 3940//3940
f 3942//3942 3945//3945 3944//3944
f 3919//3919 3942//3942 3944//3944
f 3920//3920 3942//3942 3919//3919
f 3920//3920 3927//3927 3942//3942
f 3947//3947 3941//3941 3946//3946
f 3947//3947 3943//3943 3941//3941
f 3942//3942 3947//3947 3945//3945
f 3942//3942 3943//3943 3947//3947
f 3784//3784 3947//3947 3783//3783
f 3784//3784 3945//3945 3947//3947
f 3892//3892 3945//3945 3784//3784
f 3892//3892 3944//3944 3945//3945
f 3893//3893 3944//3944 3892//3892
f 3893//3893 3919//3919 3944//3944
f 3951//3951 3949//3949 3948//3948
f 3951//3951 3950//3950 3949//3949
f 3954//3954 3953//3953 3952//3952
f 3955//3955 3954//3954 3952//3952
f 3953//3953 3957//3957 3956//3956
f 3952//3952 3953//3953 3956//3956
f 3952//3952 3956//3956 3958//3958
f 3949//3949 3952//3952 3958//3958
f 3948//3948 3958//3958 3959//3959
f 3948//3948 3949//3949 3958//3958
f 3956//3956 3960//3960 3856//3856
f 3956//3956 3957//3957 3960//3960
f 3856//3856 3852//3852 3853//3853
f 3856//3856 3960//3960 3852//3852
f 3959//3959 3958//3958 3857//3857
f 3858//3858 3959//3959 3857//3857
f 3958//3958 3856//3856 3857//3857
f 3958//3958 3956//3956 3856//3856
f 3962//3962 3959//3959 3961//3961
f 3962//3962 3948//3948 3959//3959
f 3961//3961 3959//3959 3858//3858
f 3882//3882 3961//3961 3858//3858
f 3963//3963 3948//3948 3962//3962
f 3963//3963 3951//3951 3948//3948
f 3885//3885 3962//3962 3884//3884
f 3885//3885 3963//3963 3962//3962
f 3884//3884 3961//3961 3882//3882
f 3884//3884 3962//3962 3961//3961
f 3955//3955 3952//3952 3949//3949
f 3950//3950 3955//3955 3949//3949
f 3951//3951 3964//3964 3950//3950
f 3951//3951 3965//3965 3964//3964
f 3938//3938 3939//3939 3964//3964
f 3965//3965 3938//3938 3964//3964
f 3966//3966 3938//3938 3965//3965
f 3967//3967 3966//3966 3965//3965
f 3946//3946 3938//3938 3966//3966
f 3946//3946 3941//3941 3938//3938
f 3947//3947 3946//3946 3968//3968
f 3783//3783 3947//3947 3968//3968
f 3968//3968 3966//3966 3967//3967
f 3968//3968 3946//3946 3966//3966
f 3968//3968 3967//3967 3963//3963
f 3885//3885 3968//3968 3963//3963
f 3963//3963 3965//3965 3951//3951
f 3963//3963 3967//3967 3965//3965
f 3783//3783 3968//3968 3885//3885
f 3782//3782 3783//3783 3885//3885
f 3972//3972 3970//3970 3969//3969
f 3972//3972 3971//3971 3970//3970
f 3969//3969 3970//3970 3973//3973
f 3974//3974 3969//3969 3973//3973
f 3970//3970 3939//3939 3940//3940
f 3973//3973 3970//3970 3940//3940
f 3971//3971 3939//3939 3970//3970
f 3971//3971 3964//3964 3939//3939
f 3975//3975 3964//3964 3971//3971
f 3975//3975 3950//3950 3964//3964
f 3950//3950 3976//3976 3955//3955
f 3950//3950 3977//3977 3976//3976
f 3980//3980 2402//2402 3978//3978
f 3980//3980 3979//3979 2402//2402
f 2399//2399 2396//2396 2402//2402
f 3979//3979 2399//2399 2402//2402
f 3982//3982 3981//3981 2401//2401
f 2093//2093 3982//3982 2401//2401
f 3977//3977 3950//3950 3981//3981
f 3982//3982 3977//3977 3981//3981
f 3975//3975 3981//3981 3950//3950
f 3975//3975 3978//3978 3981//3981
f 3978//3978 2401//2401 3981//3981
f 3978//3978 2402//2402 2401//2401
f 3983//3983 3978//3978 3975//3975
f 3983//3983 3980//3980 3978//3978
f 3983//3983 3971//3971 3972//3972
f 3983//3983 3975//3975 3971//3971
f 3984//3984 3969//3969 3974//3974
f 3984//3984 3972//3972 3969//3969
f 3983//3983 3972//3972 3984//3984
f 3985//3985 3983//3983 3984//3984
f 3987//3987 3986//3986 3985//3985
f 3987//3987 3185//3185 3986//3986
f 3986//3986 3979//3979 3980//3980
f 3986//3986 2399//2399 3979//3979
f 3985//3985 3980//3980 3983//3983
f 3985//3985 3986//3986 3980//3980
f 3185//3185 2399//2399 3986//3986
f 3185//3185 2398//2398 2399//2399
f 3175//3175 3176//3176 3185//3185
f 3987//3987 3175//3175 3185//3185
f 3177//3177 3174//3174 3175//3175
f 3987//3987 3177//3177 3175//3175
f 3988//3988 3163//3163 3177//3177
f 3988//3988 3359//3359 3163//3163
f 3989//3989 3177//3177 3987//3987
f 3989//3989 3988//3988 3177//3177
f 3991//3991 3988//3988 3989//3989
f 3991//3991 3990//3990 3988//3988
f 3993//3993 3992//3992 3991//3991
f 3989//3989 3993//3993 3991//3991
f 3994//3994 3993//3993 3989//3989
f 3987//3987 3994//3994 3989//3989
f 3985//3985 3984//3984 3994//3994
f 3987//3987 3985//3985 3994//3994
f 3998//3998 3996//3996 3995//3995
f 3998//3998 3997//3997 3996//3996
f 3997//3997 3935//3935 3996//3996
f 3997//3997 3929//3929 3935//3935
f 3997//3997 3940//3940 3929//3929
f 3997//3997 3973//3973 3940//3940
f 3974//3974 3973//3973 3997//3997
f 3998//3998 3974//3974 3997//3997
f 3984//3984 3974//3974 3998//3998
f 3994//3994 3984//3984 3998//3998
f 3994//3994 3995//3995 3993//3993
f 3994//3994 3998//3998 3995//3995
f 3995//3995 4000//4000 3999//3999
f 3995//3995 3996//3996 4000//4000
f 3993//3993 3999//3999 3992//3992
f 3993//3993 3995//3995 3999//3999
f 3999//3999 4000//4000 4001//4001
f 3992//3992 3999//3999 4001//4001
f 4004//4004 4003//4003 4002//4002
f 4004//4004 3936//3936 4003//4003
f 3933//3933 3936//3936 4004//4004
f 3935//3935 3933//3933 4004//4004
f 3996//3996 4004//4004 4000//4000
f 3996//3996 3935//3935 4004//4004
f 4000//4000 4004//4004 4002//4002
f 4001//4001 4000//4000 4002//4002
f 4008//4008 4006//4006 4005//4005
f 4008//4008 4007//4007 4006//4006
f 4006//4006 4002//4002 4005//4005
f 4006//4006 4001//4001 4002//4002
f 3991//3991 4001//4001 4006//4006
f 3991//3991 3992//3992 4001//4001
f 3990//3990 3991//3991 4006//4006
f 4007//4007 3990//3990 4006//4006
f 4009//4009 3359//3359 3988//3988
f 3990//3990 4009//4009 3988//3988
f 4009//4009 3990//3990 4007//4007
f 3358//3358 4009//4009 4007//4007
f 3359//3359 4009//4009 3358//3358
f 3164//3164 3359//3359 3358//3358
f 3358//3358 4007//4007 4008//4008
f 3357//3357 3358//3358 4008//4008
f 4011//4011 4010//4010 4008//4008
f 4005//4005 4011//4011 4008//4008
f 4008//4008 3360//3360 3357//3357
f 4008//4008 4010//4010 3360//3360
f 4012//4012 3361//3361 3364//3364
f 4012//4012 3363//3363 3361//3361
f 4010//4010 3364//3364 3360//3360
f 4010//4010 4012//4012 3364//3364
f 4013//4013 3362//3362 3363//3363
f 4013//4013 3367//3367 3362//3362
f 4014//4014 3363//3363 4012//4012
f 4014//4014 4013//4013 3363//3363
f 4011//4011 4012//4012 4010//4010
f 4011//4011 4014//4014 4012//4012
f 4015//4015 4014//4014 4011//4011
f 4016//4016 4015//4015 4011//4011
f 4017//4017 4014//4014 4015//4015
f 4017//4017 4013//4013 4014//4014
f 4018//4018 4013//4013 4017//4017
f 4018//4018 3367//3367 4013//4013
f 4019//4019 4011//4011 4005//4005
f 4019//4019 4016//4016 4011//4011
f 4002//4002 4019//4019 4005//4005
f 4002//4002 4003//4003 4019//4019
f 4020//4020 4016//4016 4019//4019
f 4021//4021 4020//4020 4019//4019
f 4022//4022 4020//4020 4021//4021
f 4023//4023 4022//4022 4021//4021
f 3937//3937 4024//4024 4003//4003
f 3936//3936 3937//3937 4003//4003
f 4003//4003 4021//4021 4019//4019
f 4003//4003 4024//4024 4021//4021
f 4025//4025 4021//4021 4024//4024
f 4025//4025 4023//4023 4021//4021
f 4028//4028 4027//4027 4026//4026
f 4029//4029 4028//4028 4026//4026
f 4026//4026 4022//4022 4023//4023
f 4029//4029 4026//4026 4023//4023
f 4027//4027 4031//4031 4030//4030
f 4026//4026 4027//4027 4030//4030
f 4027//4027 4032//4032 4031//4031
f 4027//4027 4033//4033 4032//4032
f 4030//4030 4034//4034 4018//4018
f 4030//4030 4031//4031 4034//4034
f 4030//4030 4017//4017 4035//4035
f 4030//4030 4018//4018 4017//4017
f 4030//4030 4035//4035 4022//4022
f 4026//4026 4030//4030 4022//4022
f 4035//4035 4015//4015 4036//4036
f 4035//4035 4017//4017 4015//4015
f 4036//4036 4015//4015 4016//4016
f 4020//4020 4036//4036 4016//4016
f 4022//4022 4036//4036 4020//4020
f 4022//4022 4035//4035 4036//4036
f 4025//4025 4024//4024 3937//3937
f 3934//3934 4025//4025 3937//3937
f 4037//4037 4023//4023 4025//4025
f 4037//4037 4029//4029 4023//4023
f 3932//3932 4025//4025 3934//3934
f 3932//3932 4037//4037 4025//4025
f 4037//4037 4038//4038 4029//4029
f 4037//4037 3930//3930 4038//4038
f 3932//3932 3930//3930 4037//4037
f 3932//3932 3931//3931 3930//3930
f 4040//4040 4038//4038 4039//4039
f 4040//4040 4029//4029 4038//4038
f 4039//4039 4042//4042 4041//4041
f 4043//4043 4039//4039 4041//4041
f 4038//4038 3923//3923 4042//4042
f 4039//4039 4038//4038 4042//4042
f 3930//3930 3923//3923 4038//4038
f 3930//3930 3922//3922 3923//3923
f 3633//3633 3923//3923 3781//3781
f 3633//3633 4042//4042 3923//3923
f 3634//3634 4042//4042 3633//3633
f 3634//3634 4041//4041 4042//4042
f 3635//3635 4041//4041 3634//3634
f 3635//3635 4043//4043 4041//4041
f 4046//4046 4045//4045 4044//4044
f 4047//4047 4046//4046 4044//4044
f 4049//4049 4048//4048 4045//4045
f 4049//4049 4040//4040 4048//4048
f 4040//4040 4039//4039 4043//4043
f 4048//4048 4040//4040 4043//4043
f 4028//4028 4040//4040 4049//4049
f 4028//4028 4029//4029 4040//4040
f 4049//4049 4045//4045 4046//4046
f 4050//4050 4049//4049 4046//4046
f 4051//4051 4049//4049 4050//4050
f 4051//4051 4028//4028 4049//4049
f 4051//4051 4033//4033 4027//4027
f 4028//4028 4051//4051 4027//4027
f 4051//4051 4052//4052 4033//4033
f 4051//4051 4053//4053 4052//4052
f 4051//4051 4050//4050 4054//4054
f 4053//4053 4051//4051 4054//4054
f 4054//4054 4046//4046 4047//4047
f 4054//4054 4050//4050 4046//4046
f 3424//3424 3349//3349 4055//4055
f 3424//3424 3351//3351 3349//3349
f 4055//4055 3370//3370 4056//4056
f 4055//4055 3349//3349 3370//3370
f 4056//4056 3371//3371 4057//4057
f 4056//4056 3370//3370 3371//3371
f 4057//4057 3366//3366 3367//3367
f 4057//4057 3371//3371 3366//3366
f 4034//4034 4059//4059 4058//4058
f 4034//4034 4060//4060 4059//4059
f 4031//4031 4060//4060 4034//4034
f 4031//4031 4032//4032 4060//4060
f 4062//4062 4059//4059 4061//4061
f 4062//4062 4058//4058 4059//4059
f 4064//4064 4059//4059 4063//4063
f 4064//4064 4061//4061 4059//4059
f 4053//4053 4063//4063 4052//4052
f 4053//4053 4065//4065 4063//4063
f 4063//4063 4059//4059 4060//4060
f 4052//4052 4063//4063 4060//4060
f 4052//4052 4060//4060 4032//4032
f 4033//4033 4052//4052 4032//4032
f 4018//4018 4058//4058 3367//3367
f 4018//4018 4034//4034 4058//4058
f 4057//4057 4058//4058 4062//4062
f 4057//4057 3367//3367 4058//4058
f 4056//4056 4062//4062 4066//4066
f 4056//4056 4057//4057 4062//4062
f 4062//4062 4061//4061 4067//4067
f 4066//4066 4062//4062 4067//4067
f 4056//4056 4066//4066 4068//4068
f 4055//4055 4056//4056 4068//4068
f 4055//4055 4068//4068 3423//3423
f 3424//3424 4055//4055 3423//3423
f 4071//4071 4064//4064 4069//4069
f 4071//4071 4070//4070 4064//4064
f 4068//4068 4067//4067 4070//4070
f 4068//4068 4066//4066 4067//4067
f 4067//4067 4061//4061 4064//4064
f 4070//4070 4067//4067 4064//4064
f 3423//3423 4070//4070 4071//4071
f 3423//3423 4068//4068 4070//4070
f 3423//3423 4071//4071 3415//3415
f 3419//3419 3423//3423 3415//3415
f 4069//4069 4063//4063 4065//4065
f 4069//4069 4064//4064 4063//4063
f 3412//3412 4069//4069 4065//4065
f 3412//3412 3413//3413 4069//4069
f 3413//3413 4071//4071 4069//4069
f 3413//3413 3415//3415 4071//4071
f 4072//4072 3408//3408 3410//3410
f 4073//4073 4072//4072 3410//3410
f 4075//4075 4074//4074 4073//4073
f 4065//4065 4075//4075 4073//4073
f 4073//4073 3410//3410 3412//3412
f 4065//4065 4073//4073 3412//3412
f 4074//4074 4076//4076 4072//4072
f 4073//4073 4074//4074 4072//4072
f 4074//4074 4077//4077 4076//4076
f 4074//4074 4078//4078 4077//4077
f 4072//4072 3404//3404 3408//3408
f 4072//4072 3405//3405 3404//3404
f 4072//4072 3657//3657 3405//3405
f 4072//4072 4076//4076 3657//3657
f 3655//3655 3654//3654 4077//4077
f 4078//4078 3655//3655 4077//4077
f 4077//4077 3654//3654 3657//3657
f 4076//4076 4077//4077 3657//3657
f 3405//3405 3656//3656 3403//3403
f 3405//3405 3657//3657 3656//3656
f 4079//4079 3652//3652 3655//3655
f 4079//4079 3637//3637 3652//3652
f 4080//4080 3655//3655 4078//4078
f 4080//4080 4079//4079 3655//3655
f 4080//4080 4044//4044 4079//4079
f 4080//4080 4047//4047 4044//4044
f 4054//4054 4047//4047 4080//4080
f 4075//4075 4054//4054 4080//4080
f 4080//4080 4078//4078 4074//4074
f 4075//4075 4080//4080 4074//4074
f 4053//4053 4054//4054 4075//4075
f 4065//4065 4053//4053 4075//4075
f 4044//4044 4048//4048 3636//3636
f 4044//4044 4045//4045 4048//4048
f 4079//4079 3636//3636 3637//3637
f 4079//4079 4044//4044 3636//3636
f 4048//4048 4043//4043 3635//3635
f 3636//3636 4048//4048 3635//3635
f 4084//4084 4082//4082 4081//4081
f 4084//4084 4083//4083 4082//4082
f 2137//2137 4083//4083 4084//4084
f 2137//2137 1581//1581 4083//4083
f 4088//4088 4086//4086 4085//4085
f 4088//4088 4087//4087 4086//4086
f 4082//4082 4087//4087 4088//4088
f 4089//4089 4082//4082 4088//4088
f 4082//4082 4090//4090 4087//4087
f 4082//4082 4083//4083 4090//4090
f 4093//4093 4089//4089 4091//4091
f 4093//4093 4092//4092 4089//4089
f 4094//4094 4081//4081 4092//4092
f 4095//4095 4094//4094 4092//4092
f 4081//4081 4082//4082 4089//4089
f 4092//4092 4081//4081 4089//4089
f 4095//4095 4092//4092 4093//4093
f 4096//4096 4095//4095 4093//4093
f 4097//4097 2136//2136 2137//2137
f 4097//4097 2143//2143 2136//2136
f 4097//4097 4084//4084 4098//4098
f 4097//4097 2137//2137 4084//4084
f 4084//4084 4081//4081 4094//4094
f 4098//4098 4084//4084 4094//4094
f 4098//4098 4094//4094 4095//4095
f 4099//4099 4098//4098 4095//4095
f 4099//4099 4095//4095 4096//4096
f 4100//4100 4099//4099 4096//4096
f 4097//4097 4098//4098 4099//4099
f 4101//4101 4097//4097 4099//4099
f 2127//2127 2143//2143 4097//4097
f 4101//4101 2127//2127 4097//4097
f 2125//2125 2127//2127 4101//4101
f 4102//4102 2125//2125 4101//4101
f 4101//4101 4099//4099 4100//4100
f 4102//4102 4101//4101 4100//4100
f 4104//4104 4096//4096 4093//4093
f 4104//4104 4103//4103 4096//4096
f 4100//4100 4096//4096 4103//4103
f 4105//4105 4100//4100 4103//4103
f 4106//4106 4100//4100 4105//4105
f 4106//4106 4102//4102 4100//4100
f 4105//4105 4103//4103 4107//4107
f 4108//4108 4105//4105 4107//4107
f 4109//4109 4103//4103 4104//4104
f 4109//4109 4107//4107 4103//4103
f 4108//4108 4107//4107 4109//4109
f 4110//4110 4108//4108 4109//4109
f 4106//4106 4105//4105 4108//4108
f 4111//4111 4106//4106 4108//4108
f 4113//4113 4111//4111 4112//4112
f 4113//4113 4106//4106 4111//4111
f 4115//4115 4112//4112 4114//4114
f 4115//4115 4113//4113 4112//4112
f 4111//4111 4108//4108 4110//4110
f 4116//4116 4111//4111 4110//4110
f 4112//4112 4111//4111 4116//4116
f 4117//4117 4112//4112 4116//4116
f 4119//4119 4113//4113 4115//4115
f 4119//4119 4118//4118 4113//4113
f 4118//4118 4106//4106 4113//4113
f 4118//4118 4102//4102 4106//4106
f 4118//4118 2132//2132 4102//4102
f 4118//4118 4120//4120 2132//2132
f 4119//4119 4120//4120 4118//4118
f 4119//4119 4121//4121 4120//4120
f 4122//4122 2133//2133 4120//4120
f 4121//4121 4122//4122 4120//4120
f 2111//2111 2133//2133 4122//4122
f 4123//4123 2111//2111 4122//4122
f 4120//4120 2131//2131 2132//2132
f 4120//4120 2133//2133 2131//2131
f 2125//2125 2132//2132 2124//2124
f 2125//2125 4102//4102 2132//2132
f 4124//4124 4122//4122 4121//4121
f 4124//4124 4123//4123 4122//4122
f 2106//2106 4123//4123 4124//4124
f 4125//4125 2106//2106 4124//4124
f 2106//2106 2111//2111 4123//4123
f 2106//2106 2107//2107 2111//2111
f 2106//2106 4126//4126 2104//2104
f 2106//2106 4125//4125 4126//4126
f 4125//4125 4127//4127 4126//4126
f 4125//4125 4128//4128 4127//4127
f 4126//4126 4130//4130 4129//4129
f 4126//4126 4127//4127 4130//4130
f 4126//4126 4129//4129 2103//2103
f 2104//2104 4126//4126 2103//2103
f 2103//2103 4129//4129 2100//2100
f 2101//2101 2103//2103 2100//2100
f 4129//4129 4130//4130 4131//4131
f 2100//2100 4129//4129 4131//4131
f 2097//2097 4131//4131 2096//2096
f 2097//2097 2100//2100 4131//4131
f 4133//4133 4127//4127 4132//4132
f 4133//4133 4130//4130 4127//4127
f 4130//4130 4134//4134 4131//4131
f 4130//4130 4133//4133 4134//4134
f 4133//4133 4135//4135 4134//4134
f 4133//4133 4136//4136 4135//4135
f 4134//4134 4138//4138 4137//4137
f 4134//4134 4135//4135 4138//4138
f 4131//4131 4137//4137 2096//2096
f 4131//4131 4134//4134 4137//4137
f 4141//4141 4140//4140 4139//4139
f 4141//4141 2090//2090 4140//4140
f 4140//4140 2096//2096 4137//4137
f 4142//4142 4140//4140 4137//4137
f 4139//4139 4140//4140 4142//4142
f 4143//4143 4139//4139 4142//4142
f 4142//4142 4137//4137 4138//4138
f 4144//4144 4142//4142 4138//4138
f 4143//4143 4142//4142 4144//4144
f 4145//4145 4143//4143 4144//4144
f 3977//3977 4143//4143 3976//3976
f 3977//3977 4139//4139 4143//4143
f 4139//4139 3977//3977 3982//3982
f 4141//4141 4139//4139 3982//3982
f 4141//4141 3982//3982 2093//2093
f 2094//2094 4141//4141 2093//2093
f 2094//2094 2090//2090 4141//4141
f 2094//2094 2091//2091 2090//2090
f 2090//2090 2096//2096 4140//4140
f 2090//2090 2089//2089 2096//2096
f 4149//4149 4147//4147 4146//4146
f 4149//4149 4148//4148 4147//4147
f 4153//4153 4151//4151 4150//4150
f 4153//4153 4152//4152 4151//4151
f 4151//4151 4147//4147 4148//4148
f 4150//4150 4151//4151 4148//4148
f 4150//4150 4148//4148 4154//4154
f 4155//4155 4150//4150 4154//4154
f 4154//4154 4148//4148 4149//4149
f 4156//4156 4154//4154 4149//4149
f 4155//4155 4154//4154 4156//4156
f 4157//4157 4155//4155 4156//4156
f 4157//4157 4156//4156 4158//4158
f 4159//4159 4157//4157 4158//4158
f 4156//4156 4149//4149 4160//4160
f 4158//4158 4156//4156 4160//4160
f 4160//4160 4146//4146 4161//4161
f 4160//4160 4149//4149 4146//4146
f 4160//4160 4161//4161 4162//4162
f 4163//4163 4160//4160 4162//4162
f 3955//3955 4164//4164 3954//3954
f 3955//3955 3976//3976 4164//4164
f 3954//3954 4166//4166 4165//4165
f 3954//3954 4164//4164 4166//4166
f 4165//4165 4162//4162 4161//4161
f 4165//4165 4166//4166 4162//4162
f 4146//4146 4147//4147 4167//4167
f 4168//4168 4146//4146 4167//4167
f 4161//4161 4146//4146 4168//4168
f 4169//4169 4161//4161 4168//4168
f 4161//4161 4171//4171 4170//4170
f 4165//4165 4161//4161 4170//4170
f 4171//4171 4169//4169 4172//4172
f 4171//4171 4161//4161 4169//4169
f 4169//4169 4168//4168 4173//4173
f 3854//3854 4169//4169 4173//4173
f 4172//4172 3854//3854 3847//3847
f 4172//4172 4169//4169 3854//3854
f 3852//3852 4172//4172 3850//3850
f 3852//3852 4171//4171 4172//4172
f 4171//4171 3852//3852 3960//3960
f 4170//4170 4171//4171 3960//3960
f 4170//4170 3960//3960 3957//3957
f 3953//3953 4170//4170 3957//3957
f 4165//4165 4170//4170 3953//3953
f 3954//3954 4165//4165 3953//3953
f 4145//4145 4144//4144 4166//4166
f 4164//4164 4145//4145 4166//4166
f 3976//3976 4145//4145 4164//4164
f 3976//3976 4143//4143 4145//4145
f 4144//4144 4138//4138 4162//4162
f 4166//4166 4144//4144 4162//4162
f 4163//4163 4162//4162 4138//4138
f 4135//4135 4163//4163 4138//4138
f 4158//4158 4160//4160 4163//4163
f 4174//4174 4158//4158 4163//4163
f 4174//4174 4163//4163 4135//4135
f 4136//4136 4174//4174 4135//4135
f 4136//4136 4132//4132 4174//4174
f 4136//4136 4133//4133 4132//4132
f 4174//4174 4159//4159 4158//4158
f 4174//4174 4132//4132 4159//4159
f 4153//4153 4150//4150 4155//4155
f 4175//4175 4153//4153 4155//4155
f 4175//4175 4177//4177 4176//4176
f 4153//4153 4175//4175 4176//4176
f 4176//4176 4179//4179 4178//4178
f 4176//4176 4177//4177 4179//4179
f 4181//4181 4180//4180 4179//4179
f 4177//4177 4181//4181 4179//4179
f 4179//4179 4180//4180 4182//4182
f 4178//4178 4179//4179 4182//4182
f 4181//4181 4183//4183 4180//4180
f 4181//4181 4184//4184 4183//4183
f 4185//4185 4184//4184 4181//4181
f 4185//4185 4128//4128 4184//4184
f 4175//4175 4181//4181 4177//4177
f 4175//4175 4185//4185 4181//4181
f 4175//4175 4155//4155 4157//4157
f 4185//4185 4175//4175 4157//4157
f 4185//4185 4157//4157 4159//4159
f 4128//4128 4185//4185 4159//4159
f 4127//4127 4128//4128 4159//4159
f 4132//4132 4127//4127 4159//4159
f 4125//4125 4124//4124 4186//4186
f 4128//4128 4125//4125 4186//4186
f 4186//4186 4187//4187 4184//4184
f 4128//4128 4186//4186 4184//4184
f 4186//4186 4115//4115 4187//4187
f 4186//4186 4119//4119 4115//4115
f 4124//4124 4121//4121 4119//4119
f 4186//4186 4124//4124 4119//4119
f 4182//4182 4183//4183 4188//4188
f 4182//4182 4180//4180 4183//4183
f 4188//4188 4116//4116 4189//4189
f 4188//4188 4117//4117 4116//4116
f 4114//4114 4112//4112 4117//4117
f 4190//4190 4114//4114 4117//4117
f 4187//4187 4114//4114 4190//4190
f 4187//4187 4115//4115 4114//4114
f 4187//4187 4190//4190 4183//4183
f 4184//4184 4187//4187 4183//4183
f 4190//4190 4117//4117 4188//4188
f 4183//4183 4190//4190 4188//4188
f 4191//4191 4188//4188 4189//4189
f 4191//4191 4182//4182 4188//4188
f 4193//4193 4191//4191 4189//4189
f 4193//4193 4192//4192 4191//4191
f 4195//4195 4192//4192 4193//4193
f 4195//4195 4194//4194 4192//4192
f 4198//4198 4197//4197 4196//4196
f 4199//4199 4198//4198 4196//4196
f 4200//4200 4193//4193 4189//4189
f 4200//4200 4196//4196 4193//4193
f 4197//4197 4195//4195 4193//4193
f 4196//4196 4197//4197 4193//4193
f 4202//4202 4195//4195 4197//4197
f 4202//4202 4201//4201 4195//4195
f 4204//4204 4203//4203 4201//4201
f 4205//4205 4204//4204 4201//4201
f 4203//4203 4194//4194 4195//4195
f 4201//4201 4203//4203 4195//4195
f 4203//4203 4206//4206 4194//4194
f 4203//4203 4207//4207 4206//4206
f 4208//4208 4207//4207 4203//4203
f 4204//4204 4208//4208 4203//4203
f 4210//4210 4209//4209 4207//4207
f 4208//4208 4210//4210 4207//4207
f 4209//4209 4211//4211 4206//4206
f 4207//4207 4209//4209 4206//4206
f 4206//4206 4211//4211 4192//4192
f 4194//4194 4206//4206 4192//4192
f 4212//4212 4182//4182 4191//4191
f 4212//4212 4178//4178 4182//4182
f 4192//4192 4212//4212 4191//4191
f 4192//4192 4211//4211 4212//4212
f 4213//4213 4212//4212 4211//4211
f 4209//4209 4213//4213 4211//4211
f 4176//4176 4178//4178 4212//4212
f 4213//4213 4176//4176 4212//4212
f 4210//4210 4213//4213 4209//4209
f 4210//4210 4152//4152 4213//4213
f 4153//4153 4176//4176 4213//4213
f 4152//4152 4153//4153 4213//4213
f 4216//4216 4215//4215 4214//4214
f 4216//4216 3834//3834 4215//4215
f 3834//3834 3835//3835 4215//4215
f 3834//3834 3832//3832 3835//3835
f 3835//3835 4218//4218 4217//4217
f 3835//3835 3836//3836 4218//4218
f 4215//4215 4217//4217 4219//4219
f 4215//4215 3835//3835 4217//4217
f 3850//3850 3847//3847 3848//3848
f 3850//3850 4172//4172 3847//3847
f 4173//4173 4221//4221 4220//4220
f 3844//3844 4173//4173 4220//4220
f 3844//3844 4220//4220 4218//4218
f 3836//3836 3844//3844 4218//4218
f 4220//4220 4167//4167 4222//4222
f 4220//4220 4221//4221 4167//4167
f 4168//4168 4167//4167 4221//4221
f 4173//4173 4168//4168 4221//4221
f 4218//4218 4222//4222 4223//4223
f 4218//4218 4220//4220 4222//4222
f 4214//4214 4219//4219 4224//4224
f 4214//4214 4215//4215 4219//4219
f 4226//4226 4224//4224 4225//4225
f 4226//4226 4214//4214 4224//4224
f 4224//4224 4217//4217 4227//4227
f 4224//4224 4219//4219 4217//4217
f 4227//4227 4218//4218 4223//4223
f 4227//4227 4217//4217 4218//4218
f 3854//3854 4173//4173 3844//3844
f 3845//3845 3854//3854 3844//3844
f 3809//3809 3813//3813 3833//3833
f 4228//4228 3809//3809 3833//3833
f 3812//3812 3809//3809 4228//4228
f 4229//4229 3812//3812 4228//4228
f 4228//4228 3833//3833 3834//3834
f 4216//4216 4228//4228 3834//3834
f 4229//4229 4228//4228 4216//4216
f 4230//4230 4229//4229 4216//4216
f 4231//4231 3812//3812 4229//4229
f 4232//4232 4231//4231 4229//4229
f 3815//3815 3812//3812 4231//4231
f 3815//3815 3811//3811 3812//3812
f 4234//4234 3815//3815 4233//4233
f 4234//4234 3808//3808 3815//3815
f 4235//4235 4231//4231 4232//4232
f 4236//4236 4235//4235 4232//4232
f 4233//4233 4231//4231 4235//4235
f 4233//4233 3815//3815 4231//4231
f 4233//4233 4235//4235 4236//4236
f 4237//4237 4233//4233 4236//4236
f 4234//4234 4233//4233 4237//4237
f 4238//4238 4234//4234 4237//4237
f 4234//4234 3764//3764 3808//3808
f 4234//4234 3765//3765 3764//3764
f 4237//4237 4236//4236 4239//4239
f 4240//4240 4237//4237 4239//4239
f 4243//4243 4239//4239 4241//4241
f 4243//4243 4242//4242 4239//4239
f 4236//4236 4232//4232 4241//4241
f 4239//4239 4236//4236 4241//4241
f 4244//4244 4241//4241 4230//4230
f 4244//4244 4243//4243 4241//4241
f 4244//4244 4230//4230 4226//4226
f 4245//4245 4244//4244 4226//4226
f 4232//4232 4229//4229 4230//4230
f 4241//4241 4232//4232 4230//4230
f 4230//4230 4214//4214 4226//4226
f 4230//4230 4216//4216 4214//4214
f 4246//4246 4226//4226 4225//4225
f 4246//4246 4245//4245 4226//4226
f 4249//4249 4248//4248 4247//4247
f 4249//4249 4246//4246 4248//4248
f 4249//4249 4245//4245 4246//4246
f 4249//4249 4250//4250 4245//4245
f 4250//4250 4244//4244 4245//4245
f 4250//4250 4251//4251 4244//4244
f 4251//4251 4243//4243 4244//4244
f 4251//4251 4252//4252 4243//4243
f 4253//4253 4242//4242 4243//4243
f 4252//4252 4253//4253 4243//4243
f 4254//4254 4252//4252 4251//4251
f 4255//4255 4254//4254 4251//4251
f 4255//4255 4204//4204 4205//4205
f 4255//4255 4256//4256 4204//4204
f 4256//4256 4208//4208 4204//4204
f 4256//4256 4247//4247 4208//4208
f 4251//4251 4256//4256 4255//4255
f 4251//4251 4250//4250 4256//4256
f 4250//4250 4247//4247 4256//4256
f 4250//4250 4249//4249 4247//4247
f 4247//4247 4210//4210 4208//4208
f 4247//4247 4248//4248 4210//4210
f 4225//4225 4257//4257 4248//4248
f 4246//4246 4225//4225 4248//4248
f 4257//4257 4152//4152 4210//4210
f 4248//4248 4257//4257 4210//4210
f 4257//4257 4223//4223 4152//4152
f 4257//4257 4227//4227 4223//4223
f 4225//4225 4227//4227 4257//4257
f 4225//4225 4224//4224 4227//4227
f 4222//4222 4147//4147 4151//4151
f 4222//4222 4167//4167 4147//4147
f 4223//4223 4151//4151 4152//4152
f 4223//4223 4222//4222 4151//4151
f 4258//4258 4254//4254 4255//4255
f 4205//4205 4258//4258 4255//4255
f 4260//4260 4259//4259 4254//4254
f 4258//4258 4260//4260 4254//4254
f 4259//4259 4253//4253 4252//4252
f 4254//4254 4259//4259 4252//4252
f 4262//4262 4261//4261 4259//4259
f 4260//4260 4262//4262 4259//4259
f 4261//4261 4242//4242 4253//4253
f 4259//4259 4261//4261 4253//4253
f 4264//4264 4263//4263 4238//4238
f 4265//4265 4264//4264 4238//4238
f 4265//4265 4240//4240 4261//4261
f 4262//4262 4265//4265 4261//4261
f 4240//4240 4239//4239 4242//4242
f 4261//4261 4240//4240 4242//4242
f 4238//4238 4237//4237 4240//4240
f 4265//4265 4238//4238 4240//4240
f 4238//4238 3765//3765 4234//4234
f 4238//4238 4263//4263 3765//3765
f 4263//4263 3762//3762 3765//3765
f 4263//4263 3763//3763 3762//3762
f 4264//4264 3763//3763 4263//4263
f 4264//4264 4266//4266 3763//3763
f 4266//4266 3757//3757 3763//3763
f 4266//4266 3759//3759 3757//3757
f 4268//4268 4266//4266 4267//4267
f 4268//4268 3759//3759 4266//4266
f 3585//3585 3759//3759 4268//4268
f 3585//3585 3584//3584 3759//3759
f 3585//3585 4268//4268 4269//4269
f 1886//1886 3585//3585 4269//4269
f 4267//4267 4266//4266 4264//4264
f 4270//4270 4267//4267 4264//4264
f 4268//4268 4267//4267 4271//4271
f 4269//4269 4268//4268 4271//4271
f 4271//4271 4267//4267 4270//4270
f 4272//4272 4271//4271 4270//4270
f 4269//4269 4271//4271 4272//4272
f 4273//4273 4269//4269 4272//4272
f 1886//1886 4269//4269 4273//4273
f 1888//1888 1886//1886 4273//4273
f 4275//4275 4274//4274 4265//4265
f 4262//4262 4275//4275 4265//4265
f 4277//4277 4276//4276 4260//4260
f 4258//4258 4277//4277 4260//4260
f 4276//4276 4275//4275 4262//4262
f 4260//4260 4276//4276 4262//4262
f 4281//4281 4279//4279 4278//4278
f 4281//4281 4280//4280 4279//4279
f 4279//4279 4282//4282 4274//4274
f 4275//4275 4279//4279 4274//4274
f 4272//4272 4270//4270 4274//4274
f 4282//4282 4272//4272 4274//4274
f 4274//4274 4264//4264 4265//4265
f 4274//4274 4270//4270 4264//4264
f 4277//4277 4278//4278 4276//4276
f 4277//4277 4281//4281 4278//4278
f 4278//4278 4279//4279 4275//4275
f 4276//4276 4278//4278 4275//4275
f 4280//4280 4282//4282 4279//4279
f 4280//4280 4283//4283 4282//4282
f 4273//4273 4272//4272 4282//4282
f 4283//4283 4273//4273 4282//4282
f 4284//4284 4283//4283 4280//4280
f 4284//4284 1892//1892 4283//4283
f 4285//4285 4280//4280 4281//4281
f 4285//4285 4284//4284 4280//4280
f 2087//2087 1897//1897 1898//1898
f 4286//4286 2087//2087 1898//1898
f 4286//4286 1898//1898 4284//4284
f 4285//4285 4286//4286 4284//4284
f 4287//4287 4286//4286 4285//4285
f 4288//4288 4287//4287 4285//4285
f 4287//4287 2087//2087 4286//4286
f 4287//4287 2088//2088 2087//2087
f 4289//4289 2088//2088 4287//4287
f 4290//4290 4289//4289 4287//4287
f 4290//4290 4287//4287 4288//4288
f 4205//4205 4290//4290 4288//4288
f 4288//4288 4281//4281 4277//4277
f 4288//4288 4285//4285 4281//4281
f 4288//4288 4277//4277 4258//4258
f 4205//4205 4288//4288 4258//4258
f 4292//4292 4290//4290 4205//4205
f 4292//4292 4291//4291 4290//4290
f 4292//4292 4201//4201 4202//4202
f 4292//4292 4205//4205 4201//4201
f 4294//4294 4202//4202 4293//4293
f 4294//4294 4292//4292 4202//4202
f 4294//4294 4291//4291 4292//4292
f 4294//4294 4295//4295 4291//4291
f 4298//4298 4296//4296 4295//4295
f 4298//4298 4297//4297 4296//4296
f 4296//4296 4299//4299 4291//4291
f 4295//4295 4296//4296 4291//4291
f 4293//4293 4198//4198 4199//4199
f 4300//4300 4293//4293 4199//4199
f 4202//4202 4197//4197 4198//4198
f 4293//4293 4202//4202 4198//4198
f 4289//4289 1900//1900 2088//2088
f 4289//4289 1915//1915 1900//1900
f 4291//4291 4289//4289 4290//4290
f 4291//4291 4299//4299 4289//4289
f 1915//1915 4289//4289 4299//4299
f 2086//2086 1915//1915 4299//4299
f 2086//2086 4299//4299 4296//4296
f 4297//4297 2086//2086 4296//4296
f 1917//1917 2086//2086 4297//4297
f 2085//2085 1917//1917 4297//4297
f 2085//2085 4297//4297 4298//4298
f 4301//4301 2085//2085 4298//4298
f 2081//2081 2085//2085 4301//4301
f 2081//2081 2084//2084 2085//2085
f 4303//4303 4300//4300 4302//4302
f 4304//4304 4303//4303 4302//4302
f 2073//2073 4301//4301 4304//4304
f 2073//2073 2081//2081 4301//4301
f 4301//4301 4298//4298 4303//4303
f 4304//4304 4301//4301 4303//4303
f 4298//4298 4295//4295 4294//4294
f 4303//4303 4298//4298 4294//4294
f 4294//4294 4293//4293 4300//4300
f 4303//4303 4294//4294 4300//4300
f 4302//4302 4306//4306 4305//4305
f 4302//4302 4307//4307 4306//4306
f 4199//4199 4196//4196 4200//4200
f 4307//4307 4199//4199 4200//4200
f 4300//4300 4199//4199 4307//4307
f 4302//4302 4300//4300 4307//4307
f 4309//4309 4200//4200 4189//4189
f 4309//4309 4308//4308 4200//4200
f 4116//4116 4110//4110 4309//4309
f 4189//4189 4116//4116 4309//4309
f 4308//4308 4307//4307 4200//4200
f 4308//4308 4306//4306 4307//4307
f 4311//4311 4306//4306 4308//4308
f 4311//4311 4310//4310 4306//4306
f 4312//4312 4308//4308 4309//4309
f 4312//4312 4311//4311 4308//4308
f 4110//4110 4109//4109 4312//4312
f 4309//4309 4110//4110 4312//4312
f 4314//4314 4312//4312 4313//4313
f 4314//4314 4311//4311 4312//4312
f 4312//4312 4104//4104 4313//4313
f 4312//4312 4109//4109 4104//4104
f 4315//4315 4311//4311 4314//4314
f 4315//4315 4310//4310 4311//4311
f 4317//4317 4314//4314 4316//4316
f 4317//4317 4315//4315 4314//4314
f 4316//4316 4313//4313 4091//4091
f 4316//4316 4314//4314 4313//4313
f 4313//4313 4093//4093 4091//4091
f 4313//4313 4104//4104 4093//4093
f 4318//4318 4315//4315 4317//4317
f 4318//4318 4305//4305 4315//4315
f 4305//4305 4310//4310 4315//4315
f 4305//4305 4306//4306 4310//4310
f 4302//4302 4305//4305 4318//4318
f 4304//4304 4302//4302 4318//4318
f 4322//4322 4320//4320 4319//4319
f 4322//4322 4321//4321 4320//4320
f 4326//4326 4324//4324 4323//4323
f 4326//4326 4325//4325 4324//4324
f 4323//4323 4321//4321 4322//4322
f 4323//4323 4324//4324 4321//4321
f 4327//4327 4320//4320 4321//4321
f 4328//4328 4327//4327 4321//4321
f 4328//4328 4321//4321 4324//4324
f 4325//4325 4328//4328 4324//4324
f 4316//4316 4323//4323 4317//4317
f 4316//4316 4326//4326 4323//4323
f 4317//4317 4322//4322 4318//4318
f 4317//4317 4323//4323 4322//4322
f 4318//4318 4319//4319 4304//4304
f 4318//4318 4322//4322 4319//4319
f 4329//4329 4326//4326 4316//4316
f 4091//4091 4329//4329 4316//4316
f 4089//4089 4088//4088 4330//4330
f 4091//4091 4089//4089 4330//4330
f 4329//4329 4330//4330 4331//4331
f 4329//4329 4091//4091 4330//4330
f 4331//4331 4333//4333 4332//4332
f 4331//4331 4330//4330 4333//4333
f 4331//4331 4332//4332 4334//4334
f 4335//4335 4331//4331 4334//4334
f 4088//4088 4085//4085 4333//4333
f 4330//4330 4088//4088 4333//4333
f 4336//4336 4331//4331 4335//4335
f 4336//4336 4329//4329 4331//4331
f 4329//4329 4325//4325 4326//4326
f 4329//4329 4336//4336 4325//4325
f 4337//4337 4327//4327 4328//4328
f 4337//4337 1668//1668 4327//4327
f 4336//4336 4328//4328 4325//4325
f 4336//4336 4337//4337 4328//4328
f 4337//4337 4335//4335 4338//4338
f 4337//4337 4336//4336 4335//4335
f 4338//4338 4334//4334 4339//4339
f 4338//4338 4335//4335 4334//4334
f 4337//4337 4338//4338 4340//4340
f 1668//1668 4337//4337 4340//4340
f 4320//4320 2071//2071 2068//2068
f 4320//4320 4327//4327 2071//2071
f 4327//4327 2080//2080 2071//2071
f 4327//4327 1668//1668 2080//2080
f 4319//4319 2069//2069 2073//2073
f 4304//4304 4319//4319 2073//2073
f 4320//4320 2068//2068 2069//2069
f 4319//4319 4320//4320 2069//2069
f 4284//4284 1895//1895 1892//1892
f 4284//4284 1898//1898 1895//1895
f 1888//1888 4273//4273 4283//4283
f 1892//1892 1888//1888 4283//4283
f 1886//1886 1890//1890 3585//3585
f 1886//1886 1887//1887 1890//1890
f 1662//1662 4340//4340 4341//4341
f 1662//1662 1668//1668 4340//4340
f 4340//4340 4339//4339 4342//4342
f 4340//4340 4338//4338 4339//4339
f 4342//4342 4344//4344 4343//4343
f 4342//4342 4339//4339 4344//4344
f 4341//4341 4342//4342 4345//4345
f 4341//4341 4340//4340 4342//4342
f 4345//4345 4342//4342 4343//4343
f 4346//4346 4345//4345 4343//4343
f 4347//4347 4345//4345 4346//4346
f 4348//4348 4347//4347 4346//4346
f 4349//4349 4345//4345 4347//4347
f 4349//4349 4341//4341 4345//4345
f 1661//1661 4341//4341 4349//4349
f 1661//1661 1662//1662 4341//4341
f 4085//4085 4351//4351 4350//4350
f 4333//4333 4085//4085 4350//4350
f 4344//4344 4333//4333 4350//4350
f 4344//4344 4332//4332 4333//4333
f 4334//4334 4332//4332 4344//4344
f 4339//4339 4334//4334 4344//4344
f 4353//4353 4343//4343 4352//4352
f 4353//4353 4346//4346 4343//4343
f 4343//4343 4350//4350 4352//4352
f 4343//4343 4344//4344 4350//4350
f 4350//4350 4354//4354 4352//4352
f 4350//4350 4351//4351 4354//4354
f 4353//4353 4356//4356 4355//4355
f 4353//4353 4352//4352 4356//4356
f 4358//4358 4355//4355 4357//4357
f 4358//4358 4353//4353 4355//4355
f 4355//4355 4360//4360 4359//4359
f 4357//4357 4355//4355 4359//4359
f 4355//4355 4361//4361 4360//4360
f 4355//4355 4356//4356 4361//4361
f 4364//4364 4363//4363 4362//4362
f 4365//4365 4364//4364 4362//4362
f 4365//4365 4362//4362 4356//4356
f 4352//4352 4365//4365 4356//4356
f 1661//1661 4349//4349 4366//4366
f 1679//1679 1661//1661 4366//4366
f 4366//4366 4347//4347 4348//4348
f 4366//4366 4349//4349 4347//4347
f 4348//4348 4346//4346 4353//4353
f 4358//4358 4348//4348 4353//4353
f 4366//4366 4348//4348 4358//4358
f 4367//4367 4366//4366 4358//4358
f 4367//4367 4357//4357 4368//4368
f 4367//4367 4358//4358 4357//4357
f 4368//4368 4359//4359 4369//4369
f 4368//4368 4357//4357 4359//4359
f 4367//4367 4368//4368 4370//4370
f 1654//1654 4367//4367 4370//4370
f 1679//1679 4366//4366 4367//4367
f 1654//1654 1679//1679 4367//4367
f 1653//1653 1654//1654 4370//4370
f 4371//4371 1653//1653 4370//4370
f 4370//4370 4369//4369 4372//4372
f 4370//4370 4368//4368 4369//4369
f 1659//1659 1653//1653 4371//4371
f 4373//4373 1659//1659 4371//4371
f 4371//4371 4370//4370 4372//4372
f 4374//4374 4371//4371 4372//4372
f 4373//4373 4371//4371 4374//4374
f 4375//4375 4373//4373 4374//4374
f 4361//4361 4377//4377 4376//4376
f 4361//4361 4378//4378 4377//4377
f 4378//4378 4379//4379 4377//4377
f 4378//4378 4380//4380 4379//4379
f 4363//4363 4380//4380 4378//4378
f 4362//4362 4363//4363 4378//4378
f 4362//4362 4378//4378 4361//4361
f 4356//4356 4362//4362 4361//4361
f 4381//4381 4361//4361 4376//4376
f 4381//4381 4360//4360 4361//4361
f 4359//4359 4360//4360 4381//4381
f 4369//4369 4359//4359 4381//4381
f 4372//4372 4381//4381 4382//4382
f 4372//4372 4369//4369 4381//4381
f 4374//4374 4382//4382 4383//4383
f 4374//4374 4372//4372 4382//4382
f 4373//4373 4384//4384 1658//1658
f 1659//1659 4373//4373 1658//1658
f 4375//4375 4385//4385 4384//4384
f 4373//4373 4375//4375 4384//4384
f 4375//4375 4383//4383 4385//4385
f 4375//4375 4374//4374 4383//4383
f 4383//4383 4387//4387 4386//4386
f 4383//4383 4382//4382 4387//4387
f 4385//4385 4386//4386 4388//4388
f 4385//4385 4383//4383 4386//4386
f 4382//4382 4376//4376 4387//4387
f 4382//4382 4381//4381 4376//4376
f 4376//4376 4389//4389 4387//4387
f 4376//4376 4377//4377 4389//4389
f 4377//4377 4390//4390 4389//4389
f 4377//4377 4379//4379 4390//4390
f 1613//1613 4391//4391 1611//1611
f 1613//1613 1616//1616 4391//4391
f 1611//1611 4388//4388 1610//1610
f 1611//1611 4391//4391 4388//4388
f 1610//1610 4388//4388 4386//4386
f 1612//1612 1610//1610 4386//4386
f 1612//1612 4386//4386 4387//4387
f 4392//4392 1612//1612 4387//4387
f 4392//4392 4389//4389 4393//4393
f 4392//4392 4387//4387 4389//4389
f 4384//4384 4388//4388 4391//4391
f 4384//4384 4385//4385 4388//4388
f 1658//1658 4391//4391 1616//1616
f 1658//1658 4384//4384 4391//4391
f 4394//4394 4390//4390 4379//4379
f 4395//4395 4394//4394 4379//4379
f 4396//4396 4390//4390 4394//4394
f 4397//4397 4396//4396 4394//4394
f 4393//4393 4390//4390 4396//4396
f 4393//4393 4389//4389 4390//4390
f 1605//1605 1612//1612 4392//4392
f 1604//1604 1605//1605 4392//4392
f 1604//1604 4393//4393 1602//1602
f 1604//1604 4392//4392 4393//4393
f 1607//1607 1602//1602 1603//1603
f 1607//1607 1604//1604 1602//1602
f 1602//1602 4396//4396 1601//1601
f 1602//1602 4393//4393 4396//4396
f 1601//1601 4396//4396 4397//4397
f 1600//1600 1601//1601 4397//4397
f 1595//1595 1606//1606 1607//1607
f 1592//1592 1595//1595 1607//1607
f 1607//1607 1603//1603 4398//4398
f 1592//1592 1607//1607 4398//4398
f 1586//1586 1591//1591 1592//1592
f 4398//4398 1586//1586 1592//1592
f 1589//1589 1586//1586 4398//4398
f 4399//4399 1589//1589 4398//4398
f 4400//4400 1589//1589 4399//4399
f 4401//4401 4400//4400 4399//4399
f 4402//4402 4400//4400 4401//4401
f 4403//4403 4402//4402 4401//4401
f 1603//1603 1600//1600 4399//4399
f 4398//4398 1603//1603 4399//4399
f 1600//1600 4397//4397 4401//4401
f 4399//4399 1600//1600 4401//4401
f 4403//4403 4394//4394 4395//4395
f 4404//4404 4403//4403 4395//4395
f 4397//4397 4394//4394 4403//4403
f 4401//4401 4397//4397 4403//4403
f 4404//4404 4395//4395 4363//4363
f 4364//4364 4404//4404 4363//4363
f 4395//4395 4379//4379 4380//4380
f 4363//4363 4395//4395 4380//4380
f 1587//1587 1583//1583 1591//1591
f 1586//1586 1587//1587 1591//1591
f 4406//4406 1587//1587 1588//1588
f 4406//4406 4405//4405 1587//1587
f 4405//4405 1583//1583 1587//1587
f 4405//4405 1585//1585 1583//1583
f 4408//4408 4405//4405 4406//4406
f 4408//4408 4407//4407 4405//4405
f 4365//4365 4410//4410 4409//4409
f 4364//4364 4365//4365 4409//4409
f 4364//4364 4409//4409 4411//4411
f 4404//4404 4364//4364 4411//4411
f 4404//4404 4411//4411 4402//4402
f 4403//4403 4404//4404 4402//4402
f 4402//4402 4412//4412 4408//4408
f 4402//4402 4411//4411 4412//4412
f 4400//4400 1588//1588 1589//1589
f 4400//4400 4406//4406 1588//1588
f 4402//4402 4406//4406 4400//4400
f 4402//4402 4408//4408 4406//4406
f 4408//4408 4413//4413 4407//4407
f 4408//4408 4412//4412 4413//4413
f 4412//4412 4414//4414 4413//4413
f 4412//4412 4415//4415 4414//4414
f 4411//4411 4415//4415 4412//4412
f 4411//4411 4409//4409 4415//4415
f 4410//4410 4414//4414 4415//4415
f 4409//4409 4410//4410 4415//4415
f 4354//4354 4416//4416 4414//4414
f 4410//4410 4354//4354 4414//4414
f 4352//4352 4354//4354 4410//4410
f 4365//4365 4352//4352 4410//4410
f 4351//4351 4416//4416 4354//4354
f 4351//4351 4417//4417 4416//4416
f 4413//4413 4416//4416 4418//4418
f 4413//4413 4414//4414 4416//4416
f 4083//4083 4418//4418 4090//4090
f 4083//4083 1581//1581 4418//4418
f 4090//4090 4417//4417 4086//4086
f 4087//4087 4090//4090 4086//4086
f 4090//4090 4416//4416 4417//4417
f 4090//4090 4418//4418 4416//4416
f 4086//4086 4417//4417 4351//4351
f 4085//4085 4086//4086 4351//4351
f 4407//4407 1585//1585 4405//4405
f 4407//4407 1581//1581 1585//1585
f 4407//4407 4418//4418 1581//1581
f 4407//4407 4413//4413 4418//4418
