# https://github.com/mikedh/trimesh

o Swarm_CAD_clean.stl
v 15.150000 -4.616924 2.181834
v 15.446160 -4.616924 2.181834
v 15.150000 -4.675702 2.262735
v 15.446160 -4.675702 2.262735
v 16.250000 -4.616924 2.181834
v 16.250000 -4.675702 2.262735
v 12.890840 -5.345039 1.652827
v 13.545020 -5.345039 1.652827
v 12.890840 -5.403817 1.733729
v 13.545020 -5.403817 1.733729
v 13.950000 -5.345039 1.652827
v 13.950000 -5.403817 1.733729
v 15.100000 -4.675702 2.262735
v 14.332100 -4.675702 2.262735
v 15.100000 -4.616924 2.181834
v 14.000000 -4.675702 2.262735
v 14.000000 -4.616924 2.181834
v -5.350000 -7.254319 0.265654
v -16.025000 -7.149147 0.342066
v -6.250000 -7.254319 0.265654
v 0.400000 -6.688007 0.677103
v -0.240000 -6.922622 0.506646
v 0.400000 -6.971163 0.471379
v -5.350000 -6.073154 1.123820
v -5.300000 -6.323950 0.941607
v -5.300000 -6.073154 1.123820
v -8.500000 -6.323950 0.941607
v -8.327289 -6.073154 1.123820
v -8.600000 -6.073154 1.123820
v -14.950000 -6.073154 1.123820
v -14.900000 -6.323950 0.941607
v -14.900000 -6.073154 1.123820
v -9.500000 -6.323950 0.941607
v -9.450000 -6.073154 1.123820
v -9.500000 -6.073154 1.123820
v 4.150000 -6.073154 1.123820
v 4.400000 -6.323950 0.941607
v 5.050000 -6.073154 1.123820
v 6.025000 -1.461757 4.474196
v 6.450000 -1.392182 4.524746
v 6.450000 -1.138150 4.709310
v -7.277289 -2.228123 3.917399
v -6.300000 -2.228123 3.917399
v -6.300000 -2.187672 3.946788
v -7.277289 -2.187672 3.946788
v -7.327289 -2.187672 3.946788
v -7.327289 -2.228123 3.917399
v -7.327289 -2.551730 3.682285
v -7.277289 -2.551730 3.682285
v -9.450000 -2.956238 3.388392
v -8.600000 -2.956238 3.388392
v -8.600000 -2.915787 3.417781
v -9.450000 -2.915787 3.417781
v -9.500000 -2.915787 3.417781
v -9.500000 -2.956238 3.388392
v -9.500000 -3.279845 3.153278
v -9.450000 -3.279845 3.153278
v -8.327289 -2.956238 3.388392
v -7.327289 -2.956238 3.388392
v -7.327289 -2.915787 3.417781
v -8.327289 -2.915787 3.417781
v -8.600000 -3.279845 3.153278
v -8.327289 -3.279845 3.153278
v -7.277289 -2.956238 3.388392
v -6.300000 -2.956238 3.388392
v -6.300000 -2.915787 3.417781
v -7.277289 -2.915787 3.417781
v -7.327289 -3.279845 3.153278
v -7.277289 -3.279845 3.153278
v -5.300000 -2.592180 3.652896
v -4.150000 -2.592180 3.652896
v -4.150000 -2.551730 3.682285
v -5.300000 -2.551730 3.682285
v -5.350000 -2.551730 3.682285
v -5.350000 -2.592180 3.652896
v -5.350000 -2.915787 3.417781
v -5.300000 -2.915787 3.417781
v -4.100000 -2.592180 3.652896
v -3.100000 -2.592180 3.652896
v -3.100000 -2.551730 3.682285
v -4.100000 -2.551730 3.682285
v -4.150000 -2.915787 3.417781
v -4.100000 -2.915787 3.417781
v -1.077290 -1.825815 4.209693
v -2.077290 -1.825815 4.209693
v -2.077290 -1.866266 4.180303
v -1.077290 -1.866266 4.180303
v -1.027290 -1.866266 4.180303
v -1.027290 -1.825815 4.209693
v -1.027290 -1.461757 4.474196
v -1.077290 -1.461757 4.474196
v -6.250000 -2.956238 3.388392
v -6.250000 -2.915787 3.417781
v -6.250000 -2.592180 3.652896
v -6.300000 -2.592180 3.652896
v -5.350000 -2.187672 3.946788
v -6.250000 -2.187672 3.946788
v -6.250000 -2.228123 3.917399
v -5.350000 -2.228123 3.917399
v -5.300000 -2.228123 3.917399
v -5.300000 -2.187672 3.946788
v -5.300000 -1.866266 4.180303
v -5.350000 -1.866266 4.180303
v -5.350000 -2.956238 3.388392
v -5.300000 -2.956238 3.388392
v -6.250000 -2.551730 3.682285
v -6.300000 -2.551730 3.682285
v -8.327289 -3.765255 2.800607
v -7.327289 -3.765255 2.800607
v -7.327289 -3.724804 2.829996
v -8.327289 -3.724804 2.829996
v -8.600000 -3.724804 2.829996
v -8.600000 -3.765255 2.800607
v -8.600000 -4.212415 2.475726
v -8.327289 -4.212415 2.475726
v 4.150000 -1.866266 4.180303
v 5.050000 -1.866266 4.180303
v 5.050000 -1.825815 4.209693
v 4.150000 -1.825815 4.209693
v 4.100000 -1.825815 4.209693
v 4.100000 -1.866266 4.180303
v 4.100000 -2.187672 3.946788
v 4.150000 -2.187672 3.946788
v -9.450000 -3.765255 2.800607
v -9.450000 -3.724804 2.829996
v -9.500000 -3.724804 2.829996
v -9.500000 -3.765255 2.800607
v -9.500000 -4.212415 2.475726
v -9.450000 -4.212415 2.475726
v -13.850000 -1.866266 4.180303
v -12.700000 -1.866266 4.180303
v -12.700000 -1.825815 4.209693
v -13.850000 -1.825815 4.209693
v -13.900000 -1.825815 4.209693
v -13.900000 -1.866266 4.180303
v -13.900000 -2.187672 3.946788
v -13.850000 -2.187672 3.946788
v -7.327289 -6.323950 0.941607
v -7.327289 -6.647556 0.706493
v -7.277289 -6.647556 0.706493
v -7.277289 -6.323950 0.941607
v -7.277289 -6.073154 1.123820
v -7.327289 -6.073154 1.123820
v -17.050000 -1.825815 4.209693
v -18.050000 -1.825815 4.209693
v -18.050000 -1.866266 4.180303
v -17.050000 -1.866266 4.180303
v -17.000000 -1.866266 4.180303
v -17.000000 -1.825815 4.209693
v -17.000000 -1.461757 4.474196
v -17.050000 -1.461757 4.474196
v -8.327289 -4.252866 2.446337
v -7.327289 -4.252866 2.446337
v -7.327289 -4.212415 2.475726
v -8.600000 -4.252866 2.446337
v -8.600000 -4.616924 2.181834
v -8.327289 -4.616924 2.181834
v -8.327289 -3.320296 3.123889
v -7.327289 -3.320296 3.123889
v -8.600000 -3.320296 3.123889
v -8.327289 -2.228123 3.917399
v -8.327289 -2.187672 3.946788
v -8.600000 -2.187672 3.946788
v -8.600000 -2.228123 3.917399
v -8.600000 -2.551730 3.682285
v -8.327289 -2.551730 3.682285
v -8.327289 -2.592180 3.652896
v -7.327289 -2.592180 3.652896
v -7.277289 -2.592180 3.652896
v -6.250000 -3.320296 3.123889
v -5.350000 -3.320296 3.123889
v -5.350000 -3.279845 3.153278
v -6.250000 -3.279845 3.153278
v -6.300000 -3.279845 3.153278
v -6.300000 -3.320296 3.123889
v -6.300000 -3.724804 2.829996
v -6.250000 -3.724804 2.829996
v 1.900000 -6.688007 0.677103
v 3.150000 -6.688007 0.677103
v 3.150000 -6.647556 0.706493
v 1.900000 -6.647556 0.706493
v 1.850000 -6.647556 0.706493
v 1.850000 -6.688007 0.677103
v 1.850000 -6.971163 0.471379
v 1.900000 -6.971163 0.471379
v -6.300000 -5.345039 1.652827
v -7.277289 -5.345039 1.652827
v -7.277289 -5.385490 1.623438
v -6.300000 -5.385490 1.623438
v -6.250000 -5.385490 1.623438
v -6.250000 -5.345039 1.652827
v -6.250000 -5.021432 1.887941
v -6.300000 -5.021432 1.887941
v -7.277289 -5.021432 1.887941
v -6.300000 -4.980981 1.917330
v -7.277289 -4.980981 1.917330
v -7.327289 -4.980981 1.917330
v -7.327289 -5.021432 1.887941
v -7.327289 -5.345039 1.652827
v -9.500000 -5.345039 1.652827
v -10.650000 -5.345039 1.652827
v -10.650000 -5.385490 1.623438
v -9.500000 -5.385490 1.623438
v -9.450000 -5.385490 1.623438
v -9.450000 -5.345039 1.652827
v -9.450000 -5.021432 1.887941
v -9.500000 -5.021432 1.887941
v -7.327289 -5.668646 1.417713
v -8.327289 -5.668646 1.417713
v -8.327289 -5.709097 1.388324
v -7.327289 -5.709097 1.388324
v -7.277289 -5.709097 1.388324
v -7.277289 -5.668646 1.417713
v -7.327289 -5.385490 1.623438
v -7.277289 -4.252866 2.446337
v -6.300000 -4.252866 2.446337
v -6.300000 -4.212415 2.475726
v -7.277289 -4.212415 2.475726
v -7.327289 -4.616924 2.181834
v -7.277289 -4.616924 2.181834
v -5.350000 -4.980981 1.917330
v -6.250000 -4.980981 1.917330
v -5.350000 -5.021432 1.887941
v -5.300000 -5.021432 1.887941
v -5.300000 -4.980981 1.917330
v -5.300000 -4.657374 2.152444
v -5.350000 -4.657374 2.152444
v -6.250000 -4.657374 2.152444
v -5.350000 -4.616924 2.181834
v -6.250000 -4.616924 2.181834
v -6.300000 -4.616924 2.181834
v -6.300000 -4.657374 2.152444
v -8.600000 -4.980981 1.917330
v -9.450000 -4.980981 1.917330
v -8.600000 -5.021432 1.887941
v -8.327289 -5.021432 1.887941
v -8.327289 -4.980981 1.917330
v -8.327289 -4.657374 2.152444
v -8.600000 -4.657374 2.152444
v -9.450000 -4.657374 2.152444
v -9.450000 -4.616924 2.181834
v -9.500000 -4.616924 2.181834
v -9.500000 -4.657374 2.152444
v -9.500000 -4.980981 1.917330
v -7.277289 -3.765255 2.800607
v -6.300000 -3.765255 2.800607
v -7.277289 -3.724804 2.829996
v -6.250000 -4.252866 2.446337
v -6.250000 -4.212415 2.475726
v -6.250000 -3.765255 2.800607
v -5.350000 -4.212415 2.475726
v -5.350000 -4.252866 2.446337
v -5.300000 -4.252866 2.446337
v -5.300000 -4.212415 2.475726
v -5.300000 -3.765255 2.800607
v -5.350000 -3.765255 2.800607
v -4.150000 -3.765255 2.800607
v -4.150000 -3.724804 2.829996
v -5.300000 -3.724804 2.829996
v -5.350000 -3.724804 2.829996
v -4.150000 -4.212415 2.475726
v -4.150000 -4.252866 2.446337
v -4.100000 -4.252866 2.446337
v -4.100000 -4.212415 2.475726
v -4.100000 -3.765255 2.800607
v -3.100000 -4.212415 2.475726
v -3.100000 -4.252866 2.446337
v -3.050000 -4.252866 2.446337
v -3.050000 -4.212415 2.475726
v -3.050000 -3.765255 2.800607
v -3.100000 -3.765255 2.800607
v -2.127290 -4.212415 2.475726
v -2.127290 -4.252866 2.446337
v -2.077290 -4.252866 2.446337
v -2.077290 -4.212415 2.475726
v -2.077290 -3.765255 2.800607
v -2.127290 -3.765255 2.800607
v -1.077290 -4.212415 2.475726
v -1.077290 -4.252866 2.446337
v -1.027290 -4.252866 2.446337
v -1.027290 -4.212415 2.475726
v -1.027290 -3.765255 2.800607
v -1.077290 -3.765255 2.800607
v -0.027290 -4.212415 2.475726
v -0.027290 -4.252866 2.446337
v 0.022710 -4.252866 2.446337
v 0.022710 -4.212415 2.475726
v 0.022710 -3.765255 2.800607
v -0.027290 -3.765255 2.800607
v 1.022710 -4.212415 2.475726
v 1.022710 -4.252866 2.446337
v 1.072710 -4.252866 2.446337
v 1.072710 -4.212415 2.475726
v 1.072710 -3.765255 2.800607
v 1.022710 -3.765255 2.800607
v -11.750000 -1.825815 4.209693
v -12.650000 -1.825815 4.209693
v -12.650000 -1.866266 4.180303
v -11.750000 -1.866266 4.180303
v -11.700000 -1.866266 4.180303
v -11.700000 -1.825815 4.209693
v -11.700000 -1.461757 4.474196
v -11.750000 -1.461757 4.474196
v -7.277289 -4.657374 2.152444
v -7.327289 -4.657374 2.152444
v -8.600000 -5.345039 1.652827
v -8.600000 -5.385490 1.623438
v -8.327289 -5.385490 1.623438
v -8.327289 -5.345039 1.652827
v -4.150000 -4.657374 2.152444
v -4.150000 -4.616924 2.181834
v -5.300000 -4.616924 2.181834
v -4.150000 -4.980981 1.917330
v -4.150000 -5.021432 1.887941
v -4.100000 -5.021432 1.887941
v -4.100000 -4.980981 1.917330
v -4.100000 -4.657374 2.152444
v -5.300000 -5.385490 1.623438
v -4.150000 -5.385490 1.623438
v -4.150000 -5.345039 1.652827
v -5.300000 -5.345039 1.652827
v -5.350000 -5.345039 1.652827
v -5.350000 -5.385490 1.623438
v -5.350000 -5.668646 1.417713
v -5.300000 -5.668646 1.417713
v -9.450000 -2.551730 3.682285
v -9.450000 -2.592180 3.652896
v -8.600000 -2.592180 3.652896
v -9.450000 -2.228123 3.917399
v -9.450000 -2.187672 3.946788
v -9.500000 -2.187672 3.946788
v -9.500000 -2.228123 3.917399
v -9.500000 -2.551730 3.682285
v -10.700000 -5.345039 1.652827
v -10.700000 -5.385490 1.623438
v -10.700000 -5.668646 1.417713
v -10.650000 -5.668646 1.417713
v -10.650000 -4.980981 1.917330
v -10.650000 -5.021432 1.887941
v -10.650000 -4.657374 2.152444
v -10.650000 -4.616924 2.181834
v -10.700000 -4.616924 2.181834
v -10.700000 -4.657374 2.152444
v -10.700000 -4.980981 1.917330
v -10.650000 -4.212415 2.475726
v -10.650000 -4.252866 2.446337
v -9.500000 -4.252866 2.446337
v -9.450000 -4.252866 2.446337
v -10.650000 -3.765255 2.800607
v -10.650000 -3.724804 2.829996
v -10.700000 -3.724804 2.829996
v -10.700000 -3.765255 2.800607
v -10.700000 -4.212415 2.475726
v -10.650000 -3.279845 3.153278
v -10.650000 -3.320296 3.123889
v -9.500000 -3.320296 3.123889
v -9.450000 -3.320296 3.123889
v -10.650000 -2.956238 3.388392
v -10.650000 -2.915787 3.417781
v -10.700000 -2.915787 3.417781
v -10.700000 -2.956238 3.388392
v -10.700000 -3.279845 3.153278
v -4.100000 -2.228123 3.917399
v -3.100000 -2.228123 3.917399
v -3.100000 -2.187672 3.946788
v -4.100000 -2.187672 3.946788
v -4.150000 -2.187672 3.946788
v -4.150000 -2.228123 3.917399
v -4.100000 -2.956238 3.388392
v -3.100000 -2.956238 3.388392
v -3.100000 -2.915787 3.417781
v -4.150000 -2.956238 3.388392
v -4.150000 -3.279845 3.153278
v -4.100000 -3.279845 3.153278
v -3.050000 -2.592180 3.652896
v -2.127290 -2.592180 3.652896
v -2.127290 -2.551730 3.682285
v -3.050000 -2.551730 3.682285
v -3.050000 -2.915787 3.417781
v -3.100000 -4.657374 2.152444
v -3.100000 -4.616924 2.181834
v -4.100000 -4.616924 2.181834
v -3.100000 -4.980981 1.917330
v -3.100000 -5.021432 1.887941
v -3.050000 -5.021432 1.887941
v -3.050000 -4.980981 1.917330
v -3.050000 -4.657374 2.152444
v -4.100000 -5.385490 1.623438
v -3.100000 -5.385490 1.623438
v -3.100000 -5.345039 1.652827
v -4.100000 -5.345039 1.652827
v -4.150000 -5.668646 1.417713
v -4.100000 -5.668646 1.417713
v -3.100000 -5.668646 1.417713
v -4.100000 -5.709097 1.388324
v -3.100000 -5.709097 1.388324
v -3.050000 -5.709097 1.388324
v -3.050000 -5.668646 1.417713
v -3.050000 -5.385490 1.623438
v -10.650000 -2.551730 3.682285
v -10.650000 -2.592180 3.652896
v -9.500000 -2.592180 3.652896
v -10.650000 -2.228123 3.917399
v -10.650000 -2.187672 3.946788
v -10.700000 -2.187672 3.946788
v -10.700000 -2.228123 3.917399
v -10.700000 -2.551730 3.682285
v -11.700000 -5.385490 1.623438
v -11.700000 -5.345039 1.652827
v -11.750000 -5.345039 1.652827
v -11.750000 -5.385490 1.623438
v -11.750000 -5.668646 1.417713
v -11.700000 -5.668646 1.417713
v -11.700000 -4.980981 1.917330
v -11.700000 -5.021432 1.887941
v -10.700000 -5.021432 1.887941
v -11.700000 -4.657374 2.152444
v -11.700000 -4.616924 2.181834
v -11.750000 -4.616924 2.181834
v -11.750000 -4.657374 2.152444
v -11.750000 -4.980981 1.917330
v -11.700000 -4.212415 2.475726
v -11.700000 -4.252866 2.446337
v -10.700000 -4.252866 2.446337
v -11.700000 -3.765255 2.800607
v -11.700000 -3.724804 2.829996
v -11.750000 -3.724804 2.829996
v -11.750000 -3.765255 2.800607
v -11.750000 -4.212415 2.475726
v -11.700000 -3.279845 3.153278
v -11.700000 -3.320296 3.123889
v -10.700000 -3.320296 3.123889
v -11.700000 -2.956238 3.388392
v -11.700000 -2.915787 3.417781
v -11.750000 -2.915787 3.417781
v -11.750000 -2.956238 3.388392
v -11.750000 -3.279845 3.153278
v -3.050000 -2.228123 3.917399
v -2.127290 -2.228123 3.917399
v -2.127290 -2.187672 3.946788
v -3.050000 -2.187672 3.946788
v -2.077290 -2.592180 3.652896
v -2.077290 -2.551730 3.682285
v -2.077290 -2.228123 3.917399
v -3.050000 -2.956238 3.388392
v -2.127290 -2.956238 3.388392
v -2.127290 -2.915787 3.417781
v -3.100000 -3.279845 3.153278
v -3.050000 -3.279845 3.153278
v -7.277289 -3.320296 3.123889
v -2.127290 -4.657374 2.152444
v -2.127290 -4.616924 2.181834
v -3.050000 -4.616924 2.181834
v -2.127290 -4.980981 1.917330
v -2.127290 -5.021432 1.887941
v -2.077290 -5.021432 1.887941
v -2.077290 -4.980981 1.917330
v -2.077290 -4.657374 2.152444
v -2.127290 -5.385490 1.623438
v -2.127290 -5.345039 1.652827
v -3.050000 -5.345039 1.652827
v -11.700000 -2.551730 3.682285
v -11.700000 -2.592180 3.652896
v -10.700000 -2.592180 3.652896
v -11.700000 -2.228123 3.917399
v -11.700000 -2.187672 3.946788
v -11.750000 -2.187672 3.946788
v -11.750000 -2.228123 3.917399
v -11.750000 -2.551730 3.682285
v -12.650000 -5.668646 1.417713
v -12.650000 -5.709097 1.388324
v -11.750000 -5.709097 1.388324
v -11.700000 -5.709097 1.388324
v -12.650000 -5.385490 1.623438
v -12.650000 -5.345039 1.652827
v -12.700000 -5.345039 1.652827
v -12.700000 -5.385490 1.623438
v -12.700000 -5.668646 1.417713
v -12.650000 -4.980981 1.917330
v -12.650000 -5.021432 1.887941
v -11.750000 -5.021432 1.887941
v -12.650000 -4.657374 2.152444
v -12.650000 -4.616924 2.181834
v -12.700000 -4.616924 2.181834
v -12.700000 -4.657374 2.152444
v -12.700000 -4.980981 1.917330
v -12.650000 -4.212415 2.475726
v -12.650000 -4.252866 2.446337
v -11.750000 -4.252866 2.446337
v -12.650000 -3.765255 2.800607
v -12.650000 -3.724804 2.829996
v -12.700000 -3.724804 2.829996
v -12.700000 -3.765255 2.800607
v -12.700000 -4.212415 2.475726
v -12.650000 -3.279845 3.153278
v -12.650000 -3.320296 3.123889
v -11.750000 -3.320296 3.123889
v -12.650000 -2.956238 3.388392
v -12.650000 -2.915787 3.417781
v -12.700000 -2.915787 3.417781
v -12.700000 -2.956238 3.388392
v -12.700000 -3.279845 3.153278
v -1.077290 -2.228123 3.917399
v -1.077290 -2.187672 3.946788
v -2.077290 -2.187672 3.946788
v -1.077290 -2.551730 3.682285
v -1.077290 -2.592180 3.652896
v -1.027290 -2.592180 3.652896
v -1.027290 -2.551730 3.682285
v -1.027290 -2.228123 3.917399
v -2.077290 -2.956238 3.388392
v -1.077290 -2.956238 3.388392
v -1.077290 -2.915787 3.417781
v -2.077290 -2.915787 3.417781
v -2.127290 -3.279845 3.153278
v -2.077290 -3.279845 3.153278
v -5.300000 -3.320296 3.123889
v -4.150000 -3.320296 3.123889
v -5.300000 -3.279845 3.153278
v -4.100000 -3.724804 2.829996
v -4.100000 -3.320296 3.123889
v -1.077290 -4.657374 2.152444
v -1.077290 -4.616924 2.181834
v -2.077290 -4.616924 2.181834
v -1.077290 -4.980981 1.917330
v -1.077290 -5.021432 1.887941
v -1.027290 -5.021432 1.887941
v -1.027290 -4.980981 1.917330
v -1.027290 -4.657374 2.152444
v -2.077290 -5.385490 1.623438
v -1.077290 -5.385490 1.623438
v -1.077290 -5.345039 1.652827
v -2.077290 -5.345039 1.652827
v -2.127290 -5.668646 1.417713
v -2.077290 -5.668646 1.417713
v -12.650000 -2.551730 3.682285
v -12.650000 -2.592180 3.652896
v -11.750000 -2.592180 3.652896
v -12.650000 -2.228123 3.917399
v -12.650000 -2.187672 3.946788
v -12.700000 -2.187672 3.946788
v -12.700000 -2.228123 3.917399
v -12.700000 -2.551730 3.682285
v -13.850000 -5.385490 1.623438
v -13.850000 -5.345039 1.652827
v -13.900000 -5.345039 1.652827
v -13.900000 -5.385490 1.623438
v -13.900000 -5.668646 1.417713
v -13.850000 -5.668646 1.417713
v -13.850000 -4.980981 1.917330
v -13.850000 -5.021432 1.887941
v -12.700000 -5.021432 1.887941
v -13.850000 -4.657374 2.152444
v -13.850000 -4.616924 2.181834
v -13.900000 -4.616924 2.181834
v -13.900000 -4.657374 2.152444
v -13.900000 -4.980981 1.917330
v -13.850000 -4.212415 2.475726
v -13.850000 -4.252866 2.446337
v -12.700000 -4.252866 2.446337
v -13.850000 -3.765255 2.800607
v -13.850000 -3.724804 2.829996
v -13.900000 -3.724804 2.829996
v -13.900000 -3.765255 2.800607
v -13.900000 -4.212415 2.475726
v -13.850000 -3.279845 3.153278
v -13.850000 -3.320296 3.123889
v -12.700000 -3.320296 3.123889
v -13.850000 -2.956238 3.388392
v -13.850000 -2.915787 3.417781
v -13.900000 -2.915787 3.417781
v -13.900000 -2.956238 3.388392
v -13.900000 -3.279845 3.153278
v -0.027290 -2.228123 3.917399
v -0.027290 -2.187672 3.946788
v -1.027290 -2.187672 3.946788
v -0.027290 -2.551730 3.682285
v -0.027290 -2.592180 3.652896
v 0.022710 -2.592180 3.652896
v 0.022710 -2.551730 3.682285
v 0.022710 -2.228123 3.917399
v -1.027290 -2.956238 3.388392
v -0.027290 -2.956238 3.388392
v -0.027290 -2.915787 3.417781
v -1.027290 -2.915787 3.417781
v -1.077290 -3.279845 3.153278
v -1.027290 -3.279845 3.153278
v -3.100000 -3.320296 3.123889
v -3.100000 -3.724804 2.829996
v -3.050000 -3.724804 2.829996
v -3.050000 -3.320296 3.123889
v -0.027290 -4.657374 2.152444
v -0.027290 -4.616924 2.181834
v -1.027290 -4.616924 2.181834
v -0.027290 -4.980981 1.917330
v -0.027290 -5.021432 1.887941
v 0.022710 -5.021432 1.887941
v 0.022710 -4.980981 1.917330
v 0.022710 -4.657374 2.152444
v -1.027290 -5.385490 1.623438
v -0.027290 -5.385490 1.623438
v -0.027290 -5.345039 1.652827
v -1.027290 -5.345039 1.652827
v -1.077290 -5.668646 1.417713
v -1.027290 -5.668646 1.417713
v -13.850000 -2.551730 3.682285
v -13.850000 -2.592180 3.652896
v -12.700000 -2.592180 3.652896
v -13.850000 -2.228123 3.917399
v -13.900000 -2.228123 3.917399
v -13.900000 -2.551730 3.682285
v -14.900000 -5.385490 1.623438
v -14.900000 -5.345039 1.652827
v -14.950000 -5.345039 1.652827
v -14.950000 -5.385490 1.623438
v -14.950000 -5.668646 1.417713
v -14.900000 -5.668646 1.417713
v -14.900000 -4.980981 1.917330
v -14.900000 -5.021432 1.887941
v -13.900000 -5.021432 1.887941
v -14.900000 -4.657374 2.152444
v -14.900000 -4.616924 2.181834
v -14.950000 -4.616924 2.181834
v -14.950000 -4.657374 2.152444
v -14.950000 -4.980981 1.917330
v -14.900000 -4.212415 2.475726
v -14.900000 -4.252866 2.446337
v -13.900000 -4.252866 2.446337
v -14.900000 -3.765255 2.800607
v -14.900000 -3.724804 2.829996
v -14.950000 -3.724804 2.829996
v -14.950000 -3.765255 2.800607
v -14.950000 -4.212415 2.475726
v -14.900000 -3.279845 3.153278
v -14.900000 -3.320296 3.123889
v -13.900000 -3.320296 3.123889
v -14.900000 -2.956238 3.388392
v -14.900000 -2.915787 3.417781
v -14.950000 -2.915787 3.417781
v -14.950000 -2.956238 3.388392
v -14.950000 -3.279845 3.153278
v 1.022710 -2.228123 3.917399
v 1.022710 -2.187672 3.946788
v 0.022710 -2.187672 3.946788
v 1.022710 -2.551730 3.682285
v 1.022710 -2.592180 3.652896
v 1.072710 -2.592180 3.652896
v 1.072710 -2.551730 3.682285
v 1.072710 -2.228123 3.917399
v 0.022710 -2.956238 3.388392
v 1.022710 -2.956238 3.388392
v 1.022710 -2.915787 3.417781
v 0.022710 -2.915787 3.417781
v -0.027290 -3.279845 3.153278
v 0.022710 -3.279845 3.153278
v -2.127290 -3.320296 3.123889
v -2.127290 -3.724804 2.829996
v -2.077290 -3.724804 2.829996
v -2.077290 -3.320296 3.123889
v 1.022710 -4.657374 2.152444
v 1.022710 -4.616924 2.181834
v 0.022710 -4.616924 2.181834
v 1.022710 -4.980981 1.917330
v 1.022710 -5.021432 1.887941
v 1.072710 -5.021432 1.887941
v 1.072710 -4.980981 1.917330
v 1.072710 -4.657374 2.152444
v 0.022710 -5.385490 1.623438
v 1.022710 -5.385490 1.623438
v 1.022710 -5.345039 1.652827
v 0.022710 -5.345039 1.652827
v -0.027290 -5.668646 1.417713
v 0.022710 -5.668646 1.417713
v 1.022710 -5.668646 1.417713
v 0.022710 -5.709097 1.388324
v 1.022710 -5.709097 1.388324
v 1.072710 -5.709097 1.388324
v 1.072710 -5.668646 1.417713
v 1.072710 -5.385490 1.623438
v -14.900000 -2.551730 3.682285
v -14.900000 -2.592180 3.652896
v -13.900000 -2.592180 3.652896
v -14.900000 -2.228123 3.917399
v -14.900000 -2.187672 3.946788
v -14.950000 -2.187672 3.946788
v -14.950000 -2.228123 3.917399
v -14.950000 -2.551730 3.682285
v -15.950000 -5.385490 1.623438
v -15.950000 -5.345039 1.652827
v -16.000000 -5.345039 1.652827
v -16.000000 -5.385490 1.623438
v -16.000000 -5.668646 1.417713
v -15.950000 -5.668646 1.417713
v -15.950000 -4.980981 1.917330
v -15.950000 -5.021432 1.887941
v -14.950000 -5.021432 1.887941
v -15.950000 -4.657374 2.152444
v -15.950000 -4.616924 2.181834
v -16.000000 -4.616924 2.181834
v -16.000000 -4.657374 2.152444
v -16.000000 -4.980981 1.917330
v -15.950000 -4.212415 2.475726
v -15.950000 -4.252866 2.446337
v -14.950000 -4.252866 2.446337
v -15.950000 -3.765255 2.800607
v -15.950000 -3.724804 2.829996
v -16.000000 -3.724804 2.829996
v -16.000000 -3.765255 2.800607
v -16.000000 -4.212415 2.475726
v -15.950000 -3.279845 3.153278
v -15.950000 -3.320296 3.123889
v -14.950000 -3.320296 3.123889
v -15.950000 -2.956238 3.388392
v -15.950000 -2.915787 3.417781
v -16.000000 -2.915787 3.417781
v -16.000000 -2.956238 3.388392
v -16.000000 -3.279845 3.153278
v 2.172710 -2.228123 3.917399
v 2.172710 -2.187672 3.946788
v 1.072710 -2.187672 3.946788
v 2.172710 -2.551730 3.682285
v 2.172710 -2.592180 3.652896
v 3.172710 -2.592180 3.652896
v 3.172710 -2.551730 3.682285
v 3.172710 -2.228123 3.917399
v 1.072710 -2.956238 3.388392
v 2.172710 -2.956238 3.388392
v 2.172710 -2.915787 3.417781
v 1.072710 -2.915787 3.417781
v 1.022710 -3.279845 3.153278
v 1.072710 -3.279845 3.153278
v -1.077290 -3.320296 3.123889
v -1.077290 -3.724804 2.829996
v -1.027290 -3.724804 2.829996
v -1.027290 -3.320296 3.123889
v 2.172710 -4.657374 2.152444
v 2.172710 -4.616924 2.181834
v 1.072710 -4.616924 2.181834
v 2.172710 -4.980981 1.917330
v 2.172710 -5.021432 1.887941
v 3.172710 -5.021432 1.887941
v 3.172710 -4.980981 1.917330
v 3.172710 -4.657374 2.152444
v 2.172710 -5.385490 1.623438
v 2.172710 -5.345039 1.652827
v 1.072710 -5.345039 1.652827
v -15.950000 -2.551730 3.682285
v -15.950000 -2.592180 3.652896
v -14.950000 -2.592180 3.652896
v -15.950000 -2.228123 3.917399
v -15.950000 -2.187672 3.946788
v -16.000000 -2.187672 3.946788
v -16.000000 -2.228123 3.917399
v -16.000000 -2.551730 3.682285
v -17.000000 -5.668646 1.417713
v -17.000000 -5.709097 1.388324
v -16.000000 -5.709097 1.388324
v -15.950000 -5.709097 1.388324
v -17.000000 -5.385490 1.623438
v -17.000000 -5.345039 1.652827
v -17.050000 -5.345039 1.652827
v -17.050000 -5.385490 1.623438
v -17.050000 -5.668646 1.417713
v -17.000000 -4.980981 1.917330
v -17.000000 -5.021432 1.887941
v -16.000000 -5.021432 1.887941
v -17.000000 -4.657374 2.152444
v -17.000000 -4.616924 2.181834
v -17.050000 -4.616924 2.181834
v -17.050000 -4.657374 2.152444
v -17.050000 -4.980981 1.917330
v -17.000000 -4.212415 2.475726
v -17.000000 -4.252866 2.446337
v -16.000000 -4.252866 2.446337
v -17.000000 -3.765255 2.800607
v -17.000000 -3.724804 2.829996
v -17.050000 -3.724804 2.829996
v -17.050000 -3.765255 2.800607
v -17.050000 -4.212415 2.475726
v -17.000000 -3.279845 3.153278
v -17.000000 -3.320296 3.123889
v -16.000000 -3.320296 3.123889
v 4.100000 -2.228123 3.917399
v 3.172710 -2.187672 3.946788
v 4.100000 -2.551730 3.682285
v 4.100000 -2.592180 3.652896
v 4.150000 -2.592180 3.652896
v 4.150000 -2.551730 3.682285
v 4.150000 -2.228123 3.917399
v 3.172710 -2.956238 3.388392
v 4.100000 -2.956238 3.388392
v 4.100000 -2.915787 3.417781
v 3.172710 -2.915787 3.417781
v 2.172710 -3.279845 3.153278
v 3.172710 -3.279845 3.153278
v 4.100000 -3.279845 3.153278
v 3.172710 -3.320296 3.123889
v 4.100000 -3.320296 3.123889
v 4.150000 -3.320296 3.123889
v 4.150000 -3.279845 3.153278
v 4.150000 -2.956238 3.388392
v -0.027290 -3.320296 3.123889
v -0.027290 -3.724804 2.829996
v 0.022710 -3.724804 2.829996
v 0.022710 -3.320296 3.123889
v 4.100000 -4.657374 2.152444
v 4.100000 -4.616924 2.181834
v 3.172710 -4.616924 2.181834
v 4.100000 -4.980981 1.917330
v 4.100000 -5.021432 1.887941
v 4.150000 -5.021432 1.887941
v 4.150000 -4.980981 1.917330
v 4.150000 -4.657374 2.152444
v 3.172710 -5.385490 1.623438
v 4.100000 -5.385490 1.623438
v 4.100000 -5.345039 1.652827
v 3.172710 -5.345039 1.652827
v 2.172710 -5.668646 1.417713
v 3.172710 -5.668646 1.417713
v -17.000000 -2.551730 3.682285
v -17.000000 -2.592180 3.652896
v -16.000000 -2.592180 3.652896
v -18.050000 -4.980981 1.917330
v -18.050000 -5.021432 1.887941
v -17.050000 -5.021432 1.887941
v -18.050000 -4.212415 2.475726
v -18.050000 -4.252866 2.446337
v -17.050000 -4.252866 2.446337
v -17.050000 -3.279845 3.153278
v -18.050000 -3.279845 3.153278
v -18.050000 -3.320296 3.123889
v -17.050000 -3.320296 3.123889
v -17.000000 -2.956238 3.388392
v -17.050000 -2.956238 3.388392
v -18.050000 -2.956238 3.388392
v -17.050000 -2.915787 3.417781
v -18.050000 -2.915787 3.417781
v -18.100000 -2.915787 3.417781
v -18.100000 -2.956238 3.388392
v -18.100000 -3.279845 3.153278
v 5.050000 -2.228123 3.917399
v 5.050000 -2.187672 3.946788
v 5.050000 -2.956238 3.388392
v 5.050000 -2.915787 3.417781
v 4.150000 -2.915787 3.417781
v 1.022710 -3.320296 3.123889
v 5.050000 -4.657374 2.152444
v 5.050000 -4.616924 2.181834
v 4.150000 -4.616924 2.181834
v 5.050000 -4.980981 1.917330
v 5.050000 -5.021432 1.887941
v 5.100000 -5.021432 1.887941
v 5.100000 -4.980981 1.917330
v 5.100000 -4.657374 2.152444
v 4.150000 -5.385490 1.623438
v 5.050000 -5.385490 1.623438
v 5.050000 -5.345039 1.652827
v 4.150000 -5.345039 1.652827
v 4.100000 -5.668646 1.417713
v 4.150000 -5.668646 1.417713
v -17.050000 -2.551730 3.682285
v -18.050000 -2.551730 3.682285
v -18.050000 -2.592180 3.652896
v -17.050000 -2.592180 3.652896
v -17.000000 -2.228123 3.917399
v -17.050000 -2.228123 3.917399
v -18.050000 -2.228123 3.917399
v -17.050000 -2.187672 3.946788
v -18.050000 -2.187672 3.946788
v -18.100000 -2.187672 3.946788
v -18.100000 -2.228123 3.917399
v -18.100000 -2.551730 3.682285
v -18.100000 -4.980981 1.917330
v -19.100000 -4.980981 1.917330
v -19.100000 -5.021432 1.887941
v -18.100000 -5.021432 1.887941
v -18.050000 -4.657374 2.152444
v -18.100000 -4.657374 2.152444
v -18.100000 -4.212415 2.475726
v -19.100000 -4.212415 2.475726
v -19.100000 -4.252866 2.446337
v -18.100000 -4.252866 2.446337
v -18.050000 -3.765255 2.800607
v -18.100000 -3.765255 2.800607
v -19.100000 -3.279845 3.153278
v -19.100000 -3.320296 3.123889
v -18.100000 -3.320296 3.123889
v 5.100000 -2.228123 3.917399
v 6.025000 -2.228123 3.917399
v 6.025000 -2.187672 3.946788
v 5.100000 -2.187672 3.946788
v 5.050000 -2.551730 3.682285
v 5.100000 -2.551730 3.682285
v 5.100000 -2.956238 3.388392
v 6.025000 -2.956238 3.388392
v 6.025000 -2.915787 3.417781
v 5.100000 -2.915787 3.417781
v 5.050000 -3.279845 3.153278
v 5.100000 -3.279845 3.153278
v 1.072710 -3.320296 3.123889
v 2.172710 -3.320296 3.123889
v 1.022710 -3.724804 2.829996
v 1.072710 -3.724804 2.829996
v 6.025000 -4.657374 2.152444
v 6.025000 -4.616924 2.181834
v 5.100000 -4.616924 2.181834
v 5.100000 -5.385490 1.623438
v 6.025000 -5.385490 1.623438
v 6.025000 -5.345039 1.652827
v 5.100000 -5.345039 1.652827
v 5.050000 -5.668646 1.417713
v 5.100000 -5.668646 1.417713
v -18.100000 -1.825815 4.209693
v -18.100000 -1.866266 4.180303
v -17.000000 -2.187672 3.946788
v -18.100000 -2.592180 3.652896
v -17.000000 -2.915787 3.417781
v -18.100000 -5.345039 1.652827
v -19.100000 -5.345039 1.652827
v -19.100000 -5.385490 1.623438
v -18.100000 -5.385490 1.623438
v -18.050000 -5.385490 1.623438
v -18.050000 -5.345039 1.652827
v -18.100000 -4.616924 2.181834
v -19.100000 -4.616924 2.181834
v -19.100000 -4.657374 2.152444
v -18.050000 -4.616924 2.181834
v -18.100000 -3.724804 2.829996
v -19.100000 -3.724804 2.829996
v -19.100000 -3.765255 2.800607
v -18.050000 -3.724804 2.829996
v 5.100000 -2.592180 3.652896
v 6.025000 -2.592180 3.652896
v 6.025000 -2.551730 3.682285
v 5.050000 -2.592180 3.652896
v 2.172710 -4.212415 2.475726
v 2.172710 -4.252866 2.446337
v 3.172710 -4.252866 2.446337
v 3.172710 -4.212415 2.475726
v 3.172710 -3.888808 2.710840
v 2.172710 -3.765255 2.800607
v 2.172710 -3.724804 2.829996
v 3.172710 -3.646103 2.887176
v 5.100000 -3.320296 3.123889
v 6.025000 -3.320296 3.123889
v 6.025000 -3.279845 3.153278
v 5.050000 -3.320296 3.123889
v 5.050000 -3.646103 2.887176
v 5.100000 -3.646103 2.887176
v 5.100000 -3.888808 2.710840
v 6.025000 -3.888808 2.710840
v 6.025000 -3.646103 2.887176
v 5.050000 -3.888808 2.710840
v 5.050000 -4.212415 2.475726
v 5.100000 -4.212415 2.475726
v 4.150000 -3.888808 2.710840
v 4.150000 -3.646103 2.887176
v 4.100000 -3.646103 2.887176
v 4.100000 -3.888808 2.710840
v 4.100000 -4.212415 2.475726
v 4.150000 -4.212415 2.475726
v 4.150000 -4.252866 2.446337
v 5.050000 -4.252866 2.446337
v 5.100000 -4.252866 2.446337
v 4.100000 -4.252866 2.446337
v -16.000000 -1.825815 4.209693
v -16.000000 -1.866266 4.180303
v -15.950000 -1.866266 4.180303
v -15.950000 -1.825815 4.209693
v -15.950000 -1.461757 4.474196
v -16.000000 -1.461757 4.474196
v -14.950000 -1.825815 4.209693
v -14.950000 -1.866266 4.180303
v -14.900000 -1.866266 4.180303
v -14.900000 -1.825815 4.209693
v -14.900000 -1.461757 4.474196
v -14.950000 -1.461757 4.474196
v -6.250000 -5.709097 1.388324
v -5.350000 -5.709097 1.388324
v -6.250000 -5.668646 1.417713
v -6.300000 -5.668646 1.417713
v -6.300000 -5.709097 1.388324
v -6.300000 -6.073154 1.123820
v -6.250000 -6.073154 1.123820
v -5.300000 -5.709097 1.388324
v -4.150000 -5.709097 1.388324
v -4.150000 -6.073154 1.123820
v -4.100000 -6.073154 1.123820
v -2.077290 -5.709097 1.388324
v -1.077290 -5.709097 1.388324
v -2.127290 -5.709097 1.388324
v -2.127290 -6.073154 1.123820
v -2.077290 -6.073154 1.123820
v -1.027290 -5.709097 1.388324
v -0.027290 -5.709097 1.388324
v -1.077290 -6.073154 1.123820
v -1.027290 -6.073154 1.123820
v -0.027290 -6.073154 1.123820
v 0.022710 -6.073154 1.123820
v 3.172710 -5.709097 1.388324
v 4.100000 -5.709097 1.388324
v 2.172710 -5.709097 1.388324
v 2.172710 -6.073154 1.123820
v 3.172710 -6.073154 1.123820
v 4.150000 -5.709097 1.388324
v 5.050000 -5.709097 1.388324
v 4.100000 -6.073154 1.123820
v 5.100000 -5.709097 1.388324
v 6.025000 -5.709097 1.388324
v 6.025000 -5.668646 1.417713
v 5.100000 -6.073154 1.123820
v -12.650000 -1.461757 4.474196
v -12.700000 -1.461757 4.474196
v 1.900000 -7.011614 0.441989
v 3.150000 -7.011614 0.441989
v 3.150000 -6.971163 0.471379
v 1.850000 -7.011614 0.441989
v 1.850000 -7.254319 0.265654
v 1.900000 -7.254319 0.265654
v 3.200000 -7.011614 0.441989
v 4.400000 -7.011614 0.441989
v 4.400000 -6.971163 0.471379
v 3.200000 -6.971163 0.471379
v 3.150000 -7.254319 0.265654
v 3.200000 -7.254319 0.265654
v 3.200000 -6.688007 0.677103
v 3.200000 -6.647556 0.706493
v 3.200000 -6.323950 0.941607
v 3.150000 -6.323950 0.941607
v -3.100000 -6.647556 0.706493
v -4.100000 -6.647556 0.706493
v -4.100000 -6.688007 0.677103
v -3.100000 -6.688007 0.677103
v 0.400000 -6.647556 0.706493
v 0.400000 -6.323950 0.941607
v -3.100000 -6.323950 0.941607
v -4.150000 -6.323950 0.941607
v -4.150000 -6.647556 0.706493
v -4.100000 -6.323950 0.941607
v -10.650000 -6.323950 0.941607
v -10.650000 -6.073154 1.123820
v -10.700000 -6.073154 1.123820
v -10.700000 -6.323950 0.941607
v -10.700000 -6.647556 0.706493
v -10.650000 -6.647556 0.706493
v -5.350000 -1.825815 4.209693
v -6.250000 -1.825815 4.209693
v -6.250000 -1.866266 4.180303
v -5.300000 -1.825815 4.209693
v -5.300000 -1.461757 4.474196
v -5.350000 -1.461757 4.474196
v -6.300000 -1.825815 4.209693
v -7.277289 -1.825815 4.209693
v -7.277289 -1.866266 4.180303
v -6.300000 -1.866266 4.180303
v -6.250000 -1.496324 4.449082
v -6.300000 -1.505998 4.442053
v -18.050000 -5.709097 1.388324
v -17.050000 -5.709097 1.388324
v -18.050000 -5.668646 1.417713
v -18.100000 -5.668646 1.417713
v -18.100000 -5.709097 1.388324
v -18.100000 -6.073154 1.123820
v -18.050000 -6.073154 1.123820
v -17.050000 -6.073154 1.123820
v -17.000000 -6.073154 1.123820
v -14.900000 -5.709097 1.388324
v -13.900000 -5.709097 1.388324
v -14.950000 -5.709097 1.388324
v -13.900000 -6.073154 1.123820
v -13.900000 -6.323950 0.941607
v -13.850000 -6.323950 0.941607
v -13.850000 -6.073154 1.123820
v -13.850000 -5.709097 1.388324
v -12.700000 -5.709097 1.388324
v -12.700000 -6.073154 1.123820
v -12.650000 -6.073154 1.123820
v -10.650000 -5.709097 1.388324
v -9.500000 -5.709097 1.388324
v -9.500000 -5.668646 1.417713
v -10.700000 -5.709097 1.388324
v -9.450000 -5.709097 1.388324
v -8.600000 -5.709097 1.388324
v -8.600000 -5.668646 1.417713
v -9.450000 -5.668646 1.417713
v 5.250000 -7.023749 0.433172
v 4.400000 -6.647556 0.706493
v 4.400000 -6.688007 0.677103
v 4.400000 -7.254319 0.265654
v 6.825000 -7.658828 -0.028239
v 5.950000 -7.023749 0.433172
v -10.700000 -1.825815 4.209693
v -10.700000 -1.866266 4.180303
v -10.650000 -1.866266 4.180303
v -10.650000 -1.825815 4.209693
v -10.650000 -1.461757 4.474196
v -10.700000 -1.461757 4.474196
v -8.300000 -7.618376 0.001150
v -7.327289 -7.618376 0.001150
v -7.327289 -7.577926 0.030540
v -8.300000 -7.577926 0.030540
v -8.350000 -7.577926 0.030540
v -8.350000 -7.618376 0.001150
v -8.350000 -8.063336 -0.322132
v -8.300000 -8.063336 -0.322132
v -6.250000 -7.618376 0.001150
v -5.350000 -7.618376 0.001150
v -5.350000 -7.577926 0.030540
v -6.250000 -7.577926 0.030540
v -6.300000 -7.577926 0.030540
v -6.300000 -7.618376 0.001150
v -6.300000 -8.063336 -0.322132
v -6.250000 -8.063336 -0.322132
v -9.500000 -1.825815 4.209693
v -9.500000 -1.866266 4.180303
v -9.450000 -1.866266 4.180303
v -9.450000 -1.825815 4.209693
v -9.450000 -1.461757 4.474196
v -9.500000 -1.461757 4.474196
v -12.650000 -7.618376 0.001150
v -11.750000 -7.618376 0.001150
v -11.750000 -7.577926 0.030540
v -12.650000 -7.577926 0.030540
v -12.700000 -7.577926 0.030540
v -12.700000 -7.618376 0.001150
v -12.700000 -8.063336 -0.322132
v -12.650000 -8.063336 -0.322132
v -7.277289 -7.618376 0.001150
v -7.277289 -7.577926 0.030540
v -7.277289 -7.254319 0.265654
v -7.327289 -7.254319 0.265654
v -9.500000 -7.577926 0.030540
v -10.650000 -7.577926 0.030540
v -10.650000 -7.618376 0.001150
v -9.500000 -7.618376 0.001150
v -9.450000 -7.618376 0.001150
v -9.450000 -7.577926 0.030540
v -9.450000 -7.254319 0.265654
v -9.500000 -7.254319 0.265654
v -10.700000 -7.577926 0.030540
v -11.700000 -7.577926 0.030540
v -11.700000 -7.618376 0.001150
v -10.700000 -7.618376 0.001150
v -10.650000 -7.254319 0.265654
v -10.700000 -7.254319 0.265654
v -11.700000 -7.254319 0.265654
v -11.750000 -7.254319 0.265654
v -8.600000 -1.825815 4.209693
v -8.600000 -1.866266 4.180303
v -8.327289 -1.866266 4.180303
v -8.327289 -1.825815 4.209693
v -8.327289 -1.461757 4.474196
v -8.600000 -1.461757 4.474196
v -4.150000 -7.577926 0.030540
v -5.300000 -7.577926 0.030540
v -5.300000 -7.618376 0.001150
v -4.150000 -7.618376 0.001150
v -4.100000 -7.618376 0.001150
v -4.100000 -7.577926 0.030540
v -4.100000 -7.254319 0.265654
v -4.150000 -7.254319 0.265654
v -5.300000 -7.254319 0.265654
v -11.700000 -6.688007 0.677103
v -10.700000 -6.688007 0.677103
v -11.700000 -6.647556 0.706493
v -12.700000 -6.647556 0.706493
v -12.700000 -6.688007 0.677103
v -12.700000 -6.971163 0.471379
v -11.700000 -6.971163 0.471379
v -14.900000 -6.971163 0.471379
v -4.150000 -6.688007 0.677103
v -4.150000 -6.971163 0.471379
v -4.100000 -6.971163 0.471379
v -10.650000 -6.688007 0.677103
v -9.500000 -6.688007 0.677103
v -9.500000 -6.647556 0.706493
v -10.700000 -6.971163 0.471379
v -10.650000 -6.971163 0.471379
v -13.850000 -6.688007 0.677103
v -13.850000 -6.647556 0.706493
v -13.900000 -6.647556 0.706493
v -13.900000 -6.688007 0.677103
v -13.900000 -6.971163 0.471379
v -13.850000 -6.971163 0.471379
v -8.500000 -6.688007 0.677103
v -7.327289 -6.688007 0.677103
v -8.500000 -6.647556 0.706493
v -9.500000 -6.971163 0.471379
v -8.500000 -6.971163 0.471379
v -7.277289 -6.688007 0.677103
v -6.300000 -6.688007 0.677103
v -6.300000 -6.647556 0.706493
v -7.327289 -6.971163 0.471379
v -7.277289 -6.971163 0.471379
v -5.300000 -6.688007 0.677103
v -5.300000 -6.647556 0.706493
v -6.300000 -6.971163 0.471379
v -5.300000 -6.971163 0.471379
v -7.327289 -1.825815 4.209693
v -7.327289 -1.866266 4.180303
v 5.100000 -1.866266 4.180303
v 5.100000 -1.825815 4.209693
v 5.100000 -1.461757 4.474196
v 5.050000 -1.461757 4.474196
v 2.172710 -1.825815 4.209693
v 1.072710 -1.825815 4.209693
v 1.072710 -1.866266 4.180303
v 2.172710 -1.866266 4.180303
v 3.172710 -1.866266 4.180303
v 3.172710 -1.825815 4.209693
v 3.172710 -1.461757 4.474196
v 2.172710 -1.461757 4.474196
v 1.022710 -1.825815 4.209693
v 0.022710 -1.825815 4.209693
v 0.022710 -1.866266 4.180303
v 1.022710 -1.866266 4.180303
v 1.072710 -1.461757 4.474196
v 1.022710 -1.461757 4.474196
v -0.027290 -1.825815 4.209693
v -0.027290 -1.866266 4.180303
v 0.022710 -1.461757 4.474196
v -0.027290 -1.461757 4.474196
v -2.127290 -1.825815 4.209693
v -3.050000 -1.825815 4.209693
v -3.050000 -1.866266 4.180303
v -2.127290 -1.866266 4.180303
v -2.077290 -1.461757 4.474196
v -2.127290 -1.461757 4.474196
v -3.100000 -1.825815 4.209693
v -4.100000 -1.825815 4.209693
v -4.100000 -1.866266 4.180303
v -3.100000 -1.866266 4.180303
v -3.050000 -1.461757 4.474196
v -3.100000 -1.461757 4.474196
v -4.150000 -1.825815 4.209693
v -4.150000 -1.866266 4.180303
v -4.100000 -1.461757 4.474196
v -4.150000 -1.461757 4.474196
v -2.860000 -8.257500 -0.463200
v -2.090000 -7.933893 -0.228086
v -3.100000 -7.618376 0.001150
v -3.100000 -8.063336 -0.322132
v -4.100000 -8.063336 -0.322132
v -4.150000 -8.063336 -0.322132
v -5.300000 -8.063336 -0.322132
v -5.350000 -8.063336 -0.322132
v -7.277289 -8.063336 -0.322132
v -7.327289 -8.063336 -0.322132
v -9.450000 -8.063336 -0.322132
v -9.500000 -8.063336 -0.322132
v -10.650000 -8.063336 -0.322132
v -10.700000 -8.063336 -0.322132
v -11.700000 -8.063336 -0.322132
v -11.750000 -8.063336 -0.322132
v -13.400000 -8.063336 -0.322132
v -13.270000 -8.257500 -0.463200
v -13.400000 -7.618376 0.001150
v -13.400000 -7.577926 0.030540
v -13.400000 -7.254319 0.265654
v -12.700000 -7.254319 0.265654
v -12.650000 -7.254319 0.265654
v -8.350000 -7.254319 0.265654
v -8.300000 -7.254319 0.265654
v -6.300000 -7.254319 0.265654
v -17.650000 -7.149147 0.342066
v -14.900000 -6.688007 0.677103
v -14.900000 -6.647556 0.706493
v -17.650000 -6.501933 0.812294
v -18.350000 -6.501933 0.812294
v -17.360000 -1.392182 4.524746
v -17.360000 -1.138150 4.709310
v -18.050000 -1.461757 4.474196
v -15.160000 -1.392182 4.524746
v -15.160000 -1.138150 4.709310
v -4.680000 -1.138150 4.709310
v -13.900000 -1.461757 4.474196
v -13.850000 -1.461757 4.474196
v -7.327289 -1.461757 4.474196
v -7.277289 -1.461757 4.474196
v -4.680000 -1.392182 4.524746
v 0.600000 -1.392182 4.524746
v 6.825000 -1.392182 4.524746
v 6.025000 -1.825815 4.209693
v 6.025000 -1.866266 4.180303
v 6.025000 -4.212415 2.475726
v 6.025000 -4.252866 2.446337
v 6.025000 -4.980981 1.917330
v 6.025000 -5.021432 1.887941
v 6.025000 -6.073154 1.123820
v 5.950000 -6.376536 0.903401
v -20.000000 -7.149147 0.342066
v -18.350000 -7.149147 0.342066
v -19.100000 -6.073154 1.123820
v -19.100000 -5.709097 1.388324
v -19.100000 -5.668646 1.417713
v -19.100000 -2.956238 3.388392
v -19.100000 -2.915787 3.417781
v -19.100000 -2.592180 3.652896
v -19.100000 -2.551730 3.682285
v -19.100000 -2.228123 3.917399
v -19.100000 -2.187672 3.946788
v -19.100000 -1.866266 4.180303
v -19.100000 -1.825815 4.209693
v -19.100000 -1.461757 4.474196
v -20.000000 -1.138150 4.709310
v -3.050000 -6.073154 1.123820
v -3.100000 -6.073154 1.123820
v -15.950000 -6.073154 1.123820
v -16.000000 -6.073154 1.123820
v -2.090000 -6.922622 0.506646
v -3.100000 -6.971163 0.471379
v -3.100000 -7.254319 0.265654
v -3.100000 -7.577926 0.030540
v -0.240000 -7.658828 -0.028239
v 0.400000 -7.254319 0.265654
v 0.400000 -7.011614 0.441989
v 0.600000 -1.138150 4.709310
v 4.100000 -1.461757 4.474196
v 4.150000 -1.461757 4.474196
v 1.900000 -6.323950 0.941607
v 1.850000 -6.323950 0.941607
v 1.072710 -6.073154 1.123820
v 1.022710 -6.073154 1.123820
v -18.100000 -1.461757 4.474196
v 5.250000 -6.376536 0.903401
v -6.300000 -6.323950 0.941607
v -11.750000 -6.073154 1.123820
v -11.700000 -6.323950 0.941607
v -12.700000 -6.323950 0.941607
v -11.700000 -6.073154 1.123820
v 19.013710 -4.602209 2.192525
v 19.694980 -4.472093 2.287059
v 17.158630 -4.616924 2.181834
v 21.418059 -4.143005 2.526156
v 17.158630 -4.212415 2.475726
v 20.542061 -4.310310 2.404601
v 21.466731 -4.133710 2.532909
v 22.440061 -3.947815 2.667970
v 25.585701 -2.917988 3.416183
v 27.550039 -2.971865 3.377039
v 27.598711 -2.962570 3.383792
v 9.808198 -6.360358 0.915154
v 10.470480 -6.233869 1.007054
v 7.825000 -6.073154 1.123820
v 14.224410 -5.890975 1.256181
v 14.213560 -5.851485 1.284872
v 14.156851 -5.862317 1.277002
v 22.490210 -2.917988 3.416183
v 22.490210 -2.915787 3.417781
v 22.452720 -2.915787 3.417781
v 25.700000 -2.187672 3.946788
v 25.635701 -2.187672 3.946788
v 25.700000 -2.189873 3.945190
v 28.442571 -1.461757 4.474196
v 28.801101 -1.438150 4.491347
v 28.801101 -1.138150 4.709310
v 9.857192 -6.725065 0.650179
v 9.954854 -7.080478 0.391957
v 10.003520 -7.071183 0.398710
v 9.905859 -6.715770 0.656932
v 9.895008 -6.676280 0.685623
v 9.846342 -6.685575 0.678870
v 9.109787 -6.826249 0.576665
v 9.120638 -6.865739 0.547974
v 15.874780 -5.534211 1.515385
v 14.998781 -5.701517 1.393831
v 15.009630 -5.741007 1.365139
v 15.885630 -5.573701 1.486694
v 15.934301 -5.564407 1.493447
v 15.923450 -5.524916 1.522138
v 15.836639 -5.208994 1.751669
v 15.787970 -5.218289 1.744916
v 16.250000 -4.212415 2.475726
v 15.150000 -4.212415 2.475726
v 15.150000 -4.252866 2.446337
v 16.250000 -4.252866 2.446337
v 16.300000 -4.252866 2.446337
v 16.300000 -4.212415 2.475726
v 16.300000 -3.888808 2.710840
v 16.250000 -3.888808 2.710840
v 17.158630 -4.252866 2.446337
v 20.493391 -4.319605 2.397848
v 9.540842 -4.212415 2.475726
v 8.640842 -4.212415 2.475726
v 8.640842 -4.252866 2.446337
v 9.540842 -4.252866 2.446337
v 9.590842 -4.252866 2.446337
v 9.590842 -4.212415 2.475726
v 9.590842 -3.888808 2.710840
v 9.540842 -3.888808 2.710840
v 26.992571 -1.825815 4.209693
v 25.635701 -1.825815 4.209693
v 25.635701 -1.866266 4.180303
v 26.992571 -1.866266 4.180303
v 27.042571 -1.866266 4.180303
v 27.042571 -1.825815 4.209693
v 27.042571 -1.461757 4.474196
v 26.992571 -1.461757 4.474196
v 10.740840 -3.646103 2.887176
v 10.740840 -3.320296 3.123889
v 10.690840 -3.320296 3.123889
v 10.690840 -3.646103 2.887176
v 10.690840 -3.888808 2.710840
v 10.740840 -3.888808 2.710840
v 11.790840 -3.888808 2.710840
v 11.790840 -3.646103 2.887176
v 12.890840 -3.646103 2.887176
v 12.890840 -3.320296 3.123889
v 12.850000 -3.320296 3.123889
v 12.850000 -3.646103 2.887176
v 12.850000 -3.888808 2.710840
v 12.890840 -3.888808 2.710840
v 13.950000 -3.888808 2.710840
v 13.950000 -3.646103 2.887176
v 16.250000 -3.646103 2.887176
v 15.150000 -3.646103 2.887176
v 15.150000 -3.888808 2.710840
v 16.300000 -3.646103 2.887176
v 16.300000 -3.320296 3.123889
v 16.250000 -3.320296 3.123889
v 10.532070 -6.222108 1.015599
v 11.268621 -6.081434 1.117805
v 10.562390 -6.548818 0.778230
v 10.618870 -6.538030 0.786068
v 9.759532 -6.369653 0.908401
v 9.022977 -6.510326 0.806196
v 8.960222 -6.522312 0.797488
v 9.052126 -6.837261 0.568664
v 8.298179 -6.648755 0.705622
v 8.390082 -6.963704 0.476798
v 8.401570 -7.003073 0.448195
v 9.063614 -6.876630 0.540061
v 10.573870 -6.588187 0.749627
v 10.677271 -6.942505 0.492200
v 10.727390 -6.932933 0.499154
v 10.629730 -6.577520 0.757377
v 11.366281 -6.436846 0.859582
v 11.463940 -6.792259 0.601360
v 11.512610 -6.782964 0.608113
v 11.414950 -6.427551 0.866335
v 11.404100 -6.388062 0.895027
v 11.355430 -6.397356 0.888274
v 12.290940 -6.260246 0.987890
v 12.388610 -6.615659 0.729668
v 12.437271 -6.606364 0.736421
v 12.339611 -6.250951 0.994643
v 12.328760 -6.211461 1.023335
v 12.280090 -6.220756 1.016581
v 14.960970 -5.750302 1.358386
v 15.058630 -6.105715 1.100164
v 15.107290 -6.096420 1.106917
v 14.950120 -5.710811 1.387077
v 23.559709 -4.108037 2.551561
v 23.657380 -4.463450 2.293338
v 23.706040 -4.454155 2.300092
v 23.608379 -4.098743 2.558314
v 23.597529 -4.059252 2.587005
v 23.548860 -4.068547 2.580252
v 22.575530 -4.254442 2.445192
v 22.586379 -4.293933 2.416500
v 25.641521 -3.668872 2.870633
v 25.554709 -3.352950 3.100164
v 25.506050 -3.362245 3.093411
v 25.592859 -3.678167 2.863880
v 25.603711 -3.717657 2.835189
v 25.652380 -3.708363 2.841942
v 26.625710 -3.522467 2.977003
v 26.674370 -3.513173 2.983755
v 26.614861 -3.482977 3.005694
v 26.663521 -3.473682 3.012447
v 26.576709 -3.157760 3.241978
v 26.528040 -3.167055 3.235225
v 24.532720 -3.548140 2.958350
v 22.402720 -3.320296 3.123889
v 22.402720 -3.646103 2.887176
v 24.484050 -3.557435 2.951597
v 24.570859 -3.873357 2.722066
v 24.581709 -3.912848 2.693375
v 24.619529 -3.864063 2.728819
v 22.488721 -3.938520 2.674723
v 22.526870 -4.263737 2.438439
v 22.537720 -4.303228 2.409747
v 21.553540 -4.449633 2.303378
v 21.504871 -4.458927 2.296625
v 21.515720 -4.498417 2.267933
v 21.564390 -4.489123 2.274686
v 20.628870 -4.626233 2.175070
v 20.580210 -4.635528 2.168317
v 20.591050 -4.675018 2.139626
v 20.639719 -4.665723 2.146379
v 16.945439 -5.329726 1.663952
v 16.858630 -5.013804 1.893483
v 16.809969 -5.023098 1.886730
v 16.896780 -5.339021 1.657199
v 16.907629 -5.378511 1.628508
v 16.956300 -5.369216 1.635261
v 17.851880 -5.198170 1.759533
v 17.840389 -5.158801 1.788136
v 14.064940 -5.547368 1.505827
v 14.126750 -5.535563 1.514403
v 10.690840 -5.709097 1.388324
v 13.263950 -5.700349 1.394679
v 13.350760 -6.016271 1.165148
v 13.215280 -5.709643 1.387926
v 13.302090 -6.025566 1.158395
v 13.312939 -6.065056 1.129704
v 13.361610 -6.055761 1.136457
v 14.168330 -5.901686 1.248399
v 8.640842 -3.646103 2.887176
v 8.640842 -3.320296 3.123889
v 8.590842 -3.320296 3.123889
v 8.590842 -3.646103 2.887176
v 8.590842 -3.888808 2.710840
v 8.640842 -3.888808 2.710840
v 9.540842 -3.646103 2.887176
v 25.585701 -1.825815 4.209693
v 25.585701 -1.866266 4.180303
v 25.585701 -2.187672 3.946788
v 21.252720 -3.279845 3.153278
v 20.152720 -3.279845 3.153278
v 20.152720 -3.320296 3.123889
v 21.252720 -3.320296 3.123889
v 21.302720 -3.320296 3.123889
v 21.302720 -3.279845 3.153278
v 21.302720 -2.956238 3.388392
v 21.252720 -2.956238 3.388392
v 18.500000 -3.279845 3.153278
v 17.400000 -3.279845 3.153278
v 17.400000 -3.320296 3.123889
v 18.500000 -3.320296 3.123889
v 18.900000 -3.320296 3.123889
v 18.900000 -3.279845 3.153278
v 18.900000 -2.956238 3.388392
v 18.500000 -2.956238 3.388392
v 16.250000 -2.187672 3.946788
v 15.150000 -2.187672 3.946788
v 15.150000 -2.228123 3.917399
v 16.250000 -2.228123 3.917399
v 16.300000 -2.228123 3.917399
v 16.300000 -2.187672 3.946788
v 16.300000 -1.866266 4.180303
v 16.250000 -1.866266 4.180303
v 15.150000 -1.866266 4.180303
v 16.250000 -1.825815 4.209693
v 15.150000 -1.825815 4.209693
v 15.100000 -1.825815 4.209693
v 15.100000 -1.866266 4.180303
v 15.100000 -2.187672 3.946788
v 17.350000 -1.866266 4.180303
v 17.350000 -1.825815 4.209693
v 16.300000 -1.825815 4.209693
v 8.590842 -3.279845 3.153278
v 7.825000 -3.279845 3.153278
v 7.825000 -3.320296 3.123889
v 8.640842 -3.279845 3.153278
v 8.640842 -2.956238 3.388392
v 8.590842 -2.956238 3.388392
v 17.400000 -2.228123 3.917399
v 18.500000 -2.228123 3.917399
v 18.500000 -2.187672 3.946788
v 17.400000 -2.187672 3.946788
v 17.350000 -2.187672 3.946788
v 17.350000 -2.228123 3.917399
v 17.350000 -2.551730 3.682285
v 17.400000 -2.551730 3.682285
v 10.690840 -3.279845 3.153278
v 9.590842 -3.279845 3.153278
v 9.590842 -3.320296 3.123889
v 10.740840 -3.279845 3.153278
v 10.740840 -2.956238 3.388392
v 10.690840 -2.956238 3.388392
v 12.850000 -3.279845 3.153278
v 11.840840 -3.279845 3.153278
v 11.840840 -3.320296 3.123889
v 12.890840 -3.279845 3.153278
v 12.890840 -2.956238 3.388392
v 12.850000 -2.956238 3.388392
v 14.000000 -1.866266 4.180303
v 14.000000 -1.825815 4.209693
v 13.950000 -1.825815 4.209693
v 13.950000 -1.866266 4.180303
v 13.950000 -2.187672 3.946788
v 14.000000 -2.187672 3.946788
v 14.000000 -2.228123 3.917399
v 15.100000 -2.228123 3.917399
v 17.400000 -1.866266 4.180303
v 18.500000 -1.866266 4.180303
v 18.500000 -1.825815 4.209693
v 17.400000 -1.825815 4.209693
v 14.332100 -4.980981 1.917330
v 14.000000 -4.980981 1.917330
v 14.000000 -5.021432 1.887941
v 14.332100 -5.021432 1.887941
v 17.748490 -4.843852 2.016961
v 14.332100 -4.657374 2.152444
v 17.350000 -3.279845 3.153278
v 16.300000 -3.279845 3.153278
v 17.350000 -3.320296 3.123889
v 17.400000 -2.956238 3.388392
v 17.350000 -2.956238 3.388392
v 23.335701 -2.551730 3.682285
v 22.452720 -2.551730 3.682285
v 22.452720 -2.592180 3.652896
v 23.335701 -2.592180 3.652896
v 23.385701 -2.592180 3.652896
v 23.385701 -2.551730 3.682285
v 23.385701 -2.228123 3.917399
v 23.335701 -2.228123 3.917399
v 14.000000 -2.915787 3.417781
v 14.000000 -2.592180 3.652896
v 13.950000 -2.592180 3.652896
v 13.950000 -2.915787 3.417781
v 13.950000 -2.956238 3.388392
v 14.000000 -2.956238 3.388392
v 15.100000 -2.956238 3.388392
v 15.100000 -2.915787 3.417781
v 15.100000 -2.592180 3.652896
v 15.100000 -2.551730 3.682285
v 14.000000 -2.551730 3.682285
v 13.950000 -2.551730 3.682285
v 18.900000 -2.228123 3.917399
v 20.102720 -2.228123 3.917399
v 20.102720 -2.187672 3.946788
v 18.900000 -2.187672 3.946788
v 18.500000 -2.551730 3.682285
v 18.900000 -2.551730 3.682285
v 22.402720 -2.551730 3.682285
v 21.302720 -2.551730 3.682285
v 21.302720 -2.592180 3.652896
v 22.402720 -2.592180 3.652896
v 22.452720 -2.228123 3.917399
v 22.402720 -2.228123 3.917399
v 24.435701 -2.551730 3.682285
v 24.435701 -2.592180 3.652896
v 24.485701 -2.592180 3.652896
v 24.485701 -2.551730 3.682285
v 24.485701 -2.228123 3.917399
v 24.435701 -2.228123 3.917399
v 15.100000 -3.279845 3.153278
v 14.000000 -3.279845 3.153278
v 14.000000 -3.320296 3.123889
v 15.100000 -3.320296 3.123889
v 15.150000 -3.320296 3.123889
v 15.150000 -3.279845 3.153278
v 15.150000 -2.956238 3.388392
v 22.402720 -3.279845 3.153278
v 22.402720 -2.956238 3.388392
v 24.485701 -2.917988 3.416183
v 24.435701 -2.917988 3.416183
v 23.385701 -2.917988 3.416183
v 23.335701 -2.917988 3.416183
v 22.402720 -2.915787 3.417781
v 21.302720 -2.915787 3.417781
v 20.102720 -3.279845 3.153278
v 20.102720 -3.320296 3.123889
v 20.152720 -2.956238 3.388392
v 20.102720 -2.956238 3.388392
v 13.950000 -3.279845 3.153278
v 13.950000 -3.320296 3.123889
v 14.000000 -3.646103 2.887176
v 15.100000 -3.646103 2.887176
v 14.000000 -3.888808 2.710840
v 15.100000 -3.888808 2.710840
v 11.790840 -3.279845 3.153278
v 11.790840 -3.320296 3.123889
v 11.840840 -3.646103 2.887176
v 11.840840 -3.888808 2.710840
v 9.540842 -3.279845 3.153278
v 9.540842 -3.320296 3.123889
v 9.590842 -3.646103 2.887176
v 12.890840 -2.592180 3.652896
v 12.890840 -2.551730 3.682285
v 12.850000 -2.551730 3.682285
v 12.850000 -2.592180 3.652896
v 12.850000 -2.915787 3.417781
v 12.890840 -2.915787 3.417781
v 12.890840 -2.187672 3.946788
v 12.890840 -2.228123 3.917399
v 13.950000 -2.228123 3.917399
v 12.890840 -1.866266 4.180303
v 12.890840 -1.825815 4.209693
v 12.850000 -1.825815 4.209693
v 12.850000 -1.866266 4.180303
v 12.850000 -2.187672 3.946788
v 15.150000 -2.592180 3.652896
v 16.250000 -2.592180 3.652896
v 16.250000 -2.551730 3.682285
v 15.150000 -2.551730 3.682285
v 15.150000 -2.915787 3.417781
v 16.250000 -2.956238 3.388392
v 16.250000 -2.915787 3.417781
v 20.152720 -2.228123 3.917399
v 20.152720 -2.187672 3.946788
v 20.152720 -1.866266 4.180303
v 20.102720 -1.866266 4.180303
v 18.900000 -1.866266 4.180303
v 20.102720 -1.825815 4.209693
v 18.900000 -1.825815 4.209693
v 11.840840 -2.915787 3.417781
v 11.840840 -2.956238 3.388392
v 11.840840 -2.592180 3.652896
v 11.840840 -2.551730 3.682285
v 11.790840 -2.551730 3.682285
v 11.790840 -2.592180 3.652896
v 11.790840 -2.915787 3.417781
v 11.840840 -2.187672 3.946788
v 11.840840 -2.228123 3.917399
v 12.850000 -2.228123 3.917399
v 11.840840 -1.866266 4.180303
v 11.840840 -1.825815 4.209693
v 11.790840 -1.825815 4.209693
v 11.790840 -1.866266 4.180303
v 11.790840 -2.187672 3.946788
v 16.300000 -2.592180 3.652896
v 17.350000 -2.592180 3.652896
v 16.300000 -2.551730 3.682285
v 16.300000 -2.915787 3.417781
v 16.300000 -2.956238 3.388392
v 17.350000 -2.915787 3.417781
v 21.252720 -2.187672 3.946788
v 21.252720 -2.228123 3.917399
v 21.302720 -2.228123 3.917399
v 21.302720 -2.187672 3.946788
v 21.302720 -1.866266 4.180303
v 21.252720 -1.866266 4.180303
v 21.252720 -1.825815 4.209693
v 20.152720 -1.825815 4.209693
v 10.740840 -2.592180 3.652896
v 10.740840 -2.551730 3.682285
v 10.690840 -2.551730 3.682285
v 10.690840 -2.592180 3.652896
v 10.690840 -2.915787 3.417781
v 10.740840 -2.915787 3.417781
v 10.740840 -2.187672 3.946788
v 10.740840 -2.228123 3.917399
v 11.790840 -2.228123 3.917399
v 10.740840 -1.866266 4.180303
v 10.740840 -1.825815 4.209693
v 10.690840 -1.825815 4.209693
v 10.690840 -1.866266 4.180303
v 10.690840 -2.187672 3.946788
v 17.400000 -2.592180 3.652896
v 18.500000 -2.592180 3.652896
v 17.400000 -2.915787 3.417781
v 18.500000 -2.915787 3.417781
v 22.402720 -2.187672 3.946788
v 22.452720 -2.187672 3.946788
v 22.452720 -1.866266 4.180303
v 22.402720 -1.866266 4.180303
v 22.402720 -1.825815 4.209693
v 21.302720 -1.825815 4.209693
v 9.590842 -2.915787 3.417781
v 9.590842 -2.956238 3.388392
v 9.590842 -2.592180 3.652896
v 9.590842 -2.551730 3.682285
v 9.540842 -2.551730 3.682285
v 9.540842 -2.592180 3.652896
v 9.540842 -2.915787 3.417781
v 9.590842 -2.187672 3.946788
v 9.590842 -2.228123 3.917399
v 10.690840 -2.228123 3.917399
v 9.590842 -1.866266 4.180303
v 9.590842 -1.825815 4.209693
v 9.540842 -1.825815 4.209693
v 9.540842 -1.866266 4.180303
v 9.540842 -2.187672 3.946788
v 18.900000 -2.592180 3.652896
v 20.102720 -2.592180 3.652896
v 20.102720 -2.551730 3.682285
v 18.900000 -2.915787 3.417781
v 20.102720 -2.915787 3.417781
v 23.335701 -2.187672 3.946788
v 23.385701 -2.187672 3.946788
v 23.385701 -1.866266 4.180303
v 23.335701 -1.866266 4.180303
v 23.335701 -1.825815 4.209693
v 22.452720 -1.825815 4.209693
v 8.640842 -2.915787 3.417781
v 9.540842 -2.956238 3.388392
v 8.640842 -2.592180 3.652896
v 8.640842 -2.551730 3.682285
v 8.590842 -2.551730 3.682285
v 8.590842 -2.592180 3.652896
v 8.590842 -2.915787 3.417781
v 8.640842 -2.187672 3.946788
v 8.640842 -2.228123 3.917399
v 9.540842 -2.228123 3.917399
v 8.640842 -1.866266 4.180303
v 8.640842 -1.825815 4.209693
v 8.590842 -1.825815 4.209693
v 8.590842 -1.866266 4.180303
v 8.590842 -2.187672 3.946788
v 21.252720 -2.915787 3.417781
v 20.152720 -2.915787 3.417781
v 21.252720 -2.592180 3.652896
v 20.152720 -2.592180 3.652896
v 21.252720 -2.551730 3.682285
v 20.152720 -2.551730 3.682285
v 24.435701 -2.187672 3.946788
v 24.485701 -2.187672 3.946788
v 24.485701 -1.866266 4.180303
v 24.435701 -1.866266 4.180303
v 24.435701 -1.825815 4.209693
v 23.385701 -1.825815 4.209693
v 7.825000 -2.187672 3.946788
v 7.825000 -2.228123 3.917399
v 8.590842 -2.228123 3.917399
v 24.485701 -1.825815 4.209693
v 9.540842 -5.668646 1.417713
v 8.640842 -5.668646 1.417713
v 8.640842 -5.709097 1.388324
v 9.540842 -5.709097 1.388324
v 9.590842 -5.709097 1.388324
v 9.590842 -5.668646 1.417713
v 9.590842 -5.385490 1.623438
v 9.540842 -5.385490 1.623438
v 11.840840 -4.252866 2.446337
v 12.850000 -4.252866 2.446337
v 12.850000 -4.212415 2.475726
v 11.840840 -4.212415 2.475726
v 11.790840 -4.212415 2.475726
v 11.790840 -4.252866 2.446337
v 11.790840 -4.616924 2.181834
v 11.840840 -4.616924 2.181834
v 13.950000 -4.212415 2.475726
v 14.000000 -4.212415 2.475726
v 14.000000 -4.252866 2.446337
v 15.100000 -4.252866 2.446337
v 15.100000 -4.212415 2.475726
v 13.950000 -4.252866 2.446337
v 13.950000 -4.616924 2.181834
v 10.740840 -4.252866 2.446337
v 10.740840 -4.212415 2.475726
v 10.690840 -4.212415 2.475726
v 10.690840 -4.252866 2.446337
v 10.690840 -4.616924 2.181834
v 10.740840 -4.616924 2.181834
v 12.890840 -4.252866 2.446337
v 12.890840 -4.212415 2.475726
v 12.850000 -4.616924 2.181834
v 12.890840 -4.616924 2.181834
v 12.890840 -4.657374 2.152444
v 13.950000 -4.657374 2.152444
v 14.000000 -4.657374 2.152444
v 8.640842 -4.657374 2.152444
v 9.540842 -4.657374 2.152444
v 9.540842 -4.616924 2.181834
v 8.640842 -4.616924 2.181834
v 8.590842 -4.616924 2.181834
v 8.590842 -4.657374 2.152444
v 8.590842 -4.980981 1.917330
v 8.640842 -4.980981 1.917330
v 14.332100 -5.345039 1.652827
v 14.863311 -5.394889 1.616609
v 14.911970 -5.385594 1.623362
v 9.590842 -5.021432 1.887941
v 10.690840 -5.021432 1.887941
v 10.690840 -4.980981 1.917330
v 9.590842 -4.980981 1.917330
v 9.540842 -4.980981 1.917330
v 9.540842 -5.021432 1.887941
v 9.540842 -5.345039 1.652827
v 9.590842 -5.345039 1.652827
v 8.590842 -5.345039 1.652827
v 7.825000 -5.345039 1.652827
v 7.825000 -5.385490 1.623438
v 8.590842 -5.385490 1.623438
v 8.640842 -5.385490 1.623438
v 8.640842 -5.345039 1.652827
v 8.640842 -5.021432 1.887941
v 8.590842 -5.021432 1.887941
v 11.790840 -4.980981 1.917330
v 10.740840 -4.980981 1.917330
v 10.740840 -5.021432 1.887941
v 11.790840 -5.021432 1.887941
v 11.840840 -5.021432 1.887941
v 11.840840 -4.980981 1.917330
v 11.840840 -4.657374 2.152444
v 11.790840 -4.657374 2.152444
v 10.740840 -4.657374 2.152444
v 10.690840 -4.657374 2.152444
v 9.590842 -4.657374 2.152444
v 9.590842 -4.616924 2.181834
v 8.590842 -4.212415 2.475726
v 8.590842 -4.252866 2.446337
v 12.850000 -4.657374 2.152444
v 12.850000 -4.980981 1.917330
v 12.890840 -4.980981 1.917330
v 12.850000 -5.021432 1.887941
v 12.890840 -5.021432 1.887941
v 13.950000 -5.021432 1.887941
v 13.950000 -4.980981 1.917330
v 8.590842 -5.668646 1.417713
v 7.825000 -5.668646 1.417713
v 7.825000 -5.709097 1.388324
v 8.590842 -5.709097 1.388324
v 27.685520 -3.278492 3.154261
v 27.636851 -3.287787 3.147508
v 27.647700 -3.327278 3.118817
v 27.696370 -3.317983 3.125569
v 28.669700 -3.132087 3.260630
v 28.658850 -3.092597 3.289322
v 28.572041 -2.776675 3.518853
v 28.442571 -2.189873 3.945190
v 25.585701 -2.228123 3.917399
v 25.585701 -2.551730 3.682285
v 25.585701 -2.592180 3.652896
v 29.451101 -3.647853 2.885905
v 29.451101 -1.438150 4.491347
v 28.442571 -1.825815 4.209693
v 28.442571 -1.866266 4.180303
v 28.767361 -3.487500 3.002408
v 27.794031 -3.673395 2.867347
v 27.745359 -3.682690 2.860594
v 26.772029 -3.868586 2.725533
v 26.723369 -3.877880 2.718780
v 25.750039 -4.063775 2.583719
v 25.701370 -4.073070 2.576966
v 8.450000 -7.658828 -0.028239
v 17.158630 -3.888808 2.710840
v 21.302720 -3.646103 2.887176
v 21.252720 -3.646103 2.887176
v 20.152720 -3.646103 2.887176
v 20.102720 -3.646103 2.887176
v 18.900000 -3.646103 2.887176
v 18.500000 -3.646103 2.887176
v 17.400000 -3.646103 2.887176
v 17.350000 -3.646103 2.887176
v 6.925000 -7.658828 -0.028239
v 8.504962 -7.357391 0.190767
v 7.825000 -5.021432 1.887941
v 7.825000 -4.980981 1.917330
v 7.825000 -4.657374 2.152444
v 7.825000 -4.616924 2.181834
v 7.825000 -4.252866 2.446337
v 7.825000 -4.212415 2.475726
v 7.825000 -3.888808 2.710840
v 7.825000 -3.646103 2.887176
v 7.825000 -2.956238 3.388392
v 7.825000 -2.915787 3.417781
v 7.825000 -2.592180 3.652896
v 7.825000 -2.551730 3.682285
v 7.825000 -1.866266 4.180303
v 7.825000 -1.825815 4.209693
v 7.825000 -1.461757 4.474196
v 7.400000 -1.392182 4.524746
v 6.925000 -1.392182 4.524746
v 27.042571 -2.189873 3.945190
v 26.992571 -2.189873 3.945190
v 23.462051 -3.752625 2.809783
v 23.510720 -3.743330 2.816537
v 10.690840 -5.385490 1.623438
v 14.000000 -5.345039 1.652827
v 12.850000 -5.345039 1.652827
v 11.840840 -5.345039 1.652827
v 11.790840 -5.345039 1.652827
v 10.740840 -5.345039 1.652827
v 10.690840 -5.345039 1.652827
v 24.728040 -4.258965 2.441905
v 24.679370 -4.268260 2.435152
v 22.684050 -4.649345 2.158278
v 22.635381 -4.658640 2.151525
v 21.662051 -4.844536 2.016464
v 21.613379 -4.853830 2.009711
v 20.737380 -5.021136 1.888156
v 20.688721 -5.030431 1.881403
v 19.952159 -5.171104 1.779198
v 19.901770 -5.180729 1.772205
v 19.220490 -5.310845 1.677670
v 17.955270 -5.552488 1.502106
v 17.053960 -5.724629 1.377038
v 17.005291 -5.733924 1.370285
v 16.031960 -5.919819 1.235225
v 15.983290 -5.929114 1.228471
v 14.322070 -6.246388 0.997958
v 14.271730 -6.256004 0.990972
v 13.459270 -6.411174 0.878234
v 13.410601 -6.420469 0.871481
v 9.218299 -7.221152 0.289751
v 9.167006 -7.230948 0.282634
v 19.105610 -4.917158 1.963700
v 16.300000 -4.616924 2.181834
v 19.117100 -4.956527 1.935097
v 19.798370 -4.826411 2.029632
v 19.854500 -4.815692 2.037420
v 19.786890 -4.787043 2.058235
v 10.690840 -6.073154 1.123820
v 11.317290 -6.072139 1.124558
v 12.193280 -5.904833 1.246113
v 12.241949 -5.895538 1.252866
v 9.590842 -6.073154 1.123820
v 9.540842 -6.073154 1.123820
v 8.640842 -6.073154 1.123820
v 8.590842 -6.073154 1.123820
v 7.400000 -1.138150 4.709310
v 8.590842 -1.461757 4.474196
v 8.640842 -1.461757 4.474196
v 9.540842 -1.461757 4.474196
v 9.590842 -1.461757 4.474196
v 10.690840 -1.461757 4.474196
v 10.740840 -1.461757 4.474196
v 11.790840 -1.461757 4.474196
v 11.840840 -1.461757 4.474196
v 12.850000 -1.461757 4.474196
v 12.890840 -1.461757 4.474196
v 13.950000 -1.461757 4.474196
v 14.000000 -1.461757 4.474196
v 15.100000 -1.461757 4.474196
v 15.150000 -1.461757 4.474196
v 16.250000 -1.461757 4.474196
v 16.300000 -1.461757 4.474196
v 17.350000 -1.461757 4.474196
v 17.400000 -1.461757 4.474196
v 18.500000 -1.461757 4.474196
v 18.900000 -1.461757 4.474196
v 20.102720 -1.461757 4.474196
v 20.152720 -1.461757 4.474196
v 21.252720 -1.461757 4.474196
v 21.302720 -1.461757 4.474196
v 22.402720 -1.461757 4.474196
v 22.452720 -1.461757 4.474196
v 23.335701 -1.461757 4.474196
v 23.385701 -1.461757 4.474196
v 24.435701 -1.461757 4.474196
v 24.485701 -1.461757 4.474196
v 25.585701 -1.461757 4.474196
v 25.635701 -1.461757 4.474196
v 11.790840 -2.956238 3.388392
v 16.250000 -3.279845 3.153278
v 24.630381 -3.903553 2.700128
v 10.690840 -5.668646 1.417713
v 19.756840 -4.460279 2.295643
v 19.843650 -4.776201 2.066111
v 11.790840 -5.403817 1.733729
v 10.740840 -5.403817 1.733729
v 12.850000 -5.403817 1.733729
v 11.840840 -5.403817 1.733729
v -4.100000 -7.029941 0.552280
v -3.100000 -7.029941 0.552280
v -5.300000 -7.029941 0.552280
v -4.150000 -7.029941 0.552280
v -7.277289 -7.029941 0.552280
v -6.300000 -7.029941 0.552280
v -8.500000 -7.029941 0.552280
v -7.327289 -7.029941 0.552280
v -10.650000 -7.029941 0.552280
v -9.500000 -7.029941 0.552280
v -11.700000 -7.029941 0.552280
v -10.700000 -7.029941 0.552280
v -13.850000 -7.029941 0.552280
v -12.700000 -7.029941 0.552280
v -14.900000 -7.029941 0.552280
v -13.900000 -7.029941 0.552280
v 18.900000 -2.286901 3.998300
v 20.102720 -2.286901 3.998300
v 20.102720 -2.246451 4.027690
v 18.900000 -2.246451 4.027690
v 8.640842 -3.015017 3.469294
v 9.540842 -3.015017 3.469294
v 9.540842 -2.974566 3.498683
v 8.640842 -2.974566 3.498683
v 4.150000 -2.286901 3.998300
v 5.050000 -2.286901 3.998300
v 5.050000 -2.246451 4.027690
v 4.150000 -2.246451 4.027690
v 1.072710 -4.716153 2.233346
v 2.172710 -4.716153 2.233346
v 2.172710 -4.675702 2.262735
v 1.072710 -4.675702 2.262735
v 10.740840 -2.650959 3.733797
v 11.790840 -2.650959 3.733797
v 11.790840 -2.610508 3.763186
v 10.740840 -2.610508 3.763186
v -17.050000 -2.974566 3.498683
v -18.050000 -2.974566 3.498683
v -18.050000 -3.015017 3.469294
v -17.050000 -3.015017 3.469294
v -18.050000 -2.286901 3.998300
v -17.050000 -2.286901 3.998300
v -17.050000 -2.246451 4.027690
v -18.050000 -2.246451 4.027690
v -18.050000 -2.650959 3.733797
v -17.050000 -2.650959 3.733797
v -17.050000 -2.610508 3.763186
v -18.050000 -2.610508 3.763186
v -15.950000 -5.444268 1.704339
v -14.950000 -5.444268 1.704339
v -14.950000 -5.403817 1.733729
v -15.950000 -5.403817 1.733729
v 11.840840 -2.650959 3.733797
v 12.850000 -2.650959 3.733797
v 12.850000 -2.610508 3.763186
v 11.840840 -2.610508 3.763186
v -14.900000 -4.716153 2.233346
v -13.900000 -4.716153 2.233346
v -13.900000 -4.675702 2.262735
v -14.900000 -4.675702 2.262735
v -14.900000 -2.650959 3.733797
v -13.900000 -2.650959 3.733797
v -13.900000 -2.610508 3.763186
v -14.900000 -2.610508 3.763186
v 4.150000 -5.080211 1.968843
v 5.050000 -5.080211 1.968843
v 5.050000 -5.039760 1.998232
v 4.150000 -5.039760 1.998232
v 12.850000 -5.039760 1.998232
v 11.840840 -5.039760 1.998232
v 11.840840 -5.080211 1.968843
v 12.850000 -5.080211 1.968843
v 9.540842 -5.403817 1.733729
v 8.640842 -5.403817 1.733729
v 8.640842 -5.444268 1.704339
v 9.540842 -5.444268 1.704339
v -18.050000 -3.824034 2.881508
v -17.050000 -3.824034 2.881508
v -17.050000 -3.783583 2.910898
v -18.050000 -3.783583 2.910898
v -18.050000 -5.080211 1.968843
v -17.050000 -5.080211 1.968843
v -17.050000 -5.039760 1.998232
v -18.050000 -5.039760 1.998232
v 12.890840 -4.716153 2.233346
v 13.950000 -4.716153 2.233346
v 13.950000 -4.675702 2.262735
v 12.890840 -4.675702 2.262735
v -13.900000 -3.783583 2.910898
v -14.900000 -3.783583 2.910898
v -14.900000 -3.824034 2.881508
v -13.900000 -3.824034 2.881508
v 12.850000 -4.675702 2.262735
v 11.840840 -4.675702 2.262735
v 11.840840 -4.716153 2.233346
v 12.850000 -4.716153 2.233346
v -14.900000 -5.444268 1.704339
v -13.900000 -5.444268 1.704339
v -13.900000 -5.403817 1.733729
v -14.900000 -5.403817 1.733729
v 20.152720 -3.015017 3.469294
v 21.252720 -3.015017 3.469294
v 21.252720 -2.974566 3.498683
v 20.152720 -2.974566 3.498683
v 21.302720 -2.650959 3.733797
v 22.402720 -2.650959 3.733797
v 22.402720 -2.610508 3.763186
v 21.302720 -2.610508 3.763186
v 0.022710 -3.379074 3.204790
v 1.022710 -3.379074 3.204790
v 1.022710 -3.338624 3.234180
v 0.022710 -3.338624 3.234180
v 23.385701 -2.286901 3.998300
v 24.435701 -2.286901 3.998300
v 24.435701 -2.246451 4.027690
v 23.385701 -2.246451 4.027690
v -8.300000 -7.677155 0.082052
v -7.327289 -7.677155 0.082052
v -7.327289 -7.636704 0.111441
v -8.300000 -7.636704 0.111441
v -9.450000 -7.677155 0.082052
v -8.350000 -7.677155 0.082052
v -8.350000 -7.636704 0.111441
v -9.450000 -7.636704 0.111441
v -10.650000 -7.677155 0.082052
v -9.500000 -7.677155 0.082052
v -9.500000 -7.636704 0.111441
v -10.650000 -7.636704 0.111441
v 23.335701 -2.246451 4.027690
v 22.452720 -2.246451 4.027690
v 22.452720 -2.286901 3.998300
v 23.335701 -2.286901 3.998300
v -18.050000 -5.444268 1.704339
v -17.050000 -5.444268 1.704339
v -17.050000 -5.403817 1.733729
v -18.050000 -5.403817 1.733729
v -11.700000 -7.677155 0.082052
v -10.700000 -7.677155 0.082052
v -10.700000 -7.636704 0.111441
v -11.700000 -7.636704 0.111441
v -12.650000 -7.677155 0.082052
v -11.750000 -7.677155 0.082052
v -11.750000 -7.636704 0.111441
v -12.650000 -7.636704 0.111441
v 10.740840 -5.080211 1.968843
v 11.790840 -5.080211 1.968843
v 11.790840 -5.039760 1.998232
v 10.740840 -5.039760 1.998232
v -13.400000 -7.677155 0.082052
v -12.700000 -7.677155 0.082052
v -12.700000 -7.636704 0.111441
v -13.400000 -7.636704 0.111441
v -4.100000 -7.677155 0.082052
v -3.100000 -7.677155 0.082052
v -3.100000 -7.636704 0.111441
v -4.100000 -7.636704 0.111441
v 4.150000 -5.444268 1.704339
v 5.050000 -5.444268 1.704339
v 5.050000 -5.403817 1.733729
v 4.150000 -5.403817 1.733729
v 0.022710 -4.311644 2.527239
v 1.022710 -4.311644 2.527239
v 1.022710 -4.271194 2.556628
v 0.022710 -4.271194 2.556628
v -4.150000 -7.636704 0.111441
v -5.300000 -7.636704 0.111441
v -5.300000 -7.677155 0.082052
v -4.150000 -7.677155 0.082052
v -18.050000 -4.716153 2.233346
v -17.050000 -4.716153 2.233346
v -17.050000 -4.675702 2.262735
v -18.050000 -4.675702 2.262735
v -6.250000 -7.677155 0.082052
v -5.350000 -7.677155 0.082052
v -5.350000 -7.636704 0.111441
v -6.250000 -7.636704 0.111441
v 4.150000 -2.650959 3.733797
v 5.050000 -2.650959 3.733797
v 5.050000 -2.610508 3.763186
v 4.150000 -2.610508 3.763186
v -7.277289 -7.677155 0.082052
v -6.300000 -7.677155 0.082052
v -6.300000 -7.636704 0.111441
v -7.277289 -7.636704 0.111441
v -18.100000 -5.403817 1.733729
v -19.100000 -5.403817 1.733729
v -19.100000 -5.444268 1.704339
v -18.100000 -5.444268 1.704339
v -1.027290 -3.379074 3.204790
v -0.027290 -3.379074 3.204790
v -0.027290 -3.338624 3.234180
v -1.027290 -3.338624 3.234180
v -19.100000 -5.080211 1.968843
v -18.100000 -5.080211 1.968843
v -18.100000 -5.039760 1.998232
v -19.100000 -5.039760 1.998232
v -19.100000 -4.716153 2.233346
v -18.100000 -4.716153 2.233346
v -18.100000 -4.675702 2.262735
v -19.100000 -4.675702 2.262735
v 20.102720 -2.974566 3.498683
v 18.900000 -2.974566 3.498683
v 18.900000 -3.015017 3.469294
v 20.102720 -3.015017 3.469294
v 9.590842 -4.716153 2.233346
v 10.690840 -4.716153 2.233346
v 10.690840 -4.675702 2.262735
v 9.590842 -4.675702 2.262735
v -18.100000 -3.783583 2.910898
v -19.100000 -3.783583 2.910898
v -19.100000 -3.824034 2.881508
v -18.100000 -3.824034 2.881508
v -18.100000 -4.271194 2.556628
v -19.100000 -4.271194 2.556628
v -19.100000 -4.311644 2.527239
v -18.100000 -4.311644 2.527239
v -19.100000 -3.379074 3.204790
v -18.100000 -3.379074 3.204790
v -18.100000 -3.338624 3.234180
v -19.100000 -3.338624 3.234180
v -17.000000 -2.650959 3.733797
v -16.000000 -2.650959 3.733797
v -16.000000 -2.610508 3.763186
v -17.000000 -2.610508 3.763186
v 17.400000 -2.650959 3.733797
v 18.500000 -2.650959 3.733797
v 18.500000 -2.610508 3.763186
v 17.400000 -2.610508 3.763186
v 17.400000 -3.015017 3.469294
v 18.500000 -3.015017 3.469294
v 18.500000 -2.974566 3.498683
v 17.400000 -2.974566 3.498683
v -3.050000 -3.824034 2.881508
v -2.127290 -3.824034 2.881508
v -2.127290 -3.783583 2.910898
v -3.050000 -3.783583 2.910898
v 12.890840 -2.650959 3.733797
v 13.950000 -2.650959 3.733797
v 13.950000 -2.610508 3.763186
v 12.890840 -2.610508 3.763186
v -13.850000 -2.650959 3.733797
v -12.700000 -2.650959 3.733797
v -12.700000 -2.610508 3.763186
v -13.850000 -2.610508 3.763186
v 3.172710 -5.444268 1.704339
v 4.100000 -5.444268 1.704339
v 4.100000 -5.403817 1.733729
v 3.172710 -5.403817 1.733729
v -1.027290 -4.311644 2.527239
v -0.027290 -4.311644 2.527239
v -0.027290 -4.271194 2.556628
v -1.027290 -4.271194 2.556628
v 5.100000 -2.286901 3.998300
v 6.025000 -2.286901 3.998300
v 6.025000 -2.246451 4.027690
v 5.100000 -2.246451 4.027690
v 5.100000 -2.650959 3.733797
v 6.025000 -2.650959 3.733797
v 6.025000 -2.610508 3.763186
v 5.100000 -2.610508 3.763186
v 9.590842 -3.015017 3.469294
v 10.690840 -3.015017 3.469294
v 10.690840 -2.974566 3.498683
v 9.590842 -2.974566 3.498683
v 10.740840 -4.716153 2.233346
v 11.790840 -4.716153 2.233346
v 11.790840 -4.675702 2.262735
v 10.740840 -4.675702 2.262735
v 1.072710 -4.311644 2.527239
v 2.172710 -4.311644 2.527239
v 2.172710 -4.271194 2.556628
v 1.072710 -4.271194 2.556628
v 5.100000 -3.015017 3.469294
v 6.025000 -3.015017 3.469294
v 6.025000 -2.974566 3.498683
v 5.100000 -2.974566 3.498683
v 1.072710 -3.379074 3.204790
v 2.172710 -3.379074 3.204790
v 2.172710 -3.338624 3.234180
v 1.072710 -3.338624 3.234180
v 2.172710 -3.783583 2.910898
v 1.072710 -3.783583 2.910898
v 1.072710 -3.824034 2.881508
v 2.172710 -3.824034 2.881508
v 8.640842 -5.080211 1.968843
v 9.540842 -5.080211 1.968843
v 9.540842 -5.039760 1.998232
v 8.640842 -5.039760 1.998232
v 3.172710 -3.379074 3.204790
v 4.100000 -3.379074 3.204790
v 4.100000 -3.338624 3.234180
v 3.172710 -3.338624 3.234180
v 3.172710 -3.015017 3.469294
v 4.100000 -3.015017 3.469294
v 4.100000 -2.974566 3.498683
v 3.172710 -2.974566 3.498683
v 4.150000 -3.379074 3.204790
v 5.050000 -3.379074 3.204790
v 5.050000 -3.338624 3.234180
v 4.150000 -3.338624 3.234180
v 5.100000 -3.379074 3.204790
v 6.025000 -3.379074 3.204790
v 6.025000 -3.338624 3.234180
v 5.100000 -3.338624 3.234180
v 3.172710 -2.650959 3.733797
v 4.100000 -2.650959 3.733797
v 4.100000 -2.610508 3.763186
v 3.172710 -2.610508 3.763186
v -17.000000 -3.379074 3.204790
v -16.000000 -3.379074 3.204790
v -16.000000 -3.338624 3.234180
v -17.000000 -3.338624 3.234180
v 4.150000 -4.311644 2.527239
v 5.050000 -4.311644 2.527239
v 5.050000 -4.271194 2.556628
v 4.150000 -4.271194 2.556628
v -17.000000 -4.716153 2.233346
v -16.000000 -4.716153 2.233346
v -16.000000 -4.675702 2.262735
v -17.000000 -4.675702 2.262735
v 9.590842 -2.650959 3.733797
v 10.690840 -2.650959 3.733797
v 10.690840 -2.610508 3.763186
v 9.590842 -2.610508 3.763186
v 8.640842 -2.286901 3.998300
v 9.540842 -2.286901 3.998300
v 9.540842 -2.246451 4.027690
v 8.640842 -2.246451 4.027690
v 3.172710 -4.311644 2.527239
v 4.100000 -4.311644 2.527239
v 4.100000 -4.271194 2.556628
v 3.172710 -4.271194 2.556628
v 5.100000 -4.311644 2.527239
v 6.025000 -4.311644 2.527239
v 6.025000 -4.271194 2.556628
v 5.100000 -4.271194 2.556628
v 5.100000 -4.716153 2.233346
v 6.025000 -4.716153 2.233346
v 6.025000 -4.675702 2.262735
v 5.100000 -4.675702 2.262735
v 5.100000 -5.080211 1.968843
v 6.025000 -5.080211 1.968843
v 6.025000 -5.039760 1.998232
v 5.100000 -5.039760 1.998232
v 3.172710 -5.080211 1.968843
v 4.100000 -5.080211 1.968843
v 4.100000 -5.039760 1.998232
v 3.172710 -5.039760 1.998232
v 5.100000 -5.444268 1.704339
v 6.025000 -5.444268 1.704339
v 6.025000 -5.403817 1.733729
v 5.100000 -5.403817 1.733729
v -7.277289 -5.767875 1.469225
v -6.300000 -5.767875 1.469225
v -6.300000 -5.727424 1.498615
v -7.277289 -5.727424 1.498615
v 3.172710 -2.286901 3.998300
v 4.100000 -2.286901 3.998300
v 4.100000 -2.246451 4.027690
v 3.172710 -2.246451 4.027690
v -6.250000 -5.767875 1.469225
v -5.350000 -5.767875 1.469225
v -5.350000 -5.727424 1.498615
v -6.250000 -5.727424 1.498615
v -17.000000 -4.311644 2.527239
v -16.000000 -4.311644 2.527239
v -16.000000 -4.271194 2.556628
v -17.000000 -4.271194 2.556628
v -5.300000 -5.767875 1.469225
v -4.150000 -5.767875 1.469225
v -4.150000 -5.727424 1.498615
v -5.300000 -5.727424 1.498615
v -17.000000 -3.824034 2.881508
v -16.000000 -3.824034 2.881508
v -16.000000 -3.783583 2.910898
v -17.000000 -3.783583 2.910898
v -17.000000 -5.444268 1.704339
v -16.000000 -5.444268 1.704339
v -16.000000 -5.403817 1.733729
v -17.000000 -5.403817 1.733729
v 10.740840 -2.286901 3.998300
v 11.790840 -2.286901 3.998300
v 11.790840 -2.246451 4.027690
v 10.740840 -2.246451 4.027690
v -17.000000 -5.080211 1.968843
v -16.000000 -5.080211 1.968843
v -16.000000 -5.039760 1.998232
v -17.000000 -5.039760 1.998232
v -4.100000 -5.767875 1.469225
v -3.100000 -5.767875 1.469225
v -3.100000 -5.727424 1.498615
v -4.100000 -5.727424 1.498615
v -3.050000 -5.767875 1.469225
v -2.127290 -5.767875 1.469225
v -2.127290 -5.727424 1.498615
v -3.050000 -5.727424 1.498615
v -2.077290 -5.767875 1.469225
v -1.077290 -5.767875 1.469225
v -1.077290 -5.727424 1.498615
v -2.077290 -5.727424 1.498615
v -15.950000 -3.015017 3.469294
v -14.950000 -3.015017 3.469294
v -14.950000 -2.974566 3.498683
v -15.950000 -2.974566 3.498683
v -14.950000 -2.246451 4.027690
v -15.950000 -2.246451 4.027690
v -15.950000 -2.286901 3.998300
v -14.950000 -2.286901 3.998300
v 0.022710 -5.767875 1.469225
v 1.022710 -5.767875 1.469225
v 1.022710 -5.727424 1.498615
v 0.022710 -5.727424 1.498615
v -1.027290 -5.767875 1.469225
v -0.027290 -5.767875 1.469225
v -0.027290 -5.727424 1.498615
v -1.027290 -5.727424 1.498615
v 1.072710 -5.767875 1.469225
v 2.172710 -5.767875 1.469225
v 2.172710 -5.727424 1.498615
v 1.072710 -5.727424 1.498615
v 3.172710 -5.767875 1.469225
v 4.100000 -5.767875 1.469225
v 4.100000 -5.727424 1.498615
v 3.172710 -5.727424 1.498615
v 1.072710 -5.444268 1.704339
v 2.172710 -5.444268 1.704339
v 2.172710 -5.403817 1.733729
v 1.072710 -5.403817 1.733729
v 4.150000 -5.767875 1.469225
v 5.050000 -5.767875 1.469225
v 5.050000 -5.727424 1.498615
v 4.150000 -5.727424 1.498615
v -2.077290 -3.824034 2.881508
v -1.077290 -3.824034 2.881508
v -1.077290 -3.783583 2.910898
v -2.077290 -3.783583 2.910898
v 1.072710 -2.650959 3.733797
v 2.172710 -2.650959 3.733797
v 2.172710 -2.610508 3.763186
v 1.072710 -2.610508 3.763186
v 5.100000 -5.767875 1.469225
v 6.025000 -5.767875 1.469225
v 6.025000 -5.727424 1.498615
v 5.100000 -5.727424 1.498615
v 0.400000 -7.029941 0.552280
v 1.850000 -7.029941 0.552280
v 0.400000 -7.070392 0.522891
v 1.850000 -7.070392 0.522891
v 1.900000 -7.070392 0.522891
v 3.150000 -7.070392 0.522891
v 1.900000 -7.029941 0.552280
v 3.150000 -7.029941 0.552280
v 9.590842 -2.286901 3.998300
v 10.690840 -2.286901 3.998300
v 10.690840 -2.246451 4.027690
v 9.590842 -2.246451 4.027690
v -15.950000 -3.824034 2.881508
v -14.950000 -3.824034 2.881508
v -14.950000 -3.783583 2.910898
v -15.950000 -3.783583 2.910898
v -15.950000 -5.080211 1.968843
v -14.950000 -5.080211 1.968843
v -14.950000 -5.039760 1.998232
v -15.950000 -5.039760 1.998232
v 3.200000 -7.029941 0.552280
v 4.400000 -7.029941 0.552280
v 3.200000 -7.070392 0.522891
v 4.400000 -7.070392 0.522891
v 4.400000 -6.706335 0.787394
v 3.200000 -6.706335 0.787394
v 3.200000 -6.746785 0.758005
v 4.400000 -6.746785 0.758005
v 20.152720 -2.286901 3.998300
v 21.252720 -2.286901 3.998300
v 21.252720 -2.246451 4.027690
v 20.152720 -2.246451 4.027690
v 18.900000 -2.650959 3.733797
v 20.102720 -2.650959 3.733797
v 20.102720 -2.610508 3.763186
v 18.900000 -2.610508 3.763186
v 1.850000 -6.706335 0.787394
v 0.400000 -6.706335 0.787394
v 0.400000 -6.746785 0.758005
v 1.850000 -6.746785 0.758005
v 1.900000 -6.746785 0.758005
v 3.150000 -6.746785 0.758005
v 3.150000 -6.706335 0.787394
v 1.900000 -6.706335 0.787394
v -4.100000 -6.746785 0.758005
v -3.100000 -6.746785 0.758005
v -3.100000 -6.706335 0.787394
v -4.100000 -6.706335 0.787394
v 10.740840 -3.015017 3.469294
v 11.790840 -3.015017 3.469294
v 11.790840 -2.974566 3.498683
v 10.740840 -2.974566 3.498683
v -5.300000 -6.746785 0.758005
v -4.150000 -6.746785 0.758005
v -4.150000 -6.706335 0.787394
v -5.300000 -6.706335 0.787394
v -7.277289 -6.746785 0.758005
v -6.300000 -6.746785 0.758005
v -6.300000 -6.706335 0.787394
v -7.277289 -6.706335 0.787394
v 1.072710 -3.015017 3.469294
v 2.172710 -3.015017 3.469294
v 2.172710 -2.974566 3.498683
v 1.072710 -2.974566 3.498683
v -18.050000 -4.311644 2.527239
v -17.050000 -4.311644 2.527239
v -17.050000 -4.271194 2.556628
v -18.050000 -4.271194 2.556628
v -8.500000 -6.746785 0.758005
v -7.327289 -6.746785 0.758005
v -7.327289 -6.706335 0.787394
v -8.500000 -6.706335 0.787394
v -15.950000 -2.650959 3.733797
v -14.950000 -2.650959 3.733797
v -14.950000 -2.610508 3.763186
v -15.950000 -2.610508 3.763186
v -10.650000 -6.746785 0.758005
v -9.500000 -6.746785 0.758005
v -9.500000 -6.706335 0.787394
v -10.650000 -6.706335 0.787394
v 8.640842 -2.650959 3.733797
v 9.540842 -2.650959 3.733797
v 9.540842 -2.610508 3.763186
v 8.640842 -2.610508 3.763186
v -15.950000 -4.311644 2.527239
v -14.950000 -4.311644 2.527239
v -14.950000 -4.271194 2.556628
v -15.950000 -4.271194 2.556628
v -11.700000 -6.746785 0.758005
v -10.700000 -6.746785 0.758005
v -10.700000 -6.706335 0.787394
v -11.700000 -6.706335 0.787394
v -15.950000 -4.716153 2.233346
v -14.950000 -4.716153 2.233346
v -14.950000 -4.675702 2.262735
v -15.950000 -4.675702 2.262735
v -13.850000 -6.746785 0.758005
v -12.700000 -6.746785 0.758005
v -12.700000 -6.706335 0.787394
v -13.850000 -6.706335 0.787394
v 16.300000 -3.015017 3.469294
v 17.350000 -3.015017 3.469294
v 17.350000 -2.974566 3.498683
v 16.300000 -2.974566 3.498683
v -13.900000 -6.706335 0.787394
v -14.900000 -6.706335 0.787394
v -14.900000 -6.746785 0.758005
v -13.900000 -6.746785 0.758005
v -19.100000 -5.767875 1.469225
v -18.100000 -5.767875 1.469225
v -18.100000 -5.727424 1.498615
v -19.100000 -5.727424 1.498615
v -18.050000 -5.767875 1.469225
v -17.050000 -5.767875 1.469225
v -17.050000 -5.727424 1.498615
v -18.050000 -5.727424 1.498615
v 1.072710 -5.080211 1.968843
v 2.172710 -5.080211 1.968843
v 2.172710 -5.039760 1.998232
v 1.072710 -5.039760 1.998232
v -2.077290 -3.379074 3.204790
v -1.077290 -3.379074 3.204790
v -1.077290 -3.338624 3.234180
v -2.077290 -3.338624 3.234180
v -17.000000 -5.767875 1.469225
v -16.000000 -5.767875 1.469225
v -16.000000 -5.727424 1.498615
v -17.000000 -5.727424 1.498615
v -2.077290 -4.311644 2.527239
v -1.077290 -4.311644 2.527239
v -1.077290 -4.271194 2.556628
v -2.077290 -4.271194 2.556628
v 1.072710 -2.286901 3.998300
v 2.172710 -2.286901 3.998300
v 2.172710 -2.246451 4.027690
v 1.072710 -2.246451 4.027690
v -15.950000 -5.767875 1.469225
v -14.950000 -5.767875 1.469225
v -14.950000 -5.727424 1.498615
v -15.950000 -5.727424 1.498615
v -14.900000 -5.767875 1.469225
v -13.900000 -5.767875 1.469225
v -13.900000 -5.727424 1.498615
v -14.900000 -5.727424 1.498615
v -13.850000 -5.767875 1.469225
v -12.700000 -5.767875 1.469225
v -12.700000 -5.727424 1.498615
v -13.850000 -5.727424 1.498615
v -15.950000 -3.379074 3.204790
v -14.950000 -3.379074 3.204790
v -14.950000 -3.338624 3.234180
v -15.950000 -3.338624 3.234180
v 11.840840 -2.286901 3.998300
v 12.850000 -2.286901 3.998300
v 12.850000 -2.246451 4.027690
v 11.840840 -2.246451 4.027690
v -11.700000 -5.767875 1.469225
v -10.700000 -5.767875 1.469225
v -10.700000 -5.727424 1.498615
v -11.700000 -5.727424 1.498615
v -11.750000 -5.727424 1.498615
v -12.650000 -5.727424 1.498615
v -12.650000 -5.767875 1.469225
v -11.750000 -5.767875 1.469225
v -10.650000 -5.767875 1.469225
v -9.500000 -5.767875 1.469225
v -9.500000 -5.727424 1.498615
v -10.650000 -5.727424 1.498615
v -14.900000 -3.015017 3.469294
v -13.900000 -3.015017 3.469294
v -13.900000 -2.974566 3.498683
v -14.900000 -2.974566 3.498683
v -14.900000 -2.286901 3.998300
v -13.900000 -2.286901 3.998300
v -13.900000 -2.246451 4.027690
v -14.900000 -2.246451 4.027690
v -8.327289 -5.767875 1.469225
v -7.327289 -5.767875 1.469225
v -7.327289 -5.727424 1.498615
v -8.327289 -5.727424 1.498615
v -9.450000 -5.767875 1.469225
v -8.600000 -5.767875 1.469225
v -8.600000 -5.727424 1.498615
v -9.450000 -5.727424 1.498615
v 0.022710 -5.080211 1.968843
v 1.022710 -5.080211 1.968843
v 1.022710 -5.039760 1.998232
v 0.022710 -5.039760 1.998232
v -14.900000 -3.379074 3.204790
v -13.900000 -3.379074 3.204790
v -13.900000 -3.338624 3.234180
v -14.900000 -3.338624 3.234180
v -14.900000 -5.080211 1.968843
v -13.900000 -5.080211 1.968843
v -13.900000 -5.039760 1.998232
v -14.900000 -5.039760 1.998232
v 15.150000 -3.015017 3.469294
v 16.250000 -3.015017 3.469294
v 16.250000 -2.974566 3.498683
v 15.150000 -2.974566 3.498683
v -6.300000 -1.884593 4.290594
v -7.277289 -1.884593 4.290594
v -7.277289 -1.925044 4.261205
v -6.300000 -1.925044 4.261205
v -5.350000 -1.884593 4.290594
v -6.250000 -1.884593 4.290594
v -6.250000 -1.925044 4.261205
v -5.350000 -1.925044 4.261205
v -8.327289 -1.925044 4.261205
v -7.327289 -1.925044 4.261205
v -7.327289 -1.884593 4.290594
v -8.327289 -1.884593 4.290594
v 11.840840 -3.015017 3.469294
v 12.850000 -3.015017 3.469294
v 12.850000 -2.974566 3.498683
v 11.840840 -2.974566 3.498683
v -9.450000 -1.925044 4.261205
v -8.600000 -1.925044 4.261205
v -8.600000 -1.884593 4.290594
v -9.450000 -1.884593 4.290594
v -10.650000 -1.925044 4.261205
v -9.500000 -1.925044 4.261205
v -9.500000 -1.884593 4.290594
v -10.650000 -1.884593 4.290594
v -3.050000 -3.379074 3.204790
v -2.127290 -3.379074 3.204790
v -2.127290 -3.338624 3.234180
v -3.050000 -3.338624 3.234180
v -11.700000 -1.925044 4.261205
v -10.700000 -1.925044 4.261205
v -10.700000 -1.884593 4.290594
v -11.700000 -1.884593 4.290594
v 0.022710 -5.444268 1.704339
v 1.022710 -5.444268 1.704339
v 1.022710 -5.403817 1.733729
v 0.022710 -5.403817 1.733729
v -18.050000 -3.379074 3.204790
v -17.050000 -3.379074 3.204790
v -17.050000 -3.338624 3.234180
v -18.050000 -3.338624 3.234180
v -12.650000 -1.925044 4.261205
v -11.750000 -1.925044 4.261205
v -11.750000 -1.884593 4.290594
v -12.650000 -1.884593 4.290594
v -13.850000 -1.925044 4.261205
v -12.700000 -1.925044 4.261205
v -12.700000 -1.884593 4.290594
v -13.850000 -1.884593 4.290594
v -14.900000 -1.925044 4.261205
v -13.900000 -1.925044 4.261205
v -13.900000 -1.884593 4.290594
v -14.900000 -1.884593 4.290594
v 4.150000 -4.716153 2.233346
v 5.050000 -4.716153 2.233346
v 5.050000 -4.675702 2.262735
v 4.150000 -4.675702 2.262735
v -16.000000 -2.974566 3.498683
v -17.000000 -2.974566 3.498683
v -17.000000 -3.015017 3.469294
v -16.000000 -3.015017 3.469294
v -15.950000 -1.925044 4.261205
v -14.950000 -1.925044 4.261205
v -14.950000 -1.884593 4.290594
v -15.950000 -1.884593 4.290594
v -0.027290 -3.783583 2.910898
v -1.027290 -3.783583 2.910898
v -1.027290 -3.824034 2.881508
v -0.027290 -3.824034 2.881508
v -17.000000 -1.925044 4.261205
v -16.000000 -1.925044 4.261205
v -16.000000 -1.884593 4.290594
v -17.000000 -1.884593 4.290594
v -17.050000 -1.884593 4.290594
v -18.050000 -1.884593 4.290594
v -18.050000 -1.925044 4.261205
v -17.050000 -1.925044 4.261205
v -3.050000 -4.311644 2.527239
v -2.127290 -4.311644 2.527239
v -2.127290 -4.271194 2.556628
v -3.050000 -4.271194 2.556628
v -19.100000 -1.925044 4.261205
v -18.100000 -1.925044 4.261205
v -18.100000 -1.884593 4.290594
v -19.100000 -1.884593 4.290594
v 0.022710 -3.015017 3.469294
v 1.022710 -3.015017 3.469294
v 1.022710 -2.974566 3.498683
v 0.022710 -2.974566 3.498683
v -19.100000 -2.286901 3.998300
v -18.100000 -2.286901 3.998300
v -18.100000 -2.246451 4.027690
v -19.100000 -2.246451 4.027690
v 0.022710 -2.286901 3.998300
v 1.022710 -2.286901 3.998300
v 1.022710 -2.246451 4.027690
v 0.022710 -2.246451 4.027690
v -18.100000 -2.610508 3.763186
v -19.100000 -2.610508 3.763186
v -19.100000 -2.650959 3.733797
v -18.100000 -2.650959 3.733797
v -19.100000 -3.015017 3.469294
v -18.100000 -3.015017 3.469294
v -18.100000 -2.974566 3.498683
v -19.100000 -2.974566 3.498683
v 12.890840 -2.286901 3.998300
v 13.950000 -2.286901 3.998300
v 13.950000 -2.246451 4.027690
v 12.890840 -2.246451 4.027690
v 0.022710 -3.824034 2.881508
v 1.022710 -3.824034 2.881508
v 1.022710 -3.783583 2.910898
v 0.022710 -3.783583 2.910898
v 5.100000 -1.925044 4.261205
v 6.025000 -1.925044 4.261205
v 6.025000 -1.884593 4.290594
v 5.100000 -1.884593 4.290594
v 4.150000 -1.925044 4.261205
v 5.050000 -1.925044 4.261205
v 5.050000 -1.884593 4.290594
v 4.150000 -1.884593 4.290594
v 3.172710 -1.925044 4.261205
v 4.100000 -1.925044 4.261205
v 4.100000 -1.884593 4.290594
v 3.172710 -1.884593 4.290594
v -13.850000 -3.015017 3.469294
v -12.700000 -3.015017 3.469294
v -12.700000 -2.974566 3.498683
v -13.850000 -2.974566 3.498683
v 1.072710 -1.925044 4.261205
v 2.172710 -1.925044 4.261205
v 2.172710 -1.884593 4.290594
v 1.072710 -1.884593 4.290594
v 0.022710 -1.925044 4.261205
v 1.022710 -1.925044 4.261205
v 1.022710 -1.884593 4.290594
v 0.022710 -1.884593 4.290594
v -1.027290 -1.925044 4.261205
v -0.027290 -1.925044 4.261205
v -0.027290 -1.884593 4.290594
v -1.027290 -1.884593 4.290594
v -1.027290 -5.444268 1.704339
v -0.027290 -5.444268 1.704339
v -0.027290 -5.403817 1.733729
v -1.027290 -5.403817 1.733729
v 0.022710 -2.650959 3.733797
v 1.022710 -2.650959 3.733797
v 1.022710 -2.610508 3.763186
v 0.022710 -2.610508 3.763186
v -1.027290 -3.015017 3.469294
v -0.027290 -3.015017 3.469294
v -0.027290 -2.974566 3.498683
v -1.027290 -2.974566 3.498683
v -2.077290 -1.925044 4.261205
v -1.077290 -1.925044 4.261205
v -1.077290 -1.884593 4.290594
v -2.077290 -1.884593 4.290594
v -3.050000 -1.925044 4.261205
v -2.127290 -1.925044 4.261205
v -2.127290 -1.884593 4.290594
v -3.050000 -1.884593 4.290594
v -13.850000 -3.379074 3.204790
v -12.700000 -3.379074 3.204790
v -12.700000 -3.338624 3.234180
v -13.850000 -3.338624 3.234180
v -1.027290 -2.286901 3.998300
v -0.027290 -2.286901 3.998300
v -0.027290 -2.246451 4.027690
v -1.027290 -2.246451 4.027690
v -4.100000 -1.925044 4.261205
v -3.100000 -1.925044 4.261205
v -3.100000 -1.884593 4.290594
v -4.100000 -1.884593 4.290594
v -13.850000 -4.716153 2.233346
v -12.700000 -4.716153 2.233346
v -12.700000 -4.675702 2.262735
v -13.850000 -4.675702 2.262735
v -13.900000 -4.271194 2.556628
v -14.900000 -4.271194 2.556628
v -14.900000 -4.311644 2.527239
v -13.900000 -4.311644 2.527239
v -5.300000 -1.925044 4.261205
v -4.150000 -1.925044 4.261205
v -4.150000 -1.884593 4.290594
v -5.300000 -1.884593 4.290594
v -8.327289 -3.824034 2.881508
v -7.327289 -3.824034 2.881508
v -7.327289 -3.783583 2.910898
v -8.327289 -3.783583 2.910898
v 14.000000 -3.015017 3.469294
v 15.100000 -3.015017 3.469294
v 15.100000 -2.974566 3.498683
v 14.000000 -2.974566 3.498683
v -12.650000 -2.650959 3.733797
v -11.750000 -2.650959 3.733797
v -11.750000 -2.610508 3.763186
v -12.650000 -2.610508 3.763186
v -8.600000 -3.338624 3.234180
v -9.450000 -3.338624 3.234180
v -9.450000 -3.379074 3.204790
v -8.600000 -3.379074 3.204790
v 8.590842 -5.403817 1.733729
v 7.825000 -5.403817 1.733729
v 7.825000 -5.444268 1.704339
v 8.590842 -5.444268 1.704339
v 7.825000 -5.080211 1.968843
v 8.590842 -5.080211 1.968843
v 8.590842 -5.039760 1.998232
v 7.825000 -5.039760 1.998232
v 9.590842 -5.080211 1.968843
v 10.690840 -5.080211 1.968843
v 10.690840 -5.039760 1.998232
v 9.590842 -5.039760 1.998232
v 7.825000 -4.716153 2.233346
v 8.590842 -4.716153 2.233346
v 8.590842 -4.675702 2.262735
v 7.825000 -4.675702 2.262735
v -13.850000 -2.286901 3.998300
v -12.700000 -2.286901 3.998300
v -12.700000 -2.246451 4.027690
v -13.850000 -2.246451 4.027690
v 7.825000 -3.015017 3.469294
v 8.590842 -3.015017 3.469294
v 8.590842 -2.974566 3.498683
v 7.825000 -2.974566 3.498683
v -13.850000 -4.311644 2.527239
v -12.700000 -4.311644 2.527239
v -12.700000 -4.271194 2.556628
v -13.850000 -4.271194 2.556628
v 7.825000 -2.650959 3.733797
v 8.590842 -2.650959 3.733797
v 8.590842 -2.610508 3.763186
v 7.825000 -2.610508 3.763186
v -13.850000 -5.080211 1.968843
v -12.700000 -5.080211 1.968843
v -12.700000 -5.039760 1.998232
v -13.850000 -5.039760 1.998232
v 7.825000 -2.286901 3.998300
v 8.590842 -2.286901 3.998300
v 8.590842 -2.246451 4.027690
v 7.825000 -2.246451 4.027690
v 15.150000 -2.650959 3.733797
v 16.250000 -2.650959 3.733797
v 16.250000 -2.610508 3.763186
v 15.150000 -2.610508 3.763186
v -7.277289 -3.015017 3.469294
v -6.300000 -3.015017 3.469294
v -6.300000 -2.974566 3.498683
v -7.277289 -2.974566 3.498683
v -1.027290 -4.716153 2.233346
v -0.027290 -4.716153 2.233346
v -0.027290 -4.675702 2.262735
v -1.027290 -4.675702 2.262735
v -11.700000 -4.716153 2.233346
v -10.700000 -4.716153 2.233346
v -10.700000 -4.675702 2.262735
v -11.700000 -4.675702 2.262735
v -10.700000 -5.403817 1.733729
v -11.700000 -5.403817 1.733729
v -11.700000 -5.444268 1.704339
v -10.700000 -5.444268 1.704339
v 14.000000 -2.650959 3.733797
v 15.100000 -2.650959 3.733797
v 15.100000 -2.610508 3.763186
v 14.000000 -2.610508 3.763186
v -6.250000 -4.311644 2.527239
v -5.350000 -4.311644 2.527239
v -5.350000 -4.271194 2.556628
v -6.250000 -4.271194 2.556628
v -11.700000 -3.015017 3.469294
v -10.700000 -3.015017 3.469294
v -10.700000 -2.974566 3.498683
v -11.700000 -2.974566 3.498683
v 8.640842 -4.716153 2.233346
v 9.540842 -4.716153 2.233346
v 9.540842 -4.675702 2.262735
v 8.640842 -4.675702 2.262735
v 14.000000 -2.286901 3.998300
v 15.100000 -2.286901 3.998300
v 15.100000 -2.246451 4.027690
v 14.000000 -2.246451 4.027690
v -6.250000 -3.379074 3.204790
v -5.350000 -3.379074 3.204790
v -5.350000 -3.338624 3.234180
v -6.250000 -3.338624 3.234180
v -11.700000 -3.379074 3.204790
v -10.700000 -3.379074 3.204790
v -10.700000 -3.338624 3.234180
v -11.700000 -3.338624 3.234180
v -12.650000 -3.015017 3.469294
v -11.750000 -3.015017 3.469294
v -11.750000 -2.974566 3.498683
v -12.650000 -2.974566 3.498683
v 20.152720 -2.650959 3.733797
v 21.252720 -2.650959 3.733797
v 21.252720 -2.610508 3.763186
v 20.152720 -2.610508 3.763186
v -12.650000 -2.286901 3.998300
v -11.750000 -2.286901 3.998300
v -11.750000 -2.246451 4.027690
v -12.650000 -2.246451 4.027690
v -4.100000 -4.716153 2.233346
v -3.100000 -4.716153 2.233346
v -3.100000 -4.675702 2.262735
v -4.100000 -4.675702 2.262735
v -2.077290 -5.080211 1.968843
v -1.077290 -5.080211 1.968843
v -1.077290 -5.039760 1.998232
v -2.077290 -5.039760 1.998232
v -7.277289 -4.311644 2.527239
v -6.300000 -4.311644 2.527239
v -6.300000 -4.271194 2.556628
v -7.277289 -4.271194 2.556628
v -10.650000 -3.015017 3.469294
v -9.500000 -3.015017 3.469294
v -9.500000 -2.974566 3.498683
v -10.650000 -2.974566 3.498683
v -9.450000 -2.650959 3.733797
v -8.600000 -2.650959 3.733797
v -8.600000 -2.610508 3.763186
v -9.450000 -2.610508 3.763186
v -5.300000 -5.444268 1.704339
v -4.150000 -5.444268 1.704339
v -4.150000 -5.403817 1.733729
v -5.300000 -5.403817 1.733729
v -5.300000 -2.650959 3.733797
v -4.150000 -2.650959 3.733797
v -4.150000 -2.610508 3.763186
v -5.300000 -2.610508 3.763186
v -9.450000 -4.311644 2.527239
v -8.600000 -4.311644 2.527239
v -8.600000 -4.271194 2.556628
v -9.450000 -4.271194 2.556628
v -5.300000 -4.716153 2.233346
v -4.150000 -4.716153 2.233346
v -4.150000 -4.675702 2.262735
v -5.300000 -4.675702 2.262735
v -12.650000 -3.824034 2.881508
v -11.750000 -3.824034 2.881508
v -11.750000 -3.783583 2.910898
v -12.650000 -3.783583 2.910898
v -2.077290 -5.444268 1.704339
v -1.077290 -5.444268 1.704339
v -1.077290 -5.403817 1.733729
v -2.077290 -5.403817 1.733729
v -5.300000 -3.379074 3.204790
v -4.150000 -3.379074 3.204790
v -4.150000 -3.338624 3.234180
v -5.300000 -3.338624 3.234180
v -8.600000 -2.974566 3.498683
v -9.450000 -2.974566 3.498683
v -9.450000 -3.015017 3.469294
v -8.600000 -3.015017 3.469294
v -8.327289 -2.650959 3.733797
v -7.327289 -2.650959 3.733797
v -7.327289 -2.610508 3.763186
v -8.327289 -2.610508 3.763186
v -4.100000 -4.311644 2.527239
v -3.100000 -4.311644 2.527239
v -3.100000 -4.271194 2.556628
v -4.100000 -4.271194 2.556628
v -6.250000 -5.444268 1.704339
v -5.350000 -5.444268 1.704339
v -5.350000 -5.403817 1.733729
v -6.250000 -5.403817 1.733729
v -6.250000 -3.015017 3.469294
v -5.350000 -3.015017 3.469294
v -5.350000 -2.974566 3.498683
v -6.250000 -2.974566 3.498683
v 15.150000 -2.286901 3.998300
v 16.250000 -2.286901 3.998300
v 16.250000 -2.246451 4.027690
v 15.150000 -2.246451 4.027690
v -6.250000 -4.716153 2.233346
v -5.350000 -4.716153 2.233346
v -5.350000 -4.675702 2.262735
v -6.250000 -4.675702 2.262735
v -2.077290 -2.650959 3.733797
v -1.077290 -2.650959 3.733797
v -1.077290 -2.610508 3.763186
v -2.077290 -2.610508 3.763186
v -12.650000 -3.379074 3.204790
v -11.750000 -3.379074 3.204790
v -11.750000 -3.338624 3.234180
v -12.650000 -3.338624 3.234180
v -6.250000 -2.286901 3.998300
v -5.350000 -2.286901 3.998300
v -5.350000 -2.246451 4.027690
v -6.250000 -2.246451 4.027690
v -11.700000 -2.650959 3.733797
v -10.700000 -2.650959 3.733797
v -10.700000 -2.610508 3.763186
v -11.700000 -2.610508 3.763186
v -3.050000 -5.080211 1.968843
v -2.127290 -5.080211 1.968843
v -2.127290 -5.039760 1.998232
v -3.050000 -5.039760 1.998232
v -3.050000 -3.015017 3.469294
v -2.127290 -3.015017 3.469294
v -2.127290 -2.974566 3.498683
v -3.050000 -2.974566 3.498683
v -16.000000 -2.246451 4.027690
v -17.000000 -2.246451 4.027690
v -17.000000 -2.286901 3.998300
v -16.000000 -2.286901 3.998300
v -11.700000 -3.824034 2.881508
v -10.700000 -3.824034 2.881508
v -10.700000 -3.783583 2.910898
v -11.700000 -3.783583 2.910898
v -11.700000 -5.080211 1.968843
v -10.700000 -5.080211 1.968843
v -10.700000 -5.039760 1.998232
v -11.700000 -5.039760 1.998232
v 9.063614 -6.935408 0.620963
v 8.401570 -7.061851 0.529096
v 8.390082 -7.022483 0.557699
v 9.052126 -6.896040 0.649566
v -1.027290 -2.650959 3.733797
v -0.027290 -2.650959 3.733797
v -0.027290 -2.610508 3.763186
v -1.027290 -2.610508 3.763186
v 9.895008 -6.735059 0.766525
v 10.562390 -6.607597 0.859132
v 10.573870 -6.646965 0.830529
v 9.905859 -6.774549 0.737834
v 9.109787 -6.885027 0.657567
v 9.846342 -6.744354 0.759772
v 9.857192 -6.783844 0.731081
v 9.120638 -6.924517 0.628875
v 11.366281 -6.495625 0.940484
v 10.629730 -6.636299 0.838279
v 10.618870 -6.596808 0.866970
v 11.355430 -6.456135 0.969175
v 4.150000 -3.015017 3.469294
v 5.050000 -3.015017 3.469294
v 5.050000 -2.974566 3.498683
v 4.150000 -2.974566 3.498683
v 12.290940 -6.319025 1.068792
v 11.414950 -6.486330 0.947237
v 11.404100 -6.446840 0.975928
v 12.280090 -6.279534 1.097483
v 12.328760 -6.270239 1.104236
v 13.302090 -6.084344 1.239297
v 13.312939 -6.123834 1.210606
v 12.339611 -6.309730 1.075545
v -3.050000 -2.650959 3.733797
v -2.127290 -2.650959 3.733797
v -2.127290 -2.610508 3.763186
v -3.050000 -2.610508 3.763186
v 27.685520 -3.337271 3.235162
v 28.658850 -3.151376 3.370223
v 28.669700 -3.190866 3.341532
v 27.696370 -3.376761 3.206471
v -13.850000 -5.444268 1.704339
v -12.700000 -5.444268 1.704339
v -12.700000 -5.403817 1.733729
v -13.850000 -5.403817 1.733729
v 27.647700 -3.386056 3.199718
v 26.674370 -3.571951 3.064657
v 26.663521 -3.532461 3.093349
v 27.636851 -3.346566 3.228409
v -1.027290 -5.080211 1.968843
v -0.027290 -5.080211 1.968843
v -0.027290 -5.039760 1.998232
v -1.027290 -5.039760 1.998232
v 25.641521 -3.727651 2.951535
v 26.614861 -3.541756 3.086596
v 26.625710 -3.581246 3.057904
v 25.652380 -3.767141 2.922843
v 25.603711 -3.776436 2.916090
v 24.630381 -3.962331 2.781030
v 24.619529 -3.922841 2.809721
v 25.592859 -3.736946 2.944782
v -3.050000 -5.444268 1.704339
v -2.127290 -5.444268 1.704339
v -2.127290 -5.403817 1.733729
v -3.050000 -5.403817 1.733729
v 24.581709 -3.971626 2.774276
v 23.608379 -4.157521 2.639216
v 23.597529 -4.118031 2.667907
v 24.570859 -3.932136 2.802968
v -6.250000 -3.824034 2.881508
v -5.350000 -3.824034 2.881508
v -5.350000 -3.783583 2.910898
v -6.250000 -3.783583 2.910898
v -13.850000 -3.824034 2.881508
v -12.700000 -3.824034 2.881508
v -12.700000 -3.783583 2.910898
v -13.850000 -3.783583 2.910898
v 23.559709 -4.166816 2.632463
v 22.586379 -4.352711 2.497402
v 22.575530 -4.313221 2.526093
v 23.548860 -4.127326 2.661154
v -3.050000 -2.286901 3.998300
v -2.127290 -2.286901 3.998300
v -2.127290 -2.246451 4.027690
v -3.050000 -2.246451 4.027690
v 22.537720 -4.362006 2.490649
v 21.564390 -4.547901 2.355588
v 21.553540 -4.508411 2.384279
v 22.526870 -4.322516 2.519340
v 21.515720 -4.557196 2.348835
v 20.639719 -4.724502 2.227280
v 20.628870 -4.685011 2.255972
v 21.504871 -4.517706 2.377526
v -11.700000 -4.311644 2.527239
v -10.700000 -4.311644 2.527239
v -10.700000 -4.271194 2.556628
v -11.700000 -4.271194 2.556628
v 20.591050 -4.733796 2.220527
v 19.854500 -4.874470 2.118322
v 19.843650 -4.834980 2.147013
v 20.580210 -4.694306 2.249219
v 0.022710 -4.716153 2.233346
v 1.022710 -4.716153 2.233346
v 1.022710 -4.675702 2.262735
v 0.022710 -4.675702 2.262735
v 19.798370 -4.885190 2.110534
v 19.117100 -5.015305 2.015999
v 19.105610 -4.975937 2.044602
v 19.786890 -4.845821 2.139137
v 3.172710 -4.716153 2.233346
v 4.100000 -4.716153 2.233346
v 4.100000 -4.675702 2.262735
v 3.172710 -4.675702 2.262735
v 17.851880 -5.256948 1.840435
v 16.956300 -5.427995 1.716163
v 16.945439 -5.388505 1.744854
v 17.840389 -5.217580 1.869038
v -10.650000 -2.650959 3.733797
v -9.500000 -2.650959 3.733797
v -9.500000 -2.610508 3.763186
v -10.650000 -2.610508 3.763186
v -4.100000 -5.444268 1.704339
v -3.100000 -5.444268 1.704339
v -3.100000 -5.403817 1.733729
v -4.100000 -5.403817 1.733729
v 16.907629 -5.437290 1.709409
v 15.934301 -5.623185 1.574349
v 15.923450 -5.583694 1.603040
v 16.896780 -5.397800 1.738101
v 14.960970 -5.809080 1.439288
v 14.224410 -5.949754 1.337083
v 14.213560 -5.910264 1.365774
v 14.950120 -5.769590 1.467979
v 15.885630 -5.632480 1.567596
v 15.009630 -5.799786 1.446041
v 14.998781 -5.760295 1.474732
v 15.874780 -5.592990 1.596287
v -4.100000 -5.080211 1.968843
v -3.100000 -5.080211 1.968843
v -3.100000 -5.039760 1.998232
v -4.100000 -5.039760 1.998232
v 14.168330 -5.960464 1.329301
v 13.361610 -6.114540 1.217359
v 13.350760 -6.075049 1.246050
v 14.156851 -5.921096 1.357904
v 17.400000 -2.286901 3.998300
v 18.500000 -2.286901 3.998300
v 18.500000 -2.246451 4.027690
v 17.400000 -2.246451 4.027690
v -7.277289 -3.379074 3.204790
v -6.300000 -3.379074 3.204790
v -6.300000 -3.338624 3.234180
v -7.277289 -3.338624 3.234180
v 28.442571 -1.884593 4.290594
v 27.042571 -1.884593 4.290594
v 27.042571 -1.925044 4.261205
v 28.442571 -1.925044 4.261205
v -5.300000 -3.824034 2.881508
v -4.150000 -3.824034 2.881508
v -4.150000 -3.783583 2.910898
v -5.300000 -3.783583 2.910898
v -4.100000 -2.650959 3.733797
v -3.100000 -2.650959 3.733797
v -3.100000 -2.610508 3.763186
v -4.100000 -2.610508 3.763186
v 25.585701 -1.884593 4.290594
v 24.485701 -1.884593 4.290594
v 24.485701 -1.925044 4.261205
v 25.585701 -1.925044 4.261205
v -7.277289 -5.444268 1.704339
v -6.300000 -5.444268 1.704339
v -6.300000 -5.403817 1.733729
v -7.277289 -5.403817 1.733729
v -4.100000 -2.286901 3.998300
v -3.100000 -2.286901 3.998300
v -3.100000 -2.246451 4.027690
v -4.100000 -2.246451 4.027690
v 23.385701 -1.925044 4.261205
v 24.435701 -1.925044 4.261205
v 24.435701 -1.884593 4.290594
v 23.385701 -1.884593 4.290594
v -10.650000 -2.286901 3.998300
v -9.500000 -2.286901 3.998300
v -9.500000 -2.246451 4.027690
v -10.650000 -2.246451 4.027690
v -10.650000 -4.311644 2.527239
v -9.500000 -4.311644 2.527239
v -9.500000 -4.271194 2.556628
v -10.650000 -4.271194 2.556628
v 22.452720 -1.925044 4.261205
v 23.335701 -1.925044 4.261205
v 23.335701 -1.884593 4.290594
v 22.452720 -1.884593 4.290594
v -10.650000 -3.824034 2.881508
v -9.500000 -3.824034 2.881508
v -9.500000 -3.783583 2.910898
v -10.650000 -3.783583 2.910898
v -9.500000 -5.039760 1.998232
v -10.650000 -5.039760 1.998232
v -10.650000 -5.080211 1.968843
v -9.500000 -5.080211 1.968843
v 21.302720 -1.925044 4.261205
v 22.402720 -1.925044 4.261205
v 22.402720 -1.884593 4.290594
v 21.302720 -1.884593 4.290594
v -2.077290 -4.716153 2.233346
v -1.077290 -4.716153 2.233346
v -1.077290 -4.675702 2.262735
v -2.077290 -4.675702 2.262735
v 20.152720 -1.925044 4.261205
v 21.252720 -1.925044 4.261205
v 21.252720 -1.884593 4.290594
v 20.152720 -1.884593 4.290594
v -7.277289 -3.824034 2.881508
v -6.300000 -3.824034 2.881508
v -6.300000 -3.783583 2.910898
v -7.277289 -3.783583 2.910898
v 18.900000 -1.925044 4.261205
v 20.102720 -1.925044 4.261205
v 20.102720 -1.884593 4.290594
v 18.900000 -1.884593 4.290594
v -4.100000 -3.015017 3.469294
v -3.100000 -3.015017 3.469294
v -3.100000 -2.974566 3.498683
v -4.100000 -2.974566 3.498683
v 17.400000 -1.925044 4.261205
v 18.500000 -1.925044 4.261205
v 18.500000 -1.884593 4.290594
v 17.400000 -1.884593 4.290594
v 16.300000 -1.925044 4.261205
v 17.350000 -1.925044 4.261205
v 17.350000 -1.884593 4.290594
v 16.300000 -1.884593 4.290594
v -10.650000 -3.379074 3.204790
v -9.500000 -3.379074 3.204790
v -9.500000 -3.338624 3.234180
v -10.650000 -3.338624 3.234180
v 21.302720 -2.286901 3.998300
v 22.402720 -2.286901 3.998300
v 22.402720 -2.246451 4.027690
v 21.302720 -2.246451 4.027690
v 15.150000 -1.925044 4.261205
v 16.250000 -1.925044 4.261205
v 16.250000 -1.884593 4.290594
v 15.150000 -1.884593 4.290594
v -9.500000 -4.675702 2.262735
v -10.650000 -4.675702 2.262735
v -10.650000 -4.716153 2.233346
v -9.500000 -4.716153 2.233346
v -10.650000 -5.444268 1.704339
v -9.500000 -5.444268 1.704339
v -9.500000 -5.403817 1.733729
v -10.650000 -5.403817 1.733729
v 14.000000 -1.925044 4.261205
v 15.100000 -1.925044 4.261205
v 15.100000 -1.884593 4.290594
v 14.000000 -1.884593 4.290594
v 12.890840 -1.925044 4.261205
v 13.950000 -1.925044 4.261205
v 13.950000 -1.884593 4.290594
v 12.890840 -1.884593 4.290594
v 11.840840 -1.925044 4.261205
v 12.850000 -1.925044 4.261205
v 12.850000 -1.884593 4.290594
v 11.840840 -1.884593 4.290594
v -5.300000 -4.311644 2.527239
v -4.150000 -4.311644 2.527239
v -4.150000 -4.271194 2.556628
v -5.300000 -4.271194 2.556628
v -9.450000 -2.286901 3.998300
v -8.600000 -2.286901 3.998300
v -8.600000 -2.246451 4.027690
v -9.450000 -2.246451 4.027690
v 9.590842 -1.925044 4.261205
v 10.690840 -1.925044 4.261205
v 10.690840 -1.884593 4.290594
v 9.590842 -1.884593 4.290594
v 10.740840 -1.925044 4.261205
v 11.790840 -1.925044 4.261205
v 11.790840 -1.884593 4.290594
v 10.740840 -1.884593 4.290594
v -5.300000 -5.080211 1.968843
v -4.150000 -5.080211 1.968843
v -4.150000 -5.039760 1.998232
v -5.300000 -5.039760 1.998232
v 8.640842 -1.925044 4.261205
v 9.540842 -1.925044 4.261205
v 9.540842 -1.884593 4.290594
v 8.640842 -1.884593 4.290594
v -7.327289 -3.338624 3.234180
v -8.327289 -3.338624 3.234180
v -8.327289 -3.379074 3.204790
v -7.327289 -3.379074 3.204790
v -9.450000 -3.824034 2.881508
v -8.600000 -3.824034 2.881508
v -8.600000 -3.783583 2.910898
v -9.450000 -3.783583 2.910898
v 7.825000 -1.925044 4.261205
v 8.590842 -1.925044 4.261205
v 8.590842 -1.884593 4.290594
v 7.825000 -1.884593 4.290594
v 8.590842 -5.727424 1.498615
v 7.825000 -5.727424 1.498615
v 7.825000 -5.767875 1.469225
v 8.590842 -5.767875 1.469225
v 8.640842 -5.767875 1.469225
v 9.540842 -5.767875 1.469225
v 9.540842 -5.727424 1.498615
v 8.640842 -5.727424 1.498615
v -2.077290 -2.286901 3.998300
v -1.077290 -2.286901 3.998300
v -1.077290 -2.246451 4.027690
v -2.077290 -2.246451 4.027690
v 10.690840 -5.403817 1.733729
v 9.590842 -5.403817 1.733729
v 9.590842 -5.444268 1.704339
v 10.690840 -5.444268 1.704339
v 16.300000 -2.650959 3.733797
v 17.350000 -2.650959 3.733797
v 17.350000 -2.610508 3.763186
v 16.300000 -2.610508 3.763186
v 10.690840 -5.727424 1.498615
v 9.590842 -5.727424 1.498615
v 9.590842 -5.767875 1.469225
v 10.690840 -5.767875 1.469225
v -8.327289 -4.311644 2.527239
v -7.327289 -4.311644 2.527239
v -7.327289 -4.271194 2.556628
v -8.327289 -4.271194 2.556628
v 12.890840 -5.080211 1.968843
v 13.950000 -5.080211 1.968843
v 13.950000 -5.039760 1.998232
v 12.890840 -5.039760 1.998232
v -5.300000 -2.286901 3.998300
v -4.150000 -2.286901 3.998300
v -4.150000 -2.246451 4.027690
v -5.300000 -2.246451 4.027690
v 14.000000 -4.716153 2.233346
v 14.332100 -4.716153 2.233346
v -4.100000 -3.824034 2.881508
v -3.100000 -3.824034 2.881508
v -3.100000 -3.783583 2.910898
v -4.100000 -3.783583 2.910898
v -11.750000 -5.039760 1.998232
v -12.650000 -5.039760 1.998232
v -12.650000 -5.080211 1.968843
v -11.750000 -5.080211 1.968843
v 14.332100 -5.039760 1.998232
v 14.000000 -5.039760 1.998232
v 14.000000 -5.080211 1.968843
v 14.332100 -5.080211 1.968843
v -11.750000 -4.271194 2.556628
v -12.650000 -4.271194 2.556628
v -12.650000 -4.311644 2.527239
v -11.750000 -4.311644 2.527239
v 17.158630 -4.271194 2.556628
v 16.300000 -4.271194 2.556628
v 16.300000 -4.311644 2.527239
v 17.158630 -4.311644 2.527239
v -9.450000 -5.080211 1.968843
v -8.600000 -5.080211 1.968843
v -8.600000 -5.039760 1.998232
v -9.450000 -5.039760 1.998232
v 15.150000 -4.311644 2.527239
v 16.250000 -4.311644 2.527239
v 16.250000 -4.271194 2.556628
v 15.150000 -4.271194 2.556628
v 12.890840 -3.015017 3.469294
v 13.950000 -3.015017 3.469294
v 13.950000 -2.974566 3.498683
v 12.890840 -2.974566 3.498683
v -5.300000 -3.015017 3.469294
v -4.150000 -3.015017 3.469294
v -4.150000 -2.974566 3.498683
v -5.300000 -2.974566 3.498683
v 15.100000 -4.271194 2.556628
v 14.000000 -4.271194 2.556628
v 14.000000 -4.311644 2.527239
v 15.100000 -4.311644 2.527239
v 12.890840 -4.311644 2.527239
v 13.950000 -4.311644 2.527239
v 13.950000 -4.271194 2.556628
v 12.890840 -4.271194 2.556628
v -12.650000 -5.444268 1.704339
v -11.750000 -5.444268 1.704339
v -11.750000 -5.403817 1.733729
v -12.650000 -5.403817 1.733729
v 11.840840 -4.311644 2.527239
v 12.850000 -4.311644 2.527239
v 12.850000 -4.271194 2.556628
v 11.840840 -4.271194 2.556628
v -4.100000 -3.379074 3.204790
v -3.100000 -3.379074 3.204790
v -3.100000 -3.338624 3.234180
v -4.100000 -3.338624 3.234180
v 10.740840 -4.311644 2.527239
v 11.790840 -4.311644 2.527239
v 11.790840 -4.271194 2.556628
v 10.740840 -4.271194 2.556628
v -9.450000 -4.716153 2.233346
v -8.600000 -4.716153 2.233346
v -8.600000 -4.675702 2.262735
v -9.450000 -4.675702 2.262735
v -9.450000 -5.444268 1.704339
v -8.600000 -5.444268 1.704339
v -8.600000 -5.403817 1.733729
v -9.450000 -5.403817 1.733729
v 9.590842 -4.311644 2.527239
v 10.690840 -4.311644 2.527239
v 10.690840 -4.271194 2.556628
v 9.590842 -4.271194 2.556628
v 8.640842 -4.311644 2.527239
v 9.540842 -4.311644 2.527239
v 9.540842 -4.271194 2.556628
v 8.640842 -4.271194 2.556628
v 7.825000 -4.311644 2.527239
v 8.590842 -4.311644 2.527239
v 8.590842 -4.271194 2.556628
v 7.825000 -4.271194 2.556628
v -8.327289 -2.286901 3.998300
v -7.327289 -2.286901 3.998300
v -7.327289 -2.246451 4.027690
v -8.327289 -2.246451 4.027690
v -7.327289 -2.974566 3.498683
v -8.327289 -2.974566 3.498683
v -8.327289 -3.015017 3.469294
v -7.327289 -3.015017 3.469294
v -6.250000 -5.080211 1.968843
v -5.350000 -5.080211 1.968843
v -5.350000 -5.039760 1.998232
v -6.250000 -5.039760 1.998232
v 7.825000 -3.379074 3.204790
v 8.590842 -3.379074 3.204790
v 8.590842 -3.338624 3.234180
v 7.825000 -3.338624 3.234180
v 8.640842 -3.379074 3.204790
v 9.540842 -3.379074 3.204790
v 9.540842 -3.338624 3.234180
v 8.640842 -3.338624 3.234180
v -6.250000 -2.650959 3.733797
v -5.350000 -2.650959 3.733797
v -5.350000 -2.610508 3.763186
v -6.250000 -2.610508 3.763186
v 9.590842 -3.379074 3.204790
v 10.690840 -3.379074 3.204790
v 10.690840 -3.338624 3.234180
v 9.590842 -3.338624 3.234180
v -8.327289 -4.716153 2.233346
v -7.327289 -4.716153 2.233346
v -7.327289 -4.675702 2.262735
v -8.327289 -4.675702 2.262735
v 11.840840 -3.379074 3.204790
v 12.850000 -3.379074 3.204790
v 12.850000 -3.338624 3.234180
v 11.840840 -3.338624 3.234180
v 10.740840 -3.379074 3.204790
v 11.790840 -3.379074 3.204790
v 11.790840 -3.338624 3.234180
v 10.740840 -3.338624 3.234180
v 12.890840 -3.379074 3.204790
v 13.950000 -3.379074 3.204790
v 13.950000 -3.338624 3.234180
v 12.890840 -3.338624 3.234180
v -2.077290 -3.015017 3.469294
v -1.077290 -3.015017 3.469294
v -1.077290 -2.974566 3.498683
v -2.077290 -2.974566 3.498683
v 14.000000 -3.379074 3.204790
v 15.100000 -3.379074 3.204790
v 15.100000 -3.338624 3.234180
v 14.000000 -3.338624 3.234180
v 15.150000 -3.379074 3.204790
v 16.250000 -3.379074 3.204790
v 16.250000 -3.338624 3.234180
v 15.150000 -3.338624 3.234180
v 16.300000 -3.379074 3.204790
v 17.350000 -3.379074 3.204790
v 17.350000 -3.338624 3.234180
v 16.300000 -3.338624 3.234180
v -8.327289 -5.080211 1.968843
v -7.327289 -5.080211 1.968843
v -7.327289 -5.039760 1.998232
v -8.327289 -5.039760 1.998232
v -11.750000 -4.675702 2.262735
v -12.650000 -4.675702 2.262735
v -12.650000 -4.716153 2.233346
v -11.750000 -4.716153 2.233346
v 17.400000 -3.379074 3.204790
v 18.500000 -3.379074 3.204790
v 18.500000 -3.338624 3.234180
v 17.400000 -3.338624 3.234180
v 20.102720 -3.338624 3.234180
v 18.900000 -3.338624 3.234180
v 18.900000 -3.379074 3.204790
v 20.102720 -3.379074 3.204790
v 20.152720 -3.379074 3.204790
v 21.252720 -3.379074 3.204790
v 21.252720 -3.338624 3.234180
v 20.152720 -3.338624 3.234180
v 16.300000 -2.286901 3.998300
v 17.350000 -2.286901 3.998300
v 17.350000 -2.246451 4.027690
v 16.300000 -2.246451 4.027690
v -8.327289 -5.444268 1.704339
v -7.327289 -5.444268 1.704339
v -7.327289 -5.403817 1.733729
v -8.327289 -5.403817 1.733729
v 22.402720 -3.338624 3.234180
v 21.302720 -3.338624 3.234180
v 21.302720 -3.379074 3.204790
v 22.402720 -3.379074 3.204790
v 21.302720 -3.015017 3.469294
v 22.402720 -3.015017 3.469294
v 22.402720 -2.974566 3.498683
v 21.302720 -2.974566 3.498683
v -6.300000 -2.246451 4.027690
v -7.277289 -2.246451 4.027690
v -7.277289 -2.286901 3.998300
v -6.300000 -2.286901 3.998300
v 23.335701 -2.610508 3.763186
v 22.452720 -2.610508 3.763186
v 22.452720 -2.650959 3.733797
v 23.335701 -2.650959 3.733797
v 22.490210 -2.974566 3.498683
v 22.452720 -2.974566 3.498683
v 22.490210 -2.976766 3.497084
v -7.277289 -4.716153 2.233346
v -6.300000 -4.716153 2.233346
v -6.300000 -4.675702 2.262735
v -7.277289 -4.675702 2.262735
v -3.050000 -4.716153 2.233346
v -2.127290 -4.716153 2.233346
v -2.127290 -4.675702 2.262735
v -3.050000 -4.675702 2.262735
v 25.585701 -2.610508 3.763186
v 24.485701 -2.610508 3.763186
v 24.485701 -2.650959 3.733797
v 25.585701 -2.650959 3.733797
v 23.385701 -2.650959 3.733797
v 24.435701 -2.650959 3.733797
v 24.435701 -2.610508 3.763186
v 23.385701 -2.610508 3.763186
v -6.300000 -2.610508 3.763186
v -7.277289 -2.610508 3.763186
v -7.277289 -2.650959 3.733797
v -6.300000 -2.650959 3.733797
v 24.485701 -2.286901 3.998300
v 25.585701 -2.286901 3.998300
v 25.585701 -2.246451 4.027690
v 24.485701 -2.246451 4.027690
v 25.700000 -2.246451 4.027690
v 25.635701 -2.246451 4.027690
v 25.700000 -2.248651 4.026091
v -11.700000 -2.286901 3.998300
v -10.700000 -2.286901 3.998300
v -10.700000 -2.246451 4.027690
v -11.700000 -2.246451 4.027690
v 25.635701 -1.925044 4.261205
v 26.992571 -1.925044 4.261205
v 26.992571 -1.884593 4.290594
v 25.635701 -1.884593 4.290594
v -7.277289 -5.080211 1.968843
v -6.300000 -5.080211 1.968843
v -6.300000 -5.039760 1.998232
v -7.277289 -5.039760 1.998232
v 28.442571 -1.520536 4.555098
v 28.442571 -2.248651 4.026091
v 18.900000 -1.520536 4.555098
v 18.900000 -3.704882 2.968078
v 18.500000 -3.704882 2.968078
v 18.500000 -1.520536 4.555098
v 7.825000 -1.520536 4.555098
v 7.825000 -3.704882 2.968078
v 17.158630 -3.947587 2.791742
v 17.158630 -4.675702 2.262735
v 7.825000 -3.947587 2.791742
v 7.825000 -6.131932 1.204722
v 14.332100 -5.403817 1.733729
v 28.572041 -2.835453 3.599754
v 28.767361 -3.546279 3.083309
v 19.220490 -5.369623 1.758572
v 19.013710 -4.660987 2.273426
v 8.504962 -7.416169 0.271669
v 8.298179 -6.707533 0.786524
v 17.748490 -4.902630 2.097862
v 17.955270 -5.611266 1.583008
v 6.025000 -3.704882 2.968078
v 6.025000 -1.520536 4.555098
v 3.172710 -1.520536 4.555098
v 3.172710 -3.704882 2.968078
v 6.025000 -6.131932 1.204722
v 6.025000 -3.947587 2.791742
v 3.172710 -3.947587 2.791742
v 3.172710 -6.131932 1.204722
v 4.400000 -7.313098 0.346555
v 4.400000 -6.382728 1.022508
v 0.400000 -6.382728 1.022508
v 0.400000 -7.313098 0.346555
v 2.172710 -6.131932 1.204722
v 2.172710 -1.520536 4.555098
v -8.327289 -1.520536 4.555098
v -8.327289 -6.131932 1.204722
v -8.600000 -6.131932 1.204722
v -8.600000 -1.520536 4.555098
v -19.100000 -1.520536 4.555098
v -19.100000 -6.131932 1.204722
v -3.100000 -7.313098 0.346555
v -3.100000 -8.122114 -0.241230
v -13.400000 -8.122114 -0.241230
v -13.400000 -7.313098 0.346555
v -3.100000 -6.382728 1.022508
v -8.500000 -6.382728 1.022508
v -13.900000 -6.382728 1.022508
v -14.900000 -6.382728 1.022508
v -12.700000 -6.382728 1.022508
v -13.850000 -6.382728 1.022508
v -10.700000 -6.382728 1.022508
v -11.700000 -6.382728 1.022508
v -9.500000 -6.382728 1.022508
v -10.650000 -6.382728 1.022508
v -7.327289 -6.382728 1.022508
v -6.300000 -6.382728 1.022508
v -7.277289 -6.382728 1.022508
v -4.150000 -6.382728 1.022508
v -5.300000 -6.382728 1.022508
v -4.100000 -6.382728 1.022508
v -4.150000 -8.122114 -0.241230
v -5.300000 -8.122114 -0.241230
v -4.150000 -7.313098 0.346555
v -5.300000 -7.313098 0.346555
v -4.100000 -7.313098 0.346555
v -4.100000 -8.122114 -0.241230
v -5.350000 -7.313098 0.346555
v -6.250000 -7.313098 0.346555
v -5.350000 -8.122114 -0.241230
v -6.250000 -8.122114 -0.241230
v -6.300000 -7.313098 0.346555
v -7.277289 -7.313098 0.346555
v -6.300000 -8.122114 -0.241230
v -7.277289 -8.122114 -0.241230
v -7.327289 -8.122114 -0.241230
v -8.300000 -8.122114 -0.241230
v -7.327289 -7.313098 0.346555
v -8.300000 -7.313098 0.346555
v -8.350000 -8.122114 -0.241230
v -9.450000 -8.122114 -0.241230
v -8.350000 -7.313098 0.346555
v -9.450000 -7.313098 0.346555
v -9.500000 -7.313098 0.346555
v -10.650000 -7.313098 0.346555
v -9.500000 -8.122114 -0.241230
v -10.650000 -8.122114 -0.241230
v -10.700000 -7.313098 0.346555
v -11.700000 -7.313098 0.346555
v -10.700000 -8.122114 -0.241230
v -11.700000 -8.122114 -0.241230
v -11.750000 -7.313098 0.346555
v -12.650000 -7.313098 0.346555
v -11.750000 -8.122114 -0.241230
v -12.650000 -8.122114 -0.241230
v -12.700000 -8.122114 -0.241230
v -12.700000 -7.313098 0.346555
v -9.500000 -1.520536 4.555098
v -10.650000 -1.520536 4.555098
v -9.500000 -6.131932 1.204722
v -10.650000 -6.131932 1.204722
v -9.450000 -6.131932 1.204722
v -9.450000 -1.520536 4.555098
v -10.700000 -6.131932 1.204722
v -11.700000 -6.131932 1.204722
v -10.700000 -1.520536 4.555098
v -11.700000 -1.520536 4.555098
v -11.750000 -6.131932 1.204722
v -12.650000 -6.131932 1.204722
v -11.750000 -1.520536 4.555098
v -12.650000 -1.520536 4.555098
v -12.700000 -1.520536 4.555098
v -13.850000 -1.520536 4.555098
v -12.700000 -6.131932 1.204722
v -13.850000 -6.131932 1.204722
v -13.900000 -1.520536 4.555098
v -14.900000 -1.520536 4.555098
v -13.900000 -6.131932 1.204722
v -14.900000 -6.131932 1.204722
v -14.950000 -6.131932 1.204722
v -15.950000 -6.131932 1.204722
v -14.950000 -1.520536 4.555098
v -15.950000 -1.520536 4.555098
v -16.000000 -6.131932 1.204722
v -17.000000 -6.131932 1.204722
v -16.000000 -1.520536 4.555098
v -17.000000 -1.520536 4.555098
v -17.050000 -6.131932 1.204722
v -18.050000 -6.131932 1.204722
v -17.050000 -1.520536 4.555098
v -18.050000 -1.520536 4.555098
v -18.100000 -1.520536 4.555098
v -18.100000 -6.131932 1.204722
v 1.022710 -1.520536 4.555098
v 0.022710 -1.520536 4.555098
v 1.022710 -6.131932 1.204722
v 0.022710 -6.131932 1.204722
v 1.072710 -6.131932 1.204722
v 1.072710 -1.520536 4.555098
v -0.027290 -6.131932 1.204722
v -1.027290 -6.131932 1.204722
v -0.027290 -1.520536 4.555098
v -1.027290 -1.520536 4.555098
v -1.077290 -6.131932 1.204722
v -2.077290 -6.131932 1.204722
v -1.077290 -1.520536 4.555098
v -2.077290 -1.520536 4.555098
v -2.127290 -1.520536 4.555098
v -3.050000 -1.520536 4.555098
v -2.127290 -6.131932 1.204722
v -3.050000 -6.131932 1.204722
v -3.100000 -1.520536 4.555098
v -4.100000 -1.520536 4.555098
v -3.100000 -6.131932 1.204722
v -4.100000 -6.131932 1.204722
v -4.150000 -1.520536 4.555098
v -5.300000 -1.520536 4.555098
v -4.150000 -6.131932 1.204722
v -5.300000 -6.131932 1.204722
v -7.327289 -1.520536 4.555098
v -7.327289 -6.131932 1.204722
v -5.350000 -6.131932 1.204722
v -6.250000 -6.131932 1.204722
v -6.300000 -6.131932 1.204722
v -7.277289 -6.131932 1.204722
v -6.250000 -1.555103 4.529983
v -5.350000 -1.520536 4.555098
v -7.277289 -1.520536 4.555098
v -6.300000 -1.564777 4.522955
v 3.150000 -6.382728 1.022508
v 1.900000 -6.382728 1.022508
v 3.150000 -7.313098 0.346555
v 1.900000 -7.313098 0.346555
v 3.200000 -7.313098 0.346555
v 3.200000 -6.382728 1.022508
v 1.850000 -6.382728 1.022508
v 1.850000 -7.313098 0.346555
v 5.050000 -3.947587 2.791742
v 4.150000 -3.947587 2.791742
v 5.050000 -6.131932 1.204722
v 4.150000 -6.131932 1.204722
v 5.100000 -6.131932 1.204722
v 5.100000 -3.947587 2.791742
v 4.100000 -3.947587 2.791742
v 4.100000 -6.131932 1.204722
v 5.050000 -1.520536 4.555098
v 4.150000 -1.520536 4.555098
v 5.050000 -3.704882 2.968078
v 4.150000 -3.704882 2.968078
v 5.100000 -3.704882 2.968078
v 5.100000 -1.520536 4.555098
v 4.100000 -1.520536 4.555098
v 4.100000 -3.704882 2.968078
v 9.759532 -6.428431 0.989303
v 9.022977 -6.569105 0.887098
v 9.954854 -7.139257 0.472858
v 9.218299 -7.279930 0.370653
v 9.167006 -7.289727 0.363535
v 8.960222 -6.581090 0.878390
v 10.677271 -7.001284 0.573101
v 10.003520 -7.129962 0.479611
v 10.470480 -6.292647 1.087956
v 9.808198 -6.419136 0.996056
v 11.463940 -6.851038 0.682262
v 10.727390 -6.991711 0.580056
v 11.268621 -6.140212 1.198707
v 10.532070 -6.280886 1.096501
v 12.193280 -5.963611 1.327014
v 11.317290 -6.130917 1.205460
v 12.388610 -6.674437 0.810569
v 11.512610 -6.841743 0.689015
v 13.215280 -5.768422 1.468828
v 12.241949 -5.954317 1.333767
v 13.410601 -6.479247 0.952383
v 12.437271 -6.665142 0.817322
v 14.271730 -6.314782 1.071874
v 13.459270 -6.469952 0.959136
v 14.064940 -5.606146 1.586728
v 13.263950 -5.759127 1.475581
v 15.058630 -6.164493 1.181065
v 14.322070 -6.305167 1.078860
v 14.863311 -5.453668 1.697510
v 14.126750 -5.594341 1.595305
v 17.005291 -5.792703 1.451187
v 16.031960 -5.978598 1.316126
v 16.809969 -5.081877 1.967632
v 15.836639 -5.267772 1.832571
v 16.858630 -5.072582 1.974385
v 17.053960 -5.783408 1.457940
v 15.787970 -5.277067 1.825818
v 14.911970 -5.444373 1.704263
v 15.983290 -5.987892 1.309373
v 15.107290 -6.155198 1.187818
v 27.745359 -3.741469 2.941496
v 26.772029 -3.927364 2.806435
v 27.550039 -3.030643 3.457941
v 26.576709 -3.216538 3.322880
v 27.598711 -3.021349 3.464694
v 27.794031 -3.732174 2.948249
v 26.528040 -3.225833 3.316127
v 25.554709 -3.411729 3.181066
v 26.723369 -3.936659 2.799682
v 25.750039 -4.122554 2.664621
v 25.506050 -3.421023 3.174313
v 24.532720 -3.606918 3.039252
v 25.701370 -4.131849 2.657868
v 24.728040 -4.317744 2.522807
v 24.679370 -4.327039 2.516054
v 23.706040 -4.512934 2.380993
v 24.484050 -3.616213 3.032499
v 23.510720 -3.802108 2.897438
v 23.657380 -4.522229 2.374240
v 22.684050 -4.708124 2.239179
v 23.462051 -3.811403 2.890685
v 22.488721 -3.997299 2.755624
v 22.440061 -4.006593 2.748871
v 21.466731 -4.192488 2.613810
v 22.635381 -4.717419 2.232426
v 21.662051 -4.903314 2.097366
v 21.418059 -4.201783 2.607057
v 20.542061 -4.369089 2.485503
v 21.613379 -4.912609 2.090612
v 20.737380 -5.079915 1.969058
v 20.493391 -4.378384 2.478750
v 19.756840 -4.519057 2.376544
v 20.688721 -5.089209 1.962305
v 19.952159 -5.229883 1.860099
v 19.901770 -5.239508 1.853106
v 19.694980 -4.530872 2.367961
v 16.250000 -3.947587 2.791742
v 15.150000 -3.947587 2.791742
v 16.300000 -3.947587 2.791742
v 16.300000 -4.675702 2.262735
v 14.000000 -5.403817 1.733729
v 15.100000 -3.947587 2.791742
v 14.000000 -3.947587 2.791742
v 13.950000 -3.947587 2.791742
v 12.890840 -3.947587 2.791742
v 12.850000 -3.947587 2.791742
v 11.840840 -3.947587 2.791742
v 11.790840 -3.947587 2.791742
v 10.740840 -3.947587 2.791742
v 10.690840 -6.131932 1.204722
v 9.590842 -6.131932 1.204722
v 10.690840 -3.947587 2.791742
v 9.590842 -3.947587 2.791742
v 8.590842 -3.947587 2.791742
v 8.590842 -6.131932 1.204722
v 9.540842 -6.131932 1.204722
v 8.640842 -6.131932 1.204722
v 9.540842 -3.947587 2.791742
v 8.640842 -3.947587 2.791742
v 17.350000 -1.520536 4.555098
v 16.300000 -1.520536 4.555098
v 17.350000 -3.704882 2.968078
v 16.300000 -3.704882 2.968078
v 17.400000 -3.704882 2.968078
v 17.400000 -1.520536 4.555098
v 16.250000 -3.704882 2.968078
v 15.150000 -3.704882 2.968078
v 16.250000 -1.520536 4.555098
v 15.150000 -1.520536 4.555098
v 15.100000 -3.704882 2.968078
v 14.000000 -3.704882 2.968078
v 15.100000 -1.520536 4.555098
v 14.000000 -1.520536 4.555098
v 13.950000 -1.520536 4.555098
v 12.890840 -1.520536 4.555098
v 13.950000 -3.704882 2.968078
v 12.890840 -3.704882 2.968078
v 12.850000 -1.520536 4.555098
v 11.840840 -1.520536 4.555098
v 12.850000 -3.704882 2.968078
v 11.840840 -3.704882 2.968078
v 11.790840 -3.704882 2.968078
v 10.740840 -3.704882 2.968078
v 11.790840 -1.520536 4.555098
v 10.740840 -1.520536 4.555098
v 10.690840 -3.704882 2.968078
v 9.590842 -3.704882 2.968078
v 10.690840 -1.520536 4.555098
v 9.590842 -1.520536 4.555098
v 9.540842 -3.704882 2.968078
v 8.640842 -3.704882 2.968078
v 9.540842 -1.520536 4.555098
v 8.640842 -1.520536 4.555098
v 8.590842 -1.520536 4.555098
v 8.590842 -3.704882 2.968078
v 23.335701 -2.976766 3.497084
v 26.992571 -2.248651 4.026091
v 26.992571 -1.520536 4.555098
v 25.635701 -1.520536 4.555098
v 27.042571 -1.520536 4.555098
v 27.042571 -2.248651 4.026091
v 25.585701 -2.976766 3.497084
v 24.485701 -2.976766 3.497084
v 25.585701 -1.520536 4.555098
v 24.485701 -1.520536 4.555098
v 24.435701 -2.976766 3.497084
v 23.385701 -2.976766 3.497084
v 24.435701 -1.520536 4.555098
v 23.385701 -1.520536 4.555098
v 23.335701 -1.520536 4.555098
v 22.452720 -1.520536 4.555098
v 22.402720 -3.704882 2.968078
v 21.302720 -3.704882 2.968078
v 22.402720 -1.520536 4.555098
v 21.302720 -1.520536 4.555098
v 21.252720 -3.704882 2.968078
v 20.152720 -3.704882 2.968078
v 21.252720 -1.520536 4.555098
v 20.152720 -1.520536 4.555098
v 20.102720 -1.520536 4.555098
v 20.102720 -3.704882 2.968078
v -20.000000 6.465195 -1.822965
v -20.000000 6.580477 -1.771644
v -20.000000 6.650000 -2.050000
v -20.000000 6.650000 -1.666333
v -20.000000 -2.188807 2.648092
v -20.000000 -2.570868 3.173953
v -20.000000 -1.250000 2.010000
v -20.000000 2.570868 3.173953
v -20.000000 1.053489 4.400000
v -20.000000 3.137180 2.762503
v -20.000000 -5.957180 0.010000
v -20.000000 -6.650000 0.010000
v -20.000000 -4.440000 0.190000
v -20.000000 -6.050000 -2.340000
v -20.000000 -6.050000 -2.050000
v -20.000000 -5.650000 -2.340000
v -20.000000 1.100000 4.400000
v -20.000000 1.100000 4.428011
v -20.000000 6.650000 0.333897
v -20.000000 4.440000 0.190000
v -20.000000 4.440000 0.830000
v -20.000000 6.650000 -1.150000
v -20.000000 6.650000 -1.533667
v -20.000000 6.580477 -1.428356
v -20.000000 6.465195 -1.377035
v -20.000000 6.340415 -1.395847
v -20.000000 6.050000 -2.050000
v -20.000000 6.050000 -2.340000
v -20.000000 5.650000 -2.340000
v -20.000000 5.957180 -0.560000
v -20.000000 6.180000 -0.630000
v -20.000000 6.180000 -1.150000
v -20.000000 6.210000 -1.600000
v -20.000000 6.245386 -1.721127
v -20.000000 6.340415 -1.804153
v -20.000000 -3.360000 -2.750000
v -20.000000 -3.360000 -2.100000
v -20.000000 -2.755119 2.236642
v -20.000000 -1.250000 -0.850000
v -20.000000 1.250000 -0.850000
v -20.000000 3.360000 -2.750000
v -20.000000 -6.650000 -2.050000
v -20.000000 -6.650000 -1.666333
v -20.000000 -6.580477 -1.771644
v -20.000000 -6.465195 -1.822965
v -20.000000 -6.650000 -1.150000
v -20.000000 -6.340415 -1.395847
v -20.000000 -6.465195 -1.377035
v -20.000000 -6.580477 -1.428356
v -20.000000 -6.650000 -1.533667
v -20.000000 -5.957180 -0.560000
v -20.000000 -6.180000 -0.630000
v -20.000000 -6.650000 -0.630000
v -20.000000 -6.650000 -0.560000
v -20.000000 -6.650000 0.333897
v -20.000000 -3.137180 2.762503
v -20.000000 -4.440000 0.830000
v -20.000000 -1.053489 4.400000
v -20.000000 -1.100000 4.400000
v -20.000000 -1.100000 4.428011
v -20.000000 -0.900000 4.459310
v -20.000000 -0.250000 4.459310
v -20.000000 -0.250000 4.009310
v -20.000000 6.245386 -1.478873
v -20.000000 2.755119 2.236642
v -20.000000 4.100000 0.830000
v -20.000000 4.100000 0.190000
v -20.000000 3.360000 -2.100000
v -20.000000 1.250000 2.010000
v -20.000000 2.188807 2.648092
v -20.000000 -6.180000 -1.150000
v -20.000000 -6.210000 -1.600000
v -20.000000 -6.245386 -1.478873
v -20.000000 -6.340415 -1.804153
v -20.000000 -6.245386 -1.721127
v -20.000000 -7.002200 0.139811
v -20.000000 -1.058732 4.600000
v -20.000000 -0.900000 4.600000
v -20.000000 6.650000 0.010000
v -20.000000 5.957180 0.010000
v -20.000000 -4.060000 -2.100000
v -20.000000 -4.100000 0.190000
v -20.000000 -4.100000 0.830000
v -20.000000 0.250000 4.009310
v -20.000000 4.060000 -2.100000
v -20.000000 4.060000 -2.750000
v -20.000000 5.650000 -2.750000
v -20.000000 1.058732 4.600000
v -20.000000 1.138150 4.709310
v -20.000000 7.149147 0.342066
v -20.000000 7.002200 0.139811
v -20.000000 -5.650000 -2.750000
v -20.000000 -4.060000 -2.750000
v -20.000000 6.650000 -0.630000
v -20.000000 6.650000 -0.560000
v -20.000000 0.250000 4.459310
v -20.000000 0.900000 4.459310
v -20.000000 0.900000 4.600000
v -18.350000 -7.002200 0.139811
v -18.350000 -6.650000 0.395700
v -18.350000 -6.650000 0.333897
v -18.350000 -6.325598 0.569589
v -0.240000 -6.900000 0.214391
v -0.240000 -6.900000 0.214065
v -0.240000 -7.511881 -0.230493
v -0.240000 -6.899550 0.214391
v -0.240000 -6.775676 0.304391
v -2.090000 -6.900000 0.214065
v -2.090000 -6.900000 0.214391
v -2.090000 -6.899550 0.214391
v -2.090000 -6.775676 0.304391
v -2.090000 -7.786947 -0.430340
v -16.025000 -7.002200 0.139811
v -13.270000 -8.110554 -0.665454
v -17.650000 -7.002200 0.139811
v -17.650000 -6.650000 0.395700
v -17.650000 -6.325598 0.569589
v -17.650000 -6.650000 0.333897
v 6.825000 -7.511881 -0.230493
v 6.825000 -6.650000 0.395700
v 6.825000 -6.650000 0.333897
v 6.825000 -1.215846 4.282040
v 6.925000 -6.650000 0.395700
v 6.925000 -7.511881 -0.230493
v 6.925000 -1.215846 4.282040
v 6.925000 -6.650000 0.333897
v 12.890840 5.345039 1.652827
v 12.890840 5.403817 1.733729
v 13.545020 5.345039 1.652827
v 13.545020 5.403817 1.733729
v 13.950000 5.345039 1.652827
v 13.950000 5.403817 1.733729
v 15.150000 4.616924 2.181834
v 15.150000 4.675702 2.262735
v 15.446160 4.616924 2.181834
v 15.446160 4.675702 2.262735
v 16.250000 4.616924 2.181834
v 16.250000 4.675702 2.262735
v -17.650000 6.501933 0.812294
v -14.900000 6.688007 0.677103
v -14.900000 6.971163 0.471379
v -14.900000 6.647556 0.706493
v 4.400000 7.254319 0.265654
v 5.950000 7.023749 0.433172
v 6.825000 7.658828 -0.028239
v -18.050000 1.461757 4.474196
v -17.360000 1.392182 4.524746
v -17.050000 1.461757 4.474196
v -12.700000 6.073154 1.123820
v -12.650000 6.073154 1.123820
v -12.700000 6.323950 0.941607
v -9.500000 6.323950 0.941607
v -9.500000 6.073154 1.123820
v -9.450000 6.073154 1.123820
v 1.850000 6.323950 0.941607
v 1.022710 6.073154 1.123820
v 1.072710 6.073154 1.123820
v 4.100000 6.073154 1.123820
v 3.200000 6.323950 0.941607
v 3.172710 6.073154 1.123820
v -1.077290 1.866266 4.180303
v -2.077290 1.866266 4.180303
v -2.077290 1.825815 4.209693
v -1.077290 1.825815 4.209693
v -1.027290 1.825815 4.209693
v -1.027290 1.866266 4.180303
v -1.027290 2.187672 3.946788
v -1.077290 2.187672 3.946788
v -6.250000 4.212415 2.475726
v -5.350000 4.212415 2.475726
v -5.350000 4.252866 2.446337
v -6.250000 4.252866 2.446337
v -6.300000 4.252866 2.446337
v -6.300000 4.212415 2.475726
v -6.300000 3.765255 2.800607
v -6.250000 3.765255 2.800607
v -6.250000 5.668646 1.417713
v -5.350000 5.668646 1.417713
v -5.350000 5.709097 1.388324
v -6.250000 5.709097 1.388324
v -6.300000 5.709097 1.388324
v -6.300000 5.668646 1.417713
v -6.300000 5.385490 1.623438
v -6.250000 5.385490 1.623438
v -2.127290 1.866266 4.180303
v -2.127290 1.825815 4.209693
v -2.127290 1.461757 4.474196
v -2.077290 1.461757 4.474196
v -4.100000 1.825815 4.209693
v -3.100000 1.825815 4.209693
v -3.100000 1.866266 4.180303
v -4.100000 1.866266 4.180303
v -4.150000 1.866266 4.180303
v -4.150000 1.825815 4.209693
v -4.150000 1.461757 4.474196
v -4.100000 1.461757 4.474196
v 1.072710 3.724804 2.829996
v 2.172710 3.724804 2.829996
v 2.172710 3.765255 2.800607
v 1.072710 3.765255 2.800607
v 1.022710 3.765255 2.800607
v 1.022710 3.724804 2.829996
v 1.022710 3.320296 3.123889
v 1.072710 3.320296 3.123889
v 5.100000 4.980981 1.917330
v 6.025000 4.980981 1.917330
v 6.025000 5.021432 1.887941
v 5.100000 5.021432 1.887941
v 5.050000 5.021432 1.887941
v 5.050000 4.980981 1.917330
v 5.050000 4.657374 2.152444
v 5.100000 4.657374 2.152444
v -6.250000 4.980981 1.917330
v -5.350000 4.980981 1.917330
v -5.350000 5.021432 1.887941
v -6.250000 5.021432 1.887941
v -6.300000 5.021432 1.887941
v -6.300000 4.980981 1.917330
v -6.300000 4.657374 2.152444
v -6.250000 4.657374 2.152444
v -8.600000 4.252866 2.446337
v -9.450000 4.252866 2.446337
v -9.450000 4.212415 2.475726
v -8.600000 4.212415 2.475726
v -8.327289 4.212415 2.475726
v -8.327289 4.252866 2.446337
v -8.327289 4.616924 2.181834
v -8.600000 4.616924 2.181834
v -5.300000 5.345039 1.652827
v -4.150000 5.345039 1.652827
v -4.150000 5.385490 1.623438
v -5.300000 5.385490 1.623438
v -5.350000 5.385490 1.623438
v -5.350000 5.345039 1.652827
v -5.300000 5.021432 1.887941
v -7.327289 4.252866 2.446337
v -7.327289 4.212415 2.475726
v -7.277289 4.212415 2.475726
v -7.277289 4.252866 2.446337
v -7.277289 4.616924 2.181834
v -7.327289 4.616924 2.181834
v -6.250000 5.345039 1.652827
v -6.300000 5.345039 1.652827
v -6.250000 4.616924 2.181834
v -5.350000 4.616924 2.181834
v -5.350000 4.657374 2.152444
v -6.300000 4.616924 2.181834
v -5.300000 4.212415 2.475726
v -5.300000 4.252866 2.446337
v -5.300000 4.616924 2.181834
v -7.277289 3.724804 2.829996
v -6.300000 3.724804 2.829996
v -7.277289 3.765255 2.800607
v -7.327289 3.765255 2.800607
v -7.327289 3.724804 2.829996
v -7.327289 3.320296 3.123889
v -7.277289 3.320296 3.123889
v 5.100000 1.825815 4.209693
v 6.025000 1.825815 4.209693
v 6.025000 1.866266 4.180303
v 5.100000 1.866266 4.180303
v 5.050000 1.866266 4.180303
v 5.050000 1.825815 4.209693
v 5.050000 1.461757 4.474196
v 5.100000 1.461757 4.474196
v -5.350000 1.866266 4.180303
v -6.250000 1.866266 4.180303
v -6.250000 1.825815 4.209693
v -5.350000 1.825815 4.209693
v -5.300000 1.825815 4.209693
v -5.300000 1.866266 4.180303
v -5.300000 2.187672 3.946788
v -5.350000 2.187672 3.946788
v -6.250000 2.187672 3.946788
v -5.350000 2.228123 3.917399
v -6.250000 2.228123 3.917399
v -6.300000 2.228123 3.917399
v -6.300000 2.187672 3.946788
v -6.300000 1.866266 4.180303
v -3.050000 1.825815 4.209693
v -3.050000 1.866266 4.180303
v -3.050000 2.187672 3.946788
v -3.100000 2.187672 3.946788
v -15.950000 1.825815 4.209693
v -14.950000 1.825815 4.209693
v -14.950000 1.866266 4.180303
v -15.950000 1.866266 4.180303
v -16.000000 1.866266 4.180303
v -16.000000 1.825815 4.209693
v -16.000000 1.461757 4.474196
v -15.950000 1.461757 4.474196
v 0.022710 1.825815 4.209693
v 1.022710 1.825815 4.209693
v 1.022710 1.866266 4.180303
v 0.022710 1.866266 4.180303
v -0.027290 1.866266 4.180303
v -0.027290 1.825815 4.209693
v -0.027290 1.461757 4.474196
v 0.022710 1.461757 4.474196
v -4.150000 4.616924 2.181834
v -4.150000 4.657374 2.152444
v -5.300000 4.657374 2.152444
v -4.150000 4.252866 2.446337
v -4.150000 4.212415 2.475726
v -4.100000 4.212415 2.475726
v -4.100000 4.252866 2.446337
v -4.100000 4.616924 2.181834
v -7.327289 2.592180 3.652896
v -8.327289 2.592180 3.652896
v -8.327289 2.551730 3.682285
v -7.327289 2.551730 3.682285
v -7.277289 2.551730 3.682285
v -7.277289 2.592180 3.652896
v -7.277289 2.915787 3.417781
v -7.327289 2.915787 3.417781
v -18.100000 2.228123 3.917399
v -19.100000 2.228123 3.917399
v -19.100000 2.187672 3.946788
v -18.100000 2.187672 3.946788
v -18.050000 2.187672 3.946788
v -18.050000 2.228123 3.917399
v -18.050000 2.551730 3.682285
v -18.100000 2.551730 3.682285
v 4.100000 1.866266 4.180303
v 3.172710 1.866266 4.180303
v 3.172710 1.825815 4.209693
v 4.100000 1.825815 4.209693
v 4.150000 1.825815 4.209693
v 4.150000 1.866266 4.180303
v 4.150000 2.187672 3.946788
v 4.100000 2.187672 3.946788
v -17.050000 2.228123 3.917399
v -17.050000 2.187672 3.946788
v -17.000000 2.187672 3.946788
v -17.000000 2.228123 3.917399
v -17.000000 2.551730 3.682285
v -17.050000 2.551730 3.682285
v -3.100000 4.252866 2.446337
v -3.100000 4.212415 2.475726
v -3.050000 4.212415 2.475726
v -3.050000 4.252866 2.446337
v -3.050000 4.616924 2.181834
v -3.100000 4.616924 2.181834
v -2.127290 4.252866 2.446337
v -2.127290 4.212415 2.475726
v -2.077290 4.212415 2.475726
v -2.077290 4.252866 2.446337
v -2.077290 4.616924 2.181834
v -2.127290 4.616924 2.181834
v -1.077290 4.252866 2.446337
v -1.077290 4.212415 2.475726
v -1.027290 4.212415 2.475726
v -1.027290 4.252866 2.446337
v -1.027290 4.616924 2.181834
v -1.077290 4.616924 2.181834
v -0.027290 4.252866 2.446337
v -0.027290 4.212415 2.475726
v 0.022710 4.212415 2.475726
v 0.022710 4.252866 2.446337
v 0.022710 4.616924 2.181834
v -0.027290 4.616924 2.181834
v 1.022710 4.252866 2.446337
v 1.022710 4.212415 2.475726
v 1.072710 4.212415 2.475726
v 1.072710 4.252866 2.446337
v 1.072710 4.616924 2.181834
v 1.022710 4.616924 2.181834
v 2.172710 1.866266 4.180303
v 2.172710 1.825815 4.209693
v 2.172710 1.461757 4.474196
v 3.172710 1.461757 4.474196
v -6.300000 2.956238 3.388392
v -7.277289 2.956238 3.388392
v -6.300000 2.915787 3.417781
v -6.250000 2.915787 3.417781
v -6.250000 2.956238 3.388392
v -6.250000 3.279845 3.153278
v -6.300000 3.279845 3.153278
v -7.327289 5.021432 1.887941
v -8.327289 5.021432 1.887941
v -8.327289 4.980981 1.917330
v -7.327289 4.980981 1.917330
v -7.277289 4.980981 1.917330
v -7.277289 5.021432 1.887941
v -7.277289 5.345039 1.652827
v -7.327289 5.345039 1.652827
v -5.350000 3.279845 3.153278
v -5.350000 3.320296 3.123889
v -6.250000 3.320296 3.123889
v -6.300000 3.320296 3.123889
v -5.350000 2.956238 3.388392
v -5.350000 2.915787 3.417781
v -5.300000 2.915787 3.417781
v -5.300000 2.956238 3.388392
v -5.300000 3.279845 3.153278
v -6.250000 2.551730 3.682285
v -5.350000 2.551730 3.682285
v -5.350000 2.592180 3.652896
v -6.250000 2.592180 3.652896
v -6.300000 2.592180 3.652896
v -6.300000 2.551730 3.682285
v -5.300000 2.228123 3.917399
v -5.300000 2.551730 3.682285
v -7.327289 2.956238 3.388392
v -8.327289 2.956238 3.388392
v -8.327289 2.915787 3.417781
v -7.277289 3.279845 3.153278
v -7.327289 3.279845 3.153278
v -8.327289 3.279845 3.153278
v -8.327289 3.320296 3.123889
v -8.600000 3.320296 3.123889
v -8.600000 3.279845 3.153278
v -8.600000 2.956238 3.388392
v -7.327289 4.657374 2.152444
v -8.327289 4.657374 2.152444
v -7.277289 4.657374 2.152444
v -8.600000 5.021432 1.887941
v -8.600000 4.980981 1.917330
v -8.600000 4.657374 2.152444
v -7.327289 5.385490 1.623438
v -8.327289 5.385490 1.623438
v -8.327289 5.345039 1.652827
v -7.277289 5.385490 1.623438
v -7.277289 5.668646 1.417713
v -7.327289 5.668646 1.417713
v -7.327289 2.228123 3.917399
v -8.327289 2.228123 3.917399
v -8.327289 2.187672 3.946788
v -7.327289 2.187672 3.946788
v -7.277289 2.187672 3.946788
v -7.277289 2.228123 3.917399
v -8.600000 2.592180 3.652896
v -8.600000 2.551730 3.682285
v -8.600000 2.228123 3.917399
v -4.100000 5.345039 1.652827
v -4.100000 5.385490 1.623438
v -4.100000 5.668646 1.417713
v -4.150000 5.668646 1.417713
v -5.300000 4.980981 1.917330
v -4.150000 4.980981 1.917330
v -4.150000 5.021432 1.887941
v -4.100000 4.657374 2.152444
v -4.100000 4.980981 1.917330
v -4.150000 2.956238 3.388392
v -4.150000 2.915787 3.417781
v -4.100000 2.915787 3.417781
v -4.100000 2.956238 3.388392
v -4.100000 3.279845 3.153278
v -4.150000 3.279845 3.153278
v -4.150000 2.551730 3.682285
v -4.150000 2.592180 3.652896
v -5.300000 2.592180 3.652896
v -4.150000 2.228123 3.917399
v -4.150000 2.187672 3.946788
v -4.100000 2.187672 3.946788
v -4.100000 2.228123 3.917399
v -4.100000 2.551730 3.682285
v -9.450000 2.956238 3.388392
v -9.450000 2.915787 3.417781
v -8.600000 2.915787 3.417781
v -9.450000 3.279845 3.153278
v -9.450000 3.320296 3.123889
v -9.500000 3.320296 3.123889
v -9.500000 3.279845 3.153278
v -9.500000 2.956238 3.388392
v -8.600000 3.765255 2.800607
v -9.450000 3.765255 2.800607
v -9.450000 3.724804 2.829996
v -8.600000 3.724804 2.829996
v -8.327289 3.724804 2.829996
v -8.327289 3.765255 2.800607
v -9.500000 4.252866 2.446337
v -9.500000 4.212415 2.475726
v -9.500000 3.765255 2.800607
v -9.450000 4.657374 2.152444
v -9.450000 4.616924 2.181834
v -9.450000 4.980981 1.917330
v -9.450000 5.021432 1.887941
v -9.500000 5.021432 1.887941
v -9.500000 4.980981 1.917330
v -9.500000 4.657374 2.152444
v -8.600000 5.385490 1.623438
v -9.450000 5.385490 1.623438
v -9.450000 5.345039 1.652827
v -8.600000 5.345039 1.652827
v -8.327289 5.668646 1.417713
v -8.600000 5.668646 1.417713
v -9.450000 2.228123 3.917399
v -9.450000 2.187672 3.946788
v -8.600000 2.187672 3.946788
v -9.450000 2.551730 3.682285
v -9.450000 2.592180 3.652896
v -9.500000 2.592180 3.652896
v -9.500000 2.551730 3.682285
v -9.500000 2.228123 3.917399
v -3.100000 4.980981 1.917330
v -3.100000 5.021432 1.887941
v -4.100000 5.021432 1.887941
v -3.100000 4.657374 2.152444
v -3.050000 4.657374 2.152444
v -3.050000 4.980981 1.917330
v -3.050000 5.345039 1.652827
v -2.127290 5.345039 1.652827
v -2.127290 5.385490 1.623438
v -3.050000 5.385490 1.623438
v -3.100000 5.385490 1.623438
v -3.100000 5.345039 1.652827
v -3.050000 5.021432 1.887941
v -3.100000 2.956238 3.388392
v -3.100000 2.915787 3.417781
v -3.050000 2.915787 3.417781
v -3.050000 2.956238 3.388392
v -3.050000 3.279845 3.153278
v -3.100000 3.279845 3.153278
v -3.100000 2.551730 3.682285
v -3.100000 2.592180 3.652896
v -4.100000 2.592180 3.652896
v -3.100000 2.228123 3.917399
v -3.050000 2.228123 3.917399
v -3.050000 2.551730 3.682285
v -10.650000 2.956238 3.388392
v -10.650000 2.915787 3.417781
v -9.500000 2.915787 3.417781
v -10.650000 3.279845 3.153278
v -10.650000 3.320296 3.123889
v -10.700000 3.320296 3.123889
v -10.700000 3.279845 3.153278
v -10.700000 2.956238 3.388392
v -10.650000 3.765255 2.800607
v -10.650000 3.724804 2.829996
v -9.500000 3.724804 2.829996
v -10.650000 4.212415 2.475726
v -10.650000 4.252866 2.446337
v -10.700000 4.252866 2.446337
v -10.700000 4.212415 2.475726
v -10.700000 3.765255 2.800607
v -10.650000 4.657374 2.152444
v -10.650000 4.616924 2.181834
v -9.500000 4.616924 2.181834
v -10.650000 4.980981 1.917330
v -10.650000 5.021432 1.887941
v -10.700000 5.021432 1.887941
v -10.700000 4.980981 1.917330
v -10.700000 4.657374 2.152444
v -9.500000 5.385490 1.623438
v -10.650000 5.385490 1.623438
v -10.650000 5.345039 1.652827
v -9.500000 5.345039 1.652827
v -9.450000 5.668646 1.417713
v -9.500000 5.668646 1.417713
v -10.650000 5.668646 1.417713
v -9.500000 5.709097 1.388324
v -10.650000 5.709097 1.388324
v -10.700000 5.709097 1.388324
v -10.700000 5.668646 1.417713
v -10.700000 5.385490 1.623438
v -10.650000 2.228123 3.917399
v -10.650000 2.187672 3.946788
v -9.500000 2.187672 3.946788
v -10.650000 2.551730 3.682285
v -10.650000 2.592180 3.652896
v -10.700000 2.592180 3.652896
v -10.700000 2.551730 3.682285
v -10.700000 2.228123 3.917399
v -2.077290 5.345039 1.652827
v -2.077290 5.385490 1.623438
v -2.077290 5.668646 1.417713
v -2.127290 5.668646 1.417713
v -2.127290 4.980981 1.917330
v -2.127290 5.021432 1.887941
v -2.127290 4.657374 2.152444
v -2.077290 4.657374 2.152444
v -2.077290 4.980981 1.917330
v -6.250000 3.724804 2.829996
v -5.350000 3.724804 2.829996
v -5.350000 3.765255 2.800607
v -5.300000 3.320296 3.123889
v -5.300000 3.724804 2.829996
v -2.127290 2.956238 3.388392
v -2.127290 2.915787 3.417781
v -2.077290 2.915787 3.417781
v -2.077290 2.956238 3.388392
v -2.077290 3.279845 3.153278
v -2.127290 3.279845 3.153278
v -2.127290 2.551730 3.682285
v -2.127290 2.592180 3.652896
v -3.050000 2.592180 3.652896
v -2.127290 2.228123 3.917399
v -2.127290 2.187672 3.946788
v -2.077290 2.187672 3.946788
v -2.077290 2.228123 3.917399
v -2.077290 2.551730 3.682285
v -11.700000 2.956238 3.388392
v -11.700000 2.915787 3.417781
v -10.700000 2.915787 3.417781
v -11.700000 3.279845 3.153278
v -11.700000 3.320296 3.123889
v -11.750000 3.320296 3.123889
v -11.750000 3.279845 3.153278
v -11.750000 2.956238 3.388392
v -11.700000 3.765255 2.800607
v -11.700000 3.724804 2.829996
v -10.700000 3.724804 2.829996
v -11.700000 4.212415 2.475726
v -11.700000 4.252866 2.446337
v -11.750000 4.252866 2.446337
v -11.750000 4.212415 2.475726
v -11.750000 3.765255 2.800607
v -11.700000 4.657374 2.152444
v -11.700000 4.616924 2.181834
v -10.700000 4.616924 2.181834
v -11.700000 4.980981 1.917330
v -11.700000 5.021432 1.887941
v -11.750000 5.021432 1.887941
v -11.750000 4.980981 1.917330
v -11.750000 4.657374 2.152444
v -11.700000 5.385490 1.623438
v -11.700000 5.345039 1.652827
v -10.700000 5.345039 1.652827
v -11.700000 2.228123 3.917399
v -11.700000 2.187672 3.946788
v -10.700000 2.187672 3.946788
v -11.700000 2.551730 3.682285
v -11.700000 2.592180 3.652896
v -11.750000 2.592180 3.652896
v -11.750000 2.551730 3.682285
v -11.750000 2.228123 3.917399
v -1.077290 5.668646 1.417713
v -1.077290 5.709097 1.388324
v -2.077290 5.709097 1.388324
v -2.127290 5.709097 1.388324
v -1.077290 5.385490 1.623438
v -1.077290 5.345039 1.652827
v -1.027290 5.345039 1.652827
v -1.027290 5.385490 1.623438
v -1.027290 5.668646 1.417713
v -1.077290 4.980981 1.917330
v -1.077290 5.021432 1.887941
v -2.077290 5.021432 1.887941
v -1.077290 4.657374 2.152444
v -1.027290 4.657374 2.152444
v -1.027290 4.980981 1.917330
v -4.150000 3.724804 2.829996
v -4.150000 3.765255 2.800607
v -5.300000 3.765255 2.800607
v -4.150000 3.320296 3.123889
v -4.100000 3.320296 3.123889
v -4.100000 3.724804 2.829996
v -1.077290 2.956238 3.388392
v -1.077290 2.915787 3.417781
v -1.027290 2.915787 3.417781
v -1.027290 2.956238 3.388392
v -1.027290 3.279845 3.153278
v -1.077290 3.279845 3.153278
v -1.077290 2.551730 3.682285
v -1.077290 2.592180 3.652896
v -2.077290 2.592180 3.652896
v -1.077290 2.228123 3.917399
v -1.027290 2.228123 3.917399
v -1.027290 2.551730 3.682285
v -12.650000 2.956238 3.388392
v -12.650000 2.915787 3.417781
v -11.750000 2.915787 3.417781
v -12.650000 3.279845 3.153278
v -12.650000 3.320296 3.123889
v -12.700000 3.320296 3.123889
v -12.700000 3.279845 3.153278
v -12.700000 2.956238 3.388392
v -12.650000 3.765255 2.800607
v -12.650000 3.724804 2.829996
v -11.750000 3.724804 2.829996
v -12.650000 4.212415 2.475726
v -12.650000 4.252866 2.446337
v -12.700000 4.252866 2.446337
v -12.700000 4.212415 2.475726
v -12.700000 3.765255 2.800607
v -12.650000 4.657374 2.152444
v -12.650000 4.616924 2.181834
v -11.750000 4.616924 2.181834
v -12.650000 4.980981 1.917330
v -12.650000 5.021432 1.887941
v -12.700000 5.021432 1.887941
v -12.700000 4.980981 1.917330
v -12.700000 4.657374 2.152444
v -11.750000 5.385490 1.623438
v -12.650000 5.385490 1.623438
v -12.650000 5.345039 1.652827
v -11.750000 5.345039 1.652827
v -11.700000 5.668646 1.417713
v -11.750000 5.668646 1.417713
v -12.650000 2.228123 3.917399
v -12.650000 2.187672 3.946788
v -11.750000 2.187672 3.946788
v -12.650000 2.551730 3.682285
v -12.650000 2.592180 3.652896
v -12.700000 2.592180 3.652896
v -12.700000 2.551730 3.682285
v -12.700000 2.228123 3.917399
v -0.027290 5.385490 1.623438
v -0.027290 5.345039 1.652827
v 0.022710 5.345039 1.652827
v 0.022710 5.385490 1.623438
v 0.022710 5.668646 1.417713
v -0.027290 5.668646 1.417713
v -0.027290 4.980981 1.917330
v -0.027290 5.021432 1.887941
v -1.027290 5.021432 1.887941
v -0.027290 4.657374 2.152444
v 0.022710 4.657374 2.152444
v 0.022710 4.980981 1.917330
v -3.100000 3.724804 2.829996
v -3.100000 3.765255 2.800607
v -4.100000 3.765255 2.800607
v -3.100000 3.320296 3.123889
v -3.050000 3.320296 3.123889
v -3.050000 3.724804 2.829996
v -0.027290 2.956238 3.388392
v -0.027290 2.915787 3.417781
v 0.022710 2.915787 3.417781
v 0.022710 2.956238 3.388392
v 0.022710 3.279845 3.153278
v -0.027290 3.279845 3.153278
v -0.027290 2.551730 3.682285
v -0.027290 2.592180 3.652896
v -1.027290 2.592180 3.652896
v -0.027290 2.228123 3.917399
v -0.027290 2.187672 3.946788
v 0.022710 2.187672 3.946788
v 0.022710 2.228123 3.917399
v 0.022710 2.551730 3.682285
v -13.850000 2.956238 3.388392
v -13.850000 2.915787 3.417781
v -12.700000 2.915787 3.417781
v -13.850000 3.279845 3.153278
v -13.850000 3.320296 3.123889
v -13.900000 3.320296 3.123889
v -13.900000 3.279845 3.153278
v -13.900000 2.956238 3.388392
v -13.850000 3.765255 2.800607
v -13.850000 3.724804 2.829996
v -12.700000 3.724804 2.829996
v -13.850000 4.212415 2.475726
v -13.850000 4.252866 2.446337
v -13.900000 4.252866 2.446337
v -13.900000 4.212415 2.475726
v -13.900000 3.765255 2.800607
v -13.850000 4.657374 2.152444
v -13.850000 4.616924 2.181834
v -12.700000 4.616924 2.181834
v -13.850000 4.980981 1.917330
v -13.850000 5.021432 1.887941
v -13.900000 5.021432 1.887941
v -13.900000 4.980981 1.917330
v -13.900000 4.657374 2.152444
v -12.700000 5.385490 1.623438
v -13.850000 5.385490 1.623438
v -13.850000 5.345039 1.652827
v -12.700000 5.345039 1.652827
v -12.650000 5.668646 1.417713
v -12.700000 5.668646 1.417713
v -13.850000 2.228123 3.917399
v -13.850000 2.187672 3.946788
v -12.700000 2.187672 3.946788
v -13.850000 2.551730 3.682285
v -13.850000 2.592180 3.652896
v -13.900000 2.592180 3.652896
v -13.900000 2.551730 3.682285
v -13.900000 2.228123 3.917399
v 1.022710 5.385490 1.623438
v 1.022710 5.345039 1.652827
v 1.072710 5.345039 1.652827
v 1.072710 5.385490 1.623438
v 1.072710 5.668646 1.417713
v 1.022710 5.668646 1.417713
v 1.022710 4.980981 1.917330
v 1.022710 5.021432 1.887941
v 0.022710 5.021432 1.887941
v 1.022710 4.657374 2.152444
v 1.072710 4.657374 2.152444
v 1.072710 4.980981 1.917330
v -2.127290 3.724804 2.829996
v -2.127290 3.765255 2.800607
v -3.050000 3.765255 2.800607
v -2.127290 3.320296 3.123889
v -2.077290 3.320296 3.123889
v -2.077290 3.724804 2.829996
v 1.022710 2.956238 3.388392
v 1.022710 2.915787 3.417781
v 1.072710 2.915787 3.417781
v 1.072710 2.956238 3.388392
v 1.072710 3.279845 3.153278
v 1.022710 3.279845 3.153278
v 1.022710 2.551730 3.682285
v 1.022710 2.592180 3.652896
v 0.022710 2.592180 3.652896
v 1.022710 2.228123 3.917399
v 1.022710 2.187672 3.946788
v 1.072710 2.187672 3.946788
v 1.072710 2.228123 3.917399
v 1.072710 2.551730 3.682285
v -14.900000 2.956238 3.388392
v -14.900000 2.915787 3.417781
v -13.900000 2.915787 3.417781
v -14.900000 3.279845 3.153278
v -14.900000 3.320296 3.123889
v -14.950000 3.320296 3.123889
v -14.950000 3.279845 3.153278
v -14.950000 2.956238 3.388392
v -14.900000 3.765255 2.800607
v -14.900000 3.724804 2.829996
v -13.900000 3.724804 2.829996
v -14.900000 4.212415 2.475726
v -14.900000 4.252866 2.446337
v -14.950000 4.252866 2.446337
v -14.950000 4.212415 2.475726
v -14.950000 3.765255 2.800607
v -14.900000 4.657374 2.152444
v -14.900000 4.616924 2.181834
v -13.900000 4.616924 2.181834
v -14.900000 4.980981 1.917330
v -14.900000 5.021432 1.887941
v -14.950000 5.021432 1.887941
v -14.950000 4.980981 1.917330
v -14.950000 4.657374 2.152444
v -13.900000 5.385490 1.623438
v -14.900000 5.385490 1.623438
v -14.900000 5.345039 1.652827
v -13.900000 5.345039 1.652827
v -13.850000 5.668646 1.417713
v -13.900000 5.668646 1.417713
v -14.900000 5.668646 1.417713
v -13.900000 5.709097 1.388324
v -14.900000 5.709097 1.388324
v -14.950000 5.709097 1.388324
v -14.950000 5.668646 1.417713
v -14.950000 5.385490 1.623438
v -14.900000 2.228123 3.917399
v -14.900000 2.187672 3.946788
v -13.900000 2.187672 3.946788
v -14.900000 2.551730 3.682285
v -14.900000 2.592180 3.652896
v -14.950000 2.592180 3.652896
v -14.950000 2.551730 3.682285
v -14.950000 2.228123 3.917399
v 2.172710 5.385490 1.623438
v 2.172710 5.345039 1.652827
v 3.172710 5.345039 1.652827
v 3.172710 5.385490 1.623438
v 3.172710 5.668646 1.417713
v 2.172710 5.668646 1.417713
v 2.172710 4.980981 1.917330
v 2.172710 5.021432 1.887941
v 1.072710 5.021432 1.887941
v 2.172710 4.657374 2.152444
v 2.172710 4.616924 2.181834
v 3.172710 4.616924 2.181834
v 3.172710 4.657374 2.152444
v 3.172710 4.980981 1.917330
v -1.077290 3.724804 2.829996
v -1.077290 3.765255 2.800607
v -2.077290 3.765255 2.800607
v -1.077290 3.320296 3.123889
v -1.027290 3.320296 3.123889
v -1.027290 3.724804 2.829996
v 2.172710 2.956238 3.388392
v 2.172710 2.915787 3.417781
v 3.172710 2.915787 3.417781
v 3.172710 2.956238 3.388392
v 3.172710 3.279845 3.153278
v 2.172710 3.279845 3.153278
v 2.172710 2.551730 3.682285
v 2.172710 2.592180 3.652896
v 1.072710 2.592180 3.652896
v 2.172710 2.228123 3.917399
v 2.172710 2.187672 3.946788
v 3.172710 2.187672 3.946788
v 3.172710 2.228123 3.917399
v 3.172710 2.551730 3.682285
v -15.950000 2.956238 3.388392
v -15.950000 2.915787 3.417781
v -14.950000 2.915787 3.417781
v -15.950000 3.279845 3.153278
v -15.950000 3.320296 3.123889
v -16.000000 3.320296 3.123889
v -16.000000 3.279845 3.153278
v -16.000000 2.956238 3.388392
v -15.950000 3.765255 2.800607
v -15.950000 3.724804 2.829996
v -14.950000 3.724804 2.829996
v -15.950000 4.212415 2.475726
v -15.950000 4.252866 2.446337
v -16.000000 4.252866 2.446337
v -16.000000 4.212415 2.475726
v -16.000000 3.765255 2.800607
v -15.950000 4.657374 2.152444
v -15.950000 4.616924 2.181834
v -14.950000 4.616924 2.181834
v -15.950000 4.980981 1.917330
v -15.950000 5.021432 1.887941
v -16.000000 5.021432 1.887941
v -16.000000 4.980981 1.917330
v -16.000000 4.657374 2.152444
v -15.950000 5.385490 1.623438
v -15.950000 5.345039 1.652827
v -14.950000 5.345039 1.652827
v -15.950000 2.228123 3.917399
v -15.950000 2.187672 3.946788
v -14.950000 2.187672 3.946788
v -15.950000 2.551730 3.682285
v -15.950000 2.592180 3.652896
v -16.000000 2.592180 3.652896
v -16.000000 2.551730 3.682285
v -16.000000 2.228123 3.917399
v 4.100000 5.668646 1.417713
v 4.100000 5.709097 1.388324
v 3.172710 5.709097 1.388324
v 2.172710 5.709097 1.388324
v 4.100000 5.385490 1.623438
v 4.100000 5.345039 1.652827
v 4.150000 5.345039 1.652827
v 4.150000 5.385490 1.623438
v 4.150000 5.668646 1.417713
v 4.100000 4.980981 1.917330
v 4.100000 5.021432 1.887941
v 3.172710 5.021432 1.887941
v 4.100000 4.657374 2.152444
v 4.100000 4.616924 2.181834
v 4.150000 4.616924 2.181834
v 4.150000 4.657374 2.152444
v 4.150000 4.980981 1.917330
v -0.027290 3.724804 2.829996
v -0.027290 3.765255 2.800607
v -1.027290 3.765255 2.800607
v -0.027290 3.320296 3.123889
v 0.022710 3.320296 3.123889
v 0.022710 3.724804 2.829996
v 4.100000 3.279845 3.153278
v 4.100000 3.320296 3.123889
v 3.172710 3.320296 3.123889
v 2.172710 3.320296 3.123889
v 4.100000 2.956238 3.388392
v 4.100000 2.915787 3.417781
v 4.150000 2.915787 3.417781
v 4.150000 2.956238 3.388392
v 4.150000 3.279845 3.153278
v 4.100000 2.551730 3.682285
v 4.100000 2.592180 3.652896
v 3.172710 2.592180 3.652896
v 4.100000 2.228123 3.917399
v 4.150000 2.228123 3.917399
v 4.150000 2.551730 3.682285
v -17.000000 2.956238 3.388392
v -17.000000 2.915787 3.417781
v -16.000000 2.915787 3.417781
v -17.000000 3.279845 3.153278
v -17.000000 3.320296 3.123889
v -17.050000 3.320296 3.123889
v -17.050000 3.279845 3.153278
v -17.050000 2.956238 3.388392
v -17.000000 3.765255 2.800607
v -17.000000 3.724804 2.829996
v -16.000000 3.724804 2.829996
v -17.000000 4.212415 2.475726
v -17.000000 4.252866 2.446337
v -17.050000 4.252866 2.446337
v -17.050000 4.212415 2.475726
v -17.050000 3.765255 2.800607
v -17.000000 4.657374 2.152444
v -17.000000 4.616924 2.181834
v -16.000000 4.616924 2.181834
v -17.000000 4.980981 1.917330
v -17.000000 5.021432 1.887941
v -17.050000 5.021432 1.887941
v -17.050000 4.980981 1.917330
v -17.050000 4.657374 2.152444
v -16.000000 5.385490 1.623438
v -17.000000 5.385490 1.623438
v -17.000000 5.345039 1.652827
v -16.000000 5.345039 1.652827
v -15.950000 5.668646 1.417713
v -16.000000 5.668646 1.417713
v -16.000000 2.187672 3.946788
v -17.000000 2.592180 3.652896
v -17.050000 2.592180 3.652896
v 5.050000 5.385490 1.623438
v 5.050000 5.345039 1.652827
v 5.100000 5.345039 1.652827
v 5.100000 5.385490 1.623438
v 5.100000 5.668646 1.417713
v 5.050000 5.668646 1.417713
v 4.150000 5.021432 1.887941
v 5.050000 4.616924 2.181834
v 5.100000 4.616924 2.181834
v 0.022710 3.765255 2.800607
v 5.050000 2.956238 3.388392
v 5.050000 2.915787 3.417781
v 5.100000 2.915787 3.417781
v 5.100000 2.956238 3.388392
v 5.100000 3.279845 3.153278
v 5.050000 3.279845 3.153278
v 5.050000 2.551730 3.682285
v 5.050000 2.592180 3.652896
v 4.150000 2.592180 3.652896
v 5.050000 2.228123 3.917399
v 5.050000 2.187672 3.946788
v 5.100000 2.187672 3.946788
v 5.100000 2.228123 3.917399
v 5.100000 2.551730 3.682285
v -18.050000 2.956238 3.388392
v -18.050000 2.915787 3.417781
v -17.050000 2.915787 3.417781
v -18.050000 3.279845 3.153278
v -18.050000 3.320296 3.123889
v -18.100000 3.320296 3.123889
v -18.100000 3.279845 3.153278
v -18.100000 2.956238 3.388392
v -18.050000 3.765255 2.800607
v -18.050000 3.724804 2.829996
v -17.050000 3.724804 2.829996
v -18.050000 4.212415 2.475726
v -18.050000 4.252866 2.446337
v -18.100000 4.252866 2.446337
v -18.100000 4.212415 2.475726
v -18.100000 3.765255 2.800607
v -18.050000 4.657374 2.152444
v -18.050000 4.616924 2.181834
v -17.050000 4.616924 2.181834
v -18.050000 4.980981 1.917330
v -18.050000 5.021432 1.887941
v -18.100000 5.021432 1.887941
v -18.100000 4.980981 1.917330
v -18.100000 4.657374 2.152444
v -17.050000 5.385490 1.623438
v -18.050000 5.385490 1.623438
v -18.050000 5.345039 1.652827
v -17.050000 5.345039 1.652827
v -17.000000 5.668646 1.417713
v -17.050000 5.668646 1.417713
v -18.100000 2.592180 3.652896
v -19.100000 2.592180 3.652896
v -19.100000 2.551730 3.682285
v -18.050000 2.592180 3.652896
v -18.100000 2.915787 3.417781
v -18.100000 1.866266 4.180303
v -19.100000 1.866266 4.180303
v -19.100000 1.825815 4.209693
v -18.100000 1.825815 4.209693
v -18.050000 1.825815 4.209693
v -18.050000 1.866266 4.180303
v 1.072710 1.825815 4.209693
v 1.072710 1.866266 4.180303
v 1.022710 1.461757 4.474196
v 1.072710 1.461757 4.474196
v 3.172710 3.646103 2.887176
v 4.100000 3.646103 2.887176
v 4.100000 3.888808 2.710840
v 3.172710 3.888808 2.710840
v 4.150000 3.320296 3.123889
v 4.150000 3.646103 2.887176
v 5.100000 4.212415 2.475726
v 6.025000 4.212415 2.475726
v 6.025000 4.252866 2.446337
v 5.100000 4.252866 2.446337
v 5.050000 4.252866 2.446337
v 5.050000 4.212415 2.475726
v 5.050000 3.888808 2.710840
v 5.100000 3.888808 2.710840
v 4.150000 3.888808 2.710840
v 5.050000 3.646103 2.887176
v 5.100000 3.646103 2.887176
v 4.150000 4.212415 2.475726
v 4.150000 4.252866 2.446337
v 4.100000 4.252866 2.446337
v 4.100000 4.212415 2.475726
v 3.172710 4.212415 2.475726
v 3.172710 4.252866 2.446337
v 2.172710 4.252866 2.446337
v 2.172710 4.212415 2.475726
v 6.025000 3.279845 3.153278
v 6.025000 3.320296 3.123889
v 5.100000 3.320296 3.123889
v 5.050000 3.320296 3.123889
v 6.025000 2.551730 3.682285
v 6.025000 2.592180 3.652896
v 5.100000 2.592180 3.652896
v -19.100000 2.956238 3.388392
v -19.100000 2.915787 3.417781
v -19.100000 3.765255 2.800607
v -19.100000 3.724804 2.829996
v -18.100000 3.724804 2.829996
v -19.100000 4.657374 2.152444
v -19.100000 4.616924 2.181834
v -18.100000 4.616924 2.181834
v -18.100000 5.385490 1.623438
v -19.100000 5.385490 1.623438
v -19.100000 5.345039 1.652827
v -18.100000 5.345039 1.652827
v -18.050000 5.668646 1.417713
v -18.100000 5.668646 1.417713
v -5.300000 5.668646 1.417713
v -5.300000 5.709097 1.388324
v -5.300000 6.073154 1.123820
v -5.350000 6.073154 1.123820
v -4.150000 5.709097 1.388324
v -4.100000 5.709097 1.388324
v -4.100000 6.073154 1.123820
v -4.150000 6.073154 1.123820
v -3.100000 5.709097 1.388324
v -3.100000 5.668646 1.417713
v -3.050000 5.668646 1.417713
v -3.050000 5.709097 1.388324
v -3.050000 6.073154 1.123820
v -3.100000 6.073154 1.123820
v -1.027290 5.709097 1.388324
v -1.027290 6.073154 1.123820
v -1.077290 6.073154 1.123820
v -0.027290 5.709097 1.388324
v 0.022710 5.709097 1.388324
v 0.022710 6.073154 1.123820
v -0.027290 6.073154 1.123820
v 1.022710 5.709097 1.388324
v 1.072710 5.709097 1.388324
v 4.150000 5.709097 1.388324
v 4.150000 6.073154 1.123820
v 5.050000 5.709097 1.388324
v 5.100000 5.709097 1.388324
v 5.100000 6.073154 1.123820
v 5.050000 6.073154 1.123820
v -17.000000 1.825815 4.209693
v -17.000000 1.866266 4.180303
v -17.050000 1.866266 4.180303
v -17.050000 1.825815 4.209693
v -17.000000 1.461757 4.474196
v 3.150000 7.011614 0.441989
v 1.900000 7.011614 0.441989
v 1.900000 6.971163 0.471379
v 3.150000 6.971163 0.471379
v 3.200000 6.971163 0.471379
v 3.200000 7.011614 0.441989
v 3.200000 7.254319 0.265654
v 3.150000 7.254319 0.265654
v -3.100000 6.688007 0.677103
v -4.100000 6.688007 0.677103
v -4.100000 6.647556 0.706493
v -3.100000 6.647556 0.706493
v 0.400000 6.647556 0.706493
v 0.400000 6.688007 0.677103
v -0.240000 6.922622 0.506646
v -2.090000 6.922622 0.506646
v -3.100000 6.971163 0.471379
v -10.650000 6.323950 0.941607
v -10.650000 6.647556 0.706493
v -10.700000 6.647556 0.706493
v -10.700000 6.323950 0.941607
v -10.700000 6.073154 1.123820
v -10.650000 6.073154 1.123820
v 4.400000 6.323950 0.941607
v 5.250000 6.376536 0.903401
v 4.400000 6.647556 0.706493
v 3.150000 6.323950 0.941607
v 1.900000 6.323950 0.941607
v 2.172710 6.073154 1.123820
v 3.200000 6.647556 0.706493
v 3.150000 6.647556 0.706493
v -9.450000 1.825815 4.209693
v -8.600000 1.825815 4.209693
v -8.600000 1.866266 4.180303
v -9.450000 1.866266 4.180303
v -9.500000 1.866266 4.180303
v -9.500000 1.825815 4.209693
v -9.500000 1.461757 4.474196
v -9.450000 1.461757 4.474196
v -18.100000 5.709097 1.388324
v -19.100000 5.709097 1.388324
v -19.100000 5.668646 1.417713
v -18.050000 5.709097 1.388324
v -18.050000 6.073154 1.123820
v -18.100000 6.073154 1.123820
v -17.050000 5.709097 1.388324
v -17.000000 5.709097 1.388324
v -17.000000 6.073154 1.123820
v -17.050000 6.073154 1.123820
v -16.000000 5.709097 1.388324
v -15.950000 5.709097 1.388324
v -15.950000 6.073154 1.123820
v -16.000000 6.073154 1.123820
v -13.850000 5.709097 1.388324
v -13.850000 6.073154 1.123820
v -13.900000 6.073154 1.123820
v -12.700000 5.709097 1.388324
v -12.650000 5.709097 1.388324
v -11.750000 5.709097 1.388324
v -11.700000 5.709097 1.388324
v -11.700000 6.073154 1.123820
v -11.750000 6.073154 1.123820
v -9.450000 5.709097 1.388324
v -8.600000 5.709097 1.388324
v -8.327289 5.709097 1.388324
v -8.327289 6.073154 1.123820
v -8.600000 6.073154 1.123820
v -7.327289 6.073154 1.123820
v -7.327289 5.709097 1.388324
v -7.277289 5.709097 1.388324
v -7.277289 6.073154 1.123820
v -7.277289 6.323950 0.941607
v -7.327289 6.323950 0.941607
v -8.500000 6.323950 0.941607
v 5.250000 7.023749 0.433172
v 4.400000 7.011614 0.441989
v -12.650000 1.825815 4.209693
v -11.750000 1.825815 4.209693
v -11.750000 1.866266 4.180303
v -12.650000 1.866266 4.180303
v -12.700000 1.866266 4.180303
v -12.700000 1.825815 4.209693
v -12.700000 1.461757 4.474196
v -12.650000 1.461757 4.474196
v -6.300000 7.618376 0.001150
v -7.277289 7.618376 0.001150
v -7.277289 7.577926 0.030540
v -6.300000 7.577926 0.030540
v -6.250000 7.577926 0.030540
v -6.250000 7.618376 0.001150
v -6.250000 8.063336 -0.322132
v -6.300000 8.063336 -0.322132
v -13.850000 1.825815 4.209693
v -13.850000 1.866266 4.180303
v -13.900000 1.866266 4.180303
v -13.900000 1.825815 4.209693
v -13.900000 1.461757 4.474196
v -13.850000 1.461757 4.474196
v -12.700000 7.618376 0.001150
v -13.400000 7.618376 0.001150
v -13.400000 7.577926 0.030540
v -12.700000 7.577926 0.030540
v -12.650000 7.577926 0.030540
v -12.650000 7.618376 0.001150
v -12.650000 8.063336 -0.322132
v -12.700000 8.063336 -0.322132
v -10.650000 7.577926 0.030540
v -9.500000 7.577926 0.030540
v -9.500000 7.618376 0.001150
v -10.650000 7.618376 0.001150
v -10.700000 7.618376 0.001150
v -10.700000 7.577926 0.030540
v -10.700000 7.254319 0.265654
v -10.650000 7.254319 0.265654
v -11.700000 7.577926 0.030540
v -11.700000 7.618376 0.001150
v -11.750000 7.618376 0.001150
v -11.750000 7.577926 0.030540
v -11.750000 7.254319 0.265654
v -11.700000 7.254319 0.265654
v -11.700000 1.825815 4.209693
v -10.700000 1.825815 4.209693
v -10.700000 1.866266 4.180303
v -11.700000 1.866266 4.180303
v -11.750000 1.461757 4.474196
v -11.700000 1.461757 4.474196
v -4.100000 7.577926 0.030540
v -3.100000 7.577926 0.030540
v -3.100000 7.618376 0.001150
v -4.100000 7.618376 0.001150
v -4.150000 7.618376 0.001150
v -4.150000 7.577926 0.030540
v -4.150000 7.254319 0.265654
v -4.100000 7.254319 0.265654
v -5.300000 7.577926 0.030540
v -5.300000 7.618376 0.001150
v -5.350000 7.618376 0.001150
v -5.350000 7.577926 0.030540
v -5.350000 7.254319 0.265654
v -5.300000 7.254319 0.265654
v -7.327289 7.618376 0.001150
v -7.327289 7.577926 0.030540
v -7.327289 7.254319 0.265654
v -7.277289 7.254319 0.265654
v -8.300000 7.577926 0.030540
v -8.300000 7.618376 0.001150
v -8.350000 7.618376 0.001150
v -8.350000 7.577926 0.030540
v -8.350000 7.254319 0.265654
v -8.300000 7.254319 0.265654
v -9.450000 7.577926 0.030540
v -9.450000 7.618376 0.001150
v -9.500000 7.254319 0.265654
v -9.450000 7.254319 0.265654
v 1.850000 6.688007 0.677103
v 1.850000 6.647556 0.706493
v 1.900000 6.647556 0.706493
v 1.900000 6.688007 0.677103
v 1.850000 6.971163 0.471379
v 3.150000 6.688007 0.677103
v 3.200000 6.688007 0.677103
v -13.850000 6.323950 0.941607
v -13.850000 6.647556 0.706493
v -13.900000 6.647556 0.706493
v -13.900000 6.323950 0.941607
v -6.300000 6.688007 0.677103
v -7.277289 6.688007 0.677103
v -7.277289 6.647556 0.706493
v -6.300000 6.647556 0.706493
v -5.300000 6.647556 0.706493
v -5.300000 6.688007 0.677103
v -5.300000 6.971163 0.471379
v -6.300000 6.971163 0.471379
v -4.150000 6.688007 0.677103
v -4.150000 6.647556 0.706493
v -4.150000 6.323950 0.941607
v -4.100000 6.323950 0.941607
v -3.100000 6.323950 0.941607
v 0.400000 6.323950 0.941607
v -13.900000 6.688007 0.677103
v -13.850000 6.688007 0.677103
v -13.850000 6.971163 0.471379
v -13.900000 6.971163 0.471379
v -7.327289 6.688007 0.677103
v -8.500000 6.688007 0.677103
v -8.500000 6.647556 0.706493
v -7.327289 6.647556 0.706493
v -7.277289 6.971163 0.471379
v -7.327289 6.971163 0.471379
v -14.900000 1.825815 4.209693
v -14.900000 1.866266 4.180303
v -14.950000 1.461757 4.474196
v -14.900000 1.461757 4.474196
v -9.500000 6.688007 0.677103
v -10.650000 6.688007 0.677103
v -9.500000 6.647556 0.706493
v -8.500000 6.971163 0.471379
v -9.500000 6.971163 0.471379
v -10.700000 6.688007 0.677103
v -11.700000 6.688007 0.677103
v -11.700000 6.647556 0.706493
v -10.650000 6.971163 0.471379
v -10.700000 6.971163 0.471379
v -12.700000 6.688007 0.677103
v -12.700000 6.647556 0.706493
v -11.700000 6.971163 0.471379
v -12.700000 6.971163 0.471379
v -10.650000 1.825815 4.209693
v -10.650000 1.866266 4.180303
v -10.700000 1.461757 4.474196
v -10.650000 1.461757 4.474196
v -6.300000 1.825815 4.209693
v -6.300000 1.505998 4.442053
v -6.250000 1.496324 4.449082
v -7.277289 1.825815 4.209693
v -7.277289 1.866266 4.180303
v -7.327289 1.866266 4.180303
v -7.327289 1.825815 4.209693
v -7.327289 1.461757 4.474196
v -7.277289 1.461757 4.474196
v -8.327289 1.825815 4.209693
v -8.327289 1.866266 4.180303
v -8.600000 1.461757 4.474196
v -8.327289 1.461757 4.474196
v -2.860000 8.257500 -0.463200
v -13.270000 8.257500 -0.463200
v -13.400000 8.063336 -0.322132
v -11.750000 8.063336 -0.322132
v -11.700000 8.063336 -0.322132
v -10.700000 8.063336 -0.322132
v -10.650000 8.063336 -0.322132
v -9.500000 8.063336 -0.322132
v -9.450000 8.063336 -0.322132
v -8.350000 8.063336 -0.322132
v -8.300000 8.063336 -0.322132
v -7.327289 8.063336 -0.322132
v -7.277289 8.063336 -0.322132
v -5.350000 8.063336 -0.322132
v -5.300000 8.063336 -0.322132
v -4.150000 8.063336 -0.322132
v -4.100000 8.063336 -0.322132
v -3.100000 8.063336 -0.322132
v -2.090000 7.933893 -0.228086
v 0.400000 6.971163 0.471379
v 0.400000 7.011614 0.441989
v 0.400000 7.254319 0.265654
v -0.240000 7.658828 -0.028239
v 6.825000 1.392182 4.524746
v 6.025000 6.073154 1.123820
v 6.025000 5.709097 1.388324
v 6.025000 5.668646 1.417713
v 6.025000 5.385490 1.623438
v 6.025000 5.345039 1.652827
v 6.025000 4.657374 2.152444
v 6.025000 4.616924 2.181834
v 6.025000 3.888808 2.710840
v 6.025000 3.646103 2.887176
v 6.025000 2.956238 3.388392
v 6.025000 2.915787 3.417781
v 6.025000 2.228123 3.917399
v 6.025000 2.187672 3.946788
v -4.680000 1.138150 4.709310
v -4.680000 1.392182 4.524746
v -5.300000 1.461757 4.474196
v -5.350000 1.461757 4.474196
v -15.160000 1.138150 4.709310
v -15.160000 1.392182 4.524746
v -17.360000 1.138150 4.709310
v -18.100000 1.461757 4.474196
v -19.100000 1.461757 4.474196
v -19.100000 3.279845 3.153278
v -19.100000 3.320296 3.123889
v -19.100000 4.212415 2.475726
v -19.100000 4.252866 2.446337
v -19.100000 4.980981 1.917330
v -19.100000 5.021432 1.887941
v -19.100000 6.073154 1.123820
v -2.127290 6.073154 1.123820
v -2.077290 6.073154 1.123820
v -14.900000 6.323950 0.941607
v -18.350000 6.501933 0.812294
v -14.950000 6.073154 1.123820
v -14.900000 6.073154 1.123820
v 4.400000 6.971163 0.471379
v 4.400000 6.688007 0.677103
v -17.650000 7.149147 0.342066
v -4.150000 6.971163 0.471379
v -4.100000 6.971163 0.471379
v -3.100000 7.254319 0.265654
v -6.250000 7.254319 0.265654
v -6.300000 7.254319 0.265654
v -12.650000 7.254319 0.265654
v -12.700000 7.254319 0.265654
v -13.400000 7.254319 0.265654
v -16.025000 7.149147 0.342066
v 6.025000 1.461757 4.474196
v 0.600000 1.138150 4.709310
v 6.450000 1.138150 4.709310
v 6.450000 1.392182 4.524746
v 0.600000 1.392182 4.524746
v -1.027290 1.461757 4.474196
v -1.077290 1.461757 4.474196
v -3.050000 1.461757 4.474196
v -3.100000 1.461757 4.474196
v 4.150000 1.461757 4.474196
v 4.100000 1.461757 4.474196
v 1.850000 7.254319 0.265654
v 1.900000 7.254319 0.265654
v 1.850000 7.011614 0.441989
v -6.300000 6.073154 1.123820
v -6.250000 6.073154 1.123820
v -6.300000 6.323950 0.941607
v -5.300000 6.323950 0.941607
v -11.700000 6.323950 0.941607
v -18.350000 7.149147 0.342066
v 5.950000 6.376536 0.903401
v 14.000000 4.616924 2.181834
v 14.000000 4.675702 2.262735
v 15.100000 4.616924 2.181834
v 14.332100 4.675702 2.262735
v 15.100000 4.675702 2.262735
v 8.590842 6.073154 1.123820
v 8.590842 5.709097 1.388324
v 8.640842 6.073154 1.123820
v 23.335701 2.917988 3.416183
v 22.402720 2.956238 3.388392
v 22.490210 2.917988 3.416183
v 23.385701 2.917988 3.416183
v 19.105610 4.917158 1.963700
v 17.748490 4.843852 2.016961
v 19.013710 4.602209 2.192525
v 19.117100 4.956527 1.935097
v 17.955270 5.552488 1.502106
v 17.851880 5.198170 1.759533
v 19.220490 5.310845 1.677670
v 8.640842 5.709097 1.388324
v 17.840389 5.158801 1.788136
v 24.435701 2.917988 3.416183
v 25.700000 2.187672 3.946788
v 25.700000 2.189873 3.945190
v 25.635701 2.187672 3.946788
v 9.895008 6.676280 0.685623
v 10.562390 6.548818 0.778230
v 10.573870 6.588187 0.749627
v 9.905859 6.715770 0.656932
v 9.857192 6.725065 0.650179
v 9.846342 6.685575 0.678870
v 9.759532 6.369653 0.908401
v 9.808198 6.360358 0.915154
v 18.500000 1.866266 4.180303
v 17.400000 1.866266 4.180303
v 17.400000 1.825815 4.209693
v 18.500000 1.825815 4.209693
v 18.900000 1.825815 4.209693
v 18.900000 1.866266 4.180303
v 18.900000 2.187672 3.946788
v 18.500000 2.187672 3.946788
v 8.640842 4.212415 2.475726
v 9.540842 4.212415 2.475726
v 9.540842 4.252866 2.446337
v 8.640842 4.252866 2.446337
v 8.590842 4.252866 2.446337
v 8.590842 4.212415 2.475726
v 8.590842 3.888808 2.710840
v 8.640842 3.888808 2.710840
v 16.300000 4.212415 2.475726
v 17.158630 4.212415 2.475726
v 17.158630 4.252866 2.446337
v 16.300000 4.252866 2.446337
v 16.250000 4.252866 2.446337
v 16.250000 4.212415 2.475726
v 16.250000 3.888808 2.710840
v 16.300000 3.888808 2.710840
v 21.302720 3.279845 3.153278
v 22.402720 3.279845 3.153278
v 22.402720 3.320296 3.123889
v 21.302720 3.320296 3.123889
v 21.252720 3.320296 3.123889
v 21.252720 3.279845 3.153278
v 21.252720 2.956238 3.388392
v 21.302720 2.956238 3.388392
v 13.312939 6.065056 1.129704
v 12.339611 6.250951 0.994643
v 12.328760 6.211461 1.023335
v 13.302090 6.025566 1.158395
v 13.350760 6.016271 1.165148
v 13.410601 6.420469 0.871481
v 18.900000 3.279845 3.153278
v 20.102720 3.279845 3.153278
v 20.102720 3.320296 3.123889
v 18.900000 3.320296 3.123889
v 18.500000 3.320296 3.123889
v 18.500000 3.279845 3.153278
v 18.500000 2.956238 3.388392
v 18.900000 2.956238 3.388392
v 25.603711 3.717657 2.835189
v 24.630381 3.903553 2.700128
v 24.619529 3.864063 2.728819
v 25.592859 3.678167 2.863880
v 25.641521 3.668872 2.870633
v 25.652380 3.708363 2.841942
v 25.750039 4.063775 2.583719
v 25.701370 4.073070 2.576966
v 27.636851 3.287787 3.147508
v 27.550039 2.971865 3.377039
v 27.598711 2.962570 3.383792
v 27.685520 3.278492 3.154261
v 27.647700 3.327278 3.118817
v 26.663521 3.473682 3.012447
v 24.581709 3.912848 2.693375
v 24.570859 3.873357 2.722066
v 24.484050 3.557435 2.951597
v 24.532720 3.548140 2.958350
v 23.597529 4.059252 2.587005
v 23.608379 4.098743 2.558314
v 23.559709 4.108037 2.551561
v 23.548860 4.068547 2.580252
v 23.462051 3.752625 2.809783
v 23.510720 3.743330 2.816537
v 22.575530 4.254442 2.445192
v 22.586379 4.293933 2.416500
v 22.537720 4.303228 2.409747
v 22.526870 4.263737 2.438439
v 22.440061 3.947815 2.667970
v 22.488721 3.938520 2.674723
v 20.628870 4.626233 2.175070
v 21.504871 4.458927 2.296625
v 21.515720 4.498417 2.267933
v 20.639719 4.665723 2.146379
v 20.591050 4.675018 2.139626
v 20.580210 4.635528 2.168317
v 20.493391 4.319605 2.397848
v 20.542061 4.310310 2.404601
v 19.786890 4.787043 2.058235
v 19.694980 4.472093 2.287059
v 19.756840 4.460279 2.295643
v 19.843650 4.776201 2.066111
v 19.854500 4.815692 2.037420
v 19.798370 4.826411 2.029632
v 16.896780 5.339021 1.657199
v 16.809969 5.023098 1.886730
v 16.858630 5.013804 1.893483
v 16.945439 5.329726 1.663952
v 16.907629 5.378511 1.628508
v 15.923450 5.524916 1.522138
v 14.998781 5.701517 1.393831
v 15.874780 5.534211 1.515385
v 15.885630 5.573701 1.486694
v 15.009630 5.741007 1.365139
v 14.960970 5.750302 1.358386
v 14.950120 5.710811 1.387077
v 14.863311 5.394889 1.616609
v 14.911970 5.385594 1.623362
v 9.063614 6.876630 0.540061
v 8.401570 7.003073 0.448195
v 8.390082 6.963704 0.476798
v 9.052126 6.837261 0.568664
v 9.109787 6.826249 0.576665
v 9.120638 6.865739 0.547974
v 9.218299 7.221152 0.289751
v 9.167006 7.230948 0.282634
v 10.618870 6.538030 0.786068
v 10.629730 6.577520 0.757377
v 10.727390 6.932933 0.499154
v 10.677271 6.942505 0.492200
v 11.366281 6.436846 0.859582
v 11.355430 6.397356 0.888274
v 11.404100 6.388062 0.895027
v 11.414950 6.427551 0.866335
v 11.512610 6.782964 0.608113
v 11.463940 6.792259 0.601360
v 12.290940 6.260246 0.987890
v 12.280090 6.220756 1.016581
v 12.437271 6.606364 0.736421
v 12.388610 6.615659 0.729668
v 13.361610 6.055761 1.136457
v 13.459270 6.411174 0.878234
v 14.156851 5.862317 1.277002
v 14.168330 5.901686 1.248399
v 26.576709 3.157760 3.241978
v 26.528040 3.167055 3.235225
v 25.554709 3.352950 3.100164
v 25.506050 3.362245 3.093411
v 22.402720 3.646103 2.887176
v 16.300000 3.279845 3.153278
v 17.350000 3.279845 3.153278
v 17.350000 3.320296 3.123889
v 16.300000 3.320296 3.123889
v 16.250000 3.320296 3.123889
v 16.250000 3.279845 3.153278
v 16.250000 2.956238 3.388392
v 16.300000 2.956238 3.388392
v 14.000000 3.279845 3.153278
v 15.100000 3.279845 3.153278
v 15.100000 3.320296 3.123889
v 14.000000 3.320296 3.123889
v 13.950000 3.320296 3.123889
v 13.950000 3.279845 3.153278
v 13.950000 2.956238 3.388392
v 14.000000 2.956238 3.388392
v 11.840840 3.279845 3.153278
v 12.850000 3.279845 3.153278
v 12.850000 3.320296 3.123889
v 11.840840 3.320296 3.123889
v 11.790840 3.320296 3.123889
v 11.790840 3.279845 3.153278
v 11.790840 2.956238 3.388392
v 11.840840 2.956238 3.388392
v 12.850000 2.956238 3.388392
v 11.840840 2.915787 3.417781
v 12.850000 2.915787 3.417781
v 12.890840 2.915787 3.417781
v 12.890840 2.956238 3.388392
v 12.890840 3.279845 3.153278
v 9.590842 3.279845 3.153278
v 10.690840 3.279845 3.153278
v 10.690840 3.320296 3.123889
v 9.590842 3.320296 3.123889
v 9.540842 3.320296 3.123889
v 9.540842 3.279845 3.153278
v 9.540842 2.956238 3.388392
v 9.590842 2.956238 3.388392
v 25.585701 2.917988 3.416183
v 25.585701 2.592180 3.652896
v 28.572041 2.776675 3.518853
v 24.485701 2.917988 3.416183
v 24.435701 2.592180 3.652896
v 24.485701 2.592180 3.652896
v 20.152720 3.279845 3.153278
v 20.152720 3.320296 3.123889
v 20.102720 2.956238 3.388392
v 20.152720 2.956238 3.388392
v 17.400000 3.279845 3.153278
v 17.400000 3.320296 3.123889
v 17.350000 2.956238 3.388392
v 17.400000 2.956238 3.388392
v 15.150000 3.279845 3.153278
v 15.150000 3.320296 3.123889
v 15.100000 2.956238 3.388392
v 15.150000 2.956238 3.388392
v 13.950000 2.915787 3.417781
v 14.000000 2.915787 3.417781
v 12.890840 3.320296 3.123889
v 10.740840 3.279845 3.153278
v 10.740840 3.320296 3.123889
v 10.690840 2.956238 3.388392
v 10.740840 2.956238 3.388392
v 8.640842 3.279845 3.153278
v 8.640842 3.320296 3.123889
v 8.590842 3.320296 3.123889
v 8.590842 3.279845 3.153278
v 8.590842 2.956238 3.388392
v 8.640842 2.956238 3.388392
v 23.335701 2.592180 3.652896
v 22.452720 2.592180 3.652896
v 22.452720 2.551730 3.682285
v 23.335701 2.551730 3.682285
v 23.385701 2.551730 3.682285
v 23.385701 2.592180 3.652896
v 22.452720 2.915787 3.417781
v 22.490210 2.915787 3.417781
v 22.402720 2.915787 3.417781
v 22.402720 2.592180 3.652896
v 27.042571 1.825815 4.209693
v 28.442571 1.825815 4.209693
v 28.442571 1.866266 4.180303
v 27.042571 1.866266 4.180303
v 26.992571 1.866266 4.180303
v 26.992571 1.825815 4.209693
v 26.992571 1.461757 4.474196
v 27.042571 1.461757 4.474196
v 25.585701 2.228123 3.917399
v 24.485701 2.228123 3.917399
v 24.485701 2.187672 3.946788
v 25.585701 2.187672 3.946788
v 26.992571 2.189873 3.945190
v 27.042571 2.189873 3.945190
v 24.485701 2.551730 3.682285
v 25.585701 2.551730 3.682285
v 24.435701 2.551730 3.682285
v 24.435701 2.228123 3.917399
v 15.150000 2.551730 3.682285
v 16.250000 2.551730 3.682285
v 16.250000 2.592180 3.652896
v 15.150000 2.592180 3.652896
v 15.100000 2.592180 3.652896
v 15.100000 2.551730 3.682285
v 15.100000 2.228123 3.917399
v 15.150000 2.228123 3.917399
v 12.890840 2.187672 3.946788
v 13.950000 2.187672 3.946788
v 13.950000 2.228123 3.917399
v 12.890840 2.228123 3.917399
v 12.850000 2.228123 3.917399
v 12.850000 2.187672 3.946788
v 12.850000 1.866266 4.180303
v 12.890840 1.866266 4.180303
v 13.950000 1.866266 4.180303
v 12.890840 1.825815 4.209693
v 13.950000 1.825815 4.209693
v 14.000000 1.825815 4.209693
v 14.000000 1.866266 4.180303
v 14.000000 2.187672 3.946788
v 16.250000 1.866266 4.180303
v 15.150000 1.866266 4.180303
v 15.150000 1.825815 4.209693
v 16.250000 1.825815 4.209693
v 16.300000 1.825815 4.209693
v 16.300000 1.866266 4.180303
v 16.300000 2.187672 3.946788
v 16.250000 2.187672 3.946788
v 15.100000 1.866266 4.180303
v 15.100000 1.825815 4.209693
v 15.100000 1.461757 4.474196
v 15.150000 1.461757 4.474196
v 17.350000 2.187672 3.946788
v 17.350000 2.228123 3.917399
v 16.300000 2.228123 3.917399
v 16.250000 2.228123 3.917399
v 17.350000 1.866266 4.180303
v 17.350000 1.825815 4.209693
v 17.400000 2.187672 3.946788
v 14.000000 2.551730 3.682285
v 14.000000 2.592180 3.652896
v 13.950000 2.592180 3.652896
v 13.950000 2.551730 3.682285
v 14.000000 2.228123 3.917399
v 15.100000 2.187672 3.946788
v 15.150000 2.187672 3.946788
v 17.400000 2.228123 3.917399
v 17.400000 2.551730 3.682285
v 17.350000 2.551730 3.682285
v 20.102720 2.187672 3.946788
v 20.102720 1.866266 4.180303
v 20.152720 1.866266 4.180303
v 20.152720 2.187672 3.946788
v 20.152720 2.228123 3.917399
v 20.102720 2.228123 3.917399
v 18.900000 2.228123 3.917399
v 20.102720 1.825815 4.209693
v 20.152720 1.825815 4.209693
v 15.150000 2.915787 3.417781
v 16.250000 2.915787 3.417781
v 15.100000 2.915787 3.417781
v 16.300000 2.551730 3.682285
v 16.300000 2.592180 3.652896
v 16.300000 2.915787 3.417781
v 11.840840 2.187672 3.946788
v 11.840840 2.228123 3.917399
v 11.790840 2.228123 3.917399
v 11.790840 2.187672 3.946788
v 11.790840 1.866266 4.180303
v 11.840840 1.866266 4.180303
v 11.840840 1.825815 4.209693
v 12.850000 1.825815 4.209693
v 11.790840 2.915787 3.417781
v 11.790840 2.592180 3.652896
v 11.840840 2.592180 3.652896
v 12.850000 2.592180 3.652896
v 11.840840 2.551730 3.682285
v 12.850000 2.551730 3.682285
v 12.890840 2.551730 3.682285
v 12.890840 2.592180 3.652896
v 21.252720 2.187672 3.946788
v 21.252720 1.866266 4.180303
v 21.302720 1.866266 4.180303
v 21.302720 2.187672 3.946788
v 21.302720 2.228123 3.917399
v 21.252720 2.228123 3.917399
v 21.252720 1.825815 4.209693
v 21.302720 1.825815 4.209693
v 17.350000 2.915787 3.417781
v 17.350000 2.592180 3.652896
v 17.400000 2.592180 3.652896
v 17.400000 2.915787 3.417781
v 10.740840 2.187672 3.946788
v 10.740840 2.228123 3.917399
v 10.690840 2.228123 3.917399
v 10.690840 2.187672 3.946788
v 10.690840 1.866266 4.180303
v 10.740840 1.866266 4.180303
v 10.740840 1.825815 4.209693
v 11.790840 1.825815 4.209693
v 10.740840 2.915787 3.417781
v 10.690840 2.915787 3.417781
v 10.690840 2.592180 3.652896
v 10.740840 2.592180 3.652896
v 10.740840 2.551730 3.682285
v 11.790840 2.551730 3.682285
v 22.402720 1.866266 4.180303
v 22.402720 1.825815 4.209693
v 22.452720 1.825815 4.209693
v 22.452720 1.866266 4.180303
v 22.452720 2.187672 3.946788
v 22.402720 2.187672 3.946788
v 18.500000 2.915787 3.417781
v 18.500000 2.592180 3.652896
v 18.500000 2.551730 3.682285
v 18.900000 2.551730 3.682285
v 18.900000 2.592180 3.652896
v 18.900000 2.915787 3.417781
v 9.590842 2.187672 3.946788
v 9.590842 2.228123 3.917399
v 9.540842 2.228123 3.917399
v 9.540842 2.187672 3.946788
v 9.540842 1.866266 4.180303
v 9.590842 1.866266 4.180303
v 9.590842 1.825815 4.209693
v 10.690840 1.825815 4.209693
v 9.590842 2.915787 3.417781
v 9.540842 2.915787 3.417781
v 9.540842 2.592180 3.652896
v 9.590842 2.592180 3.652896
v 9.590842 2.551730 3.682285
v 10.690840 2.551730 3.682285
v 23.335701 2.187672 3.946788
v 23.335701 2.228123 3.917399
v 22.452720 2.228123 3.917399
v 22.402720 2.228123 3.917399
v 23.335701 1.866266 4.180303
v 23.335701 1.825815 4.209693
v 23.385701 1.825815 4.209693
v 23.385701 1.866266 4.180303
v 23.385701 2.187672 3.946788
v 20.102720 2.915787 3.417781
v 20.102720 2.592180 3.652896
v 20.102720 2.551730 3.682285
v 20.152720 2.551730 3.682285
v 20.152720 2.592180 3.652896
v 20.152720 2.915787 3.417781
v 8.640842 2.187672 3.946788
v 8.640842 2.228123 3.917399
v 8.590842 2.228123 3.917399
v 8.590842 2.187672 3.946788
v 8.590842 1.866266 4.180303
v 8.640842 1.866266 4.180303
v 8.640842 1.825815 4.209693
v 9.540842 1.825815 4.209693
v 8.640842 2.915787 3.417781
v 8.590842 2.915787 3.417781
v 8.590842 2.592180 3.652896
v 8.640842 2.592180 3.652896
v 8.640842 2.551730 3.682285
v 9.540842 2.551730 3.682285
v 24.435701 2.187672 3.946788
v 24.435701 1.866266 4.180303
v 24.485701 1.866266 4.180303
v 23.385701 2.228123 3.917399
v 24.435701 1.825815 4.209693
v 24.485701 1.825815 4.209693
v 21.252720 2.915787 3.417781
v 21.252720 2.592180 3.652896
v 21.302720 2.592180 3.652896
v 21.302720 2.915787 3.417781
v 21.252720 2.551730 3.682285
v 21.302720 2.551730 3.682285
v 7.825000 1.866266 4.180303
v 7.825000 1.825815 4.209693
v 8.590842 1.825815 4.209693
v 7.825000 2.592180 3.652896
v 7.825000 2.551730 3.682285
v 8.590842 2.551730 3.682285
v 25.585701 1.866266 4.180303
v 25.585701 1.825815 4.209693
v 25.635701 1.825815 4.209693
v 25.635701 1.866266 4.180303
v 22.402720 2.551730 3.682285
v 10.690840 5.709097 1.388324
v 9.590842 5.709097 1.388324
v 9.590842 5.668646 1.417713
v 10.690840 5.668646 1.417713
v 14.126750 5.535563 1.514403
v 14.064940 5.547368 1.505827
v 13.263950 5.700349 1.394679
v 13.215280 5.709643 1.387926
v 12.241949 5.895538 1.252866
v 12.193280 5.904833 1.246113
v 11.317290 6.072139 1.124558
v 11.268621 6.081434 1.117805
v 10.690840 6.073154 1.123820
v 10.532070 6.222108 1.015599
v 10.470480 6.233869 1.007054
v 9.590842 6.073154 1.123820
v 7.825000 6.073154 1.123820
v 8.960222 6.522312 0.797488
v 8.298179 6.648755 0.705622
v 6.925000 7.658828 -0.028239
v 15.100000 4.252866 2.446337
v 14.000000 4.252866 2.446337
v 14.000000 4.212415 2.475726
v 15.100000 4.212415 2.475726
v 15.150000 4.212415 2.475726
v 15.150000 4.252866 2.446337
v 11.790840 4.252866 2.446337
v 10.740840 4.252866 2.446337
v 10.740840 4.212415 2.475726
v 11.790840 4.212415 2.475726
v 11.840840 4.212415 2.475726
v 11.840840 4.252866 2.446337
v 11.840840 4.616924 2.181834
v 11.790840 4.616924 2.181834
v 8.640842 4.980981 1.917330
v 9.540842 4.980981 1.917330
v 9.540842 5.021432 1.887941
v 8.640842 5.021432 1.887941
v 8.590842 5.021432 1.887941
v 8.590842 4.980981 1.917330
v 8.590842 4.657374 2.152444
v 8.640842 4.657374 2.152444
v 10.690840 4.657374 2.152444
v 9.590842 4.657374 2.152444
v 9.590842 4.616924 2.181834
v 10.690840 4.616924 2.181834
v 10.740840 4.616924 2.181834
v 10.740840 4.657374 2.152444
v 10.740840 4.980981 1.917330
v 10.690840 4.980981 1.917330
v 9.540842 5.668646 1.417713
v 9.540842 5.385490 1.623438
v 9.590842 5.385490 1.623438
v 9.540842 5.709097 1.388324
v 8.640842 5.668646 1.417713
v 12.890840 4.980981 1.917330
v 13.950000 4.980981 1.917330
v 13.950000 5.021432 1.887941
v 12.890840 5.021432 1.887941
v 12.850000 5.021432 1.887941
v 12.850000 4.980981 1.917330
v 12.850000 4.657374 2.152444
v 12.890840 4.657374 2.152444
v 13.950000 4.252866 2.446337
v 12.890840 4.252866 2.446337
v 12.890840 4.212415 2.475726
v 13.950000 4.212415 2.475726
v 13.950000 4.616924 2.181834
v 21.553540 4.449633 2.303378
v 21.564390 4.489123 2.274686
v 21.662051 4.844536 2.016464
v 21.613379 4.853830 2.009711
v 12.850000 4.616924 2.181834
v 12.850000 4.252866 2.446337
v 12.890840 4.616924 2.181834
v 11.840840 4.657374 2.152444
v 12.850000 4.212415 2.475726
v 10.690840 4.252866 2.446337
v 9.590842 4.252866 2.446337
v 9.590842 4.212415 2.475726
v 10.690840 4.212415 2.475726
v 9.540842 4.657374 2.152444
v 9.540842 4.616924 2.181834
v 10.690840 5.021432 1.887941
v 9.590842 5.021432 1.887941
v 9.590842 4.980981 1.917330
v 10.740840 5.021432 1.887941
v 10.740840 5.345039 1.652827
v 10.690840 5.345039 1.652827
v 9.590842 5.345039 1.652827
v 10.690840 5.385490 1.623438
v 9.540842 5.345039 1.652827
v 11.840840 4.980981 1.917330
v 11.840840 5.021432 1.887941
v 11.790840 5.021432 1.887941
v 11.790840 4.980981 1.917330
v 11.790840 4.657374 2.152444
v 14.000000 4.657374 2.152444
v 14.000000 4.980981 1.917330
v 13.950000 4.657374 2.152444
v 14.332100 4.657374 2.152444
v 16.300000 4.616924 2.181834
v 17.158630 4.616924 2.181834
v 14.332100 4.980981 1.917330
v 14.332100 5.021432 1.887941
v 14.000000 5.021432 1.887941
v 11.790840 5.345039 1.652827
v 11.840840 5.345039 1.652827
v 12.850000 5.345039 1.652827
v 14.000000 5.345039 1.652827
v 14.332100 5.345039 1.652827
v 7.825000 4.657374 2.152444
v 7.825000 4.616924 2.181834
v 8.590842 4.616924 2.181834
v 8.640842 4.616924 2.181834
v 8.590842 5.385490 1.623438
v 7.825000 5.385490 1.623438
v 7.825000 5.345039 1.652827
v 8.590842 5.345039 1.652827
v 8.640842 5.345039 1.652827
v 8.640842 5.385490 1.623438
v 8.590842 5.668646 1.417713
v 7.825000 5.709097 1.388324
v 7.825000 5.668646 1.417713
v 8.450000 7.658828 -0.028239
v 8.504962 7.357391 0.190767
v 9.954854 7.080478 0.391957
v 10.003520 7.071183 0.398710
v 29.451101 3.647853 2.885905
v 29.451101 1.438150 4.491347
v 28.767361 3.487500 3.002408
v 28.669700 3.132087 3.260630
v 28.658850 3.092597 3.289322
v 28.442571 2.189873 3.945190
v 6.925000 1.392182 4.524746
v 7.400000 1.392182 4.524746
v 7.825000 1.461757 4.474196
v 7.825000 2.187672 3.946788
v 7.825000 2.228123 3.917399
v 7.825000 2.915787 3.417781
v 7.825000 2.956238 3.388392
v 7.825000 3.279845 3.153278
v 7.825000 3.320296 3.123889
v 7.825000 3.646103 2.887176
v 7.825000 3.888808 2.710840
v 7.825000 4.212415 2.475726
v 7.825000 4.252866 2.446337
v 7.825000 4.980981 1.917330
v 7.825000 5.021432 1.887941
v 14.271730 6.256004 0.990972
v 14.322070 6.246388 0.997958
v 15.058630 6.105715 1.100164
v 15.107290 6.096420 1.106917
v 15.983290 5.929114 1.228471
v 16.031960 5.919819 1.235225
v 17.005291 5.733924 1.370285
v 17.053960 5.724629 1.377038
v 19.901770 5.180729 1.772205
v 19.952159 5.171104 1.779198
v 20.688721 5.030431 1.881403
v 20.737380 5.021136 1.888156
v 22.635381 4.658640 2.151525
v 22.684050 4.649345 2.158278
v 23.657380 4.463450 2.293338
v 23.706040 4.454155 2.300092
v 24.679370 4.268260 2.435152
v 24.728040 4.258965 2.441905
v 26.723369 3.877880 2.718780
v 26.772029 3.868586 2.725533
v 27.745359 3.682690 2.860594
v 27.794031 3.673395 2.867347
v 17.158630 3.888808 2.710840
v 21.466731 4.133710 2.532909
v 21.418059 4.143005 2.526156
v 15.150000 3.888808 2.710840
v 15.100000 3.888808 2.710840
v 14.000000 3.888808 2.710840
v 13.950000 3.888808 2.710840
v 12.890840 3.888808 2.710840
v 8.590842 3.646103 2.887176
v 8.640842 3.646103 2.887176
v 9.540842 3.646103 2.887176
v 9.590842 3.646103 2.887176
v 10.690840 3.646103 2.887176
v 10.740840 3.646103 2.887176
v 11.790840 3.646103 2.887176
v 11.840840 3.646103 2.887176
v 12.850000 3.646103 2.887176
v 12.890840 3.646103 2.887176
v 13.950000 3.646103 2.887176
v 14.000000 3.646103 2.887176
v 15.100000 3.646103 2.887176
v 15.150000 3.646103 2.887176
v 16.250000 3.646103 2.887176
v 16.300000 3.646103 2.887176
v 17.350000 3.646103 2.887176
v 17.400000 3.646103 2.887176
v 18.500000 3.646103 2.887176
v 18.900000 3.646103 2.887176
v 20.102720 3.646103 2.887176
v 20.152720 3.646103 2.887176
v 21.252720 3.646103 2.887176
v 21.302720 3.646103 2.887176
v 12.850000 3.888808 2.710840
v 11.840840 3.888808 2.710840
v 11.790840 3.888808 2.710840
v 10.740840 3.888808 2.710840
v 10.690840 3.888808 2.710840
v 9.590842 3.888808 2.710840
v 9.540842 3.888808 2.710840
v 28.442571 1.461757 4.474196
v 7.400000 1.138150 4.709310
v 28.801101 1.138150 4.709310
v 28.801101 1.438150 4.491347
v 25.635701 1.461757 4.474196
v 25.585701 1.461757 4.474196
v 24.485701 1.461757 4.474196
v 24.435701 1.461757 4.474196
v 23.385701 1.461757 4.474196
v 23.335701 1.461757 4.474196
v 22.452720 1.461757 4.474196
v 22.402720 1.461757 4.474196
v 21.302720 1.461757 4.474196
v 21.252720 1.461757 4.474196
v 20.152720 1.461757 4.474196
v 20.102720 1.461757 4.474196
v 18.900000 1.461757 4.474196
v 18.500000 1.461757 4.474196
v 17.400000 1.461757 4.474196
v 17.350000 1.461757 4.474196
v 16.300000 1.461757 4.474196
v 16.250000 1.461757 4.474196
v 14.000000 1.461757 4.474196
v 13.950000 1.461757 4.474196
v 12.890840 1.461757 4.474196
v 12.850000 1.461757 4.474196
v 11.840840 1.461757 4.474196
v 11.790840 1.461757 4.474196
v 10.740840 1.461757 4.474196
v 10.690840 1.461757 4.474196
v 9.590842 1.461757 4.474196
v 9.540842 1.461757 4.474196
v 8.640842 1.461757 4.474196
v 8.590842 1.461757 4.474196
v 18.500000 2.228123 3.917399
v 14.224410 5.890975 1.256181
v 14.213560 5.851485 1.284872
v 9.540842 6.073154 1.123820
v 9.022977 6.510326 0.806196
v 16.956300 5.369216 1.635261
v 15.934301 5.564407 1.493447
v 15.836639 5.208994 1.751669
v 15.787970 5.218289 1.744916
v 27.696370 3.317983 3.125569
v 26.614861 3.482977 3.005694
v 26.674370 3.513173 2.983755
v 26.625710 3.522467 2.977003
v 11.790840 5.403817 1.733729
v 10.740840 5.403817 1.733729
v 12.850000 5.403817 1.733729
v 11.840840 5.403817 1.733729
v -13.850000 7.029941 0.552280
v -12.700000 7.029941 0.552280
v -14.900000 7.029941 0.552280
v -13.900000 7.029941 0.552280
v -10.650000 7.029941 0.552280
v -9.500000 7.029941 0.552280
v -11.700000 7.029941 0.552280
v -10.700000 7.029941 0.552280
v -7.277289 7.029941 0.552280
v -6.300000 7.029941 0.552280
v -8.500000 7.029941 0.552280
v -7.327289 7.029941 0.552280
v -4.100000 7.029941 0.552280
v -3.100000 7.029941 0.552280
v -5.300000 7.029941 0.552280
v -4.150000 7.029941 0.552280
v -13.900000 2.246451 4.027690
v -14.900000 2.246451 4.027690
v -14.900000 2.286901 3.998300
v -13.900000 2.286901 3.998300
v -1.027290 3.824034 2.881508
v -0.027290 3.824034 2.881508
v -0.027290 3.783583 2.910898
v -1.027290 3.783583 2.910898
v 10.690840 2.610508 3.763186
v 9.590842 2.610508 3.763186
v 9.590842 2.650959 3.733797
v 10.690840 2.650959 3.733797
v -17.050000 2.610508 3.763186
v -18.050000 2.610508 3.763186
v -18.050000 2.650959 3.733797
v -17.050000 2.650959 3.733797
v 2.172710 2.974566 3.498683
v 1.072710 2.974566 3.498683
v 1.072710 3.015017 3.469294
v 2.172710 3.015017 3.469294
v -1.077290 4.271194 2.556628
v -2.077290 4.271194 2.556628
v -2.077290 4.311644 2.527239
v -1.077290 4.311644 2.527239
v 2.172710 5.403817 1.733729
v 1.072710 5.403817 1.733729
v 1.072710 5.444268 1.704339
v 2.172710 5.444268 1.704339
v -14.950000 4.675702 2.262735
v -15.950000 4.675702 2.262735
v -15.950000 4.716153 2.233346
v -14.950000 4.716153 2.233346
v 16.250000 2.974566 3.498683
v 15.150000 2.974566 3.498683
v 15.150000 3.015017 3.469294
v 16.250000 3.015017 3.469294
v -17.050000 2.246451 4.027690
v -18.050000 2.246451 4.027690
v -18.050000 2.286901 3.998300
v -17.050000 2.286901 3.998300
v 1.022710 4.271194 2.556628
v 0.022710 4.271194 2.556628
v 0.022710 4.311644 2.527239
v 1.022710 4.311644 2.527239
v 5.050000 5.403817 1.733729
v 4.150000 5.403817 1.733729
v 4.150000 5.444268 1.704339
v 5.050000 5.444268 1.704339
v 11.790840 4.675702 2.262735
v 10.740840 4.675702 2.262735
v 10.740840 4.716153 2.233346
v 11.790840 4.716153 2.233346
v -14.950000 5.039760 1.998232
v -15.950000 5.039760 1.998232
v -15.950000 5.080211 1.968843
v -14.950000 5.080211 1.968843
v -15.950000 2.286901 3.998300
v -14.950000 2.286901 3.998300
v -14.950000 2.246451 4.027690
v -15.950000 2.246451 4.027690
v 9.540842 2.974566 3.498683
v 8.640842 2.974566 3.498683
v 8.640842 3.015017 3.469294
v 9.540842 3.015017 3.469294
v -17.050000 3.338624 3.234180
v -18.050000 3.338624 3.234180
v -18.050000 3.379074 3.204790
v -17.050000 3.379074 3.204790
v 12.850000 2.610508 3.763186
v 11.840840 2.610508 3.763186
v 11.840840 2.650959 3.733797
v 12.850000 2.650959 3.733797
v 1.022710 5.039760 1.998232
v 0.022710 5.039760 1.998232
v 0.022710 5.080211 1.968843
v 1.022710 5.080211 1.968843
v 20.102720 2.610508 3.763186
v 18.900000 2.610508 3.763186
v 18.900000 2.650959 3.733797
v 20.102720 2.650959 3.733797
v -13.900000 2.610508 3.763186
v -14.900000 2.610508 3.763186
v -14.900000 2.650959 3.733797
v -13.900000 2.650959 3.733797
v -8.350000 7.636704 0.111441
v -9.450000 7.636704 0.111441
v -9.450000 7.677155 0.082052
v -8.350000 7.677155 0.082052
v 22.452720 2.286901 3.998300
v 23.335701 2.286901 3.998300
v 23.335701 2.246451 4.027690
v 22.452720 2.246451 4.027690
v -7.327289 7.636704 0.111441
v -8.300000 7.636704 0.111441
v -8.300000 7.677155 0.082052
v -7.327289 7.677155 0.082052
v -17.050000 5.039760 1.998232
v -18.050000 5.039760 1.998232
v -18.050000 5.080211 1.968843
v -17.050000 5.080211 1.968843
v 5.050000 2.610508 3.763186
v 4.150000 2.610508 3.763186
v 4.150000 2.650959 3.733797
v 5.050000 2.650959 3.733797
v -6.300000 7.636704 0.111441
v -7.277289 7.636704 0.111441
v -7.277289 7.677155 0.082052
v -6.300000 7.677155 0.082052
v -0.027290 4.675702 2.262735
v -1.027290 4.675702 2.262735
v -1.027290 4.716153 2.233346
v -0.027290 4.716153 2.233346
v 9.540842 5.039760 1.998232
v 8.640842 5.039760 1.998232
v 8.640842 5.080211 1.968843
v 9.540842 5.080211 1.968843
v -5.350000 7.636704 0.111441
v -6.250000 7.636704 0.111441
v -6.250000 7.677155 0.082052
v -5.350000 7.677155 0.082052
v -17.000000 2.286901 3.998300
v -16.000000 2.286901 3.998300
v -16.000000 2.246451 4.027690
v -17.000000 2.246451 4.027690
v -18.050000 3.015017 3.469294
v -17.050000 3.015017 3.469294
v -17.050000 2.974566 3.498683
v -18.050000 2.974566 3.498683
v 18.900000 3.015017 3.469294
v 20.102720 3.015017 3.469294
v 20.102720 2.974566 3.498683
v 18.900000 2.974566 3.498683
v -5.300000 7.677155 0.082052
v -4.150000 7.677155 0.082052
v -4.150000 7.636704 0.111441
v -5.300000 7.636704 0.111441
v -3.100000 7.636704 0.111441
v -4.100000 7.636704 0.111441
v -4.100000 7.677155 0.082052
v -3.100000 7.677155 0.082052
v -12.700000 7.636704 0.111441
v -13.400000 7.636704 0.111441
v -13.400000 7.677155 0.082052
v -12.700000 7.677155 0.082052
v 9.540842 5.403817 1.733729
v 8.640842 5.403817 1.733729
v 8.640842 5.444268 1.704339
v 9.540842 5.444268 1.704339
v -11.750000 7.636704 0.111441
v -12.650000 7.636704 0.111441
v -12.650000 7.677155 0.082052
v -11.750000 7.677155 0.082052
v -17.050000 4.675702 2.262735
v -18.050000 4.675702 2.262735
v -18.050000 4.716153 2.233346
v -17.050000 4.716153 2.233346
v 22.402720 2.610508 3.763186
v 21.302720 2.610508 3.763186
v 21.302720 2.650959 3.733797
v 22.402720 2.650959 3.733797
v -10.700000 7.636704 0.111441
v -11.700000 7.636704 0.111441
v -11.700000 7.677155 0.082052
v -10.700000 7.677155 0.082052
v 5.050000 2.246451 4.027690
v 4.150000 2.246451 4.027690
v 4.150000 2.286901 3.998300
v 5.050000 2.286901 3.998300
v 5.050000 2.974566 3.498683
v 4.150000 2.974566 3.498683
v 4.150000 3.015017 3.469294
v 5.050000 3.015017 3.469294
v -9.500000 7.636704 0.111441
v -10.650000 7.636704 0.111441
v -10.650000 7.677155 0.082052
v -9.500000 7.677155 0.082052
v 1.022710 3.783583 2.910898
v 0.022710 3.783583 2.910898
v 0.022710 3.824034 2.881508
v 1.022710 3.824034 2.881508
v 21.252720 2.974566 3.498683
v 20.152720 2.974566 3.498683
v 20.152720 3.015017 3.469294
v 21.252720 3.015017 3.469294
v 1.022710 2.610508 3.763186
v 0.022710 2.610508 3.763186
v 0.022710 2.650959 3.733797
v 1.022710 2.650959 3.733797
v 1.022710 3.338624 3.234180
v 0.022710 3.338624 3.234180
v 0.022710 3.379074 3.204790
v 1.022710 3.379074 3.204790
v -2.127290 4.271194 2.556628
v -3.050000 4.271194 2.556628
v -3.050000 4.311644 2.527239
v -2.127290 4.311644 2.527239
v 17.350000 2.610508 3.763186
v 16.300000 2.610508 3.763186
v 16.300000 2.650959 3.733797
v 17.350000 2.650959 3.733797
v -0.027290 4.271194 2.556628
v -1.027290 4.271194 2.556628
v -1.027290 4.311644 2.527239
v -0.027290 4.311644 2.527239
v -17.050000 3.783583 2.910898
v -18.050000 3.783583 2.910898
v -18.050000 3.824034 2.881508
v -17.050000 3.824034 2.881508
v -13.900000 4.675702 2.262735
v -14.900000 4.675702 2.262735
v -14.900000 4.716153 2.233346
v -13.900000 4.716153 2.233346
v 1.022710 2.974566 3.498683
v 0.022710 2.974566 3.498683
v 0.022710 3.015017 3.469294
v 1.022710 3.015017 3.469294
v -13.900000 3.338624 3.234180
v -14.900000 3.338624 3.234180
v -14.900000 3.379074 3.204790
v -13.900000 3.379074 3.204790
v -2.127290 3.338624 3.234180
v -3.050000 3.338624 3.234180
v -3.050000 3.379074 3.204790
v -2.127290 3.379074 3.204790
v 13.950000 2.610508 3.763186
v 12.890840 2.610508 3.763186
v 12.890840 2.650959 3.733797
v 13.950000 2.650959 3.733797
v 10.690840 5.039760 1.998232
v 9.590842 5.039760 1.998232
v 9.590842 5.080211 1.968843
v 10.690840 5.080211 1.968843
v 10.690840 2.246451 4.027690
v 9.590842 2.246451 4.027690
v 9.590842 2.286901 3.998300
v 10.690840 2.286901 3.998300
v -16.000000 5.403817 1.733729
v -17.000000 5.403817 1.733729
v -17.000000 5.444268 1.704339
v -16.000000 5.444268 1.704339
v 4.100000 2.246451 4.027690
v 3.172710 2.246451 4.027690
v 3.172710 2.286901 3.998300
v 4.100000 2.286901 3.998300
v -12.700000 3.783583 2.910898
v -13.850000 3.783583 2.910898
v -13.850000 3.824034 2.881508
v -12.700000 3.824034 2.881508
v -0.027290 2.610508 3.763186
v -1.027290 2.610508 3.763186
v -1.027290 2.650959 3.733797
v -0.027290 2.650959 3.733797
v 16.250000 2.610508 3.763186
v 15.150000 2.610508 3.763186
v 15.150000 2.650959 3.733797
v 16.250000 2.650959 3.733797
v 6.025000 5.403817 1.733729
v 5.100000 5.403817 1.733729
v 5.100000 5.444268 1.704339
v 6.025000 5.444268 1.704339
v 6.025000 5.039760 1.998232
v 5.100000 5.039760 1.998232
v 5.100000 5.080211 1.968843
v 6.025000 5.080211 1.968843
v 6.025000 4.675702 2.262735
v 5.100000 4.675702 2.262735
v 5.100000 4.716153 2.233346
v 6.025000 4.716153 2.233346
v 2.172710 3.338624 3.234180
v 1.072710 3.338624 3.234180
v 1.072710 3.379074 3.204790
v 2.172710 3.379074 3.204790
v 2.172710 4.271194 2.556628
v 1.072710 4.271194 2.556628
v 1.072710 4.311644 2.527239
v 2.172710 4.311644 2.527239
v -16.000000 3.338624 3.234180
v -17.000000 3.338624 3.234180
v -17.000000 3.379074 3.204790
v -16.000000 3.379074 3.204790
v 1.072710 3.824034 2.881508
v 2.172710 3.824034 2.881508
v 2.172710 3.783583 2.910898
v 1.072710 3.783583 2.910898
v 4.100000 4.271194 2.556628
v 3.172710 4.271194 2.556628
v 3.172710 4.311644 2.527239
v 4.100000 4.311644 2.527239
v -0.027290 3.338624 3.234180
v -1.027290 3.338624 3.234180
v -1.027290 3.379074 3.204790
v -0.027290 3.379074 3.204790
v 5.050000 4.271194 2.556628
v 4.150000 4.271194 2.556628
v 4.150000 4.311644 2.527239
v 5.050000 4.311644 2.527239
v 6.025000 4.271194 2.556628
v 5.100000 4.271194 2.556628
v 5.100000 4.311644 2.527239
v 6.025000 4.311644 2.527239
v 11.840840 5.080211 1.968843
v 12.850000 5.080211 1.968843
v 12.850000 5.039760 1.998232
v 11.840840 5.039760 1.998232
v 18.500000 2.974566 3.498683
v 17.400000 2.974566 3.498683
v 17.400000 3.015017 3.469294
v 18.500000 3.015017 3.469294
v -17.000000 3.015017 3.469294
v -16.000000 3.015017 3.469294
v -16.000000 2.974566 3.498683
v -17.000000 2.974566 3.498683
v 22.402720 2.246451 4.027690
v 21.302720 2.246451 4.027690
v 21.302720 2.286901 3.998300
v 22.402720 2.286901 3.998300
v 4.100000 3.338624 3.234180
v 3.172710 3.338624 3.234180
v 3.172710 3.379074 3.204790
v 4.100000 3.379074 3.204790
v 5.050000 3.338624 3.234180
v 4.150000 3.338624 3.234180
v 4.150000 3.379074 3.204790
v 5.050000 3.379074 3.204790
v 11.790840 5.039760 1.998232
v 10.740840 5.039760 1.998232
v 10.740840 5.080211 1.968843
v 11.790840 5.080211 1.968843
v 6.025000 3.338624 3.234180
v 5.100000 3.338624 3.234180
v 5.100000 3.379074 3.204790
v 6.025000 3.379074 3.204790
v -16.000000 3.783583 2.910898
v -17.000000 3.783583 2.910898
v -17.000000 3.824034 2.881508
v -16.000000 3.824034 2.881508
v 6.025000 2.974566 3.498683
v 5.100000 2.974566 3.498683
v 5.100000 3.015017 3.469294
v 6.025000 3.015017 3.469294
v -16.000000 4.271194 2.556628
v -17.000000 4.271194 2.556628
v -17.000000 4.311644 2.527239
v -16.000000 4.311644 2.527239
v 6.025000 2.610508 3.763186
v 5.100000 2.610508 3.763186
v 5.100000 2.650959 3.733797
v 6.025000 2.650959 3.733797
v 4.100000 2.610508 3.763186
v 3.172710 2.610508 3.763186
v 3.172710 2.650959 3.733797
v 4.100000 2.650959 3.733797
v 6.025000 2.246451 4.027690
v 5.100000 2.246451 4.027690
v 5.100000 2.286901 3.998300
v 6.025000 2.286901 3.998300
v -18.100000 3.338624 3.234180
v -19.100000 3.338624 3.234180
v -19.100000 3.379074 3.204790
v -18.100000 3.379074 3.204790
v 4.100000 5.039760 1.998232
v 3.172710 5.039760 1.998232
v 3.172710 5.080211 1.968843
v 4.100000 5.080211 1.968843
v -19.100000 3.824034 2.881508
v -18.100000 3.824034 2.881508
v -18.100000 3.783583 2.910898
v -19.100000 3.783583 2.910898
v -19.100000 4.311644 2.527239
v -18.100000 4.311644 2.527239
v -18.100000 4.271194 2.556628
v -19.100000 4.271194 2.556628
v -18.100000 4.675702 2.262735
v -19.100000 4.675702 2.262735
v -19.100000 4.716153 2.233346
v -18.100000 4.716153 2.233346
v -18.100000 5.039760 1.998232
v -19.100000 5.039760 1.998232
v -19.100000 5.080211 1.968843
v -18.100000 5.080211 1.968843
v -18.100000 5.403817 1.733729
v -19.100000 5.403817 1.733729
v -19.100000 5.444268 1.704339
v -18.100000 5.444268 1.704339
v -7.327289 5.727424 1.498615
v -8.327289 5.727424 1.498615
v -8.327289 5.767875 1.469225
v -7.327289 5.767875 1.469225
v -8.600000 5.727424 1.498615
v -9.450000 5.727424 1.498615
v -9.450000 5.767875 1.469225
v -8.600000 5.767875 1.469225
v -14.950000 2.974566 3.498683
v -15.950000 2.974566 3.498683
v -15.950000 3.015017 3.469294
v -14.950000 3.015017 3.469294
v -9.500000 5.727424 1.498615
v -10.650000 5.727424 1.498615
v -10.650000 5.767875 1.469225
v -9.500000 5.767875 1.469225
v 11.790840 2.246451 4.027690
v 10.740840 2.246451 4.027690
v 10.740840 2.286901 3.998300
v 11.790840 2.286901 3.998300
v -14.950000 2.610508 3.763186
v -15.950000 2.610508 3.763186
v -15.950000 2.650959 3.733797
v -14.950000 2.650959 3.733797
v -10.700000 5.727424 1.498615
v -11.700000 5.727424 1.498615
v -11.700000 5.767875 1.469225
v -10.700000 5.767875 1.469225
v -14.950000 4.271194 2.556628
v -15.950000 4.271194 2.556628
v -15.950000 4.311644 2.527239
v -14.950000 4.311644 2.527239
v -12.650000 5.767875 1.469225
v -11.750000 5.767875 1.469225
v -11.750000 5.727424 1.498615
v -12.650000 5.727424 1.498615
v 2.172710 4.675702 2.262735
v 1.072710 4.675702 2.262735
v 1.072710 4.716153 2.233346
v 2.172710 4.716153 2.233346
v -1.077290 3.783583 2.910898
v -2.077290 3.783583 2.910898
v -2.077290 3.824034 2.881508
v -1.077290 3.824034 2.881508
v -12.700000 5.727424 1.498615
v -13.850000 5.727424 1.498615
v -13.850000 5.767875 1.469225
v -12.700000 5.767875 1.469225
v -13.900000 5.727424 1.498615
v -14.900000 5.727424 1.498615
v -14.900000 5.767875 1.469225
v -13.900000 5.767875 1.469225
v -14.950000 5.727424 1.498615
v -15.950000 5.727424 1.498615
v -15.950000 5.767875 1.469225
v -14.950000 5.767875 1.469225
v 11.790840 2.974566 3.498683
v 10.740840 2.974566 3.498683
v 10.740840 3.015017 3.469294
v 11.790840 3.015017 3.469294
v -16.000000 5.727424 1.498615
v -17.000000 5.727424 1.498615
v -17.000000 5.767875 1.469225
v -16.000000 5.767875 1.469225
v 11.790840 2.610508 3.763186
v 10.740840 2.610508 3.763186
v 10.740840 2.650959 3.733797
v 11.790840 2.650959 3.733797
v -17.050000 5.727424 1.498615
v -18.050000 5.727424 1.498615
v -18.050000 5.767875 1.469225
v -17.050000 5.767875 1.469225
v -14.950000 5.403817 1.733729
v -15.950000 5.403817 1.733729
v -15.950000 5.444268 1.704339
v -14.950000 5.444268 1.704339
v -18.100000 5.727424 1.498615
v -19.100000 5.727424 1.498615
v -19.100000 5.767875 1.469225
v -18.100000 5.767875 1.469225
v -14.900000 6.746785 0.758005
v -13.900000 6.746785 0.758005
v -13.900000 6.706335 0.787394
v -14.900000 6.706335 0.787394
v -17.050000 5.403817 1.733729
v -18.050000 5.403817 1.733729
v -18.050000 5.444268 1.704339
v -17.050000 5.444268 1.704339
v -14.950000 3.783583 2.910898
v -15.950000 3.783583 2.910898
v -15.950000 3.824034 2.881508
v -14.950000 3.824034 2.881508
v -12.700000 6.706335 0.787394
v -13.850000 6.706335 0.787394
v -13.850000 6.746785 0.758005
v -12.700000 6.746785 0.758005
v 9.540842 2.610508 3.763186
v 8.640842 2.610508 3.763186
v 8.640842 2.650959 3.733797
v 9.540842 2.650959 3.733797
v -10.700000 6.706335 0.787394
v -11.700000 6.706335 0.787394
v -11.700000 6.746785 0.758005
v -10.700000 6.746785 0.758005
v 2.172710 2.610508 3.763186
v 1.072710 2.610508 3.763186
v 1.072710 2.650959 3.733797
v 2.172710 2.650959 3.733797
v 5.050000 4.675702 2.262735
v 4.150000 4.675702 2.262735
v 4.150000 4.716153 2.233346
v 5.050000 4.716153 2.233346
v -9.500000 6.706335 0.787394
v -10.650000 6.706335 0.787394
v -10.650000 6.746785 0.758005
v -9.500000 6.746785 0.758005
v 17.350000 2.974566 3.498683
v 16.300000 2.974566 3.498683
v 16.300000 3.015017 3.469294
v 17.350000 3.015017 3.469294
v -6.300000 6.706335 0.787394
v -7.277289 6.706335 0.787394
v -7.277289 6.746785 0.758005
v -6.300000 6.746785 0.758005
v -7.327289 6.706335 0.787394
v -8.500000 6.706335 0.787394
v -8.500000 6.746785 0.758005
v -7.327289 6.746785 0.758005
v -4.150000 6.706335 0.787394
v -5.300000 6.706335 0.787394
v -5.300000 6.746785 0.758005
v -4.150000 6.746785 0.758005
v 9.540842 4.675702 2.262735
v 8.640842 4.675702 2.262735
v 8.640842 4.716153 2.233346
v 9.540842 4.716153 2.233346
v -14.950000 3.338624 3.234180
v -15.950000 3.338624 3.234180
v -15.950000 3.379074 3.204790
v -14.950000 3.379074 3.204790
v -3.100000 6.706335 0.787394
v -4.100000 6.706335 0.787394
v -4.100000 6.746785 0.758005
v -3.100000 6.746785 0.758005
v 0.400000 6.746785 0.758005
v 1.850000 6.746785 0.758005
v 1.850000 6.706335 0.787394
v 0.400000 6.706335 0.787394
v 2.172710 2.246451 4.027690
v 1.072710 2.246451 4.027690
v 1.072710 2.286901 3.998300
v 2.172710 2.286901 3.998300
v 3.150000 6.706335 0.787394
v 1.900000 6.706335 0.787394
v 1.900000 6.746785 0.758005
v 3.150000 6.746785 0.758005
v -1.077290 3.338624 3.234180
v -2.077290 3.338624 3.234180
v -2.077290 3.379074 3.204790
v -1.077290 3.379074 3.204790
v 2.172710 5.039760 1.998232
v 1.072710 5.039760 1.998232
v 1.072710 5.080211 1.968843
v 2.172710 5.080211 1.968843
v 3.200000 6.746785 0.758005
v 4.400000 6.746785 0.758005
v 4.400000 6.706335 0.787394
v 3.200000 6.706335 0.787394
v 3.200000 7.070392 0.522891
v 4.400000 7.070392 0.522891
v 3.200000 7.029941 0.552280
v 4.400000 7.029941 0.552280
v 1.900000 7.029941 0.552280
v 3.150000 7.029941 0.552280
v 1.900000 7.070392 0.522891
v 3.150000 7.070392 0.522891
v 18.500000 2.610508 3.763186
v 17.400000 2.610508 3.763186
v 17.400000 2.650959 3.733797
v 18.500000 2.650959 3.733797
v 0.400000 7.070392 0.522891
v 1.850000 7.070392 0.522891
v 0.400000 7.029941 0.552280
v 1.850000 7.029941 0.552280
v 6.025000 5.727424 1.498615
v 5.100000 5.727424 1.498615
v 5.100000 5.767875 1.469225
v 6.025000 5.767875 1.469225
v 5.050000 5.727424 1.498615
v 4.150000 5.727424 1.498615
v 4.150000 5.767875 1.469225
v 5.050000 5.767875 1.469225
v 4.100000 5.727424 1.498615
v 3.172710 5.727424 1.498615
v 3.172710 5.767875 1.469225
v 4.100000 5.767875 1.469225
v 2.172710 5.727424 1.498615
v 1.072710 5.727424 1.498615
v 1.072710 5.767875 1.469225
v 2.172710 5.767875 1.469225
v -13.900000 2.974566 3.498683
v -14.900000 2.974566 3.498683
v -14.900000 3.015017 3.469294
v -13.900000 3.015017 3.469294
v -13.900000 5.403817 1.733729
v -14.900000 5.403817 1.733729
v -14.900000 5.444268 1.704339
v -13.900000 5.444268 1.704339
v 1.022710 5.727424 1.498615
v 0.022710 5.727424 1.498615
v 0.022710 5.767875 1.469225
v 1.022710 5.767875 1.469225
v -0.027290 5.727424 1.498615
v -1.027290 5.727424 1.498615
v -1.027290 5.767875 1.469225
v -0.027290 5.767875 1.469225
v -2.127290 3.783583 2.910898
v -3.050000 3.783583 2.910898
v -3.050000 3.824034 2.881508
v -2.127290 3.824034 2.881508
v -1.077290 5.727424 1.498615
v -2.077290 5.727424 1.498615
v -2.077290 5.767875 1.469225
v -1.077290 5.767875 1.469225
v 1.022710 4.675702 2.262735
v 0.022710 4.675702 2.262735
v 0.022710 4.716153 2.233346
v 1.022710 4.716153 2.233346
v 1.022710 5.403817 1.733729
v 0.022710 5.403817 1.733729
v 0.022710 5.444268 1.704339
v 1.022710 5.444268 1.704339
v -3.100000 5.727424 1.498615
v -4.100000 5.727424 1.498615
v -4.100000 5.767875 1.469225
v -3.100000 5.767875 1.469225
v -2.127290 5.727424 1.498615
v -3.050000 5.727424 1.498615
v -3.050000 5.767875 1.469225
v -2.127290 5.767875 1.469225
v -17.050000 4.271194 2.556628
v -18.050000 4.271194 2.556628
v -18.050000 4.311644 2.527239
v -17.050000 4.311644 2.527239
v -4.150000 5.727424 1.498615
v -5.300000 5.727424 1.498615
v -5.300000 5.767875 1.469225
v -4.150000 5.767875 1.469225
v -5.350000 5.727424 1.498615
v -6.250000 5.727424 1.498615
v -6.250000 5.767875 1.469225
v -5.350000 5.767875 1.469225
v 12.850000 2.974566 3.498683
v 11.840840 2.974566 3.498683
v 11.840840 3.015017 3.469294
v 12.850000 3.015017 3.469294
v -6.300000 5.727424 1.498615
v -7.277289 5.727424 1.498615
v -7.277289 5.767875 1.469225
v -6.300000 5.767875 1.469225
v 21.252720 2.246451 4.027690
v 20.152720 2.246451 4.027690
v 20.152720 2.286901 3.998300
v 21.252720 2.286901 3.998300
v -3.100000 5.403817 1.733729
v -4.100000 5.403817 1.733729
v -4.100000 5.444268 1.704339
v -3.100000 5.444268 1.704339
v -4.150000 4.271194 2.556628
v -5.300000 4.271194 2.556628
v -5.300000 4.311644 2.527239
v -4.150000 4.311644 2.527239
v -12.700000 2.610508 3.763186
v -13.850000 2.610508 3.763186
v -13.850000 2.650959 3.733797
v -12.700000 2.650959 3.733797
v 8.590842 2.246451 4.027690
v 7.825000 2.246451 4.027690
v 7.825000 2.286901 3.998300
v 8.590842 2.286901 3.998300
v 8.590842 2.610508 3.763186
v 7.825000 2.610508 3.763186
v 7.825000 2.650959 3.733797
v 8.590842 2.650959 3.733797
v 8.590842 2.974566 3.498683
v 7.825000 2.974566 3.498683
v 7.825000 3.015017 3.469294
v 8.590842 3.015017 3.469294
v 8.590842 4.675702 2.262735
v 7.825000 4.675702 2.262735
v 7.825000 4.716153 2.233346
v 8.590842 4.716153 2.233346
v 13.950000 4.675702 2.262735
v 12.890840 4.675702 2.262735
v 12.890840 4.716153 2.233346
v 13.950000 4.716153 2.233346
v 20.102720 2.246451 4.027690
v 18.900000 2.246451 4.027690
v 18.900000 2.286901 3.998300
v 20.102720 2.286901 3.998300
v 12.850000 2.246451 4.027690
v 11.840840 2.246451 4.027690
v 11.840840 2.286901 3.998300
v 12.850000 2.286901 3.998300
v 7.825000 5.444268 1.704339
v 8.590842 5.444268 1.704339
v 8.590842 5.403817 1.733729
v 7.825000 5.403817 1.733729
v 8.590842 5.039760 1.998232
v 7.825000 5.039760 1.998232
v 7.825000 5.080211 1.968843
v 8.590842 5.080211 1.968843
v -7.327289 1.884593 4.290594
v -8.327289 1.884593 4.290594
v -8.327289 1.925044 4.261205
v -7.327289 1.925044 4.261205
v -13.900000 5.039760 1.998232
v -14.900000 5.039760 1.998232
v -14.900000 5.080211 1.968843
v -13.900000 5.080211 1.968843
v -7.277289 1.925044 4.261205
v -6.300000 1.925044 4.261205
v -6.300000 1.884593 4.290594
v -7.277289 1.884593 4.290594
v -14.900000 3.824034 2.881508
v -13.900000 3.824034 2.881508
v -13.900000 3.783583 2.910898
v -14.900000 3.783583 2.910898
v -6.250000 1.925044 4.261205
v -5.350000 1.925044 4.261205
v -5.350000 1.884593 4.290594
v -6.250000 1.884593 4.290594
v 21.252720 2.610508 3.763186
v 20.152720 2.610508 3.763186
v 20.152720 2.650959 3.733797
v 21.252720 2.650959 3.733797
v -4.150000 1.884593 4.290594
v -5.300000 1.884593 4.290594
v -5.300000 1.925044 4.261205
v -4.150000 1.925044 4.261205
v -3.100000 1.884593 4.290594
v -4.100000 1.884593 4.290594
v -4.100000 1.925044 4.261205
v -3.100000 1.925044 4.261205
v 5.050000 5.039760 1.998232
v 4.150000 5.039760 1.998232
v 4.150000 5.080211 1.968843
v 5.050000 5.080211 1.968843
v -2.127290 1.884593 4.290594
v -3.050000 1.884593 4.290594
v -3.050000 1.925044 4.261205
v -2.127290 1.925044 4.261205
v -1.077290 1.884593 4.290594
v -2.077290 1.884593 4.290594
v -2.077290 1.925044 4.261205
v -1.077290 1.925044 4.261205
v -0.027290 1.884593 4.290594
v -1.027290 1.884593 4.290594
v -1.027290 1.925044 4.261205
v -0.027290 1.925044 4.261205
v 4.100000 2.974566 3.498683
v 3.172710 2.974566 3.498683
v 3.172710 3.015017 3.469294
v 4.100000 3.015017 3.469294
v 1.022710 1.884593 4.290594
v 0.022710 1.884593 4.290594
v 0.022710 1.925044 4.261205
v 1.022710 1.925044 4.261205
v 2.172710 1.884593 4.290594
v 1.072710 1.884593 4.290594
v 1.072710 1.925044 4.261205
v 2.172710 1.925044 4.261205
v 4.100000 1.884593 4.290594
v 3.172710 1.884593 4.290594
v 3.172710 1.925044 4.261205
v 4.100000 1.925044 4.261205
v -12.700000 2.246451 4.027690
v -13.850000 2.246451 4.027690
v -13.850000 2.286901 3.998300
v -12.700000 2.286901 3.998300
v -12.700000 5.403817 1.733729
v -13.850000 5.403817 1.733729
v -13.850000 5.444268 1.704339
v -12.700000 5.444268 1.704339
v 5.050000 1.884593 4.290594
v 4.150000 1.884593 4.290594
v 4.150000 1.925044 4.261205
v 5.050000 1.925044 4.261205
v -16.000000 2.610508 3.763186
v -17.000000 2.610508 3.763186
v -17.000000 2.650959 3.733797
v -16.000000 2.650959 3.733797
v -18.100000 2.974566 3.498683
v -19.100000 2.974566 3.498683
v -19.100000 3.015017 3.469294
v -18.100000 3.015017 3.469294
v 6.025000 1.884593 4.290594
v 5.100000 1.884593 4.290594
v 5.100000 1.925044 4.261205
v 6.025000 1.925044 4.261205
v -19.100000 2.650959 3.733797
v -18.100000 2.650959 3.733797
v -18.100000 2.610508 3.763186
v -19.100000 2.610508 3.763186
v 9.540842 2.246451 4.027690
v 8.640842 2.246451 4.027690
v 8.640842 2.286901 3.998300
v 9.540842 2.286901 3.998300
v -18.100000 2.246451 4.027690
v -19.100000 2.246451 4.027690
v -19.100000 2.286901 3.998300
v -18.100000 2.286901 3.998300
v -16.000000 5.039760 1.998232
v -17.000000 5.039760 1.998232
v -17.000000 5.080211 1.968843
v -16.000000 5.080211 1.968843
v -18.100000 1.884593 4.290594
v -19.100000 1.884593 4.290594
v -19.100000 1.925044 4.261205
v -18.100000 1.925044 4.261205
v -16.000000 4.675702 2.262735
v -17.000000 4.675702 2.262735
v -17.000000 4.716153 2.233346
v -16.000000 4.716153 2.233346
v -18.050000 1.925044 4.261205
v -17.050000 1.925044 4.261205
v -17.050000 1.884593 4.290594
v -18.050000 1.884593 4.290594
v 13.950000 2.974566 3.498683
v 12.890840 2.974566 3.498683
v 12.890840 3.015017 3.469294
v 13.950000 3.015017 3.469294
v -16.000000 1.884593 4.290594
v -17.000000 1.884593 4.290594
v -17.000000 1.925044 4.261205
v -16.000000 1.925044 4.261205
v -14.950000 1.884593 4.290594
v -15.950000 1.884593 4.290594
v -15.950000 1.925044 4.261205
v -14.950000 1.925044 4.261205
v 4.100000 4.675702 2.262735
v 3.172710 4.675702 2.262735
v 3.172710 4.716153 2.233346
v 4.100000 4.716153 2.233346
v 24.435701 2.246451 4.027690
v 23.385701 2.246451 4.027690
v 23.385701 2.286901 3.998300
v 24.435701 2.286901 3.998300
v -13.900000 1.884593 4.290594
v -14.900000 1.884593 4.290594
v -14.900000 1.925044 4.261205
v -13.900000 1.925044 4.261205
v -12.700000 4.271194 2.556628
v -13.850000 4.271194 2.556628
v -13.850000 4.311644 2.527239
v -12.700000 4.311644 2.527239
v -12.700000 1.884593 4.290594
v -13.850000 1.884593 4.290594
v -13.850000 1.925044 4.261205
v -12.700000 1.925044 4.261205
v -11.750000 1.884593 4.290594
v -12.650000 1.884593 4.290594
v -12.650000 1.925044 4.261205
v -11.750000 1.925044 4.261205
v 10.690840 2.974566 3.498683
v 9.590842 2.974566 3.498683
v 9.590842 3.015017 3.469294
v 10.690840 3.015017 3.469294
v -0.027290 5.039760 1.998232
v -1.027290 5.039760 1.998232
v -1.027290 5.080211 1.968843
v -0.027290 5.080211 1.968843
v -10.700000 1.884593 4.290594
v -11.700000 1.884593 4.290594
v -11.700000 1.925044 4.261205
v -10.700000 1.925044 4.261205
v -12.700000 2.974566 3.498683
v -13.850000 2.974566 3.498683
v -13.850000 3.015017 3.469294
v -12.700000 3.015017 3.469294
v 15.100000 2.974566 3.498683
v 14.000000 2.974566 3.498683
v 14.000000 3.015017 3.469294
v 15.100000 3.015017 3.469294
v -9.500000 1.884593 4.290594
v -10.650000 1.884593 4.290594
v -10.650000 1.925044 4.261205
v -9.500000 1.925044 4.261205
v -8.600000 1.884593 4.290594
v -9.450000 1.884593 4.290594
v -9.450000 1.925044 4.261205
v -8.600000 1.925044 4.261205
v 18.500000 2.246451 4.027690
v 17.400000 2.246451 4.027690
v 17.400000 2.286901 3.998300
v 18.500000 2.286901 3.998300
v -12.700000 4.675702 2.262735
v -13.850000 4.675702 2.262735
v -13.850000 4.716153 2.233346
v -12.700000 4.716153 2.233346
v -5.350000 3.338624 3.234180
v -6.250000 3.338624 3.234180
v -6.250000 3.379074 3.204790
v -5.350000 3.379074 3.204790
v 4.100000 5.403817 1.733729
v 3.172710 5.403817 1.733729
v 3.172710 5.444268 1.704339
v 4.100000 5.444268 1.704339
v -10.700000 5.403817 1.733729
v -11.700000 5.403817 1.733729
v -11.700000 5.444268 1.704339
v -10.700000 5.444268 1.704339
v 16.250000 2.246451 4.027690
v 15.150000 2.246451 4.027690
v 15.150000 2.286901 3.998300
v 16.250000 2.286901 3.998300
v -2.127290 4.675702 2.262735
v -3.050000 4.675702 2.262735
v -3.050000 4.716153 2.233346
v -2.127290 4.716153 2.233346
v 10.690840 4.675702 2.262735
v 9.590842 4.675702 2.262735
v 9.590842 4.716153 2.233346
v 10.690840 4.716153 2.233346
v -12.700000 5.039760 1.998232
v -13.850000 5.039760 1.998232
v -13.850000 5.080211 1.968843
v -12.700000 5.080211 1.968843
v -9.500000 3.783583 2.910898
v -10.650000 3.783583 2.910898
v -10.650000 3.824034 2.881508
v -9.500000 3.824034 2.881508
v -3.100000 3.338624 3.234180
v -4.100000 3.338624 3.234180
v -4.100000 3.379074 3.204790
v -3.100000 3.379074 3.204790
v -3.100000 2.610508 3.763186
v -4.100000 2.610508 3.763186
v -4.100000 2.650959 3.733797
v -3.100000 2.650959 3.733797
v -6.300000 4.271194 2.556628
v -7.277289 4.271194 2.556628
v -7.277289 4.311644 2.527239
v -6.300000 4.311644 2.527239
v -1.077290 2.974566 3.498683
v -2.077290 2.974566 3.498683
v -2.077290 3.015017 3.469294
v -1.077290 3.015017 3.469294
v -3.100000 5.039760 1.998232
v -4.100000 5.039760 1.998232
v -4.100000 5.080211 1.968843
v -3.100000 5.080211 1.968843
v -9.500000 2.610508 3.763186
v -10.650000 2.610508 3.763186
v -10.650000 2.650959 3.733797
v -9.500000 2.650959 3.733797
v -3.100000 2.246451 4.027690
v -4.100000 2.246451 4.027690
v -4.100000 2.286901 3.998300
v -3.100000 2.286901 3.998300
v -6.300000 3.783583 2.910898
v -7.277289 3.783583 2.910898
v -7.277289 3.824034 2.881508
v -6.300000 3.824034 2.881508
v -10.650000 5.080211 1.968843
v -9.500000 5.080211 1.968843
v -9.500000 5.039760 1.998232
v -10.650000 5.039760 1.998232
v -14.900000 4.311644 2.527239
v -13.900000 4.311644 2.527239
v -13.900000 4.271194 2.556628
v -14.900000 4.271194 2.556628
v -9.450000 3.379074 3.204790
v -8.600000 3.379074 3.204790
v -8.600000 3.338624 3.234180
v -9.450000 3.338624 3.234180
v -7.327289 4.271194 2.556628
v -8.327289 4.271194 2.556628
v -8.327289 4.311644 2.527239
v -7.327289 4.311644 2.527239
v 17.350000 2.246451 4.027690
v 16.300000 2.246451 4.027690
v 16.300000 2.286901 3.998300
v 17.350000 2.286901 3.998300
v -4.150000 2.974566 3.498683
v -5.300000 2.974566 3.498683
v -5.300000 3.015017 3.469294
v -4.150000 3.015017 3.469294
v 1.022710 2.246451 4.027690
v 0.022710 2.246451 4.027690
v 0.022710 2.286901 3.998300
v 1.022710 2.286901 3.998300
v -4.150000 2.610508 3.763186
v -5.300000 2.610508 3.763186
v -5.300000 2.650959 3.733797
v -4.150000 2.650959 3.733797
v 15.100000 2.610508 3.763186
v 14.000000 2.610508 3.763186
v 14.000000 2.650959 3.733797
v 15.100000 2.650959 3.733797
v 15.100000 2.246451 4.027690
v 14.000000 2.246451 4.027690
v 14.000000 2.286901 3.998300
v 15.100000 2.286901 3.998300
v -5.350000 2.610508 3.763186
v -6.250000 2.610508 3.763186
v -6.250000 2.650959 3.733797
v -5.350000 2.650959 3.733797
v -4.150000 5.403817 1.733729
v -5.300000 5.403817 1.733729
v -5.300000 5.444268 1.704339
v -4.150000 5.444268 1.704339
v -5.350000 5.403817 1.733729
v -6.250000 5.403817 1.733729
v -6.250000 5.444268 1.704339
v -5.350000 5.444268 1.704339
v -7.327289 4.675702 2.262735
v -8.327289 4.675702 2.262735
v -8.327289 4.716153 2.233346
v -7.327289 4.716153 2.233346
v -4.150000 3.338624 3.234180
v -5.300000 3.338624 3.234180
v -5.300000 3.379074 3.204790
v -4.150000 3.379074 3.204790
v -5.350000 2.246451 4.027690
v -6.250000 2.246451 4.027690
v -6.250000 2.286901 3.998300
v -5.350000 2.286901 3.998300
v -1.077290 5.403817 1.733729
v -2.077290 5.403817 1.733729
v -2.077290 5.444268 1.704339
v -1.077290 5.444268 1.704339
v -7.277289 2.286901 3.998300
v -6.300000 2.286901 3.998300
v -6.300000 2.246451 4.027690
v -7.277289 2.246451 4.027690
v -4.150000 3.783583 2.910898
v -5.300000 3.783583 2.910898
v -5.300000 3.824034 2.881508
v -4.150000 3.824034 2.881508
v -6.300000 4.675702 2.262735
v -7.277289 4.675702 2.262735
v -7.277289 4.716153 2.233346
v -6.300000 4.716153 2.233346
v -2.127290 2.610508 3.763186
v -3.050000 2.610508 3.763186
v -3.050000 2.650959 3.733797
v -2.127290 2.650959 3.733797
v -2.127290 5.039760 1.998232
v -3.050000 5.039760 1.998232
v -3.050000 5.080211 1.968843
v -2.127290 5.080211 1.968843
v -10.700000 2.246451 4.027690
v -11.700000 2.246451 4.027690
v -11.700000 2.286901 3.998300
v -10.700000 2.286901 3.998300
v 9.857192 6.783844 0.731081
v 9.120638 6.924517 0.628875
v 9.109787 6.885027 0.657567
v 9.846342 6.744354 0.759772
v 8.390082 7.022483 0.557699
v 9.052126 6.896040 0.649566
v 9.063614 6.935408 0.620963
v 8.401570 7.061851 0.529096
v -3.100000 3.783583 2.910898
v -4.100000 3.783583 2.910898
v -4.100000 3.824034 2.881508
v -3.100000 3.824034 2.881508
v 10.573870 6.646965 0.830529
v 9.905859 6.774549 0.737834
v 9.895008 6.735059 0.766525
v 10.562390 6.607597 0.859132
v -10.700000 5.039760 1.998232
v -11.700000 5.039760 1.998232
v -11.700000 5.080211 1.968843
v -10.700000 5.080211 1.968843
v 10.618870 6.596808 0.866970
v 11.355430 6.456135 0.969175
v 11.366281 6.495625 0.940484
v 10.629730 6.636299 0.838279
v -0.027290 2.246451 4.027690
v -1.027290 2.246451 4.027690
v -1.027290 2.286901 3.998300
v -0.027290 2.286901 3.998300
v -10.700000 2.610508 3.763186
v -11.700000 2.610508 3.763186
v -11.700000 2.650959 3.733797
v -10.700000 2.650959 3.733797
v 11.404100 6.446840 0.975928
v 12.280090 6.279534 1.097483
v 12.290940 6.319025 1.068792
v 11.414950 6.486330 0.947237
v -10.700000 2.974566 3.498683
v -11.700000 2.974566 3.498683
v -11.700000 3.015017 3.469294
v -10.700000 3.015017 3.469294
v -10.700000 3.338624 3.234180
v -11.700000 3.338624 3.234180
v -11.700000 3.379074 3.204790
v -10.700000 3.379074 3.204790
v 13.312939 6.123834 1.210606
v 12.339611 6.309730 1.075545
v 12.328760 6.270239 1.104236
v 13.302090 6.084344 1.239297
v -10.700000 4.675702 2.262735
v -11.700000 4.675702 2.262735
v -11.700000 4.716153 2.233346
v -10.700000 4.716153 2.233346
v 13.350760 6.075049 1.246050
v 14.156851 5.921096 1.357904
v 14.168330 5.960464 1.329301
v 13.361610 6.114540 1.217359
v -2.127290 2.974566 3.498683
v -3.050000 2.974566 3.498683
v -3.050000 3.015017 3.469294
v -2.127290 3.015017 3.469294
v 28.669700 3.190866 3.341532
v 27.696370 3.376761 3.206471
v 27.685520 3.337271 3.235162
v 28.658850 3.151376 3.370223
v -12.700000 3.338624 3.234180
v -13.850000 3.338624 3.234180
v -13.850000 3.379074 3.204790
v -12.700000 3.379074 3.204790
v 26.663521 3.532461 3.093349
v 27.636851 3.346566 3.228409
v 27.647700 3.386056 3.199718
v 26.674370 3.571951 3.064657
v -0.027290 2.974566 3.498683
v -1.027290 2.974566 3.498683
v -1.027290 3.015017 3.469294
v -0.027290 3.015017 3.469294
v 26.625710 3.581246 3.057904
v 25.652380 3.767141 2.922843
v 25.641521 3.727651 2.951535
v 26.614861 3.541756 3.086596
v -3.100000 4.271194 2.556628
v -4.100000 4.271194 2.556628
v -4.100000 4.311644 2.527239
v -3.100000 4.311644 2.527239
v -10.700000 4.271194 2.556628
v -11.700000 4.271194 2.556628
v -11.700000 4.311644 2.527239
v -10.700000 4.311644 2.527239
v 24.619529 3.922841 2.809721
v 25.592859 3.736946 2.944782
v 25.603711 3.776436 2.916090
v 24.630381 3.962331 2.781030
v 23.597529 4.118031 2.667907
v 24.570859 3.932136 2.802968
v 24.581709 3.971626 2.774276
v 23.608379 4.157521 2.639216
v -10.700000 3.783583 2.910898
v -11.700000 3.783583 2.910898
v -11.700000 3.824034 2.881508
v -10.700000 3.824034 2.881508
v -2.127290 2.246451 4.027690
v -3.050000 2.246451 4.027690
v -3.050000 2.286901 3.998300
v -2.127290 2.286901 3.998300
v 22.575530 4.313221 2.526093
v 23.548860 4.127326 2.661154
v 23.559709 4.166816 2.632463
v 22.586379 4.352711 2.497402
v -5.350000 4.271194 2.556628
v -6.250000 4.271194 2.556628
v -6.250000 4.311644 2.527239
v -5.350000 4.311644 2.527239
v 21.553540 4.508411 2.384279
v 22.526870 4.322516 2.519340
v 22.537720 4.362006 2.490649
v 21.564390 4.547901 2.355588
v -0.027290 5.403817 1.733729
v -1.027290 5.403817 1.733729
v -1.027290 5.444268 1.704339
v -0.027290 5.444268 1.704339
v -2.127290 5.403817 1.733729
v -3.050000 5.403817 1.733729
v -3.050000 5.444268 1.704339
v -2.127290 5.444268 1.704339
v 20.628870 4.685011 2.255972
v 21.504871 4.517706 2.377526
v 21.515720 4.557196 2.348835
v 20.639719 4.724502 2.227280
v 19.843650 4.834980 2.147013
v 20.580210 4.694306 2.249219
v 20.591050 4.733796 2.220527
v 19.854500 4.874470 2.118322
v 19.105610 4.975937 2.044602
v 19.786890 4.845821 2.139137
v 19.798370 4.885190 2.110534
v 19.117100 5.015305 2.015999
v 16.945439 5.388505 1.744854
v 17.840389 5.217580 1.869038
v 17.851880 5.256948 1.840435
v 16.956300 5.427995 1.716163
v 15.923450 5.583694 1.603040
v 16.896780 5.397800 1.738101
v 16.907629 5.437290 1.709409
v 15.934301 5.623185 1.574349
v -9.500000 2.246451 4.027690
v -10.650000 2.246451 4.027690
v -10.650000 2.286901 3.998300
v -9.500000 2.286901 3.998300
v -11.750000 2.610508 3.763186
v -12.650000 2.610508 3.763186
v -12.650000 2.650959 3.733797
v -11.750000 2.650959 3.733797
v -3.100000 2.974566 3.498683
v -4.100000 2.974566 3.498683
v -4.100000 3.015017 3.469294
v -3.100000 3.015017 3.469294
v 14.998781 5.760295 1.474732
v 15.874780 5.592990 1.596287
v 15.885630 5.632480 1.567596
v 15.009630 5.799786 1.446041
v -11.750000 2.246451 4.027690
v -12.650000 2.246451 4.027690
v -12.650000 2.286901 3.998300
v -11.750000 2.286901 3.998300
v -6.300000 3.338624 3.234180
v -7.277289 3.338624 3.234180
v -7.277289 3.379074 3.204790
v -6.300000 3.379074 3.204790
v 14.213560 5.910264 1.365774
v 14.950120 5.769590 1.467979
v 14.960970 5.809080 1.439288
v 14.224410 5.949754 1.337083
v 27.042571 1.925044 4.261205
v 28.442571 1.925044 4.261205
v 28.442571 1.884593 4.290594
v 27.042571 1.884593 4.290594
v 25.700000 2.246451 4.027690
v 25.700000 2.248651 4.026091
v 25.635701 2.246451 4.027690
v 25.585701 2.246451 4.027690
v 24.485701 2.246451 4.027690
v 24.485701 2.286901 3.998300
v 25.585701 2.286901 3.998300
v 24.485701 2.650959 3.733797
v 25.585701 2.650959 3.733797
v 25.585701 2.610508 3.763186
v 24.485701 2.610508 3.763186
v 11.840840 4.716153 2.233346
v 12.850000 4.716153 2.233346
v 12.850000 4.675702 2.262735
v 11.840840 4.675702 2.262735
v 24.435701 2.610508 3.763186
v 23.385701 2.610508 3.763186
v 23.385701 2.650959 3.733797
v 24.435701 2.650959 3.733797
v -9.500000 2.974566 3.498683
v -10.650000 2.974566 3.498683
v -10.650000 3.015017 3.469294
v -9.500000 3.015017 3.469294
v -10.650000 4.716153 2.233346
v -9.500000 4.716153 2.233346
v -9.500000 4.675702 2.262735
v -10.650000 4.675702 2.262735
v 22.452720 2.650959 3.733797
v 23.335701 2.650959 3.733797
v 23.335701 2.610508 3.763186
v 22.452720 2.610508 3.763186
v -12.650000 4.716153 2.233346
v -11.750000 4.716153 2.233346
v -11.750000 4.675702 2.262735
v -12.650000 4.675702 2.262735
v 22.490210 2.974566 3.498683
v 22.490210 2.976766 3.497084
v 22.452720 2.974566 3.498683
v -9.500000 3.338624 3.234180
v -10.650000 3.338624 3.234180
v -10.650000 3.379074 3.204790
v -9.500000 3.379074 3.204790
v 22.402720 2.974566 3.498683
v 21.302720 2.974566 3.498683
v 21.302720 3.015017 3.469294
v 22.402720 3.015017 3.469294
v 21.302720 3.379074 3.204790
v 22.402720 3.379074 3.204790
v 22.402720 3.338624 3.234180
v 21.302720 3.338624 3.234180
v -12.650000 5.444268 1.704339
v -11.750000 5.444268 1.704339
v -11.750000 5.403817 1.733729
v -12.650000 5.403817 1.733729
v -3.100000 4.675702 2.262735
v -4.100000 4.675702 2.262735
v -4.100000 4.716153 2.233346
v -3.100000 4.716153 2.233346
v 21.252720 3.338624 3.234180
v 20.152720 3.338624 3.234180
v 20.152720 3.379074 3.204790
v 21.252720 3.379074 3.204790
v 18.900000 3.379074 3.204790
v 20.102720 3.379074 3.204790
v 20.102720 3.338624 3.234180
v 18.900000 3.338624 3.234180
v -1.077290 2.610508 3.763186
v -2.077290 2.610508 3.763186
v -2.077290 2.650959 3.733797
v -1.077290 2.650959 3.733797
v 18.500000 3.338624 3.234180
v 17.400000 3.338624 3.234180
v 17.400000 3.379074 3.204790
v 18.500000 3.379074 3.204790
v -9.500000 5.403817 1.733729
v -10.650000 5.403817 1.733729
v -10.650000 5.444268 1.704339
v -9.500000 5.444268 1.704339
v -9.500000 4.271194 2.556628
v -10.650000 4.271194 2.556628
v -10.650000 4.311644 2.527239
v -9.500000 4.311644 2.527239
v 17.350000 3.338624 3.234180
v 16.300000 3.338624 3.234180
v 16.300000 3.379074 3.204790
v 17.350000 3.379074 3.204790
v 13.950000 2.246451 4.027690
v 12.890840 2.246451 4.027690
v 12.890840 2.286901 3.998300
v 13.950000 2.286901 3.998300
v 16.250000 3.338624 3.234180
v 15.150000 3.338624 3.234180
v 15.150000 3.379074 3.204790
v 16.250000 3.379074 3.204790
v 15.100000 3.338624 3.234180
v 14.000000 3.338624 3.234180
v 14.000000 3.379074 3.204790
v 15.100000 3.379074 3.204790
v 13.950000 3.338624 3.234180
v 12.890840 3.338624 3.234180
v 12.890840 3.379074 3.204790
v 13.950000 3.379074 3.204790
v 12.850000 3.338624 3.234180
v 11.840840 3.338624 3.234180
v 11.840840 3.379074 3.204790
v 12.850000 3.379074 3.204790
v 11.790840 3.338624 3.234180
v 10.740840 3.338624 3.234180
v 10.740840 3.379074 3.204790
v 11.790840 3.379074 3.204790
v -9.450000 3.015017 3.469294
v -8.600000 3.015017 3.469294
v -8.600000 2.974566 3.498683
v -9.450000 2.974566 3.498683
v -7.327289 3.783583 2.910898
v -8.327289 3.783583 2.910898
v -8.327289 3.824034 2.881508
v -7.327289 3.824034 2.881508
v 10.690840 3.338624 3.234180
v 9.590842 3.338624 3.234180
v 9.590842 3.379074 3.204790
v 10.690840 3.379074 3.204790
v 9.540842 3.338624 3.234180
v 8.640842 3.338624 3.234180
v 8.640842 3.379074 3.204790
v 9.540842 3.379074 3.204790
v 8.590842 3.338624 3.234180
v 7.825000 3.338624 3.234180
v 7.825000 3.379074 3.204790
v 8.590842 3.379074 3.204790
v -11.750000 2.974566 3.498683
v -12.650000 2.974566 3.498683
v -12.650000 3.015017 3.469294
v -11.750000 3.015017 3.469294
v 8.590842 4.271194 2.556628
v 7.825000 4.271194 2.556628
v 7.825000 4.311644 2.527239
v 8.590842 4.311644 2.527239
v -8.600000 2.246451 4.027690
v -9.450000 2.246451 4.027690
v -9.450000 2.286901 3.998300
v -8.600000 2.286901 3.998300
v 9.540842 4.271194 2.556628
v 8.640842 4.271194 2.556628
v 8.640842 4.311644 2.527239
v 9.540842 4.311644 2.527239
v -8.600000 4.675702 2.262735
v -9.450000 4.675702 2.262735
v -9.450000 4.716153 2.233346
v -8.600000 4.716153 2.233346
v -8.600000 2.610508 3.763186
v -9.450000 2.610508 3.763186
v -9.450000 2.650959 3.733797
v -8.600000 2.650959 3.733797
v 10.690840 4.271194 2.556628
v 9.590842 4.271194 2.556628
v 9.590842 4.311644 2.527239
v 10.690840 4.311644 2.527239
v -8.600000 5.403817 1.733729
v -9.450000 5.403817 1.733729
v -9.450000 5.444268 1.704339
v -8.600000 5.444268 1.704339
v -12.650000 4.311644 2.527239
v -11.750000 4.311644 2.527239
v -11.750000 4.271194 2.556628
v -12.650000 4.271194 2.556628
v 11.790840 4.271194 2.556628
v 10.740840 4.271194 2.556628
v 10.740840 4.311644 2.527239
v 11.790840 4.311644 2.527239
v -8.600000 3.783583 2.910898
v -9.450000 3.783583 2.910898
v -9.450000 3.824034 2.881508
v -8.600000 3.824034 2.881508
v -1.077290 4.675702 2.262735
v -2.077290 4.675702 2.262735
v -2.077290 4.716153 2.233346
v -1.077290 4.716153 2.233346
v 12.850000 4.271194 2.556628
v 11.840840 4.271194 2.556628
v 11.840840 4.311644 2.527239
v 12.850000 4.311644 2.527239
v -4.150000 4.675702 2.262735
v -5.300000 4.675702 2.262735
v -5.300000 4.716153 2.233346
v -4.150000 4.716153 2.233346
v 13.950000 4.271194 2.556628
v 12.890840 4.271194 2.556628
v 12.890840 4.311644 2.527239
v 13.950000 4.311644 2.527239
v 14.000000 4.311644 2.527239
v 15.100000 4.311644 2.527239
v 15.100000 4.271194 2.556628
v 14.000000 4.271194 2.556628
v 16.300000 4.311644 2.527239
v 17.158630 4.311644 2.527239
v 17.158630 4.271194 2.556628
v 16.300000 4.271194 2.556628
v -8.600000 5.039760 1.998232
v -9.450000 5.039760 1.998232
v -9.450000 5.080211 1.968843
v -8.600000 5.080211 1.968843
v -4.150000 2.246451 4.027690
v -5.300000 2.246451 4.027690
v -5.300000 2.286901 3.998300
v -4.150000 2.286901 3.998300
v 16.250000 4.271194 2.556628
v 15.150000 4.271194 2.556628
v 15.150000 4.311644 2.527239
v 16.250000 4.311644 2.527239
v -8.600000 4.271194 2.556628
v -9.450000 4.271194 2.556628
v -9.450000 4.311644 2.527239
v -8.600000 4.311644 2.527239
v 14.000000 4.716153 2.233346
v 14.332100 4.716153 2.233346
v -11.750000 3.783583 2.910898
v -12.650000 3.783583 2.910898
v -12.650000 3.824034 2.881508
v -11.750000 3.824034 2.881508
v 14.000000 5.080211 1.968843
v 14.332100 5.080211 1.968843
v 14.332100 5.039760 1.998232
v 14.000000 5.039760 1.998232
v -12.650000 5.080211 1.968843
v -11.750000 5.080211 1.968843
v -11.750000 5.039760 1.998232
v -12.650000 5.039760 1.998232
v -8.327289 3.379074 3.204790
v -7.327289 3.379074 3.204790
v -7.327289 3.338624 3.234180
v -8.327289 3.338624 3.234180
v 13.950000 5.039760 1.998232
v 12.890840 5.039760 1.998232
v 12.890840 5.080211 1.968843
v 13.950000 5.080211 1.968843
v -4.150000 5.039760 1.998232
v -5.300000 5.039760 1.998232
v -5.300000 5.080211 1.968843
v -4.150000 5.080211 1.968843
v 9.590842 5.444268 1.704339
v 10.690840 5.444268 1.704339
v 10.690840 5.403817 1.733729
v 9.590842 5.403817 1.733729
v 9.590842 5.767875 1.469225
v 10.690840 5.767875 1.469225
v 10.690840 5.727424 1.498615
v 9.590842 5.727424 1.498615
v -7.327289 2.246451 4.027690
v -8.327289 2.246451 4.027690
v -8.327289 2.286901 3.998300
v -7.327289 2.286901 3.998300
v -1.077290 5.039760 1.998232
v -2.077290 5.039760 1.998232
v -2.077290 5.080211 1.968843
v -1.077290 5.080211 1.968843
v -5.350000 2.974566 3.498683
v -6.250000 2.974566 3.498683
v -6.250000 3.015017 3.469294
v -5.350000 3.015017 3.469294
v 9.540842 5.727424 1.498615
v 8.640842 5.727424 1.498615
v 8.640842 5.767875 1.469225
v 9.540842 5.767875 1.469225
v 8.590842 1.884593 4.290594
v 7.825000 1.884593 4.290594
v 7.825000 1.925044 4.261205
v 8.590842 1.925044 4.261205
v 7.825000 5.767875 1.469225
v 8.590842 5.767875 1.469225
v 8.590842 5.727424 1.498615
v 7.825000 5.727424 1.498615
v 9.540842 1.884593 4.290594
v 8.640842 1.884593 4.290594
v 8.640842 1.925044 4.261205
v 9.540842 1.925044 4.261205
v -8.327289 3.015017 3.469294
v -7.327289 3.015017 3.469294
v -7.327289 2.974566 3.498683
v -8.327289 2.974566 3.498683
v 10.690840 1.884593 4.290594
v 9.590842 1.884593 4.290594
v 9.590842 1.925044 4.261205
v 10.690840 1.925044 4.261205
v -7.327289 2.610508 3.763186
v -8.327289 2.610508 3.763186
v -8.327289 2.650959 3.733797
v -7.327289 2.650959 3.733797
v 11.790840 1.884593 4.290594
v 10.740840 1.884593 4.290594
v 10.740840 1.925044 4.261205
v 11.790840 1.925044 4.261205
v -1.077290 2.246451 4.027690
v -2.077290 2.246451 4.027690
v -2.077290 2.286901 3.998300
v -1.077290 2.286901 3.998300
v 12.850000 1.884593 4.290594
v 11.840840 1.884593 4.290594
v 11.840840 1.925044 4.261205
v 12.850000 1.925044 4.261205
v -5.350000 4.675702 2.262735
v -6.250000 4.675702 2.262735
v -6.250000 4.716153 2.233346
v -5.350000 4.716153 2.233346
v 13.950000 1.884593 4.290594
v 12.890840 1.884593 4.290594
v 12.890840 1.925044 4.261205
v 13.950000 1.925044 4.261205
v -7.327289 5.039760 1.998232
v -8.327289 5.039760 1.998232
v -8.327289 5.080211 1.968843
v -7.327289 5.080211 1.968843
v 15.100000 1.884593 4.290594
v 14.000000 1.884593 4.290594
v 14.000000 1.925044 4.261205
v 15.100000 1.925044 4.261205
v -7.327289 5.403817 1.733729
v -8.327289 5.403817 1.733729
v -8.327289 5.444268 1.704339
v -7.327289 5.444268 1.704339
v -11.750000 3.338624 3.234180
v -12.650000 3.338624 3.234180
v -12.650000 3.379074 3.204790
v -11.750000 3.379074 3.204790
v 16.250000 1.884593 4.290594
v 15.150000 1.884593 4.290594
v 15.150000 1.925044 4.261205
v 16.250000 1.925044 4.261205
v -5.350000 5.039760 1.998232
v -6.250000 5.039760 1.998232
v -6.250000 5.080211 1.968843
v -5.350000 5.080211 1.968843
v 17.350000 1.884593 4.290594
v 16.300000 1.884593 4.290594
v 16.300000 1.925044 4.261205
v 17.350000 1.925044 4.261205
v 18.500000 1.884593 4.290594
v 17.400000 1.884593 4.290594
v 17.400000 1.925044 4.261205
v 18.500000 1.925044 4.261205
v 20.102720 1.884593 4.290594
v 18.900000 1.884593 4.290594
v 18.900000 1.925044 4.261205
v 20.102720 1.925044 4.261205
v 21.252720 1.884593 4.290594
v 20.152720 1.884593 4.290594
v 20.152720 1.925044 4.261205
v 21.252720 1.925044 4.261205
v -6.300000 5.403817 1.733729
v -7.277289 5.403817 1.733729
v -7.277289 5.444268 1.704339
v -6.300000 5.444268 1.704339
v 23.335701 1.884593 4.290594
v 22.452720 1.884593 4.290594
v 22.452720 1.925044 4.261205
v 23.335701 1.925044 4.261205
v 22.402720 1.884593 4.290594
v 21.302720 1.884593 4.290594
v 21.302720 1.925044 4.261205
v 22.402720 1.925044 4.261205
v -5.350000 3.783583 2.910898
v -6.250000 3.783583 2.910898
v -6.250000 3.824034 2.881508
v -5.350000 3.824034 2.881508
v 24.435701 1.884593 4.290594
v 23.385701 1.884593 4.290594
v 23.385701 1.925044 4.261205
v 24.435701 1.925044 4.261205
v -6.300000 2.974566 3.498683
v -7.277289 2.974566 3.498683
v -7.277289 3.015017 3.469294
v -6.300000 3.015017 3.469294
v 24.485701 1.925044 4.261205
v 25.585701 1.925044 4.261205
v 25.585701 1.884593 4.290594
v 24.485701 1.884593 4.290594
v 26.992571 1.884593 4.290594
v 25.635701 1.884593 4.290594
v 25.635701 1.925044 4.261205
v 26.992571 1.925044 4.261205
v -7.277289 2.650959 3.733797
v -6.300000 2.650959 3.733797
v -6.300000 2.610508 3.763186
v -7.277289 2.610508 3.763186
v -6.300000 5.039760 1.998232
v -7.277289 5.039760 1.998232
v -7.277289 5.080211 1.968843
v -6.300000 5.080211 1.968843
v 17.748490 4.902630 2.097862
v 17.955270 5.611266 1.583008
v 8.504962 7.416169 0.271669
v 8.298179 6.707533 0.786524
v 19.220490 5.369623 1.758572
v 19.013710 4.660987 2.273426
v 28.572041 2.835453 3.599754
v 28.767361 3.546279 3.083309
v 14.332100 5.403817 1.733729
v 7.825000 3.947587 2.791742
v 7.825000 6.131932 1.204722
v 17.158630 3.947587 2.791742
v 17.158630 4.675702 2.262735
v 7.825000 1.520536 4.555098
v 7.825000 3.704882 2.968078
v 18.500000 3.704882 2.968078
v 18.500000 1.520536 4.555098
v -8.500000 6.382728 1.022508
v -3.100000 6.382728 1.022508
v -13.400000 8.122114 -0.241230
v -13.400000 7.313098 0.346555
v -3.100000 7.313098 0.346555
v -3.100000 8.122114 -0.241230
v -19.100000 1.520536 4.555098
v -19.100000 6.131932 1.204722
v -8.600000 6.131932 1.204722
v -8.600000 1.520536 4.555098
v -8.327289 1.520536 4.555098
v -8.327289 6.131932 1.204722
v 2.172710 6.131932 1.204722
v 2.172710 1.520536 4.555098
v 0.400000 6.382728 1.022508
v 0.400000 7.313098 0.346555
v 4.400000 7.313098 0.346555
v 4.400000 6.382728 1.022508
v 3.172710 3.947587 2.791742
v 3.172710 6.131932 1.204722
v 6.025000 6.131932 1.204722
v 6.025000 3.947587 2.791742
v 3.172710 1.520536 4.555098
v 3.172710 3.704882 2.968078
v 6.025000 3.704882 2.968078
v 6.025000 1.520536 4.555098
v 18.900000 1.520536 4.555098
v 18.900000 3.704882 2.968078
v 28.442571 1.520536 4.555098
v 28.442571 2.248651 4.026091
v 26.992571 1.520536 4.555098
v 25.635701 1.520536 4.555098
v 26.992571 2.248651 4.026091
v 27.042571 1.520536 4.555098
v 27.042571 2.248651 4.026091
v 25.585701 2.976766 3.497084
v 24.485701 2.976766 3.497084
v 25.585701 1.520536 4.555098
v 24.485701 1.520536 4.555098
v 24.435701 2.976766 3.497084
v 23.385701 2.976766 3.497084
v 24.435701 1.520536 4.555098
v 23.385701 1.520536 4.555098
v 23.335701 1.520536 4.555098
v 22.452720 1.520536 4.555098
v 23.335701 2.976766 3.497084
v 22.402720 3.704882 2.968078
v 21.302720 3.704882 2.968078
v 22.402720 1.520536 4.555098
v 21.302720 1.520536 4.555098
v 21.252720 3.704882 2.968078
v 20.152720 3.704882 2.968078
v 21.252720 1.520536 4.555098
v 20.152720 1.520536 4.555098
v 20.102720 1.520536 4.555098
v 20.102720 3.704882 2.968078
v 5.050000 1.520536 4.555098
v 4.150000 1.520536 4.555098
v 5.050000 3.704882 2.968078
v 4.150000 3.704882 2.968078
v 5.100000 3.704882 2.968078
v 5.100000 1.520536 4.555098
v 4.100000 1.520536 4.555098
v 4.100000 3.704882 2.968078
v 5.050000 3.947587 2.791742
v 4.150000 3.947587 2.791742
v 5.050000 6.131932 1.204722
v 4.150000 6.131932 1.204722
v 5.100000 6.131932 1.204722
v 5.100000 3.947587 2.791742
v 4.100000 3.947587 2.791742
v 4.100000 6.131932 1.204722
v 3.150000 6.382728 1.022508
v 1.900000 6.382728 1.022508
v 3.150000 7.313098 0.346555
v 1.900000 7.313098 0.346555
v 3.200000 7.313098 0.346555
v 3.200000 6.382728 1.022508
v 1.850000 6.382728 1.022508
v 1.850000 7.313098 0.346555
v 1.022710 1.520536 4.555098
v 0.022710 1.520536 4.555098
v 1.022710 6.131932 1.204722
v 0.022710 6.131932 1.204722
v 1.072710 6.131932 1.204722
v 1.072710 1.520536 4.555098
v -0.027290 6.131932 1.204722
v -1.027290 6.131932 1.204722
v -0.027290 1.520536 4.555098
v -1.027290 1.520536 4.555098
v -1.077290 6.131932 1.204722
v -2.077290 6.131932 1.204722
v -1.077290 1.520536 4.555098
v -2.077290 1.520536 4.555098
v -2.127290 1.520536 4.555098
v -3.050000 1.520536 4.555098
v -2.127290 6.131932 1.204722
v -3.050000 6.131932 1.204722
v -3.100000 1.520536 4.555098
v -4.100000 1.520536 4.555098
v -3.100000 6.131932 1.204722
v -4.100000 6.131932 1.204722
v -4.150000 1.520536 4.555098
v -5.300000 1.520536 4.555098
v -4.150000 6.131932 1.204722
v -5.300000 6.131932 1.204722
v -7.327289 1.520536 4.555098
v -7.327289 6.131932 1.204722
v -5.350000 6.131932 1.204722
v -6.250000 6.131932 1.204722
v -6.300000 6.131932 1.204722
v -7.277289 6.131932 1.204722
v -6.250000 1.555103 4.529983
v -6.300000 1.564777 4.522955
v -7.277289 1.520536 4.555098
v -5.350000 1.520536 4.555098
v -9.500000 1.520536 4.555098
v -10.650000 1.520536 4.555098
v -9.500000 6.131932 1.204722
v -10.650000 6.131932 1.204722
v -9.450000 6.131932 1.204722
v -9.450000 1.520536 4.555098
v -10.700000 6.131932 1.204722
v -11.700000 6.131932 1.204722
v -10.700000 1.520536 4.555098
v -11.700000 1.520536 4.555098
v -11.750000 6.131932 1.204722
v -12.650000 6.131932 1.204722
v -11.750000 1.520536 4.555098
v -12.650000 1.520536 4.555098
v -12.700000 1.520536 4.555098
v -13.850000 1.520536 4.555098
v -12.700000 6.131932 1.204722
v -13.850000 6.131932 1.204722
v -13.900000 1.520536 4.555098
v -14.900000 1.520536 4.555098
v -13.900000 6.131932 1.204722
v -14.900000 6.131932 1.204722
v -14.950000 6.131932 1.204722
v -15.950000 6.131932 1.204722
v -14.950000 1.520536 4.555098
v -15.950000 1.520536 4.555098
v -16.000000 6.131932 1.204722
v -17.000000 6.131932 1.204722
v -16.000000 1.520536 4.555098
v -17.000000 1.520536 4.555098
v -17.050000 6.131932 1.204722
v -18.050000 6.131932 1.204722
v -17.050000 1.520536 4.555098
v -18.050000 1.520536 4.555098
v -18.100000 1.520536 4.555098
v -18.100000 6.131932 1.204722
v -4.150000 8.122114 -0.241230
v -5.300000 8.122114 -0.241230
v -4.150000 7.313098 0.346555
v -5.300000 7.313098 0.346555
v -4.100000 7.313098 0.346555
v -4.100000 8.122114 -0.241230
v -5.350000 7.313098 0.346555
v -6.250000 7.313098 0.346555
v -5.350000 8.122114 -0.241230
v -6.250000 8.122114 -0.241230
v -6.300000 7.313098 0.346555
v -7.277289 7.313098 0.346555
v -6.300000 8.122114 -0.241230
v -7.277289 8.122114 -0.241230
v -7.327289 8.122114 -0.241230
v -8.300000 8.122114 -0.241230
v -7.327289 7.313098 0.346555
v -8.300000 7.313098 0.346555
v -8.350000 8.122114 -0.241230
v -9.450000 8.122114 -0.241230
v -8.350000 7.313098 0.346555
v -9.450000 7.313098 0.346555
v -9.500000 7.313098 0.346555
v -10.650000 7.313098 0.346555
v -9.500000 8.122114 -0.241230
v -10.650000 8.122114 -0.241230
v -10.700000 7.313098 0.346555
v -11.700000 7.313098 0.346555
v -10.700000 8.122114 -0.241230
v -11.700000 8.122114 -0.241230
v -11.750000 7.313098 0.346555
v -12.650000 7.313098 0.346555
v -11.750000 8.122114 -0.241230
v -12.650000 8.122114 -0.241230
v -12.700000 8.122114 -0.241230
v -12.700000 7.313098 0.346555
v -4.150000 6.382728 1.022508
v -5.300000 6.382728 1.022508
v -4.100000 6.382728 1.022508
v -7.327289 6.382728 1.022508
v -6.300000 6.382728 1.022508
v -7.277289 6.382728 1.022508
v -10.700000 6.382728 1.022508
v -11.700000 6.382728 1.022508
v -9.500000 6.382728 1.022508
v -10.650000 6.382728 1.022508
v -13.900000 6.382728 1.022508
v -14.900000 6.382728 1.022508
v -12.700000 6.382728 1.022508
v -13.850000 6.382728 1.022508
v 17.350000 1.520536 4.555098
v 16.300000 1.520536 4.555098
v 17.350000 3.704882 2.968078
v 16.300000 3.704882 2.968078
v 17.400000 3.704882 2.968078
v 17.400000 1.520536 4.555098
v 16.250000 3.704882 2.968078
v 15.150000 3.704882 2.968078
v 16.250000 1.520536 4.555098
v 15.150000 1.520536 4.555098
v 15.100000 3.704882 2.968078
v 14.000000 3.704882 2.968078
v 15.100000 1.520536 4.555098
v 14.000000 1.520536 4.555098
v 13.950000 1.520536 4.555098
v 12.890840 1.520536 4.555098
v 13.950000 3.704882 2.968078
v 12.890840 3.704882 2.968078
v 12.850000 1.520536 4.555098
v 11.840840 1.520536 4.555098
v 12.850000 3.704882 2.968078
v 11.840840 3.704882 2.968078
v 11.790840 3.704882 2.968078
v 10.740840 3.704882 2.968078
v 11.790840 1.520536 4.555098
v 10.740840 1.520536 4.555098
v 10.690840 3.704882 2.968078
v 9.590842 3.704882 2.968078
v 10.690840 1.520536 4.555098
v 9.590842 1.520536 4.555098
v 9.540842 3.704882 2.968078
v 8.640842 3.704882 2.968078
v 9.540842 1.520536 4.555098
v 8.640842 1.520536 4.555098
v 8.590842 1.520536 4.555098
v 8.590842 3.704882 2.968078
v 16.250000 3.947587 2.791742
v 15.150000 3.947587 2.791742
v 16.300000 3.947587 2.791742
v 16.300000 4.675702 2.262735
v 14.000000 5.403817 1.733729
v 15.100000 3.947587 2.791742
v 14.000000 3.947587 2.791742
v 13.950000 3.947587 2.791742
v 12.890840 3.947587 2.791742
v 12.850000 3.947587 2.791742
v 11.840840 3.947587 2.791742
v 11.790840 3.947587 2.791742
v 10.740840 3.947587 2.791742
v 10.690840 6.131932 1.204722
v 9.590842 6.131932 1.204722
v 10.690840 3.947587 2.791742
v 9.590842 3.947587 2.791742
v 8.590842 3.947587 2.791742
v 8.590842 6.131932 1.204722
v 9.540842 6.131932 1.204722
v 8.640842 6.131932 1.204722
v 9.540842 3.947587 2.791742
v 8.640842 3.947587 2.791742
v 27.745359 3.741469 2.941496
v 26.772029 3.927364 2.806435
v 27.550039 3.030643 3.457941
v 26.576709 3.216538 3.322880
v 27.598711 3.021349 3.464694
v 27.794031 3.732174 2.948249
v 26.528040 3.225833 3.316127
v 25.554709 3.411729 3.181066
v 26.723369 3.936659 2.799682
v 25.750039 4.122554 2.664621
v 25.506050 3.421023 3.174313
v 24.532720 3.606918 3.039252
v 25.701370 4.131849 2.657868
v 24.728040 4.317744 2.522807
v 24.679370 4.327039 2.516054
v 23.706040 4.512934 2.380993
v 24.484050 3.616213 3.032499
v 23.510720 3.802108 2.897438
v 23.657380 4.522229 2.374240
v 22.684050 4.708124 2.239179
v 23.462051 3.811403 2.890685
v 22.488721 3.997299 2.755624
v 22.440061 4.006593 2.748871
v 21.466731 4.192488 2.613810
v 22.635381 4.717419 2.232426
v 21.662051 4.903314 2.097366
v 21.418059 4.201783 2.607057
v 20.542061 4.369089 2.485503
v 21.613379 4.912609 2.090612
v 20.737380 5.079915 1.969058
v 20.493391 4.378384 2.478750
v 19.756840 4.519057 2.376544
v 20.688721 5.089209 1.962305
v 19.952159 5.229883 1.860099
v 19.901770 5.239508 1.853106
v 19.694980 4.530872 2.367961
v 9.759532 6.428431 0.989303
v 9.022977 6.569105 0.887098
v 9.954854 7.139257 0.472858
v 9.218299 7.279930 0.370653
v 9.167006 7.289727 0.363535
v 8.960222 6.581090 0.878390
v 10.677271 7.001284 0.573101
v 10.003520 7.129962 0.479611
v 10.470480 6.292647 1.087956
v 9.808198 6.419136 0.996056
v 11.463940 6.851038 0.682262
v 10.727390 6.991711 0.580056
v 11.268621 6.140212 1.198707
v 10.532070 6.280886 1.096501
v 12.193280 5.963611 1.327014
v 11.317290 6.130917 1.205460
v 12.388610 6.674437 0.810569
v 11.512610 6.841743 0.689015
v 13.215280 5.768422 1.468828
v 12.241949 5.954317 1.333767
v 13.410601 6.479247 0.952383
v 12.437271 6.665142 0.817322
v 14.271730 6.314782 1.071874
v 13.459270 6.469952 0.959136
v 14.064940 5.606146 1.586728
v 13.263950 5.759127 1.475581
v 15.058630 6.164493 1.181065
v 14.322070 6.305167 1.078860
v 14.863311 5.453668 1.697510
v 14.126750 5.594341 1.595305
v 17.005291 5.792703 1.451187
v 16.031960 5.978598 1.316126
v 16.809969 5.081877 1.967632
v 15.836639 5.267772 1.832571
v 16.858630 5.072582 1.974385
v 17.053960 5.783408 1.457940
v 15.787970 5.277067 1.825818
v 14.911970 5.444373 1.704263
v 15.983290 5.987892 1.309373
v 15.107290 6.155198 1.187818
v -18.350000 6.325598 0.569589
v -18.350000 6.650000 0.333897
v -18.350000 6.650000 0.395700
v -18.350000 7.002200 0.139811
v -16.025000 7.002200 0.139811
v -13.270000 8.110554 -0.665454
v -2.090000 6.900000 0.214065
v -2.090000 7.786947 -0.430340
v -2.090000 6.900000 0.214391
v -2.090000 6.775676 0.304391
v -2.090000 6.899550 0.214391
v -0.240000 7.511881 -0.230493
v -0.240000 6.900000 0.214065
v -0.240000 6.900000 0.214391
v -0.240000 6.899550 0.214391
v -0.240000 6.775676 0.304391
v -17.650000 7.002200 0.139811
v -17.650000 6.650000 0.395700
v -17.650000 6.650000 0.333897
v -17.650000 6.325598 0.569589
v 6.825000 1.215846 4.282040
v 6.825000 6.650000 0.333897
v 6.825000 6.650000 0.395700
v 6.825000 7.511881 -0.230493
v 6.925000 6.650000 0.395700
v 6.925000 6.650000 0.333897
v 6.925000 1.215846 4.282040
v 6.925000 7.511881 -0.230493
v -2.860000 -8.110554 -0.665454
v -15.160000 -1.215846 4.282040
v -17.360000 -1.215846 4.282040
v 0.600000 -1.215846 4.282040
v -4.680000 -1.215846 4.282040
v -2.860000 8.110554 -0.665454
v -15.160000 1.215846 4.282040
v -17.360000 1.215846 4.282040
v 0.600000 1.215846 4.282040
v -4.680000 1.215846 4.282040
v -20.700000 6.547500 -1.405144
v -20.700000 6.322500 -1.405144
v -20.700000 6.435000 -1.375000
v -20.700000 6.240144 -1.487500
v -20.700000 6.629856 -1.487500
v -20.700000 6.210000 -1.600000
v -20.700000 6.660000 -1.600000
v -20.700000 6.240144 -1.712500
v -20.700000 6.629856 -1.712500
v -20.700000 6.322500 -1.794856
v -20.700000 6.547500 -1.794856
v -20.700000 6.435000 -1.825000
v -20.100000 6.660000 -1.600000
v -20.100000 6.650000 -1.533667
v -20.100000 6.650000 -1.666333
v -20.100000 6.650000 -1.150000
v -20.100000 6.180000 -1.150000
v -20.100000 6.180000 -0.630000
v -20.100000 6.650000 -0.630000
v -20.100000 6.650000 -0.510000
v -20.100000 6.950000 -0.510000
v -20.100000 6.650000 -2.050000
v -20.100000 6.950000 -3.150000
v -20.100000 6.650000 -3.150000
v 48.095132 -2.860018 1.997832
v 47.090459 -1.727039 2.384473
v 46.784258 -1.667302 2.312544
v 47.854971 -1.074715 3.096657
v 47.797031 -0.803141 3.256005
v 48.037202 -2.588445 2.157180
v 49.107910 -1.995858 2.941293
v 48.801699 -1.936121 2.869365
v 48.917920 -1.724284 2.550586
v 47.971182 -0.862878 2.777878
v 47.206670 -1.515202 2.065693
v 48.153408 -2.376608 1.838401
v 47.797031 0.803141 3.256005
v 47.854971 1.074715 3.096657
v 46.784258 1.667302 2.312544
v 47.090459 1.727039 2.384473
v 48.095132 2.860018 1.997832
v 48.037202 2.588445 2.157180
v 49.107910 1.995858 2.941293
v 48.801699 1.936121 2.869365
v 48.917920 1.724284 2.550586
v 47.971182 0.862878 2.777878
v 47.206670 1.515202 2.065693
v 48.153408 2.376608 1.838401
v -20.700000 -6.322500 -1.405144
v -20.700000 -6.547500 -1.405144
v -20.700000 -6.435000 -1.375000
v -20.700000 -6.629856 -1.487500
v -20.700000 -6.240144 -1.487500
v -20.700000 -6.660000 -1.600000
v -20.700000 -6.210000 -1.600000
v -20.700000 -6.629856 -1.712500
v -20.700000 -6.240144 -1.712500
v -20.700000 -6.547500 -1.794856
v -20.700000 -6.322500 -1.794856
v -20.700000 -6.435000 -1.825000
v -20.100000 -6.660000 -1.600000
v -20.100000 -6.650000 -1.533667
v -20.100000 -6.650000 -1.666333
v -20.100000 -6.650000 -1.150000
v -20.100000 -6.650000 -0.630000
v -20.100000 -6.180000 -0.630000
v -20.100000 -6.180000 -1.150000
v -20.100000 -6.650000 -0.510000
v -20.100000 -6.950000 -0.510000
v -20.100000 -6.950000 -3.150000
v -20.100000 -6.650000 -2.050000
v -20.100000 -6.650000 -3.150000
v 48.372280 -0.597789 1.775918
v 48.635562 -0.695523 1.451551
v 48.771108 -0.654702 1.528090
v 47.867490 -0.926845 1.017831
v 47.956440 -0.879458 1.123099
v 48.240791 -0.597789 1.807486
v 48.003032 -0.886023 1.094370
v 55.492461 -0.840815 -0.582881
v 54.399458 -1.200000 -1.280260
v 55.274590 -1.200000 -1.490361
v 48.932158 -0.975831 0.631328
v 49.192920 -0.752673 1.165032
v 48.451938 -0.975831 0.746619
v 49.368511 -1.158173 0.039331
v 48.762798 -1.091291 0.363464
v 48.135249 -1.091291 0.514125
v 47.666860 -1.158173 0.447861
v 53.597891 -0.597789 0.521360
v 49.343130 -1.200000 -0.066345
v 53.450479 -0.840815 -0.092646
v 47.763672 -0.597789 1.922032
v 47.550132 -0.949835 1.032587
v 47.641479 -1.200000 0.342185
v 53.232612 -1.200000 -1.000126
v 48.078389 -0.975831 0.836302
v 46.772241 -0.949835 1.219343
v 46.620498 -1.200000 0.587302
v 47.398389 -1.200000 0.400546
v 49.343130 -1.046410 -0.066345
v 46.620498 -0.765198 0.587302
v 54.399458 -0.722246 -1.280260
v 47.641479 -1.046410 0.342185
v 53.232612 1.200000 -1.000126
v 54.399458 1.200000 -1.280260
v 54.399458 0.722246 -1.280260
v 46.620498 0.765198 0.587302
v 49.343130 1.046410 -0.066345
v 49.343130 1.200000 -0.066345
v 46.620498 1.200000 0.587302
v 47.398389 1.200000 0.400546
v 47.641479 1.200000 0.342185
v 47.641479 1.046410 0.342185
v 47.956440 0.879458 1.123099
v 47.867490 0.926845 1.017831
v 48.240791 0.597789 1.807486
v 48.003032 0.886023 1.094370
v 48.771108 0.654702 1.528090
v 48.635562 0.695523 1.451551
v 48.372280 0.597789 1.775918
v 55.492461 0.840815 -0.582881
v 55.274590 1.200000 -1.490361
v 53.450479 0.840815 -0.092646
v 53.597891 0.597789 0.521360
v 48.289292 1.024816 0.654772
v 49.192920 0.752673 1.165032
v 49.368511 1.158173 0.039331
v 47.666860 1.158173 0.447861
v 47.550132 0.949835 1.032587
v 47.763672 0.597789 1.922032
v 46.772241 0.949835 1.219343
v 35.136470 0.510000 3.344373
v 35.136470 -0.210000 3.344373
v 30.481101 -0.854313 4.462029
v 33.677920 -0.210000 3.694541
v 30.481101 0.854313 4.462029
v 33.677920 0.510000 3.694541
v 47.751660 -0.000000 1.871989
v 55.227900 -0.717414 -1.684835
v 55.079458 -0.717414 -2.303129
v 56.210000 -0.711992 -1.920615
v 54.206279 -0.722246 -2.084890
v 69.714282 -0.637685 -4.957025
v 56.256680 -0.711992 -1.726141
v 69.421338 -0.637685 -6.177208
v 29.699641 -0.856500 2.952187
v 30.481101 -0.852421 2.952187
v 56.210000 0.711992 -1.920615
v 55.079458 0.717414 -2.303129
v 55.227900 0.717414 -1.684835
v 54.206279 0.722246 -2.084890
v 56.256680 0.711992 -1.726141
v 69.714282 0.637685 -4.957025
v 69.421338 0.637685 -6.177208
v 29.699641 0.856500 2.952187
v 30.481101 0.852421 2.952187
v 53.579058 0.215402 0.442928
v 53.585869 -0.000000 0.471316
v 53.585122 0.000875 0.468153
v 53.585122 -0.000875 0.468153
v 53.561240 0.417562 0.368707
v 53.532690 0.595701 0.249770
v 53.495039 0.739550 0.092973
v 53.495039 -0.739550 0.092973
v 53.532690 -0.595701 0.249770
v 53.561240 -0.417562 0.368707
v 53.579058 -0.215402 0.442928
v 50.810181 -0.551287 1.186513
v 49.891982 -0.500000 1.402413
v 49.558218 -0.500000 1.482542
v 49.901919 -0.400000 1.391171
v 49.518862 0.000000 1.447721
v 48.314990 -0.543024 1.784825
v 50.743071 0.000000 1.153815
v 49.199790 -2.410000 -0.663442
v 49.159351 -2.410000 -0.831861
v 47.457700 -2.410000 -0.423332
v 47.498130 -2.410000 -0.254912
v 49.705669 -0.500000 1.612997
v 48.721318 -1.220923 0.681948
v 49.125669 -0.977311 1.442966
v 48.505000 -1.506902 0.864776
v 49.230259 -0.786658 1.156064
v 48.557300 -1.411576 0.721325
v 48.487271 -1.411576 0.429614
v 49.705669 0.500000 1.612997
v 49.558218 0.500000 1.482542
v 49.771929 -0.400000 1.538101
v 49.771929 0.400000 1.538101
v 49.891982 0.500000 1.402413
v 49.901919 0.400000 1.391171
v 48.923330 -0.957356 1.382463
v 48.488872 -1.328071 0.977730
v 50.810181 0.551287 1.186513
v 51.981460 0.900000 1.757175
v 51.981460 -0.900000 1.757175
v 50.788740 -0.900000 3.105295
v 56.113281 -0.000875 -0.138805
v 56.113281 0.000875 -0.138805
v 55.624561 -0.140213 -0.032634
v 55.609048 -0.365750 -0.097228
v 55.580430 -0.566385 -0.216419
v 56.110752 -0.140213 -0.149357
v 55.540669 -0.728427 -0.382072
v 48.314990 0.543024 1.784825
v 49.199790 2.410000 -0.663442
v 49.159351 2.410000 -0.831861
v 47.457700 2.410000 -0.423332
v 47.498130 2.410000 -0.254912
v 49.125669 0.977311 1.442966
v 49.230259 0.786658 1.156064
v 48.609590 1.316249 0.577874
v 50.788740 0.900000 3.105295
v 48.505000 1.506902 0.864776
v 48.488872 1.328071 0.977730
v 48.923330 0.957356 1.382463
v 55.580430 0.566385 -0.216419
v 55.609048 0.365750 -0.097228
v 55.624561 0.140213 -0.032634
v 56.110752 0.140213 -0.149357
v 55.540669 0.728427 -0.382072
v 29.333840 -0.210000 4.809310
v 28.801101 -1.438150 4.809310
v 29.470391 -0.210000 4.809310
v 28.801101 1.438150 4.809310
v 29.601101 1.288150 4.809310
v 29.601101 1.438150 4.809310
v 29.601101 -1.438150 4.809310
v 29.601101 -1.288150 4.809310
v 30.481101 -1.288150 4.809310
v 29.333840 0.510000 4.809310
v 29.470391 0.510000 4.809310
v 30.481101 1.288150 4.809310
v 29.601101 -1.438150 2.889310
v 29.601101 -1.288150 2.952187
v 29.601101 1.438150 2.889310
v 29.601101 1.288150 2.952187
v 30.481101 1.288150 2.952187
v 29.699641 0.853062 2.952187
v 29.699641 -0.853062 2.952187
v 30.481101 -1.288150 2.952187
v 31.318860 -0.210000 7.656108
v 31.540310 -0.210000 7.675726
v 30.946799 -0.210000 7.625974
v 30.774441 -0.210000 7.462569
v 30.802319 -0.210000 7.262429
v 30.934751 -0.210000 7.440997
v 31.111570 -0.210000 7.575757
v 32.118020 -0.210000 7.378984
v 32.223540 -0.210000 7.439374
v 31.956260 -0.210000 7.531489
v 32.056489 -0.210000 7.608212
v 31.758501 -0.210000 7.633068
v 31.851870 -0.210000 7.728790
v 31.155181 -0.210000 7.739942
v 32.231060 -0.210000 7.187552
v 32.341931 -0.210000 7.233474
v 33.765381 -0.210000 3.796952
v 35.164480 -0.210000 3.461058
v 31.623240 -0.210000 7.793113
v 31.385759 -0.210000 7.796915
v 30.946799 0.510000 7.625974
v 31.540310 0.510000 7.675726
v 31.318860 0.510000 7.656108
v 30.774441 0.510000 7.462569
v 31.111570 0.510000 7.575757
v 30.934751 0.510000 7.440997
v 30.802319 0.510000 7.262429
v 31.155181 0.510000 7.739942
v 31.851870 0.510000 7.728790
v 31.758501 0.510000 7.633068
v 32.056489 0.510000 7.608212
v 31.956260 0.510000 7.531489
v 32.223540 0.510000 7.439374
v 32.118020 0.510000 7.378984
v 32.231060 0.510000 7.187552
v 32.341931 0.510000 7.233474
v 33.765381 0.510000 3.796952
v 35.164480 0.510000 3.461058
v 31.623240 0.510000 7.793113
v 31.385759 0.510000 7.796915
v 29.451101 3.471518 2.643199
v 29.451101 2.770957 3.152187
v 29.451101 1.438150 3.152187
v 29.451101 -3.471518 2.643199
v 29.451101 -2.770957 3.152187
v 29.451101 -1.438150 3.152187
v -15.830000 0.000000 4.709310
v -10.870000 -0.235000 4.709310
v -10.870000 0.235000 4.709310
v -2.700000 0.000000 4.709310
v -0.970228 -0.647214 4.709310
v -1.147214 -0.470228 4.709310
v -1.260845 -0.247214 4.709310
v -1.300000 0.000000 4.709310
v -1.260845 0.247214 4.709310
v -1.147214 0.470228 4.709310
v -0.970228 0.647214 4.709310
v -19.750000 -0.887678 4.709310
v 28.801101 -0.887678 4.709310
v -3.500000 -0.800000 4.709310
v -16.260000 -0.430000 4.709310
v -16.424550 -0.397268 4.709310
v -16.564060 -0.304056 4.709310
v -16.657271 -0.164554 4.709310
v -16.690000 0.000000 4.709310
v -19.750000 0.887678 4.709310
v -9.930000 -0.235000 4.709310
v -3.747214 -0.760845 4.709310
v -3.970228 -0.647214 4.709310
v -4.147214 -0.470228 4.709310
v -4.260845 -0.247214 4.709310
v -4.300000 0.000000 4.709310
v -4.260845 0.247214 4.709310
v -9.930000 0.235000 4.709310
v -4.147214 0.470228 4.709310
v -3.970228 0.647214 4.709310
v -3.747214 0.760845 4.709310
v -3.500000 0.800000 4.709310
v -15.862729 -0.164554 4.709310
v -15.955940 -0.304056 4.709310
v -16.095450 -0.397268 4.709310
v 28.801101 0.887678 4.709310
v 0.300000 0.000000 4.709310
v 0.260845 -0.247214 4.709310
v 0.147214 -0.470228 4.709310
v -0.029772 -0.647214 4.709310
v -0.252786 -0.760845 4.709310
v -0.500000 -0.800000 4.709310
v -0.747214 -0.760845 4.709310
v -2.739155 -0.247214 4.709310
v -2.852786 -0.470228 4.709310
v -3.029772 -0.647214 4.709310
v -3.252786 -0.760845 4.709310
v -0.500000 0.800000 4.709310
v -0.252786 0.760845 4.709310
v -0.029772 0.647214 4.709310
v 0.147214 0.470228 4.709310
v 0.260845 0.247214 4.709310
v -0.747214 0.760845 4.709310
v -2.852786 0.470228 4.709310
v -2.739155 0.247214 4.709310
v -3.252786 0.760845 4.709310
v -3.029772 0.647214 4.709310
v -16.260000 0.430000 4.709310
v -16.095450 0.397268 4.709310
v -15.955940 0.304056 4.709310
v -15.862729 0.164554 4.709310
v -16.657271 0.164554 4.709310
v -16.564060 0.304056 4.709310
v -16.424550 0.397268 4.709310
v 29.348750 1.944388 3.137984
v 28.922571 2.788176 3.078847
v 9.140779 6.650000 0.333897
v 9.140779 -6.650000 0.333897
v 28.922571 -2.788176 3.078847
v 29.348750 -1.944388 3.137984
v 28.801101 -1.438150 3.061992
v 28.524031 -1.399000 3.023545
v 28.801101 -1.288150 3.061992
v 21.527019 1.288150 2.052630
v 7.100000 -6.150000 0.050715
v 7.100000 6.150000 0.050715
v 7.530000 6.150000 0.110383
v 7.530000 6.650000 0.110383
v 28.097849 2.242789 2.964408
v 28.524031 1.399000 3.023545
v 28.801101 1.288150 3.061992
v 28.801101 1.438150 3.061992
v 28.097849 -2.242789 2.964408
v 7.530000 -6.650000 0.110383
v 7.530000 -6.150000 0.110383
v 21.527019 -1.288150 2.052630
v 7.400000 -0.961815 4.466605
v 28.801101 -0.961815 4.466605
v -19.490000 -0.921068 4.600000
v -19.490000 -0.961815 4.466605
v -17.360000 -0.961815 4.466605
v -15.160000 -0.961815 4.466605
v -4.680000 -0.961815 4.466605
v 0.600000 -0.961815 4.466605
v 6.450000 -0.961815 4.466605
v -19.859310 -0.921068 4.600000
v 7.400000 0.961815 4.466605
v 28.801101 0.961815 4.466605
v -19.490000 0.921068 4.600000
v -19.859310 0.921068 4.600000
v 6.450000 0.961815 4.466605
v 0.600000 0.961815 4.466605
v -4.680000 0.961815 4.466605
v -15.160000 0.961815 4.466605
v -17.360000 0.961815 4.466605
v -19.490000 0.961815 4.466605
v 21.506411 -1.288150 2.201207
v 21.506411 1.288150 2.201207
v 28.801101 -1.288150 3.213429
v 28.801101 1.288150 3.213429
v 28.801101 -1.438150 2.889310
v 28.801101 1.438150 2.889310
v -19.950000 -1.100000 4.400000
v -19.950000 -1.053489 4.400000
v -19.950000 -1.100000 4.428011
v -19.859310 -0.900000 4.600000
v -19.490000 -1.058732 4.600000
v -19.859310 0.900000 4.600000
v -19.950000 -6.650000 0.333897
v -19.950000 -6.650000 0.395700
v -19.950000 1.100000 4.428011
v -19.950000 1.100000 4.400000
v -19.950000 1.053489 4.400000
v -19.490000 1.058732 4.600000
v -19.950000 6.650000 0.333897
v -19.950000 6.650000 0.395700
v 55.227900 0.900000 -1.684835
v 55.611719 0.276364 -0.086119
v 55.297930 0.900000 -1.393124
v 55.322178 0.853658 -1.292117
v 55.297930 0.855089 -1.393124
v 55.589331 0.387559 -0.179379
v 55.559780 0.461955 -0.302482
v 55.227900 -0.899125 -1.684835
v 55.611719 -0.276364 -0.086119
v 55.297930 -0.855089 -1.393124
v 55.322178 -0.853658 -1.292117
v 55.297930 -0.899125 -1.393124
v 55.589331 -0.387559 -0.179379
v 55.559780 -0.461955 -0.302482
v 56.075508 -0.387559 -0.296101
v 56.097910 0.276364 -0.202842
v 56.097910 -0.276364 -0.202842
v 56.075508 0.387559 -0.296101
v 56.045962 -0.461955 -0.419205
v 56.045962 0.461955 -0.419205
v 55.808369 -0.853658 -1.408839
v 55.808369 0.853658 -1.408839
v 55.784121 -0.855089 -1.509847
v 55.784121 0.855089 -1.509847
v 56.280029 -0.899125 -1.628904
v 56.210000 -0.899125 -1.920615
v 56.210000 0.900000 -1.920615
v 56.280029 0.900000 -1.628904
v 51.848940 0.650000 1.906966
v 51.848940 -0.650000 1.906966
v 50.921260 -0.650000 2.955504
v 50.921260 0.650000 2.955504
v 50.621680 -0.650000 2.690456
v 50.621680 0.650000 2.690456
v 51.549351 0.650000 1.641918
v 51.549351 -0.650000 1.641918
v 69.421338 -0.627751 -6.177208
v 69.421338 0.627751 -6.177208
v 29.639089 3.252869 2.741228
v 30.155930 2.467878 2.757646
v 30.126250 2.489554 2.724492
v 29.906321 2.823593 2.717505
v 29.867830 2.882050 2.716283
v 29.647900 3.216089 2.709296
v 29.528630 3.129781 2.337375
v 29.498950 3.151458 2.304221
v 29.748560 2.795742 2.344362
v 29.787051 2.737286 2.345585
v 30.006980 2.403247 2.352571
v 30.015779 2.366466 2.320639
v 29.929719 2.838774 2.706476
v 30.149661 2.504735 2.713463
v 30.030381 2.418427 2.341542
v 29.810449 2.752466 2.334555
v 29.671311 3.231270 2.698267
v 29.891240 2.897231 2.705253
v 29.771970 2.810923 2.333333
v 29.552041 3.144962 2.326346
v 29.639089 -3.252869 2.741228
v 29.498950 -3.151458 2.304221
v 29.528630 -3.129781 2.337375
v 29.647900 -3.216089 2.709296
v 29.867830 -2.882050 2.716283
v 29.906321 -2.823593 2.717505
v 30.126250 -2.489554 2.724492
v 30.155930 -2.467878 2.757646
v 30.015779 -2.366466 2.320639
v 30.006980 -2.403247 2.352571
v 29.787051 -2.737286 2.345585
v 29.748560 -2.795742 2.344362
v 29.929719 -2.838774 2.706476
v 30.149661 -2.504735 2.713463
v 30.030381 -2.418427 2.341542
v 29.810449 -2.752466 2.334555
v 29.671311 -3.231270 2.698267
v 29.891240 -2.897231 2.705253
v 29.771970 -2.810923 2.333333
v 29.552041 -3.144962 2.326346
v 4.292196 6.060000 -2.850000
v 4.292196 6.060000 -2.770000
v 4.950000 5.402197 -2.850000
v 4.950000 5.402197 -2.770000
v 4.104666 5.397803 -3.250000
v 4.292196 5.585334 -3.250000
v 4.287804 5.214666 -3.250000
v 4.475334 5.402197 -3.250000
v 3.630000 5.397803 -2.850000
v 3.630000 5.397803 -2.770000
v 4.287804 4.740000 -2.850000
v 4.287804 4.740000 -2.770000
v 3.540000 4.650000 -2.770000
v 5.040000 4.650000 -2.770000
v 5.040000 6.150000 -2.770000
v 3.540000 6.150000 -2.770000
v 6.750000 -6.150000 -0.019857
v -3.615954 -6.150000 -2.110000
v -3.830000 -2.485000 -2.153159
v -3.830000 -1.815000 -2.153159
v 3.540000 4.650000 -0.667107
v 5.040000 4.650000 -0.364654
v 5.040000 6.150000 -0.364654
v 6.750000 6.150000 -0.019857
v -3.615954 6.650000 -2.110000
v -6.790000 6.650000 -2.750000
v -5.170000 -1.815000 -2.423351
v -6.790000 -6.650000 -2.750000
v -5.170000 -2.485000 -2.423351
v -3.615954 -6.650000 -2.110000
v 3.540000 6.150000 -0.667107
v -3.615954 6.150000 -2.110000
v 6.750000 6.150000 -2.500000
v 5.040000 6.150000 -2.500000
v 1.810000 6.150000 -2.500000
v 3.540000 6.150000 -2.500000
v 0.090000 6.150000 -2.110000
v 7.530000 6.650000 -2.500000
v 7.530000 6.150000 -2.500000
v 7.100000 6.150000 -2.500000
v 1.810000 6.650000 -2.500000
v 6.750000 5.325482 -2.500000
v 7.100000 5.325482 -2.500000
v 7.530000 -6.150000 -2.500000
v 7.100000 -6.150000 -2.500000
v 0.090000 -6.150000 -2.110000
v 6.750000 -6.150000 -2.500000
v 1.810000 -6.150000 -2.500000
v 6.750000 -5.325482 -2.500000
v 6.750000 -2.090000 -0.149285
v 7.100000 -5.325482 -2.500000
v 7.100000 -2.090000 -0.149285
v 6.750000 2.090000 -0.149285
v 7.100000 2.090000 -0.149285
v 1.810000 -6.650000 -2.500000
v 7.530000 -6.650000 -2.500000
v 3.330000 6.650000 -1.415000
v 0.900000 6.650000 -0.719015
v 0.900000 6.650000 0.214391
v 5.250000 6.650000 0.395700
v 5.250000 6.650000 0.333897
v 4.930000 6.650000 -1.415000
v 4.230000 6.650000 -1.415000
v 4.030000 6.650000 -1.415000
v -7.800000 6.650000 0.214391
v 3.330000 6.650000 -2.115000
v 4.030000 6.650000 -2.115000
v 4.230000 6.650000 -2.115000
v 4.930000 6.650000 -2.115000
v 5.750000 6.650000 -0.130493
v 5.750000 6.650000 0.333897
v 5.950000 6.650000 0.333897
v 8.432313 6.650000 0.395700
v 8.278434 6.650000 0.333897
v -7.800000 6.650000 -2.320000
v -13.110000 6.650000 -2.365000
v -13.110000 6.650000 -1.665000
v -13.810000 6.650000 -1.665000
v -14.235000 6.650000 -1.665000
v -14.935000 6.650000 -1.665000
v -15.960000 6.650000 -1.665000
v -16.660000 6.650000 -1.665000
v -16.850000 6.650000 -0.910000
v -16.850000 6.650000 -0.660000
v -17.500000 6.650000 -2.750000
v -16.660000 6.650000 -2.365000
v -15.960000 6.650000 -2.365000
v -14.935000 6.650000 -2.365000
v -14.235000 6.650000 -2.365000
v -13.810000 6.650000 -2.365000
v -7.040000 6.650000 -2.320000
v 5.950000 6.650000 0.395700
v 5.450000 6.650000 0.333897
v 5.450000 6.650000 -0.130493
v 0.090000 6.650000 -2.110000
v -17.850000 6.650000 -2.000000
v -17.850000 6.650000 -0.910000
v -17.850000 6.650000 -0.660000
v -17.850000 6.650000 0.333897
v -18.800000 6.650000 -3.150000
v -18.800000 6.650000 -2.000000
v -18.192820 6.650000 -3.150000
v 4.230000 6.850000 -1.415000
v 4.930000 6.850000 -1.415000
v 4.930000 6.850000 -2.115000
v 4.230000 6.850000 -2.115000
v 3.330000 6.850000 -1.415000
v 4.030000 6.850000 -1.415000
v 4.030000 6.850000 -2.115000
v 3.330000 6.850000 -2.115000
v -13.810000 6.850000 -1.665000
v -13.110000 6.850000 -1.665000
v -13.110000 6.850000 -2.365000
v -13.810000 6.850000 -2.365000
v -14.935000 6.850000 -1.665000
v -14.235000 6.850000 -1.665000
v -14.235000 6.850000 -2.365000
v -14.935000 6.850000 -2.365000
v -16.660000 6.850000 -1.665000
v -15.960000 6.850000 -1.665000
v -15.960000 6.850000 -2.365000
v -16.660000 6.850000 -2.365000
v 5.750000 -6.650000 -0.130493
v 5.950000 -6.650000 0.333897
v 5.750000 -6.650000 0.333897
v 3.330000 -6.650000 -1.415000
v 0.900000 -6.650000 0.214391
v 0.900000 -6.650000 -0.719015
v 8.278434 -6.650000 0.333897
v 8.432313 -6.650000 0.395700
v 5.450000 -6.650000 -0.130493
v 4.930000 -6.650000 -1.415000
v 4.930000 -6.650000 -2.115000
v 4.230000 -6.650000 -2.115000
v 4.030000 -6.650000 -2.115000
v 3.330000 -6.650000 -2.115000
v -17.850000 -6.650000 -2.000000
v -18.800000 -6.650000 -2.000000
v -18.800000 -6.650000 -3.150000
v -18.192820 -6.650000 -3.150000
v -17.500000 -6.650000 -2.750000
v -16.660000 -6.650000 -2.365000
v -16.660000 -6.650000 -1.665000
v -16.850000 -6.650000 -0.910000
v -17.850000 -6.650000 -0.910000
v 5.250000 -6.650000 0.395700
v -7.800000 -6.650000 0.214391
v 4.030000 -6.650000 -1.415000
v 4.230000 -6.650000 -1.415000
v 5.250000 -6.650000 0.333897
v -7.040000 -6.650000 -2.320000
v -7.800000 -6.650000 -2.320000
v -13.110000 -6.650000 -2.365000
v -13.810000 -6.650000 -2.365000
v -14.235000 -6.650000 -2.365000
v -14.935000 -6.650000 -2.365000
v -15.960000 -6.650000 -2.365000
v -16.850000 -6.650000 -0.660000
v -15.960000 -6.650000 -1.665000
v -14.935000 -6.650000 -1.665000
v -14.235000 -6.650000 -1.665000
v -13.810000 -6.650000 -1.665000
v -13.110000 -6.650000 -1.665000
v 5.450000 -6.650000 0.333897
v 5.950000 -6.650000 0.395700
v 0.090000 -6.650000 -2.110000
v -17.850000 -6.650000 0.333897
v -17.850000 -6.650000 -0.660000
v 4.230000 -6.850000 -1.415000
v 4.930000 -6.850000 -1.415000
v 4.930000 -6.850000 -2.115000
v 4.230000 -6.850000 -2.115000
v 3.330000 -6.850000 -1.415000
v 4.030000 -6.850000 -1.415000
v 4.030000 -6.850000 -2.115000
v 3.330000 -6.850000 -2.115000
v -13.810000 -6.850000 -1.665000
v -13.110000 -6.850000 -1.665000
v -13.110000 -6.850000 -2.365000
v -13.810000 -6.850000 -2.365000
v -14.935000 -6.850000 -1.665000
v -14.235000 -6.850000 -1.665000
v -14.235000 -6.850000 -2.365000
v -14.935000 -6.850000 -2.365000
v -16.660000 -6.850000 -1.665000
v -15.960000 -6.850000 -1.665000
v -15.960000 -6.850000 -2.365000
v -16.660000 -6.850000 -2.365000
v 0.900000 6.900000 0.214065
v 5.250000 6.876803 0.230918
v 0.900000 6.899550 0.214391
v -7.800000 6.899550 0.214391
v -7.800000 6.900000 0.214065
v 5.950000 6.876803 0.230918
v -7.800000 6.900000 -2.320000
v 0.900000 6.900000 -0.719015
v -7.040000 6.900000 -2.320000
v 0.900000 -6.900000 0.214065
v 5.250000 -6.876803 0.230918
v 5.950000 -6.876803 0.230918
v -7.800000 -6.899550 0.214391
v 0.900000 -6.899550 0.214391
v -7.800000 -6.900000 0.214065
v -7.800000 -6.900000 -2.320000
v 0.900000 -6.900000 -0.719015
v -7.040000 -6.900000 -2.320000
v 5.750000 6.800000 0.733173
v 5.750000 6.500000 0.733173
v 5.750000 6.500000 0.442878
v 5.750000 6.800000 -0.130493
v 5.450000 6.800000 -0.130493
v 5.450000 6.500000 0.733173
v 5.450000 6.800000 0.733173
v 5.450000 6.500000 0.442878
v 5.450000 -6.800000 -0.130493
v 5.450000 -6.800000 0.733173
v 5.450000 -6.500000 0.733173
v 5.450000 -6.500000 0.442878
v 5.750000 -6.800000 -0.130493
v 5.750000 -6.500000 0.733173
v 5.750000 -6.800000 0.733173
v 5.750000 -6.500000 0.442878
v -4.931081 -2.485000 -4.160000
v -3.830000 -2.485000 -4.160000
v -5.170000 -2.485000 -2.460000
v -5.170000 -1.815000 -2.460000
v -4.931081 -1.815000 -4.160000
v -3.830000 -1.815000 -4.160000
v -4.870000 -2.385000 -4.160000
v -3.930000 -2.385000 -4.160000
v -4.870000 -1.915000 -4.160000
v -3.930000 -1.915000 -4.160000
v -3.930000 -1.915000 -4.480000
v -3.930000 -2.385000 -4.480000
v -4.870000 -2.385000 -4.480000
v -4.870000 -1.915000 -4.480000
v -4.835000 -1.950000 -4.480000
v -4.835000 -2.350000 -4.480000
v -4.435000 -2.350000 -4.480000
v -4.365000 -2.350000 -4.480000
v -3.965000 -2.350000 -4.480000
v -3.965000 -1.950000 -4.480000
v -4.365000 -1.950000 -4.480000
v -4.435000 -1.950000 -4.480000
v -4.365000 -2.350000 -4.510000
v -3.965000 -2.350000 -4.510000
v -3.965000 -1.950000 -4.510000
v -4.365000 -1.950000 -4.510000
v -4.835000 -2.350000 -4.510000
v -4.435000 -2.350000 -4.510000
v -4.435000 -1.950000 -4.510000
v -4.835000 -1.950000 -4.510000
v -16.727450 -0.315000 -3.250000
v -16.727450 0.315000 -3.250000
v -16.714930 -0.005899 -3.250000
v -16.678500 -0.130074 -3.250000
v -16.584860 -0.219396 -3.250000
v -16.459100 -0.249930 -3.250000
v -16.202550 -0.315000 -3.250000
v -16.202550 0.315000 -3.250000
v -16.215070 0.005899 -3.250000
v -16.251500 0.130074 -3.250000
v -16.345140 0.219396 -3.250000
v -16.470900 0.249930 -3.250000
v -16.595070 0.213496 -3.250000
v -16.684399 0.119856 -3.250000
v -16.334930 -0.213496 -3.250000
v -16.245601 -0.119856 -3.250000
v -16.622970 0.086297 -5.210000
v -16.542070 0.162665 -5.210000
v -16.307030 -0.086297 -5.210000
v -16.286479 0.023034 -5.210000
v -16.334110 0.123566 -5.210000
v -16.431740 0.176901 -5.210000
v -16.387930 -0.162665 -5.210000
v -16.643521 -0.023034 -5.210000
v -16.595890 -0.123566 -5.210000
v -16.498260 -0.176901 -5.210000
v -16.150000 0.315000 -2.750000
v -16.780000 0.315000 -2.750000
v -16.780000 -0.315000 -2.750000
v -16.150000 -0.315000 -2.750000
v -17.500000 -6.600000 -2.750000
v -17.500000 -5.650000 -2.750000
v -18.400000 -5.650000 -2.750000
v -17.500000 6.600000 -2.750000
v -17.500000 5.650000 -2.750000
v -18.400000 5.650000 -2.750000
v -19.534180 1.406423 -2.750000
v -19.501930 -1.362032 -2.750000
v -19.545930 -1.442565 -2.750000
v -18.500000 -5.650000 -2.750000
v -19.545930 1.497435 -2.750000
v -19.534180 -1.533577 -2.750000
v -20.100000 -4.060000 -2.750000
v -20.100000 -3.360000 -2.750000
v -19.471190 -1.600305 -2.750000
v -19.381000 -1.617261 -2.750000
v -19.298070 -1.577968 -2.750000
v -19.254070 -1.497435 -2.750000
v -19.265820 -1.406423 -2.750000
v -19.254070 1.442565 -2.750000
v -18.500000 5.650000 -2.750000
v -19.265820 1.533577 -2.750000
v -19.328810 1.600305 -2.750000
v -19.419000 1.617261 -2.750000
v -19.501930 1.577968 -2.750000
v -19.471190 1.339695 -2.750000
v -19.381000 1.322739 -2.750000
v -19.419000 -1.322739 -2.750000
v -19.298070 1.362032 -2.750000
v -19.328810 -1.339695 -2.750000
v -20.100000 3.360000 -2.750000
v -20.100000 4.060000 -2.750000
v -19.386940 -1.446096 -2.820000
v -19.373860 -1.462331 -2.820000
v -19.413060 -1.493904 -2.820000
v -19.392330 -1.496136 -2.820000
v -19.376100 -1.483059 -2.820000
v -19.426140 -1.477669 -2.820000
v -19.407670 -1.443864 -2.820000
v -19.423900 -1.456941 -2.820000
v -19.400000 -1.470000 -3.600000
v -19.413060 1.446096 -2.820000
v -19.426140 1.462331 -2.820000
v -19.386940 1.493904 -2.820000
v -19.407670 1.496136 -2.820000
v -19.423900 1.483059 -2.820000
v -19.373860 1.477669 -2.820000
v -19.392330 1.443864 -2.820000
v -19.376100 1.456941 -2.820000
v -19.400000 1.470000 -3.600000
v -18.192820 -5.650000 -3.150000
v -18.192820 5.650000 -3.150000
v -18.400000 -5.650000 -3.150000
v -20.800000 6.050000 -3.150000
v -20.800000 6.200000 -3.150000
v -20.400000 6.050000 -3.150000
v -18.400000 5.650000 -3.150000
v -18.500000 5.650000 -3.150000
v -20.400000 5.650000 -3.150000
v -18.800000 6.950000 -3.150000
v -20.800000 6.495496 -3.150000
v -20.800000 6.650000 -3.150000
v -20.400000 6.650000 -3.150000
v -20.800000 -6.495496 -3.150000
v -20.400000 -6.650000 -3.150000
v -20.800000 -6.650000 -3.150000
v -20.800000 -6.200000 -3.150000
v -20.800000 -6.050000 -3.150000
v -20.400000 -6.050000 -3.150000
v -20.400000 -5.650000 -3.150000
v -18.500000 -5.650000 -3.150000
v -18.800000 -6.950000 -3.150000
v -20.800000 -6.650000 -2.050000
v -20.400000 -6.050000 -2.340000
v -20.400000 -5.650000 -2.340000
v -18.500000 -5.650000 -3.350000
v -18.400000 -5.650000 -3.350000
v -20.800000 -6.050000 -2.050000
v -18.800000 -6.950000 -2.000000
v -18.400000 5.650000 -3.350000
v -18.500000 5.650000 -3.350000
v -20.800000 6.650000 -2.050000
v -20.400000 5.650000 -2.340000
v -20.400000 6.050000 -2.340000
v -20.800000 6.050000 -2.050000
v -18.800000 6.950000 -2.000000
v 5.950000 6.200200 0.660696
v 5.250000 6.200200 0.660696
v 5.950000 -6.200200 0.660696
v 5.250000 -6.200200 0.660696
v -20.100000 6.950000 0.010000
v -20.100000 6.650000 0.010000
v -19.826790 6.950000 0.010000
v -18.150000 6.650000 0.010000
v -18.150000 6.950000 0.010000
v -18.800000 6.650000 0.010000
v -19.319620 6.950000 0.010000
v -19.700000 7.169615 0.010000
v -20.000000 6.650000 -0.040000
v -20.100000 6.650000 -0.040000
v -20.100000 6.950000 -0.040000
v -19.826790 6.950000 -0.040000
v -20.000000 6.650000 -0.510000
v -19.826790 6.950000 -0.510000
v -19.826790 6.950000 -0.560000
v -19.319620 6.950000 -0.560000
v -17.850000 6.950000 -0.660000
v -17.850000 6.950000 -0.910000
v -17.850000 6.950000 -2.000000
v -17.850000 6.950000 0.660000
v -18.150000 6.950000 0.660000
v -16.850000 6.950000 -0.910000
v -16.850000 6.950000 -0.660000
v -20.512129 6.402968 -0.510000
v -20.042130 7.217032 -0.510000
v -20.235000 6.242968 -0.510000
v -19.765000 7.057032 -0.510000
v -20.512129 6.402968 -0.040000
v -20.235000 6.242968 -0.040000
v -20.042130 7.217032 -0.040000
v -19.765000 7.057032 -0.040000
v -19.700000 7.169615 -0.560000
v -20.300000 6.130385 0.010000
v -20.300000 6.130385 -0.560000
v -18.150000 6.650000 0.333897
v -17.850000 6.650000 0.660000
v -18.150000 6.650000 0.660000
v -20.800000 6.504504 -2.050000
v -20.800000 6.200000 -2.050000
v -19.319620 -6.950000 0.010000
v -18.150000 -6.950000 0.010000
v -18.150000 -6.650000 0.010000
v -18.800000 -6.650000 0.010000
v -19.826790 -6.950000 0.010000
v -19.700000 -7.169615 0.010000
v -20.100000 -6.650000 0.010000
v -20.100000 -6.950000 0.010000
v -20.000000 -6.650000 -0.040000
v -20.100000 -6.650000 -0.040000
v -20.100000 -6.950000 -0.040000
v -19.826790 -6.950000 -0.040000
v -20.000000 -6.650000 -0.510000
v -19.826790 -6.950000 -0.560000
v -19.826790 -6.950000 -0.510000
v -17.850000 -6.950000 -2.000000
v -17.850000 -6.950000 -0.910000
v -17.850000 -6.950000 -0.660000
v -19.319620 -6.950000 -0.560000
v -17.850000 -6.950000 0.660000
v -18.150000 -6.950000 0.660000
v -16.850000 -6.950000 -0.910000
v -16.850000 -6.950000 -0.660000
v -19.700000 -7.169615 -0.560000
v -20.300000 -6.130385 0.010000
v -20.235000 -6.242968 -0.040000
v -20.300000 -6.130385 -0.560000
v -20.235000 -6.242968 -0.510000
v -19.765000 -7.057032 -0.510000
v -19.765000 -7.057032 -0.040000
v -20.512129 -6.402968 -0.510000
v -20.042130 -7.217032 -0.510000
v -20.512129 -6.402968 -0.040000
v -20.042130 -7.217032 -0.040000
v -18.150000 -6.650000 0.333897
v -17.850000 -6.650000 0.660000
v -18.150000 -6.650000 0.660000
v -20.800000 -6.504504 -2.050000
v -20.800000 -6.200000 -2.050000
v -20.059630 7.186721 -0.075000
v -20.259630 6.840311 -0.075000
v -20.294630 6.779689 -0.075000
v -20.494629 6.433279 -0.075000
v -20.494629 6.433279 -0.475000
v -20.294630 6.779689 -0.475000
v -20.259630 6.840311 -0.475000
v -20.059630 7.186721 -0.475000
v -20.285610 6.855311 -0.075000
v -20.085610 7.201721 -0.075000
v -20.085610 7.201721 -0.475000
v -20.285610 6.855311 -0.475000
v -20.520610 6.448279 -0.075000
v -20.320610 6.794689 -0.075000
v -20.320610 6.794689 -0.475000
v -20.520610 6.448279 -0.475000
v -20.494629 -6.433279 -0.475000
v -20.494629 -6.433279 -0.075000
v -20.294630 -6.779689 -0.075000
v -20.259630 -6.840311 -0.075000
v -20.059630 -7.186721 -0.075000
v -20.059630 -7.186721 -0.475000
v -20.259630 -6.840311 -0.475000
v -20.294630 -6.779689 -0.475000
v -20.285610 -6.855311 -0.075000
v -20.085610 -7.201721 -0.075000
v -20.085610 -7.201721 -0.475000
v -20.285610 -6.855311 -0.475000
v -20.520610 -6.448279 -0.075000
v -20.320610 -6.794689 -0.075000
v -20.320610 -6.794689 -0.475000
v -20.520610 -6.448279 -0.475000
v -20.800000 6.550000 -3.095496
v -20.800000 6.550000 -2.095496
v -20.800000 6.150000 -2.100000
v -20.800000 6.150000 -3.100000
v -20.800000 6.445496 -3.200000
v -20.800000 6.250000 -3.200000
v -20.800000 6.454504 -2.000000
v -20.800000 6.250000 -2.000000
v -21.000000 6.150000 -2.100000
v -21.000000 6.250000 -2.000000
v -21.000000 6.454504 -2.000000
v -21.000000 6.550000 -2.095496
v -21.000000 6.550000 -3.095496
v -21.000000 6.445496 -3.200000
v -21.000000 6.250000 -3.200000
v -21.000000 6.150000 -3.100000
v -20.800000 -6.150000 -3.100000
v -20.800000 -6.150000 -2.100000
v -20.800000 -6.550000 -2.095496
v -20.800000 -6.550000 -3.095496
v -20.800000 -6.250000 -2.000000
v -20.800000 -6.454504 -2.000000
v -20.800000 -6.250000 -3.200000
v -20.800000 -6.445496 -3.200000
v -21.000000 -6.250000 -2.000000
v -21.000000 -6.150000 -2.100000
v -21.000000 -6.550000 -2.095496
v -21.000000 -6.454504 -2.000000
v -21.000000 -6.550000 -3.095496
v -21.000000 -6.445496 -3.200000
v -21.000000 -6.150000 -3.100000
v -21.000000 -6.250000 -3.200000
v -21.000000 0.365609 4.000000
v -21.000000 0.751979 4.103528
v -20.800000 0.365609 4.000000
v -20.800000 0.751979 4.103528
v -21.000000 0.822888 4.562838
v -21.000000 0.436518 4.459310
v -20.800000 0.822888 4.562838
v -20.800000 0.436518 4.459310
v -21.000000 -0.365609 4.000000
v -20.800000 -0.365609 4.000000
v -21.000000 -0.751979 4.103528
v -20.800000 -0.751979 4.103528
v -21.000000 -0.822888 4.562838
v -20.800000 -0.822888 4.562838
v -21.000000 -0.436518 4.459310
v -20.800000 -0.436518 4.459310
v -21.000000 -0.945679 4.453499
v -21.000000 -0.955021 4.508476
v -21.000000 -0.896692 4.519059
v -21.000000 -0.906944 4.494310
v -21.000000 -0.896692 4.469561
v -21.000000 -0.871944 4.459310
v -21.000000 0.871944 4.459310
v -21.000000 0.945679 4.453499
v -21.000000 0.896692 4.469561
v -21.000000 0.906944 4.494310
v -21.000000 0.896692 4.519059
v -21.000000 0.955021 4.508476
v -21.000000 -0.847195 4.469561
v -21.000000 -0.836944 4.494310
v -21.000000 -0.847195 4.519059
v -21.000000 -0.871944 4.529310
v -21.000000 0.871944 4.529310
v -21.000000 0.847195 4.519059
v -21.000000 0.836944 4.494310
v -21.000000 0.847195 4.469561
v -21.000000 -0.927988 4.557251
v -21.000000 -0.876417 4.578468
v -21.000000 0.876417 4.578468
v -21.000000 0.927988 4.557251
v -20.800000 0.945679 4.453499
v -20.800000 0.955021 4.508476
v -20.800000 0.896692 4.519059
v -20.800000 0.906944 4.494310
v -20.800000 0.896692 4.469561
v -20.800000 0.871944 4.459310
v -20.800000 -0.871944 4.529310
v -20.800000 -0.847195 4.519059
v -20.800000 -0.836944 4.494310
v -20.800000 -0.847195 4.469561
v -20.800000 -0.871944 4.459310
v -20.800000 -0.250000 4.401122
v -20.800000 0.250000 4.401122
v -20.800000 -0.945679 4.453499
v -20.800000 -0.896692 4.469561
v -20.800000 -0.906944 4.494310
v -20.800000 -0.896692 4.519059
v -20.800000 -0.955021 4.508476
v -20.800000 0.847195 4.469561
v -20.800000 0.836944 4.494310
v -20.800000 0.847195 4.519059
v -20.800000 0.871944 4.529310
v -20.800000 0.250000 4.067498
v -20.800000 -0.250000 4.067498
v -20.800000 -0.927988 4.557251
v -20.800000 -0.876417 4.578468
v -20.800000 0.876417 4.578468
v -20.800000 0.927988 4.557251
v -20.470000 -0.250000 4.459310
v -20.470000 0.250000 4.459310
v -20.470000 0.250000 4.009310
v -20.470000 -0.250000 4.009310
v -20.620000 0.000000 0.160000
v -20.620000 -0.520000 0.160000
v -20.760000 0.000000 0.197513
v -20.760000 -0.520000 0.197513
v -20.862490 0.000000 0.300000
v -20.862490 -0.520000 0.300000
v -20.900000 -0.000000 0.440000
v -20.900000 -0.520000 0.440000
v -20.862490 -0.000000 0.580000
v -20.862490 -0.520000 0.580000
v -20.760000 -0.000000 0.682487
v -20.760000 -0.520000 0.682487
v -20.620000 -0.000000 0.720000
v -20.620000 -0.520000 0.720000
v -20.862490 -0.590000 0.318756
v -20.862490 -0.641244 0.370000
v -20.862490 -0.660000 0.440000
v -20.862490 -0.641244 0.510000
v -20.862490 -0.590000 0.561244
v -20.760000 -0.641244 0.650000
v -20.620000 -0.660000 0.682487
v -20.760000 -0.641244 0.230000
v -20.620000 -0.660000 0.197513
v -20.760000 -0.730000 0.318756
v -20.620000 -0.762487 0.300000
v -20.760000 -0.762487 0.440000
v -20.620000 -0.800000 0.440000
v -20.760000 -0.730000 0.561244
v -20.620000 -0.762487 0.580000
v -20.862490 0.070000 0.561244
v -20.862490 0.121244 0.510000
v -20.862490 0.140000 0.440000
v -20.862490 0.121244 0.370000
v -20.862490 0.070000 0.318756
v -20.760000 0.121244 0.230000
v -20.620000 0.140000 0.197513
v -20.760000 0.121244 0.650000
v -20.620000 0.140000 0.682487
v -20.760000 0.210000 0.561244
v -20.620000 0.242487 0.580000
v -20.760000 0.242487 0.440000
v -20.620000 0.280000 0.440000
v -20.760000 0.210000 0.318756
v -20.620000 0.242487 0.300000
v -20.620000 0.420000 0.440000
v -20.620000 0.420000 0.960000
v -20.760000 0.457513 0.440000
v -20.760000 0.457513 0.960000
v -20.862490 0.560000 0.440000
v -20.862490 0.560000 0.960000
v -20.900000 0.700000 0.440000
v -20.900000 0.700000 0.960000
v -20.862490 0.840000 0.440000
v -20.862490 0.840000 0.960000
v -20.760000 0.942487 0.440000
v -20.760000 0.942487 0.960000
v -20.620000 0.980000 0.440000
v -20.620000 0.980000 0.960000
v -20.620000 -1.452500 1.696000
v -20.620000 0.560000 1.202487
v -20.620000 0.457513 1.100000
v -20.620000 -1.752500 1.396000
v -20.620000 -1.729664 1.510805
v -20.620000 -1.752500 -0.290000
v -20.620000 1.752500 -0.290000
v -20.620000 1.729664 -0.404805
v -20.620000 1.664632 -0.502132
v -20.620000 1.567305 -0.567164
v -20.620000 1.452500 -0.590000
v -20.620000 -1.452500 -0.590000
v -20.620000 -1.567305 -0.567164
v -20.620000 -1.664632 -0.502132
v -20.620000 -1.729664 -0.404805
v -20.620000 -1.664632 1.608132
v -20.620000 -1.567305 1.673164
v -20.620000 0.700000 1.240000
v -20.620000 1.452500 1.696000
v -20.620000 1.567305 1.673164
v -20.620000 1.664632 1.608132
v -20.620000 1.729664 1.510805
v -20.620000 1.752500 1.396000
v -20.620000 0.700000 0.160000
v -20.620000 0.840000 0.197513
v -20.620000 0.942487 0.300000
v -20.620000 0.942487 1.100000
v -20.620000 0.840000 1.202487
v -20.620000 0.457513 0.300000
v -20.620000 0.560000 0.197513
v -20.862490 0.821244 0.370000
v -20.862490 0.770000 0.318756
v -20.862490 0.700000 0.300000
v -20.862490 0.630000 0.318756
v -20.862490 0.578756 0.370000
v -20.760000 0.490000 0.318756
v -20.760000 0.910000 0.318756
v -20.760000 0.821244 0.230000
v -20.760000 0.700000 0.197513
v -20.760000 0.578756 0.230000
v -20.862490 0.578756 1.030000
v -20.862490 0.630000 1.081244
v -20.862490 0.700000 1.100000
v -20.862490 0.770000 1.081244
v -20.862490 0.821244 1.030000
v -20.760000 0.910000 1.081244
v -20.760000 0.490000 1.081244
v -20.760000 0.578756 1.170000
v -20.760000 0.700000 1.202487
v -20.760000 0.821244 1.170000
v -20.060000 -1.250000 2.010000
v -20.570000 -1.250000 1.750142
v -20.570000 -1.250000 1.696000
v -20.570000 -1.250000 -0.590000
v -20.570000 -1.250000 -0.590142
v -20.060000 -1.250000 -0.850000
v -20.060000 1.250000 -0.850000
v -20.570000 1.250000 -0.590142
v -20.570000 1.250000 -0.590000
v -20.570000 1.250000 1.696000
v -20.060000 1.250000 2.010000
v -20.570000 1.250000 1.750142
v -20.570000 1.452500 -0.590000
v -20.570000 1.567305 -0.567164
v -20.570000 1.664632 -0.502132
v -20.570000 1.729664 -0.404805
v -20.570000 1.752500 -0.290000
v -20.570000 1.752500 1.396000
v -20.570000 1.452500 1.696000
v -20.570000 1.567305 1.673164
v -20.570000 1.729664 1.510805
v -20.570000 1.664632 1.608132
v -20.570000 -1.752500 1.396000
v -20.570000 -1.752500 -0.290000
v -20.570000 -1.452500 1.696000
v -20.570000 -1.567305 1.673164
v -20.570000 -1.664632 1.608132
v -20.570000 -1.729664 1.510805
v -20.570000 -1.729664 -0.404805
v -20.570000 -1.664632 -0.502132
v -20.570000 -1.567305 -0.567164
v -20.570000 -1.452500 -0.590000
v -19.900000 4.340711 0.410711
v -19.900000 4.270000 0.440000
v -19.900000 4.270000 0.580000
v -19.900000 4.199289 0.410711
v -19.900000 4.440000 0.830000
v -19.900000 4.440000 0.190000
v -19.900000 4.370000 0.680000
v -19.900000 4.340711 0.750711
v -19.900000 4.270000 0.780000
v -19.900000 4.100000 0.830000
v -19.900000 4.100000 0.190000
v -19.900000 4.270000 0.240000
v -19.900000 4.340711 0.269289
v -19.900000 4.370000 0.340000
v -19.900000 4.340711 0.609289
v -19.900000 4.170000 0.680000
v -19.900000 4.199289 0.609289
v -19.900000 4.170000 0.340000
v -19.900000 4.199289 0.269289
v -19.900000 4.199289 0.750711
v -20.000000 4.370000 0.340000
v -20.000000 4.340711 0.269289
v -20.000000 4.270000 0.240000
v -20.000000 4.199289 0.269289
v -20.000000 4.170000 0.340000
v -20.000000 4.199289 0.410711
v -20.000000 4.270000 0.440000
v -20.000000 4.340711 0.410711
v -20.000000 4.370000 0.680000
v -20.000000 4.340711 0.609289
v -20.000000 4.270000 0.580000
v -20.000000 4.199289 0.609289
v -20.000000 4.170000 0.680000
v -20.000000 4.199289 0.750711
v -20.000000 4.270000 0.780000
v -20.000000 4.340711 0.750711
v -19.900000 -4.199289 0.410711
v -19.900000 -4.270000 0.440000
v -19.900000 -4.270000 0.580000
v -19.900000 -4.340711 0.410711
v -19.900000 -4.100000 0.830000
v -19.900000 -4.100000 0.190000
v -19.900000 -4.170000 0.680000
v -19.900000 -4.199289 0.750711
v -19.900000 -4.270000 0.780000
v -19.900000 -4.440000 0.830000
v -19.900000 -4.440000 0.190000
v -19.900000 -4.270000 0.240000
v -19.900000 -4.199289 0.269289
v -19.900000 -4.170000 0.340000
v -19.900000 -4.199289 0.609289
v -19.900000 -4.370000 0.680000
v -19.900000 -4.340711 0.609289
v -19.900000 -4.370000 0.340000
v -19.900000 -4.340711 0.269289
v -19.900000 -4.340711 0.750711
v -20.000000 -4.370000 0.340000
v -20.000000 -4.340711 0.269289
v -20.000000 -4.270000 0.240000
v -20.000000 -4.199289 0.269289
v -20.000000 -4.170000 0.340000
v -20.000000 -4.199289 0.410711
v -20.000000 -4.270000 0.440000
v -20.000000 -4.340711 0.410711
v -20.000000 -4.370000 0.680000
v -20.000000 -4.340711 0.609289
v -20.000000 -4.270000 0.580000
v -20.000000 -4.199289 0.609289
v -20.000000 -4.170000 0.680000
v -20.000000 -4.199289 0.750711
v -20.000000 -4.270000 0.780000
v -20.000000 -4.340711 0.750711
v -20.100000 4.060000 -2.100000
v -20.100000 3.360000 -2.100000
v -20.100000 3.137180 2.762503
v -20.100000 2.570868 3.173953
v -20.100000 2.755119 2.236642
v -20.100000 2.188807 2.648092
v -20.100000 -4.060000 -2.100000
v -20.100000 -3.360000 -2.100000
v -20.100000 -3.137180 2.762503
v -20.100000 -2.570868 3.173953
v -20.100000 -2.755119 2.236642
v -20.100000 -2.188807 2.648092
v 8.450000 7.482492 -0.270944
v 7.100000 6.875068 0.170375
v 7.100000 7.482492 -0.270944
v 7.100000 7.511881 -0.230493
v 7.100000 7.124831 0.050715
v 7.100000 6.904457 0.210826
v 8.450000 -7.482492 -0.270944
v 7.100000 -7.482492 -0.270944
v 7.100000 -6.875068 0.170375
v 7.100000 -6.904457 0.210826
v 7.100000 -7.124831 0.050715
v 7.100000 -7.511881 -0.230493
v 6.450000 1.215846 4.282040
v 7.400000 1.215846 4.282040
v 6.450000 -1.215846 4.282040
v 7.400000 -1.215846 4.282040
v -10.870000 0.235000 5.029310
v -10.870000 -0.235000 5.029310
v -10.835000 -0.200000 5.029310
v -10.835000 0.200000 5.029310
v -10.435000 0.200000 5.029310
v -10.365000 0.200000 5.029310
v -9.965000 0.200000 5.029310
v -9.930000 0.235000 5.029310
v -9.930000 -0.235000 5.029310
v -9.965000 -0.200000 5.029310
v -10.365000 -0.200000 5.029310
v -10.435000 -0.200000 5.029310
v -10.365000 0.200000 5.059310
v -9.965000 0.200000 5.059310
v -9.965000 -0.200000 5.059310
v -10.365000 -0.200000 5.059310
v -10.835000 0.200000 5.059310
v -10.435000 0.200000 5.059310
v -10.435000 -0.200000 5.059310
v -10.835000 -0.200000 5.059310
v 70.869360 1.625000 -6.571274
v 71.184512 1.625000 -5.258575
v 70.822671 1.425000 -6.765748
v 71.231201 1.425000 -5.064101
v 70.822671 -1.425000 -6.765748
v 71.231201 -1.425000 -5.064101
v 70.869360 -1.625000 -6.571274
v 71.184512 -1.625000 -5.258575
v 70.212139 1.625000 -5.025129
v 69.896992 1.625000 -6.337828
v 69.364121 0.700000 -6.415580
v 69.772651 0.700000 -4.713932
v 70.153711 1.425000 -4.805418
v 69.745181 1.425000 -6.507065
v 69.772651 -0.700000 -4.713932
v 70.153711 -1.425000 -4.805418
v 69.364121 -0.700000 -6.415580
v 69.745181 -1.425000 -6.507065
v 70.212139 -1.625000 -5.025129
v 69.896992 -1.625000 -6.337828
v -16.189290 0.070711 5.059310
v -16.260000 0.100000 5.059310
v -16.060811 0.115000 5.059310
v -16.459189 -0.115000 5.059310
v -16.490000 0.000000 5.059310
v -16.360000 0.000000 5.059310
v -16.330710 -0.070711 5.059310
v -16.260000 -0.100000 5.059310
v -16.260000 -0.230000 5.059310
v -16.375000 -0.199186 5.059310
v -16.145000 0.199186 5.059310
v -16.260000 0.230000 5.059310
v -16.459189 0.115000 5.059310
v -16.375000 0.199186 5.059310
v -16.330710 0.070711 5.059310
v -16.189290 -0.070711 5.059310
v -16.060811 -0.115000 5.059310
v -16.160000 0.000000 5.059310
v -16.030000 0.000000 5.059310
v -16.145000 -0.199186 5.059310
v -16.160000 0.000000 4.829310
v -16.189290 -0.070711 4.829310
v -16.260000 -0.100000 4.829310
v -16.330710 -0.070711 4.829310
v -16.360000 0.000000 4.829310
v -16.330710 0.070711 4.829310
v -16.260000 0.100000 4.829310
v -16.189290 0.070711 4.829310
v -16.375000 0.199186 5.109310
v -16.145000 0.199186 5.109310
v -16.260000 0.230000 5.109310
v -16.060811 0.115000 5.109310
v -16.459189 0.115000 5.109310
v -16.030000 0.000000 5.109310
v -16.490000 0.000000 5.109310
v -16.060811 -0.115000 5.109310
v -16.459189 -0.115000 5.109310
v -16.145000 -0.199186 5.109310
v -16.375000 -0.199186 5.109310
v -16.260000 -0.230000 5.109310
v -16.476510 -0.125000 4.829310
v -16.385000 -0.216506 4.829310
v -16.260000 -0.250000 4.829310
v -16.510000 0.000000 4.829310
v -16.043490 0.125000 4.829310
v -16.135000 0.216506 4.829310
v -16.260000 0.250000 4.829310
v -16.476510 0.125000 4.829310
v -16.385000 0.216506 4.829310
v -16.010000 0.000000 4.829310
v -16.043490 -0.125000 4.829310
v -16.135000 -0.216506 4.829310
v -16.476510 -0.125000 4.809310
v -16.510000 0.000000 4.809310
v -16.360000 0.000000 4.809310
v -16.330710 -0.070711 4.809310
v -16.260000 -0.100000 4.809310
v -16.260000 -0.250000 4.809310
v -16.385000 -0.216506 4.809310
v -16.043490 0.125000 4.809310
v -16.260000 0.100000 4.809310
v -16.135000 0.216506 4.809310
v -16.260000 0.250000 4.809310
v -16.476510 0.125000 4.809310
v -16.385000 0.216506 4.809310
v -16.330710 0.070711 4.809310
v -16.160000 0.000000 4.809310
v -16.189290 0.070711 4.809310
v -16.010000 0.000000 4.809310
v -16.189290 -0.070711 4.809310
v -16.043490 -0.125000 4.809310
v -16.135000 -0.216506 4.809310
v -16.160000 0.000000 4.709310
v -16.189290 -0.070711 4.709310
v -16.260000 -0.100000 4.709310
v -16.330710 -0.070711 4.709310
v -16.360000 0.000000 4.709310
v -16.330710 0.070711 4.709310
v -16.260000 0.100000 4.709310
v -16.189290 0.070711 4.709310
v -16.186570 -0.321726 4.709310
v -16.054250 -0.258004 4.709310
v -16.333430 -0.321726 4.709310
v -15.962679 -0.143182 4.709310
v -15.930000 -0.000000 4.709310
v -16.465750 0.258004 4.709310
v -16.557321 0.143182 4.709310
v -16.590000 0.000000 4.709310
v -16.465750 -0.258004 4.709310
v -16.557321 -0.143182 4.709310
v -16.333430 0.321726 4.709310
v -16.186570 0.321726 4.709310
v -16.054250 0.258004 4.709310
v -15.962679 0.143182 4.709310
v -16.465750 0.258004 5.109310
v -16.557321 0.143182 5.109310
v -16.590000 0.000000 5.109310
v -16.333430 0.321726 5.109310
v -16.186570 0.321726 5.109310
v -16.054250 0.258004 5.109310
v -15.962679 0.143182 5.109310
v -15.930000 0.000000 5.109310
v -16.054250 -0.258004 5.109310
v -15.962679 -0.143182 5.109310
v -16.186570 -0.321726 5.109310
v -16.333430 -0.321726 5.109310
v -16.465750 -0.258004 5.109310
v -16.557321 -0.143182 5.109310
v -15.830000 0.000000 5.109310
v -15.862729 -0.164554 5.109310
v -15.955940 -0.304056 5.109310
v -16.095450 -0.397268 5.109310
v -16.260000 -0.430000 5.109310
v -16.424550 -0.397268 5.109310
v -16.564060 -0.304056 5.109310
v -16.657271 -0.164554 5.109310
v -16.690000 0.000000 5.109310
v -16.657271 0.164554 5.109310
v -16.564060 0.304056 5.109310
v -16.424550 0.397268 5.109310
v -16.260000 0.430000 5.109310
v -16.095450 0.397268 5.109310
v -15.955940 0.304056 5.109310
v -15.862729 0.164554 5.109310
v -0.850000 0.000000 4.889310
v -0.570711 0.070711 4.889310
v -0.600000 0.000000 4.889310
v -0.815339 -0.151859 4.889310
v -0.570711 -0.070711 4.889310
v -0.500000 -0.100000 4.889310
v -0.718221 -0.273641 4.889310
v -0.577882 -0.341225 4.889310
v -0.422118 -0.341225 4.889310
v -0.184661 -0.151859 4.889310
v -0.281779 -0.273641 4.889310
v -0.184661 0.151859 4.889310
v -0.500000 0.100000 4.889310
v -0.281779 0.273641 4.889310
v -0.422118 0.341225 4.889310
v -0.718221 0.273641 4.889310
v -0.577882 0.341225 4.889310
v -0.815339 0.151859 4.889310
v -0.400000 0.000000 4.889310
v -0.429289 0.070711 4.889310
v -0.150000 0.000000 4.889310
v -0.429289 -0.070711 4.889310
v -3.850000 0.000000 4.889310
v -3.570711 0.070711 4.889310
v -3.600000 0.000000 4.889310
v -3.815339 -0.151859 4.889310
v -3.570711 -0.070711 4.889310
v -3.500000 -0.100000 4.889310
v -3.718221 -0.273641 4.889310
v -3.577882 -0.341225 4.889310
v -3.422118 -0.341225 4.889310
v -3.184661 -0.151859 4.889310
v -3.281779 -0.273641 4.889310
v -3.184661 0.151859 4.889310
v -3.500000 0.100000 4.889310
v -3.281779 0.273641 4.889310
v -3.422118 0.341225 4.889310
v -3.718221 0.273641 4.889310
v -3.577882 0.341225 4.889310
v -3.815339 0.151859 4.889310
v -3.400000 0.000000 4.889310
v -3.429289 0.070711 4.889310
v -3.150000 0.000000 4.889310
v -3.429289 -0.070711 4.889310
v -0.400000 0.000000 4.809310
v -0.429289 -0.070711 4.809310
v -0.500000 -0.100000 4.809310
v -0.570711 -0.070711 4.809310
v -0.600000 0.000000 4.809310
v -0.570711 0.070711 4.809310
v -0.500000 0.100000 4.809310
v -0.429289 0.070711 4.809310
v -3.400000 0.000000 4.809310
v -3.429289 -0.070711 4.809310
v -3.500000 -0.100000 4.809310
v -3.570711 -0.070711 4.809310
v -3.600000 0.000000 4.809310
v -3.570711 0.070711 4.809310
v -3.500000 0.100000 4.809310
v -3.429289 0.070711 4.809310
v -0.422118 0.341225 4.909310
v -0.577882 0.341225 4.909310
v -0.281779 0.273641 4.909310
v -0.718221 0.273641 4.909310
v -0.184661 0.151859 4.909310
v -0.815339 0.151859 4.909310
v -0.150000 0.000000 4.909310
v -0.850000 0.000000 4.909310
v -0.184661 -0.151859 4.909310
v -0.815339 -0.151859 4.909310
v -0.281779 -0.273641 4.909310
v -0.718221 -0.273641 4.909310
v -0.422118 -0.341225 4.909310
v -0.577882 -0.341225 4.909310
v -3.422118 0.341225 4.909310
v -3.577882 0.341225 4.909310
v -3.281779 0.273641 4.909310
v -3.718221 0.273641 4.909310
v -3.184661 0.151859 4.909310
v -3.815339 0.151859 4.909310
v -3.150000 0.000000 4.909310
v -3.850000 0.000000 4.909310
v -3.184661 -0.151859 4.909310
v -3.815339 -0.151859 4.909310
v -3.281779 -0.273641 4.909310
v -3.718221 -0.273641 4.909310
v -3.422118 -0.341225 4.909310
v -3.577882 -0.341225 4.909310
v -4.000000 0.000000 4.809310
v -3.500000 -0.500000 4.809310
v -3.853553 -0.353553 4.809310
v -3.691342 -0.461940 4.809310
v -3.038060 -0.191342 4.809310
v -3.961940 -0.191342 4.809310
v -3.000000 0.000000 4.809310
v -3.038060 0.191342 4.809310
v -3.146447 0.353553 4.809310
v -3.308658 0.461940 4.809310
v -3.500000 0.500000 4.809310
v -3.691342 0.461940 4.809310
v -3.853553 0.353553 4.809310
v -3.961940 0.191342 4.809310
v -3.308658 -0.461940 4.809310
v -3.146447 -0.353553 4.809310
v -1.000000 0.000000 4.809310
v -0.500000 -0.500000 4.809310
v -0.853553 -0.353553 4.809310
v -0.691342 -0.461940 4.809310
v -0.038060 -0.191342 4.809310
v -0.961940 -0.191342 4.809310
v 0.000000 0.000000 4.809310
v -0.038060 0.191342 4.809310
v -0.146447 0.353553 4.809310
v -0.308658 0.461940 4.809310
v -0.500000 0.500000 4.809310
v -0.691342 0.461940 4.809310
v -0.853553 0.353553 4.809310
v -0.961940 0.191342 4.809310
v -0.308658 -0.461940 4.809310
v -0.146447 -0.353553 4.809310
v -1.000000 0.000000 4.789310
v -0.570711 0.070711 4.789310
v -0.600000 0.000000 4.789310
v -0.691342 -0.461940 4.789310
v -0.853553 -0.353553 4.789310
v -0.500000 -0.500000 4.789310
v -0.500000 -0.100000 4.789310
v -0.429289 -0.070711 4.789310
v -0.038060 -0.191342 4.789310
v -0.961940 -0.191342 4.789310
v -0.570711 -0.070711 4.789310
v -0.500000 0.100000 4.789310
v -0.961940 0.191342 4.789310
v -0.853553 0.353553 4.789310
v -0.691342 0.461940 4.789310
v -0.500000 0.500000 4.789310
v -0.308658 0.461940 4.789310
v -0.146447 0.353553 4.789310
v -0.038060 0.191342 4.789310
v 0.000000 0.000000 4.789310
v -0.429289 0.070711 4.789310
v -0.146447 -0.353553 4.789310
v -0.308658 -0.461940 4.789310
v -0.400000 0.000000 4.789310
v -4.000000 0.000000 4.789310
v -3.570711 0.070711 4.789310
v -3.600000 0.000000 4.789310
v -3.691342 -0.461940 4.789310
v -3.853553 -0.353553 4.789310
v -3.500000 -0.500000 4.789310
v -3.500000 -0.100000 4.789310
v -3.429289 -0.070711 4.789310
v -3.038060 -0.191342 4.789310
v -3.961940 -0.191342 4.789310
v -3.570711 -0.070711 4.789310
v -3.500000 0.100000 4.789310
v -3.961940 0.191342 4.789310
v -3.853553 0.353553 4.789310
v -3.691342 0.461940 4.789310
v -3.500000 0.500000 4.789310
v -3.308658 0.461940 4.789310
v -3.146447 0.353553 4.789310
v -3.038060 0.191342 4.789310
v -3.000000 0.000000 4.789310
v -3.429289 0.070711 4.789310
v -3.146447 -0.353553 4.789310
v -3.308658 -0.461940 4.789310
v -3.400000 0.000000 4.789310
v -0.400000 0.000000 4.709310
v -0.429289 -0.070711 4.709310
v -0.500000 -0.100000 4.709310
v -0.570711 -0.070711 4.709310
v -0.600000 -0.000000 4.709310
v -0.570711 0.070711 4.709310
v -0.500000 0.100000 4.709310
v -0.429289 0.070711 4.709310
v -3.400000 0.000000 4.709310
v -3.429289 -0.070711 4.709310
v -3.500000 -0.100000 4.709310
v -3.570711 -0.070711 4.709310
v -3.600000 0.000000 4.709310
v -3.570711 0.070711 4.709310
v -3.500000 0.100000 4.709310
v -3.429289 0.070711 4.709310
v -3.500000 -0.700000 4.709310
v -3.500000 0.700000 4.709310
v -3.716312 0.665740 4.709310
v -3.911450 0.566312 4.709310
v -4.066312 0.411450 4.709310
v -4.165739 0.216312 4.709310
v -4.200000 0.000000 4.709310
v -4.165739 -0.216312 4.709310
v -4.066312 -0.411450 4.709310
v -3.911450 -0.566312 4.709310
v -3.716312 -0.665740 4.709310
v -2.800000 -0.000000 4.709310
v -3.283688 -0.665740 4.709310
v -3.088550 -0.566312 4.709310
v -2.933688 -0.411450 4.709310
v -2.834261 -0.216312 4.709310
v -2.834261 0.216312 4.709310
v -2.933688 0.411450 4.709310
v -3.088550 0.566312 4.709310
v -3.283688 0.665740 4.709310
v -0.500000 -0.700000 4.709310
v -0.500000 0.700000 4.709310
v -0.716312 0.665740 4.709310
v -0.911450 0.566312 4.709310
v -1.066312 0.411450 4.709310
v -1.165740 0.216312 4.709310
v -1.200000 0.000000 4.709310
v -1.165740 -0.216312 4.709310
v -1.066312 -0.411450 4.709310
v -0.911450 -0.566312 4.709310
v -0.716312 -0.665740 4.709310
v 0.200000 -0.000000 4.709310
v -0.283688 -0.665740 4.709310
v -0.088550 -0.566312 4.709310
v 0.066312 -0.411450 4.709310
v 0.165740 -0.216312 4.709310
v 0.165740 0.216312 4.709310
v 0.066312 0.411450 4.709310
v -0.088550 0.566312 4.709310
v -0.283688 0.665740 4.709310
v -0.716312 0.665740 4.949310
v -0.911450 0.566312 4.949310
v -1.066312 0.411450 4.949310
v -1.165740 0.216312 4.949310
v -1.200000 0.000000 4.949310
v -0.500000 0.700000 4.949310
v -0.283688 0.665740 4.949310
v -0.088550 0.566312 4.949310
v 0.066312 0.411450 4.949310
v 0.165740 0.216312 4.949310
v 0.200000 0.000000 4.949310
v -0.283688 -0.665740 4.949310
v -0.088550 -0.566312 4.949310
v 0.066312 -0.411450 4.949310
v 0.165740 -0.216312 4.949310
v -0.500000 -0.700000 4.949310
v -0.716312 -0.665740 4.949310
v -0.911450 -0.566312 4.949310
v -1.066312 -0.411450 4.949310
v -1.165740 -0.216312 4.949310
v 0.300000 0.000000 4.949310
v 0.260845 -0.247214 4.949310
v 0.147214 -0.470228 4.949310
v -0.029772 -0.647214 4.949310
v -0.252786 -0.760845 4.949310
v -0.500000 -0.800000 4.949310
v -0.747214 -0.760845 4.949310
v -0.970228 -0.647214 4.949310
v -1.147214 -0.470228 4.949310
v -1.260845 -0.247214 4.949310
v -1.300000 0.000000 4.949310
v -1.260845 0.247214 4.949310
v -1.147214 0.470228 4.949310
v -0.970228 0.647214 4.949310
v -0.747214 0.760845 4.949310
v -0.500000 0.800000 4.949310
v -0.252786 0.760845 4.949310
v -0.029772 0.647214 4.949310
v 0.147214 0.470228 4.949310
v 0.260845 0.247214 4.949310
v -3.716312 0.665740 4.949310
v -3.911450 0.566312 4.949310
v -4.066312 0.411450 4.949310
v -4.165739 0.216312 4.949310
v -4.200000 0.000000 4.949310
v -3.500000 0.700000 4.949310
v -3.283688 0.665740 4.949310
v -3.088550 0.566312 4.949310
v -2.933688 0.411450 4.949310
v -2.834261 0.216312 4.949310
v -2.800000 0.000000 4.949310
v -3.283688 -0.665740 4.949310
v -3.088550 -0.566312 4.949310
v -2.933688 -0.411450 4.949310
v -2.834261 -0.216312 4.949310
v -3.500000 -0.700000 4.949310
v -3.716312 -0.665740 4.949310
v -3.911450 -0.566312 4.949310
v -4.066312 -0.411450 4.949310
v -4.165739 -0.216312 4.949310
v -2.700000 0.000000 4.949310
v -2.739155 -0.247214 4.949310
v -2.852786 -0.470228 4.949310
v -3.029772 -0.647214 4.949310
v -3.252786 -0.760845 4.949310
v -3.500000 -0.800000 4.949310
v -3.747214 -0.760845 4.949310
v -3.970228 -0.647214 4.949310
v -4.147214 -0.470228 4.949310
v -4.260845 -0.247214 4.949310
v -4.300000 0.000000 4.949310
v -4.260845 0.247214 4.949310
v -4.147214 0.470228 4.949310
v -3.970228 0.647214 4.949310
v -3.747214 0.760845 4.949310
v -3.500000 0.800000 4.949310
v -3.252786 0.760845 4.949310
v -3.029772 0.647214 4.949310
v -2.852786 0.470228 4.949310
v -2.739155 0.247214 4.949310
f 1 2 3
f 3 2 4
f 2 5 4
f 4 5 6
f 7 8 9
f 9 8 10
f 8 11 10
f 10 11 12
f 13 14 15
f 15 14 16
f 15 16 17
f 18 19 20
f 21 22 23
f 24 25 26
f 27 28 29
f 30 31 32
f 33 34 35
f 36 37 38
f 39 40 41
f 42 43 44
f 42 44 45
f 42 45 46
f 42 46 47
f 42 47 48
f 42 48 49
f 50 51 52
f 50 52 53
f 50 53 54
f 50 54 55
f 50 55 56
f 50 56 57
f 58 59 60
f 58 60 61
f 58 61 52
f 58 52 51
f 58 51 62
f 58 62 63
f 64 65 66
f 64 66 67
f 64 67 60
f 64 60 59
f 64 59 68
f 64 68 69
f 70 71 72
f 70 72 73
f 70 73 74
f 70 74 75
f 70 75 76
f 70 76 77
f 78 79 80
f 78 80 81
f 78 81 72
f 78 72 71
f 78 71 82
f 78 82 83
f 84 85 86
f 84 86 87
f 84 87 88
f 84 88 89
f 84 89 90
f 84 90 91
f 66 65 92
f 66 92 93
f 66 93 94
f 66 94 95
f 96 97 98
f 96 98 99
f 96 99 100
f 96 100 101
f 96 101 102
f 96 102 103
f 76 93 92
f 76 92 104
f 76 104 105
f 76 105 77
f 94 75 74
f 94 74 106
f 94 106 107
f 94 107 95
f 108 109 110
f 108 110 111
f 108 111 112
f 108 112 113
f 108 113 114
f 108 114 115
f 116 117 118
f 116 118 119
f 116 119 120
f 116 120 121
f 116 121 122
f 116 122 123
f 124 113 112
f 124 112 125
f 124 125 126
f 124 126 127
f 124 127 128
f 124 128 129
f 130 131 132
f 130 132 133
f 130 133 134
f 130 134 135
f 130 135 136
f 130 136 137
f 138 139 140
f 138 140 141
f 138 141 142
f 138 142 143
f 138 143 28
f 138 28 27
f 144 145 146
f 144 146 147
f 144 147 148
f 144 148 149
f 144 149 150
f 144 150 151
f 152 153 154
f 152 154 115
f 152 115 114
f 152 114 155
f 152 155 156
f 152 156 157
f 158 159 68
f 158 68 63
f 158 63 62
f 158 62 160
f 158 160 112
f 158 112 111
f 161 47 46
f 161 46 162
f 161 162 163
f 161 163 164
f 161 164 165
f 161 165 166
f 48 166 167
f 48 167 168
f 48 168 169
f 48 169 49
f 170 171 172
f 170 172 173
f 170 173 174
f 170 174 175
f 170 175 176
f 170 176 177
f 178 179 180
f 178 180 181
f 178 181 182
f 178 182 183
f 178 183 184
f 178 184 185
f 186 187 188
f 186 188 189
f 186 189 190
f 186 190 191
f 186 191 192
f 186 192 193
f 194 193 195
f 194 195 196
f 194 196 197
f 194 197 198
f 194 198 199
f 194 199 187
f 200 201 202
f 200 202 203
f 200 203 204
f 200 204 205
f 200 205 206
f 200 206 207
f 208 209 210
f 208 210 211
f 208 211 212
f 208 212 213
f 208 213 188
f 208 188 214
f 215 216 217
f 215 217 218
f 215 218 154
f 215 154 153
f 215 153 219
f 215 219 220
f 221 222 192
f 221 192 223
f 221 223 224
f 221 224 225
f 221 225 226
f 221 226 227
f 228 227 229
f 228 229 230
f 228 230 231
f 228 231 232
f 228 232 195
f 228 195 222
f 233 234 206
f 233 206 235
f 233 235 236
f 233 236 237
f 233 237 238
f 233 238 239
f 240 239 156
f 240 156 241
f 240 241 242
f 240 242 243
f 240 243 244
f 240 244 234
f 245 246 176
f 245 176 247
f 245 247 110
f 245 110 109
f 245 109 154
f 245 154 218
f 217 216 248
f 217 248 249
f 217 249 250
f 217 250 246
f 251 249 248
f 251 248 252
f 251 252 253
f 251 253 254
f 251 254 255
f 251 255 256
f 255 257 258
f 255 258 259
f 255 259 260
f 255 260 256
f 261 254 253
f 261 253 262
f 261 262 263
f 261 263 264
f 261 264 265
f 261 265 257
f 266 264 263
f 266 263 267
f 266 267 268
f 266 268 269
f 266 269 270
f 266 270 271
f 272 269 268
f 272 268 273
f 272 273 274
f 272 274 275
f 272 275 276
f 272 276 277
f 278 275 274
f 278 274 279
f 278 279 280
f 278 280 281
f 278 281 282
f 278 282 283
f 284 281 280
f 284 280 285
f 284 285 286
f 284 286 287
f 284 287 288
f 284 288 289
f 290 287 286
f 290 286 291
f 290 291 292
f 290 292 293
f 290 293 294
f 290 294 295
f 296 297 298
f 296 298 299
f 296 299 300
f 296 300 301
f 296 301 302
f 296 302 303
f 304 232 231
f 304 231 220
f 304 220 219
f 304 219 305
f 304 305 197
f 304 197 196
f 306 205 204
f 306 204 307
f 306 307 308
f 306 308 309
f 306 309 236
f 306 236 235
f 226 310 311
f 226 311 312
f 226 312 229
f 226 229 227
f 313 225 224
f 313 224 314
f 313 314 315
f 313 315 316
f 313 316 317
f 313 317 310
f 318 319 320
f 318 320 321
f 318 321 322
f 318 322 323
f 318 323 324
f 318 324 325
f 165 326 327
f 165 327 328
f 165 328 167
f 165 167 166
f 329 164 163
f 329 163 330
f 329 330 331
f 329 331 332
f 329 332 333
f 329 333 326
f 202 201 334
f 202 334 335
f 202 335 336
f 202 336 337
f 244 338 339
f 244 339 207
f 244 207 206
f 244 206 234
f 340 243 242
f 340 242 341
f 340 341 342
f 340 342 343
f 340 343 344
f 340 344 338
f 128 345 346
f 128 346 347
f 128 347 348
f 128 348 129
f 349 127 126
f 349 126 350
f 349 350 351
f 349 351 352
f 349 352 353
f 349 353 345
f 56 354 355
f 56 355 356
f 56 356 357
f 56 357 57
f 358 55 54
f 358 54 359
f 358 359 360
f 358 360 361
f 358 361 362
f 358 362 354
f 363 364 365
f 363 365 366
f 363 366 367
f 363 367 368
f 363 368 72
f 363 72 81
f 369 370 371
f 369 371 83
f 369 83 82
f 369 82 372
f 369 372 373
f 369 373 374
f 375 376 377
f 375 377 378
f 375 378 80
f 375 80 79
f 375 79 371
f 375 371 379
f 317 380 381
f 317 381 382
f 317 382 311
f 317 311 310
f 383 316 315
f 383 315 384
f 383 384 385
f 383 385 386
f 383 386 387
f 383 387 380
f 388 389 390
f 388 390 391
f 388 391 320
f 388 320 319
f 388 319 392
f 388 392 393
f 394 393 395
f 394 395 396
f 394 396 397
f 394 397 398
f 394 398 399
f 394 399 389
f 333 400 401
f 333 401 402
f 333 402 327
f 333 327 326
f 403 332 331
f 403 331 404
f 403 404 405
f 403 405 406
f 403 406 407
f 403 407 400
f 408 335 334
f 408 334 409
f 408 409 410
f 408 410 411
f 408 411 412
f 408 412 413
f 344 414 415
f 344 415 416
f 344 416 339
f 344 339 338
f 417 343 342
f 417 342 418
f 417 418 419
f 417 419 420
f 417 420 421
f 417 421 414
f 353 422 423
f 353 423 424
f 353 424 346
f 353 346 345
f 425 352 351
f 425 351 426
f 425 426 427
f 425 427 428
f 425 428 429
f 425 429 422
f 362 430 431
f 362 431 432
f 362 432 355
f 362 355 354
f 433 361 360
f 433 360 434
f 433 434 435
f 433 435 436
f 433 436 437
f 433 437 430
f 438 439 440
f 438 440 441
f 438 441 365
f 438 365 364
f 438 364 80
f 438 80 378
f 377 376 442
f 377 442 443
f 377 443 444
f 377 444 439
f 445 446 447
f 445 447 379
f 445 379 371
f 445 371 370
f 445 370 448
f 445 448 449
f 450 175 174
f 450 174 69
f 450 69 68
f 450 68 159
f 450 159 110
f 450 110 247
f 387 451 452
f 387 452 453
f 387 453 381
f 387 381 380
f 454 386 385
f 454 385 455
f 454 455 456
f 454 456 457
f 454 457 458
f 454 458 451
f 399 459 460
f 399 460 461
f 399 461 390
f 399 390 389
f 407 462 463
f 407 463 464
f 407 464 401
f 407 401 400
f 465 406 405
f 465 405 466
f 465 466 467
f 465 467 468
f 465 468 469
f 465 469 462
f 412 470 471
f 412 471 472
f 412 472 473
f 412 473 413
f 474 411 410
f 474 410 475
f 474 475 476
f 474 476 477
f 474 477 478
f 474 478 470
f 421 479 480
f 421 480 481
f 421 481 415
f 421 415 414
f 482 420 419
f 482 419 483
f 482 483 484
f 482 484 485
f 482 485 486
f 482 486 479
f 429 487 488
f 429 488 489
f 429 489 423
f 429 423 422
f 490 428 427
f 490 427 491
f 490 491 492
f 490 492 493
f 490 493 494
f 490 494 487
f 437 495 496
f 437 496 497
f 437 497 431
f 437 431 430
f 498 436 435
f 498 435 499
f 498 499 500
f 498 500 501
f 498 501 502
f 498 502 495
f 444 503 504
f 444 504 505
f 444 505 440
f 444 440 439
f 506 443 442
f 506 442 507
f 506 507 508
f 506 508 509
f 506 509 510
f 506 510 503
f 511 512 513
f 511 513 514
f 511 514 447
f 511 447 446
f 511 446 515
f 511 515 516
f 517 518 373
f 517 373 519
f 517 519 172
f 517 172 171
f 517 171 260
f 517 260 259
f 258 257 265
f 258 265 520
f 258 520 521
f 258 521 518
f 458 522 523
f 458 523 524
f 458 524 452
f 458 452 451
f 525 457 456
f 525 456 526
f 525 526 527
f 525 527 528
f 525 528 529
f 525 529 522
f 530 531 532
f 530 532 533
f 530 533 460
f 530 460 459
f 530 459 534
f 530 534 535
f 469 536 537
f 469 537 538
f 469 538 463
f 469 463 462
f 539 468 467
f 539 467 540
f 539 540 541
f 539 541 542
f 539 542 543
f 539 543 536
f 544 477 476
f 544 476 545
f 544 545 546
f 544 546 547
f 544 547 548
f 544 548 549
f 486 550 551
f 486 551 552
f 486 552 480
f 486 480 479
f 553 485 484
f 553 484 554
f 553 554 555
f 553 555 556
f 553 556 557
f 553 557 550
f 494 558 559
f 494 559 560
f 494 560 488
f 494 488 487
f 561 493 492
f 561 492 562
f 561 562 563
f 561 563 564
f 561 564 565
f 561 565 558
f 502 566 567
f 502 567 568
f 502 568 496
f 502 496 495
f 569 501 500
f 569 500 570
f 569 570 571
f 569 571 572
f 569 572 573
f 569 573 566
f 510 574 575
f 510 575 576
f 510 576 504
f 510 504 503
f 577 509 508
f 577 508 578
f 577 578 579
f 577 579 580
f 577 580 581
f 577 581 574
f 582 583 584
f 582 584 585
f 582 585 513
f 582 513 512
f 582 512 586
f 582 586 587
f 521 588 448
f 521 448 374
f 521 374 373
f 521 373 518
f 589 520 265
f 589 265 271
f 589 271 270
f 589 270 590
f 589 590 591
f 589 591 588
f 529 592 593
f 529 593 594
f 529 594 523
f 529 523 522
f 595 528 527
f 595 527 596
f 595 596 597
f 595 597 598
f 595 598 599
f 595 599 592
f 600 601 602
f 600 602 603
f 600 603 532
f 600 532 531
f 600 531 604
f 600 604 605
f 543 606 607
f 543 607 608
f 543 608 537
f 543 537 536
f 609 542 541
f 609 541 137
f 609 137 136
f 609 136 610
f 609 610 611
f 609 611 606
f 612 547 546
f 612 546 613
f 612 613 614
f 612 614 615
f 612 615 616
f 612 616 617
f 557 618 619
f 557 619 620
f 557 620 551
f 557 551 550
f 621 556 555
f 621 555 622
f 621 622 623
f 621 623 624
f 621 624 625
f 621 625 618
f 565 626 627
f 565 627 628
f 565 628 559
f 565 559 558
f 629 564 563
f 629 563 630
f 629 630 631
f 629 631 632
f 629 632 633
f 629 633 626
f 573 634 635
f 573 635 636
f 573 636 567
f 573 567 566
f 637 572 571
f 637 571 638
f 637 638 639
f 637 639 640
f 637 640 641
f 637 641 634
f 581 642 643
f 581 643 644
f 581 644 575
f 581 575 574
f 645 580 579
f 645 579 646
f 645 646 647
f 645 647 648
f 645 648 649
f 645 649 642
f 650 651 652
f 650 652 653
f 650 653 584
f 650 584 583
f 650 583 654
f 650 654 655
f 591 656 515
f 591 515 449
f 591 449 448
f 591 448 588
f 657 590 270
f 657 270 277
f 657 277 276
f 657 276 658
f 657 658 659
f 657 659 656
f 599 660 661
f 599 661 662
f 599 662 593
f 599 593 592
f 663 598 597
f 663 597 664
f 663 664 665
f 663 665 666
f 663 666 667
f 663 667 660
f 668 669 670
f 668 670 671
f 668 671 602
f 668 602 601
f 668 601 672
f 668 672 673
f 674 673 675
f 674 675 676
f 674 676 677
f 674 677 678
f 674 678 679
f 674 679 669
f 611 680 681
f 611 681 682
f 611 682 607
f 611 607 606
f 683 610 136
f 683 136 684
f 683 684 685
f 683 685 686
f 683 686 687
f 683 687 680
f 688 615 614
f 688 614 689
f 688 689 690
f 688 690 691
f 688 691 692
f 688 692 693
f 625 694 695
f 625 695 696
f 625 696 619
f 625 619 618
f 697 624 623
f 697 623 698
f 697 698 699
f 697 699 700
f 697 700 701
f 697 701 694
f 633 702 703
f 633 703 704
f 633 704 627
f 633 627 626
f 705 632 631
f 705 631 706
f 705 706 707
f 705 707 708
f 705 708 709
f 705 709 702
f 641 710 711
f 641 711 712
f 641 712 635
f 641 635 634
f 713 640 639
f 713 639 714
f 713 714 715
f 713 715 716
f 713 716 717
f 713 717 710
f 649 718 719
f 649 719 720
f 649 720 643
f 649 643 642
f 721 648 647
f 721 647 722
f 721 722 723
f 721 723 724
f 721 724 725
f 721 725 718
f 726 727 728
f 726 728 729
f 726 729 652
f 726 652 651
f 726 651 730
f 726 730 731
f 659 732 586
f 659 586 516
f 659 516 515
f 659 515 656
f 733 658 276
f 733 276 283
f 733 283 282
f 733 282 734
f 733 734 735
f 733 735 732
f 667 736 737
f 667 737 738
f 667 738 661
f 667 661 660
f 739 666 665
f 739 665 740
f 739 740 741
f 739 741 742
f 739 742 743
f 739 743 736
f 679 744 745
f 679 745 746
f 679 746 670
f 679 670 669
f 687 747 748
f 687 748 749
f 687 749 681
f 687 681 680
f 750 686 685
f 750 685 751
f 750 751 752
f 750 752 753
f 750 753 754
f 750 754 747
f 692 755 756
f 692 756 757
f 692 757 758
f 692 758 693
f 759 691 690
f 759 690 760
f 759 760 761
f 759 761 762
f 759 762 763
f 759 763 755
f 701 764 765
f 701 765 766
f 701 766 695
f 701 695 694
f 767 700 699
f 767 699 768
f 767 768 769
f 767 769 770
f 767 770 771
f 767 771 764
f 709 772 773
f 709 773 774
f 709 774 703
f 709 703 702
f 775 708 707
f 775 707 776
f 775 776 777
f 775 777 778
f 775 778 779
f 775 779 772
f 717 780 781
f 717 781 782
f 717 782 711
f 717 711 710
f 725 783 122
f 725 122 784
f 725 784 719
f 725 719 718
f 785 724 723
f 785 723 786
f 785 786 787
f 785 787 788
f 785 788 789
f 785 789 783
f 790 791 792
f 790 792 793
f 790 793 728
f 790 728 727
f 790 727 794
f 790 794 795
f 796 795 797
f 796 797 798
f 796 798 799
f 796 799 800
f 796 800 801
f 796 801 791
f 735 802 654
f 735 654 587
f 735 587 586
f 735 586 732
f 803 734 282
f 803 282 289
f 803 289 288
f 803 288 804
f 803 804 805
f 803 805 802
f 743 806 807
f 743 807 808
f 743 808 737
f 743 737 736
f 809 742 741
f 809 741 810
f 809 810 811
f 809 811 812
f 809 812 813
f 809 813 806
f 814 815 816
f 814 816 817
f 814 817 745
f 814 745 744
f 814 744 818
f 814 818 819
f 754 820 821
f 754 821 822
f 754 822 748
f 754 748 747
f 771 823 824
f 771 824 825
f 771 825 765
f 771 765 764
f 779 826 827
f 779 827 828
f 779 828 773
f 779 773 772
f 829 830 831
f 829 831 832
f 829 832 781
f 829 781 780
f 829 780 833
f 829 833 834
f 835 834 836
f 835 836 837
f 835 837 838
f 835 838 839
f 835 839 840
f 835 840 830
f 789 841 842
f 789 842 123
f 789 123 122
f 789 122 783
f 801 843 844
f 801 844 845
f 801 845 792
f 801 792 791
f 805 846 730
f 805 730 655
f 805 655 654
f 805 654 802
f 813 847 848
f 813 848 849
f 813 849 807
f 813 807 806
f 850 812 811
f 850 811 851
f 850 851 852
f 850 852 853
f 850 853 854
f 850 854 847
f 855 856 857
f 855 857 858
f 855 858 816
f 855 816 815
f 855 815 859
f 855 859 860
f 861 862 863
f 861 863 864
f 861 864 821
f 861 821 820
f 861 820 865
f 861 865 866
f 867 866 868
f 867 868 869
f 867 869 870
f 867 870 871
f 867 871 872
f 867 872 862
f 873 874 875
f 873 875 876
f 873 876 824
f 873 824 823
f 873 823 877
f 873 877 878
f 879 880 881
f 879 881 882
f 879 882 827
f 879 827 826
f 879 826 883
f 879 883 884
f 840 885 886
f 840 886 887
f 840 887 831
f 840 831 830
f 888 889 890
f 888 890 891
f 888 891 842
f 888 842 841
f 888 841 892
f 888 892 893
f 894 895 896
f 894 896 897
f 894 897 844
f 894 844 843
f 894 843 898
f 894 898 899
f 900 901 794
f 900 794 731
f 900 731 730
f 900 730 846
f 900 846 902
f 900 902 903
f 854 904 905
f 854 905 906
f 854 906 848
f 854 848 847
f 907 908 909
f 907 909 910
f 907 910 857
f 907 857 856
f 907 856 911
f 907 911 912
f 146 145 913
f 146 913 914
f 146 914 870
f 146 870 869
f 868 866 865
f 868 865 915
f 868 915 148
f 868 148 147
f 863 862 872
f 863 872 916
f 863 916 838
f 863 838 837
f 836 834 833
f 836 833 917
f 836 917 821
f 836 821 864
f 918 919 920
f 918 920 921
f 918 921 922
f 918 922 923
f 918 923 824
f 918 824 876
f 924 925 926
f 924 926 878
f 924 878 877
f 924 877 927
f 924 927 827
f 924 827 882
f 928 929 930
f 928 930 884
f 928 884 883
f 928 883 931
f 928 931 831
f 928 831 887
f 932 933 934
f 932 934 893
f 932 893 892
f 932 892 935
f 932 935 844
f 932 844 897
f 936 293 292
f 936 292 937
f 936 937 938
f 936 938 939
f 936 939 940
f 936 940 941
f 294 941 942
f 294 942 903
f 294 903 902
f 294 902 295
f 797 795 794
f 797 794 901
f 797 901 942
f 797 942 943
f 944 945 946
f 944 946 899
f 944 899 898
f 944 898 947
f 944 947 948
f 944 948 949
f 950 951 952
f 950 952 949
f 950 949 948
f 950 948 953
f 950 953 954
f 950 954 955
f 956 953 948
f 956 948 957
f 956 957 958
f 956 958 959
f 956 959 960
f 956 960 961
f 954 961 962
f 954 962 963
f 954 963 964
f 954 964 955
f 940 959 958
f 940 958 943
f 940 943 942
f 940 942 941
f 960 939 938
f 960 938 965
f 960 965 962
f 960 962 961
f 966 149 148
f 966 148 967
f 966 967 968
f 966 968 969
f 966 969 970
f 966 970 971
f 972 969 968
f 972 968 973
f 972 973 974
f 972 974 975
f 972 975 976
f 972 976 977
f 978 979 324
f 978 324 980
f 978 980 981
f 978 981 982
f 978 982 983
f 978 983 984
f 985 986 392
f 985 392 325
f 985 325 324
f 985 324 979
f 985 979 24
f 985 24 26
f 395 393 392
f 395 392 986
f 395 986 987
f 395 987 988
f 989 990 604
f 989 604 535
f 989 535 534
f 989 534 991
f 989 991 992
f 989 992 993
f 994 995 672
f 994 672 605
f 994 605 604
f 994 604 990
f 994 990 996
f 994 996 997
f 675 673 672
f 675 672 995
f 675 995 998
f 675 998 999
f 1000 1001 859
f 1000 859 819
f 1000 819 818
f 1000 818 1002
f 1000 1002 1003
f 1000 1003 1004
f 1005 1006 911
f 1005 911 860
f 1005 860 859
f 1005 859 1001
f 1005 1001 1007
f 1005 1007 36
f 1008 1009 1010
f 1008 1010 912
f 1008 912 911
f 1008 911 1006
f 1008 1006 38
f 1008 38 1011
f 132 131 298
f 132 298 297
f 132 297 1012
f 132 1012 1013
f 1014 1015 1016
f 1014 1016 185
f 1014 185 184
f 1014 184 1017
f 1014 1017 1018
f 1014 1018 1019
f 1020 1021 1022
f 1020 1022 1023
f 1020 1023 1016
f 1020 1016 1015
f 1020 1015 1024
f 1020 1024 1025
f 180 179 1026
f 180 1026 1027
f 180 1027 1028
f 180 1028 1029
f 1030 1031 1032
f 1030 1032 1033
f 1030 1033 21
f 1030 21 1034
f 1030 1034 1035
f 1030 1035 1036
f 1037 1038 1031
f 1037 1031 1039
f 1037 1039 988
f 1037 988 987
f 1037 987 26
f 1037 26 25
f 1040 33 35
f 1040 35 1041
f 1040 1041 1042
f 1040 1042 1043
f 1040 1043 1044
f 1040 1044 1045
f 1046 1047 1048
f 1046 1048 103
f 1046 103 102
f 1046 102 1049
f 1046 1049 1050
f 1046 1050 1051
f 1052 1053 1054
f 1052 1054 1055
f 1052 1055 1048
f 1052 1048 1047
f 1052 1047 1056
f 1052 1056 1057
f 1058 1059 763
f 1058 763 1060
f 1058 1060 1061
f 1058 1061 1062
f 1058 1062 1063
f 1058 1063 1064
f 756 755 763
f 756 763 1059
f 756 1059 1065
f 756 1065 1066
f 1067 1068 548
f 1067 548 617
f 1067 617 616
f 1067 616 1069
f 1067 1069 30
f 1067 30 32
f 1070 32 31
f 1070 31 1071
f 1070 1071 1072
f 1070 1072 1073
f 1070 1073 1074
f 1070 1074 1068
f 1074 1075 478
f 1074 478 549
f 1074 549 548
f 1074 548 1068
f 471 470 478
f 471 478 1075
f 471 1075 1076
f 471 1076 1077
f 1078 1079 1080
f 1078 1080 337
f 1078 337 336
f 1078 336 1081
f 1078 1081 1042
f 1078 1042 1041
f 1082 1083 1084
f 1082 1084 1085
f 1082 1085 1080
f 1082 1080 1079
f 1082 1079 35
f 1082 35 34
f 210 209 1084
f 210 1084 1083
f 210 1083 29
f 210 29 28
f 1086 1087 1088
f 1086 1088 1022
f 1086 1022 1021
f 1086 1021 1089
f 1086 1089 1090
f 1086 1090 1091
f 1092 301 300
f 1092 300 1093
f 1092 1093 1094
f 1092 1094 1095
f 1092 1095 1096
f 1092 1096 1097
f 1098 1099 1100
f 1098 1100 1101
f 1098 1101 1102
f 1098 1102 1103
f 1098 1103 1104
f 1098 1104 1105
f 1106 1107 1108
f 1106 1108 1109
f 1106 1109 1110
f 1106 1110 1111
f 1106 1111 1112
f 1106 1112 1113
f 1114 1095 1094
f 1114 1094 1115
f 1114 1115 1116
f 1114 1116 1117
f 1114 1117 1118
f 1114 1118 1119
f 1120 1121 1122
f 1120 1122 1123
f 1120 1123 1124
f 1120 1124 1125
f 1120 1125 1126
f 1120 1126 1127
f 1100 1099 1128
f 1100 1128 1129
f 1100 1129 1130
f 1100 1130 1131
f 1132 1133 1134
f 1132 1134 1135
f 1132 1135 1136
f 1132 1136 1137
f 1132 1137 1138
f 1132 1138 1139
f 1140 1141 1142
f 1140 1142 1143
f 1140 1143 1134
f 1140 1134 1133
f 1140 1133 1144
f 1140 1144 1145
f 1122 1121 1142
f 1122 1142 1141
f 1122 1141 1146
f 1122 1146 1147
f 1148 1117 1116
f 1148 1116 1149
f 1148 1149 1150
f 1148 1150 1151
f 1148 1151 1152
f 1148 1152 1153
f 1154 1155 1156
f 1154 1156 1157
f 1154 1157 1158
f 1154 1158 1159
f 1154 1159 1160
f 1154 1160 1161
f 1108 1107 1156
f 1108 1156 1155
f 1108 1155 1162
f 1108 1162 18
f 1163 1164 1044
f 1163 1044 1165
f 1163 1165 1166
f 1163 1166 1167
f 1163 1167 1168
f 1163 1168 1169
f 1170 19 18
f 1170 18 1162
f 1170 1162 1161
f 1170 1161 1160
f 1028 37 36
f 1028 36 1007
f 1028 1007 1004
f 1028 1004 1029
f 1032 1031 1038
f 1032 1038 1171
f 1032 1171 1172
f 1032 1172 1173
f 1174 1175 1176
f 1174 1176 1045
f 1174 1045 1044
f 1174 1044 1164
f 1174 1164 1177
f 1174 1177 1178
f 1179 1167 1166
f 1179 1166 1180
f 1179 1180 1181
f 1179 1181 1182
f 1179 1182 1183
f 1179 1183 1184
f 1185 1186 139
f 1185 139 1187
f 1185 1187 1176
f 1185 1176 1175
f 1185 1175 1188
f 1185 1188 1189
f 1190 1191 1192
f 1190 1192 140
f 1190 140 139
f 1190 139 1186
f 1190 1186 1193
f 1190 1193 1194
f 1195 1171 1038
f 1195 1038 1196
f 1195 1196 1192
f 1195 1192 1191
f 1195 1191 1197
f 1195 1197 1198
f 44 43 98
f 44 98 97
f 44 97 1048
f 44 1048 1055
f 1054 1053 1199
f 1054 1199 1200
f 1054 1200 46
f 1054 46 45
f 118 117 1201
f 118 1201 1202
f 118 1202 1203
f 118 1203 1204
f 1205 1206 1207
f 1205 1207 1208
f 1205 1208 1209
f 1205 1209 1210
f 1205 1210 1211
f 1205 1211 1212
f 1213 1214 1215
f 1213 1215 1216
f 1213 1216 1207
f 1213 1207 1206
f 1213 1206 1217
f 1213 1217 1218
f 1219 89 88
f 1219 88 1220
f 1219 1220 1215
f 1219 1215 1214
f 1219 1214 1221
f 1219 1221 1222
f 1223 1224 1225
f 1223 1225 1226
f 1223 1226 86
f 1223 86 85
f 1223 85 1227
f 1223 1227 1228
f 1229 1230 1231
f 1229 1231 1232
f 1229 1232 1225
f 1229 1225 1224
f 1229 1224 1233
f 1229 1233 1234
f 1235 1049 102
f 1235 102 1236
f 1235 1236 1231
f 1235 1231 1230
f 1235 1230 1237
f 1235 1237 1238
f 1239 1240 1241
f 1239 1241 1242
f 1239 1242 1243
f 1239 1243 1244
f 1239 1244 1245
f 1239 1245 1246
f 1239 1246 1113
f 1239 1113 1112
f 1239 1112 1247
f 1239 1247 1248
f 1239 1248 1105
f 1239 1105 1104
f 1239 1104 1249
f 1239 1249 1250
f 1239 1250 1251
f 1239 1251 1252
f 1239 1252 1253
f 1239 1253 1254
f 1239 1254 1127
f 1239 1127 1126
f 1239 1126 1255
f 1239 1255 1256
f 19 1256 1255
f 19 1255 1257
f 19 1257 1258
f 19 1258 1259
f 19 1259 1260
f 19 1260 1261
f 19 1261 1147
f 19 1147 1146
f 19 1146 1145
f 19 1145 1144
f 19 1144 1139
f 19 1139 1138
f 19 1138 1262
f 19 1262 1263
f 19 1263 1131
f 19 1131 1130
f 19 1130 1264
f 19 1264 20
f 1265 19 1170
f 1265 1170 1266
f 1265 1266 1267
f 1268 1265 1267
f 1268 1267 31
f 1268 31 1269
f 1270 1271 1272
f 1270 1272 151
f 1270 151 150
f 1270 150 1273
f 1273 150 971
f 1273 971 970
f 1273 970 977
f 1273 977 1274
f 1275 1274 977
f 1275 977 976
f 1275 976 1276
f 1275 1276 1277
f 1275 1277 1013
f 1275 1013 1012
f 1275 1012 303
f 1275 303 302
f 1275 302 1097
f 1275 1097 1096
f 1275 1096 1119
f 1275 1119 1118
f 1275 1118 1153
f 1275 1153 1152
f 1275 1152 1278
f 1275 1278 1279
f 1275 1279 1051
f 1275 1051 1050
f 1280 1275 1050
f 1280 1050 1238
f 1280 1238 1237
f 1280 1237 1234
f 1280 1234 1233
f 1280 1233 1228
f 1280 1228 1227
f 1280 1227 91
f 1280 91 90
f 1280 90 1222
f 1280 1222 1221
f 1280 1221 1218
f 1280 1218 1281
f 1090 1282 40
f 1090 40 39
f 1090 39 1283
f 1090 1283 1284
f 1090 1284 890
f 1090 890 889
f 1090 889 934
f 1090 934 933
f 1090 933 896
f 1090 896 895
f 1090 895 946
f 1090 946 945
f 1090 945 952
f 1090 952 951
f 1090 951 1285
f 1090 1285 1286
f 1090 1286 905
f 1090 905 904
f 1090 904 1287
f 1090 1287 1288
f 1090 1288 909
f 1090 909 908
f 1090 908 1010
f 1090 1010 1009
f 1090 1009 1289
f 1090 1289 1290
f 1090 1290 1091
f 1291 1292 1269
f 1291 1269 1293
f 1291 1293 1294
f 1291 1294 1295
f 1291 1295 920
f 1291 920 919
f 1291 919 875
f 1291 875 874
f 1291 874 926
f 1291 926 925
f 1291 925 881
f 1291 881 880
f 1291 880 930
f 1291 930 929
f 1291 929 886
f 1291 886 885
f 1291 885 1296
f 1291 1296 1297
f 1291 1297 1298
f 1291 1298 1299
f 1291 1299 1300
f 1291 1300 1301
f 1291 1301 1302
f 1291 1302 1303
f 1291 1303 1304
f 1291 1304 1305
f 1036 1035 999
f 1036 999 998
f 1036 998 997
f 1036 997 996
f 1036 996 993
f 1036 993 992
f 1036 992 1306
f 1036 1306 1307
f 1036 1307 988
f 1036 988 1039
f 1269 31 30
f 1269 30 1308
f 1269 1308 1309
f 1269 1309 1066
f 1269 1066 1065
f 1269 1065 1064
f 1269 1064 1063
f 1269 1063 1293
f 1240 1310 1311
f 1240 1311 1312
f 1240 1312 1313
f 1240 1313 1241
f 1312 1311 1173
f 1312 1173 1172
f 1312 1172 1198
f 1312 1198 1197
f 1312 1197 1194
f 1312 1194 1193
f 1312 1193 1189
f 1312 1189 1188
f 1312 1188 1178
f 1312 1178 1177
f 1312 1177 1169
f 1312 1169 1168
f 1312 1168 1184
f 1312 1184 1183
f 1312 1183 1170
f 1312 1170 1160
f 1314 1090 1089
f 1314 1089 1025
f 1314 1025 1024
f 1314 1024 1019
f 1314 1019 1018
f 1314 1018 1315
f 1314 1315 1316
f 1314 1316 23
f 1314 23 22
f 1317 1281 1218
f 1317 1218 1217
f 1317 1217 1212
f 1317 1212 1211
f 1317 1211 1318
f 1317 1318 1319
f 1317 1319 1204
f 1317 1204 1203
f 1317 1203 39
f 1317 39 41
f 1029 1004 1320
f 1320 1004 1003
f 1320 1003 1321
f 1321 1003 1322
f 1321 1322 1323
f 256 260 250
f 250 260 177
f 250 177 246
f 246 177 176
f 305 219 238
f 238 219 157
f 238 157 239
f 239 157 156
f 309 308 199
f 199 308 214
f 199 214 187
f 187 214 188
f 222 195 192
f 192 195 193
f 906 964 848
f 848 964 963
f 849 962 807
f 807 962 965
f 808 938 737
f 737 938 937
f 738 292 661
f 661 292 291
f 662 286 593
f 593 286 285
f 594 280 523
f 523 280 279
f 524 274 452
f 452 274 273
f 453 268 381
f 381 268 267
f 382 263 311
f 311 263 262
f 312 253 229
f 229 253 252
f 230 248 231
f 231 248 216
f 241 348 242
f 242 348 347
f 341 346 342
f 342 346 424
f 418 423 419
f 419 423 489
f 483 488 484
f 484 488 560
f 554 559 555
f 555 559 628
f 622 627 623
f 623 627 704
f 698 703 699
f 699 703 774
f 768 773 769
f 769 773 828
f 891 1201 842
f 842 1201 117
f 784 1209 719
f 719 1209 1208
f 720 1207 643
f 643 1207 1216
f 644 1215 575
f 575 1215 1220
f 576 88 504
f 504 88 87
f 505 86 440
f 440 86 1226
f 441 1225 365
f 365 1225 1232
f 366 1231 367
f 367 1231 1236
f 162 1150 163
f 163 1150 1149
f 330 1116 331
f 331 1116 1115
f 404 1094 405
f 405 1094 1093
f 466 300 467
f 467 300 299
f 540 298 541
f 541 298 131
f 684 974 685
f 685 974 973
f 751 968 752
f 752 968 967
f 120 119 1318
f 1318 119 1319
f 1199 1053 1278
f 1278 1053 1279
f 134 133 1276
f 1276 133 1277
f 913 145 1324
f 1324 145 1272
f 1324 1272 1271
f 957 799 958
f 958 799 798
f 125 357 126
f 126 357 356
f 350 355 351
f 351 355 432
f 426 431 427
f 427 431 497
f 491 496 492
f 492 496 568
f 562 567 563
f 563 567 636
f 630 635 631
f 631 635 712
f 706 711 707
f 707 711 782
f 776 781 777
f 777 781 832
f 845 787 792
f 792 787 786
f 793 723 728
f 728 723 722
f 729 647 652
f 652 647 646
f 653 579 584
f 584 579 578
f 585 508 513
f 513 508 507
f 514 442 447
f 447 442 376
f 67 169 60
f 60 169 168
f 61 167 52
f 52 167 328
f 53 327 54
f 54 327 402
f 359 401 360
f 360 401 464
f 434 463 435
f 435 463 538
f 499 537 500
f 500 537 608
f 570 607 571
f 571 607 682
f 638 681 639
f 639 681 749
f 714 748 715
f 715 748 822
f 73 100 74
f 74 100 99
f 106 98 107
f 107 98 43
f 519 105 172
f 172 105 104
f 173 92 174
f 174 92 65
f 1023 1026 1016
f 1016 1026 179
f 22 21 1310
f 1310 21 1033
f 1310 1033 1311
f 1011 38 1325
f 1325 38 37
f 1325 37 1086
f 1086 37 1087
f 182 181 1321
f 1321 181 1320
f 24 984 25
f 25 984 1326
f 25 1326 1196
f 1196 1326 1192
f 29 34 27
f 27 34 33
f 27 33 1187
f 1187 33 1176
f 1327 1077 1328
f 1328 1077 1329
f 1328 1329 1165
f 1165 1329 1166
f 1180 1072 1181
f 1181 1072 1071
f 1322 677 1323
f 1323 677 676
f 1306 397 1307
f 1307 397 396
f 143 142 211
f 211 142 212
f 473 472 1330
f 1330 472 1327
f 1330 1327 1328
f 1308 758 1309
f 1309 758 757
f 910 852 857
f 857 852 851
f 858 811 816
f 816 811 810
f 817 741 745
f 745 741 740
f 746 665 670
f 670 665 664
f 671 597 602
f 602 597 596
f 603 527 532
f 532 527 526
f 533 456 460
f 460 456 455
f 461 385 390
f 390 385 384
f 391 315 320
f 320 315 314
f 321 224 322
f 322 224 223
f 201 339 334
f 334 339 416
f 409 415 410
f 410 415 481
f 475 480 476
f 476 480 552
f 545 551 546
f 546 551 620
f 613 619 614
f 614 619 696
f 689 695 690
f 690 695 766
f 760 765 761
f 761 765 825
f 980 190 981
f 981 190 189
f 209 308 1084
f 1084 308 307
f 1085 204 1080
f 1080 204 203
f 1060 922 1061
f 1061 922 921
f 1110 1109 1264
f 1264 1109 20
f 1102 1101 1262
f 1262 1101 1263
f 1124 1123 1260
f 1260 1123 1261
f 1243 1158 1244
f 1244 1158 1157
f 1245 1156 1246
f 1246 1156 1107
f 1247 1128 1248
f 1248 1128 1099
f 1249 1136 1250
f 1250 1136 1135
f 1251 1134 1252
f 1252 1134 1143
f 1253 1142 1254
f 1254 1142 1121
f 1125 1124 1257
f 1257 1124 1258
f 1103 1102 1136
f 1136 1102 1137
f 1111 1110 1128
f 1128 1110 1129
f 1241 1313 1158
f 1158 1313 1159
f 1017 184 1316
f 1316 184 23
f 1182 1181 1266
f 1266 1181 1267
f 183 182 21
f 21 182 1034
f 1088 1087 1026
f 1026 1087 1027
f 1073 1072 1076
f 1076 1072 1329
f 1076 1329 1077
f 1043 1042 1328
f 1328 1042 1330
f 142 141 983
f 983 141 1326
f 983 1326 984
f 1321 1323 1035
f 1035 1323 999
f 1325 1290 1011
f 1011 1290 1289
f 1062 1061 1294
f 1294 1061 1295
f 1069 616 758
f 758 616 693
f 1081 336 473
f 473 336 413
f 982 981 212
f 212 981 213
f 991 534 397
f 397 534 398
f 1002 818 677
f 677 818 678
f 762 761 922
f 922 761 923
f 323 322 190
f 190 322 191
f 198 197 236
f 236 197 237
f 1288 1287 852
f 852 1287 853
f 770 769 877
f 877 769 927
f 155 114 348
f 348 114 129
f 1286 1285 964
f 964 1285 955
f 778 777 883
f 883 777 931
f 295 902 288
f 288 902 804
f 160 62 357
f 357 62 57
f 947 898 799
f 799 898 800
f 839 838 1296
f 1296 838 1297
f 716 715 833
f 833 715 917
f 372 82 105
f 105 82 77
f 916 872 1298
f 1298 872 1299
f 95 107 169
f 169 107 49
f 935 892 787
f 787 892 788
f 871 870 1300
f 1300 870 1301
f 753 752 865
f 865 752 915
f 368 367 100
f 100 367 101
f 914 913 1302
f 1302 913 1303
f 135 134 974
f 974 134 975
f 1200 1199 1150
f 1150 1199 1151
f 121 120 1209
f 1209 120 1210
f 1284 1283 1201
f 1201 1283 1202
f 1324 1271 1304
f 1304 1271 1305
f 1331 1332 1333
f 1334 1335 1336
f 1334 1337 1335
f 1335 1337 1338
f 1339 1340 1341
f 1342 1343 1344
f 1345 1346 1347
f 1348 1349 1350
f 1351 1352 1353
f 1354 1355 1356
f 1357 1358 1359
f 1357 1359 1360
f 1357 1360 1361
f 1357 1361 1362
f 1357 1362 1363
f 1357 1363 1364
f 1365 1366 1367
f 1365 1367 1368
f 1365 1368 1369
f 1365 1369 1370
f 1365 1370 1371
f 1365 1371 1372
f 1373 1374 1375
f 1373 1375 1376
f 1373 1376 1377
f 1373 1377 1378
f 1373 1378 1379
f 1373 1379 1380
f 1335 1378 1377
f 1335 1377 1381
f 1335 1381 1382
f 1335 1382 1336
f 1383 1384 1385
f 1383 1385 1386
f 1383 1386 1387
f 1383 1387 1388
f 1383 1388 1389
f 1383 1389 1390
f 1391 1392 1393
f 1391 1393 1394
f 1391 1394 1395
f 1391 1395 1396
f 1391 1396 1397
f 1391 1397 1398
f 1399 1400 1401
f 1399 1401 1402
f 1399 1402 1403
f 1399 1403 1404
f 1399 1404 1405
f 1399 1405 1406
f 1407 1408 1409
f 1407 1409 1410
f 1407 1410 1411
f 1407 1411 1412
f 1407 1412 1413
f 1407 1413 1414
f 1415 1416 1417
f 1415 1417 1380
f 1415 1380 1379
f 1415 1379 1418
f 1415 1418 1419
f 1415 1419 1420
f 1421 1422 1344
f 1421 1344 1343
f 1421 1343 1423
f 1421 1423 1424
f 1425 1362 1361
f 1425 1361 1342
f 1425 1342 1344
f 1425 1344 1426
f 1427 1428 1363
f 1427 1363 1426
f 1427 1426 1344
f 1427 1344 1429
f 1428 1430 1431
f 1428 1431 1432
f 1428 1432 1364
f 1428 1364 1363
f 1433 1434 1435
f 1433 1435 1436
f 1433 1436 1424
f 1433 1424 1423
f 1433 1423 1361
f 1433 1361 1360
f 1437 1438 1439
f 1437 1439 1440
f 1437 1440 1441
f 1437 1441 1442
f 1437 1442 1424
f 1437 1424 1436
f 1443 1444 1445
f 1443 1445 1446
f 1443 1446 1447
f 1443 1447 1448
f 1443 1448 1441
f 1443 1441 1440
f 1449 1450 1451
f 1449 1451 1367
f 1449 1367 1366
f 1449 1366 1452
f 1449 1452 1346
f 1449 1346 1345
f 1453 1454 1455
f 1453 1455 1456
f 1453 1456 1457
f 1453 1457 1458
f 1453 1458 1459
f 1453 1459 1460
f 1461 1462 1463
f 1461 1463 1464
f 1461 1464 1465
f 1461 1465 1466
f 1461 1466 1467
f 1461 1467 1468
f 1469 1461 1468
f 1469 1468 1470
f 1469 1470 1471
f 1469 1471 1472
f 1473 1463 1474
f 1473 1474 1475
f 1473 1475 1476
f 1473 1476 1477
f 1473 1477 1478
f 1473 1478 1479
f 1459 1480 1338
f 1459 1338 1481
f 1459 1481 1482
f 1459 1482 1460
f 1483 1337 1334
f 1483 1334 1484
f 1483 1484 1485
f 1483 1485 1486
f 1483 1486 1482
f 1483 1482 1481
f 1487 1336 1382
f 1487 1382 1488
f 1487 1488 1489
f 1487 1489 1490
f 1487 1490 1485
f 1487 1485 1484
f 1491 1492 1493
f 1491 1493 1494
f 1491 1494 1495
f 1491 1495 1496
f 1491 1496 1497
f 1491 1497 1498
f 1499 1347 1346
f 1499 1346 1500
f 1499 1500 1501
f 1499 1501 1502
f 1503 1502 1504
f 1503 1504 1505
f 1503 1505 1506
f 1503 1506 1507
f 1503 1507 1508
f 1503 1508 1345
f 1503 1345 1347
f 1509 1510 1511
f 1509 1511 1512
f 1509 1512 1513
f 1509 1513 1514
f 1509 1514 1390
f 1509 1390 1515
f 1393 1392 1516
f 1393 1516 1517
f 1393 1517 1518
f 1393 1518 1352
f 1519 1520 1521
f 1519 1521 1522
f 1519 1522 1523
f 1519 1523 1524
f 1519 1524 1525
f 1519 1525 1526
f 1527 1528 1529
f 1527 1529 1530
f 1527 1530 1531
f 1527 1531 1532
f 1527 1532 1533
f 1527 1533 1534
f 1535 1536 1537
f 1535 1537 1538
f 1535 1538 1539
f 1535 1539 1540
f 1535 1540 1541
f 1535 1541 1542
f 1543 1542 1544
f 1543 1544 1545
f 1543 1545 1546
f 1543 1546 1547
f 1543 1547 1548
f 1543 1548 1536
f 1541 1549 1550
f 1541 1550 1551
f 1541 1551 1544
f 1541 1544 1542
f 1552 1553 1554
f 1552 1554 1511
f 1552 1511 1510
f 1552 1510 1555
f 1552 1555 1556
f 1552 1556 1557
f 1558 1559 1560
f 1558 1560 1561
f 1558 1561 1562
f 1558 1562 1563
f 1558 1563 1564
f 1558 1564 1565
f 1566 1567 1568
f 1566 1568 1401
f 1566 1401 1400
f 1566 1400 1569
f 1566 1569 1570
f 1566 1570 1571
f 1572 1573 1574
f 1572 1574 1409
f 1572 1409 1408
f 1572 1408 1575
f 1572 1575 1576
f 1572 1576 1577
f 1578 1547 1546
f 1578 1546 1579
f 1578 1579 1580
f 1578 1580 1581
f 1578 1581 1582
f 1578 1582 1583
f 1548 1583 1584
f 1548 1584 1585
f 1548 1585 1537
f 1548 1537 1536
f 1586 1587 1588
f 1586 1588 1589
f 1586 1589 1550
f 1586 1550 1549
f 1586 1549 1562
f 1586 1562 1561
f 1590 1591 1592
f 1590 1592 1593
f 1590 1593 1493
f 1590 1493 1492
f 1590 1492 1594
f 1590 1594 1595
f 1596 1597 1419
f 1596 1419 1598
f 1596 1598 1529
f 1596 1529 1528
f 1596 1528 1599
f 1596 1599 1600
f 1601 1602 1603
f 1601 1603 1604
f 1601 1604 1605
f 1601 1605 1606
f 1601 1606 1607
f 1601 1607 1608
f 1609 1610 1611
f 1609 1611 1612
f 1609 1612 1613
f 1609 1613 1614
f 1609 1614 1615
f 1609 1615 1616
f 1610 1617 1618
f 1610 1618 1619
f 1610 1619 1620
f 1610 1620 1611
f 1621 1622 1623
f 1621 1623 1624
f 1621 1624 1560
f 1621 1560 1559
f 1621 1559 1625
f 1621 1625 1626
f 1627 1628 1629
f 1627 1629 1630
f 1627 1630 1603
f 1627 1603 1602
f 1627 1602 1631
f 1627 1631 1632
f 1633 1606 1605
f 1633 1605 1634
f 1633 1634 1635
f 1633 1635 1636
f 1633 1636 1637
f 1633 1637 1638
f 1639 1640 1641
f 1639 1641 1642
f 1639 1642 1643
f 1639 1643 1644
f 1639 1644 1645
f 1639 1645 1615
f 1646 1524 1523
f 1646 1523 1474
f 1646 1474 1463
f 1646 1463 1462
f 1646 1462 1472
f 1646 1472 1471
f 1646 1471 1340
f 1646 1340 1339
f 1646 1339 1647
f 1647 1339 1648
f 1647 1648 1649
f 1647 1649 1650
f 1647 1650 1651
f 1647 1651 1348
f 1647 1348 1350
f 1647 1350 1652
f 1647 1652 1653
f 1647 1653 1525
f 1654 1532 1531
f 1654 1531 1655
f 1654 1655 1521
f 1654 1521 1520
f 1654 1520 1656
f 1654 1656 1657
f 1641 1640 1658
f 1641 1658 1659
f 1641 1659 1414
f 1641 1414 1660
f 1661 1660 1662
f 1661 1662 1663
f 1661 1663 1417
f 1661 1417 1416
f 1661 1416 1643
f 1661 1643 1642
f 1574 1573 1664
f 1574 1664 1665
f 1574 1665 1406
f 1574 1406 1666
f 1666 1406 1405
f 1666 1405 1667
f 1666 1667 1411
f 1666 1411 1410
f 1568 1567 1668
f 1568 1668 1669
f 1568 1669 1515
f 1568 1515 1670
f 1670 1515 1390
f 1670 1390 1389
f 1670 1389 1403
f 1670 1403 1402
f 1671 1611 1620
f 1671 1620 1672
f 1671 1672 1673
f 1671 1673 1674
f 1671 1674 1675
f 1671 1675 1676
f 1582 1677 1678
f 1582 1678 1679
f 1582 1679 1584
f 1582 1584 1583
f 1680 1581 1580
f 1680 1580 1681
f 1680 1681 1682
f 1680 1682 1683
f 1680 1683 1684
f 1680 1684 1677
f 1685 1686 1687
f 1685 1687 1688
f 1685 1688 1618
f 1685 1618 1617
f 1685 1617 1616
f 1685 1616 1689
f 1689 1616 1615
f 1689 1615 1645
f 1689 1645 1690
f 1689 1690 1691
f 1623 1622 1692
f 1623 1692 1693
f 1623 1693 1694
f 1623 1694 1695
f 1696 1695 1697
f 1696 1697 1698
f 1696 1698 1588
f 1696 1588 1587
f 1696 1587 1560
f 1696 1560 1624
f 1675 1699 1700
f 1675 1700 1577
f 1675 1577 1576
f 1675 1576 1676
f 1701 1674 1673
f 1701 1673 1702
f 1701 1702 1703
f 1701 1703 1704
f 1701 1704 1705
f 1701 1705 1699
f 1684 1706 1707
f 1684 1707 1708
f 1684 1708 1678
f 1684 1678 1677
f 1709 1683 1682
f 1709 1682 1710
f 1709 1710 1711
f 1709 1711 1712
f 1709 1712 1713
f 1709 1713 1706
f 1714 1715 1564
f 1714 1564 1716
f 1714 1716 1687
f 1714 1687 1686
f 1714 1686 1691
f 1714 1691 1717
f 1717 1691 1690
f 1717 1690 1718
f 1717 1718 1600
f 1717 1600 1719
f 1720 1693 1692
f 1720 1692 1721
f 1720 1721 1722
f 1720 1722 1723
f 1720 1723 1724
f 1720 1724 1725
f 1694 1725 1726
f 1694 1726 1727
f 1694 1727 1697
f 1694 1697 1695
f 1728 1704 1703
f 1728 1703 1729
f 1728 1729 1730
f 1728 1730 1731
f 1728 1731 1732
f 1728 1732 1733
f 1713 1734 1735
f 1713 1735 1736
f 1713 1736 1707
f 1713 1707 1706
f 1737 1712 1711
f 1737 1711 1738
f 1737 1738 1739
f 1737 1739 1740
f 1737 1740 1741
f 1737 1741 1734
f 1742 1743 1625
f 1742 1625 1565
f 1742 1565 1564
f 1742 1564 1715
f 1742 1715 1719
f 1742 1719 1744
f 1744 1719 1600
f 1744 1600 1599
f 1744 1599 1534
f 1744 1534 1745
f 1746 1723 1722
f 1746 1722 1632
f 1746 1632 1631
f 1746 1631 1747
f 1746 1747 1748
f 1746 1748 1749
f 1724 1749 1750
f 1724 1750 1751
f 1724 1751 1726
f 1724 1726 1725
f 1732 1752 1753
f 1732 1753 1571
f 1732 1571 1570
f 1732 1570 1733
f 1754 1731 1730
f 1754 1730 1755
f 1754 1755 1756
f 1754 1756 1757
f 1754 1757 1758
f 1754 1758 1752
f 1741 1759 1760
f 1741 1760 1761
f 1741 1761 1735
f 1741 1735 1734
f 1762 1740 1739
f 1762 1739 1763
f 1762 1763 1764
f 1762 1764 1765
f 1762 1765 1766
f 1762 1766 1759
f 1767 1768 1769
f 1767 1769 1626
f 1767 1626 1625
f 1767 1625 1743
f 1767 1743 1745
f 1767 1745 1770
f 1770 1745 1534
f 1770 1534 1533
f 1770 1533 1657
f 1770 1657 1771
f 1772 1747 1631
f 1772 1631 1608
f 1772 1608 1607
f 1772 1607 1773
f 1772 1773 1774
f 1772 1774 1775
f 1748 1775 1776
f 1748 1776 1777
f 1748 1777 1750
f 1748 1750 1749
f 1758 1778 1556
f 1758 1556 1779
f 1758 1779 1753
f 1758 1753 1752
f 1780 1757 1756
f 1780 1756 1781
f 1780 1781 1782
f 1780 1782 1783
f 1780 1783 1784
f 1780 1784 1778
f 1766 1785 1786
f 1766 1786 1787
f 1766 1787 1760
f 1766 1760 1759
f 1788 1765 1764
f 1788 1764 1789
f 1788 1789 1790
f 1788 1790 1791
f 1788 1791 1792
f 1788 1792 1785
f 1793 1794 1656
f 1793 1656 1526
f 1793 1526 1525
f 1793 1525 1653
f 1793 1653 1629
f 1793 1629 1795
f 1796 1795 1797
f 1796 1797 1798
f 1796 1798 1769
f 1796 1769 1768
f 1796 1768 1771
f 1796 1771 1794
f 1799 1773 1607
f 1799 1607 1638
f 1799 1638 1637
f 1799 1637 1800
f 1799 1800 1801
f 1799 1801 1802
f 1774 1802 1803
f 1774 1803 1804
f 1774 1804 1776
f 1774 1776 1775
f 1792 1805 1806
f 1792 1806 1807
f 1792 1807 1786
f 1792 1786 1785
f 1801 1517 1516
f 1801 1516 1808
f 1801 1808 1803
f 1801 1803 1802
f 1809 1810 1811
f 1809 1811 1812
f 1809 1812 1813
f 1809 1813 1814
f 1809 1814 1815
f 1809 1815 1816
f 1817 1818 1819
f 1817 1819 1820
f 1817 1820 1821
f 1817 1821 1822
f 1817 1822 1823
f 1817 1823 1824
f 1662 1660 1414
f 1662 1414 1413
f 1662 1413 1825
f 1662 1825 1826
f 1827 1828 1829
f 1827 1829 1826
f 1827 1826 1825
f 1827 1825 1830
f 1827 1830 1831
f 1827 1831 17
f 1832 1822 1821
f 1832 1821 1833
f 1832 1833 1834
f 1832 1834 1835
f 1832 1835 1836
f 1832 1836 1837
f 1375 1374 1829
f 1375 1829 1828
f 1375 1828 15
f 1375 15 1
f 1838 1830 1825
f 1838 1825 1839
f 1838 1839 1819
f 1838 1819 1818
f 1838 1818 1840
f 1838 1840 1841
f 1831 1841 1842
f 1831 1842 1843
f 1831 1843 1844
f 1831 1844 17
f 1845 1846 1847
f 1845 1847 1848
f 1845 1848 1849
f 1845 1849 1850
f 1845 1850 1851
f 1845 1851 1852
f 1853 1854 1855
f 1853 1855 1372
f 1853 1372 1371
f 1853 1371 1493
f 1853 1493 1593
f 1856 1857 1858
f 1856 1858 1859
f 1856 1859 1860
f 1856 1860 1861
f 1856 1861 1862
f 1856 1862 1863
f 1864 1865 1866
f 1864 1866 1867
f 1864 1867 1868
f 1864 1868 1869
f 1864 1869 1870
f 1864 1870 1871
f 1872 1873 1874
f 1872 1874 1875
f 1872 1875 1876
f 1872 1876 1877
f 1872 1877 1878
f 1872 1878 1879
f 1879 1878 1824
f 1879 1824 1823
f 1879 1823 1837
f 1879 1837 1880
f 1880 1837 1836
f 1880 1836 1881
f 1880 1881 1858
f 1880 1858 1873
f 1862 1869 1868
f 1862 1868 1816
f 1862 1816 1815
f 1862 1815 1863
f 1870 1861 1860
f 1870 1860 1852
f 1870 1852 1851
f 1870 1851 1871
f 1847 1846 1882
f 1847 1882 1883
f 1847 1883 1387
f 1847 1387 1386
f 1385 1384 1884
f 1385 1884 1885
f 1385 1885 1849
f 1385 1849 1848
f 1842 1841 1840
f 1842 1840 1886
f 1842 1886 1887
f 1842 1887 1888
f 1888 1887 1889
f 1888 1889 1890
f 1888 1890 1891
f 1888 1891 1892
f 1892 1891 1592
f 1892 1592 1591
f 1892 1591 1844
f 1892 1844 1843
f 1893 1894 1895
f 1893 1895 1896
f 1893 1896 1811
f 1893 1811 1810
f 1893 1810 1868
f 1893 1868 1867
f 1897 1341 1340
f 1897 1340 1898
f 1897 1898 1899
f 1897 1899 1900
f 1897 1900 1901
f 1897 1901 1902
f 1903 1904 1905
f 1903 1905 1906
f 1903 1906 1907
f 1903 1907 1339
f 1903 1339 1341
f 1908 1909 1355
f 1908 1355 1354
f 1908 1354 1910
f 1908 1910 1911
f 1908 1911 1904
f 1908 1904 1903
f 1908 1903 1902
f 1908 1902 1901
f 1908 1901 1912
f 1908 1912 1913
f 1908 1913 1914
f 1908 1914 1915
f 1908 1915 1916
f 1908 1916 1917
f 1908 1917 1918
f 1908 1918 1919
f 1920 1335 1338
f 1920 1338 1475
f 1920 1475 1921
f 1920 1921 1922
f 1920 1922 1923
f 1920 1923 1924
f 1920 1924 1925
f 1920 1925 1926
f 1920 1926 1927
f 1920 1927 1928
f 1920 1928 1418
f 1920 1418 1379
f 1929 1919 1930
f 1929 1930 1431
f 1929 1431 1430
f 1929 1430 1429
f 1929 1429 1344
f 1929 1344 1895
f 1929 1895 1894
f 1929 1894 1866
f 1929 1866 1865
f 1929 1865 1931
f 1929 1931 1932
f 1929 1932 1933
f 1929 1933 1934
f 1929 1934 1935
f 1929 1935 1936
f 1929 1936 1937
f 1929 1937 1938
f 1929 1938 1554
f 1929 1554 1553
f 1929 1553 1939
f 1929 1939 1940
f 1929 1940 1941
f 1929 1941 1942
f 1929 1942 1806
f 1929 1806 1805
f 1929 1805 1943
f 1929 1943 1944
f 1929 1944 1945
f 1929 1945 1946
f 1929 1946 1947
f 1905 1904 1948
f 1905 1948 1949
f 1905 1949 1353
f 1905 1353 1352
f 1905 1352 1518
f 1905 1518 1800
f 1905 1800 1637
f 1475 1338 1480
f 1475 1480 1950
f 1475 1950 1951
f 1475 1951 1476
f 1952 1853 1953
f 1952 1953 11
f 1952 11 8
f 1952 8 7
f 1952 7 1954
f 1952 1954 1955
f 1952 1955 1956
f 1952 1956 1957
f 1952 1957 1958
f 1952 1958 1863
f 1952 1863 1815
f 1919 1918 1959
f 1919 1959 1960
f 1919 1960 1455
f 1919 1455 1454
f 1919 1454 1961
f 1919 1961 1962
f 1919 1962 1963
f 1919 1963 1964
f 1919 1964 1965
f 1919 1965 1966
f 1919 1966 1967
f 1919 1967 1968
f 1919 1968 1969
f 1919 1969 1970
f 1919 1970 1971
f 1919 1971 1972
f 1919 1972 1973
f 1919 1973 1974
f 1919 1974 1451
f 1919 1451 1450
f 1919 1450 1975
f 1919 1975 1976
f 1919 1976 1977
f 1919 1977 1978
f 1919 1978 1445
f 1919 1445 1444
f 1919 1444 1439
f 1919 1439 1438
f 1919 1438 1435
f 1919 1435 1434
f 1919 1434 1359
f 1919 1359 1358
f 1919 1358 1979
f 1919 1979 1980
f 1919 1980 1930
f 1981 1331 1333
f 1981 1333 1982
f 1981 1982 5
f 1981 5 2
f 1981 2 1
f 1981 1 15
f 1981 15 1595
f 1981 1595 1594
f 1981 1594 1498
f 1981 1498 1983
f 1981 1983 1984
f 1981 1984 1985
f 1981 1985 1986
f 1987 1422 1988
f 1987 1988 1989
f 1987 1989 1990
f 1987 1990 1504
f 1987 1504 1502
f 1987 1502 1501
f 1422 1987 1991
f 1422 1991 1992
f 1422 1992 1993
f 1422 1993 1994
f 1422 1994 1344
f 1995 1946 1945
f 1995 1945 1996
f 1995 1996 1997
f 1995 1997 1998
f 1995 1998 1999
f 1995 1999 2000
f 1995 2000 2001
f 1995 2001 2002
f 1995 2002 2003
f 1995 2003 2004
f 1995 2004 2005
f 1995 2005 2006
f 1995 2006 2007
f 1995 2007 2008
f 1995 2008 2009
f 1995 2009 2010
f 1995 2010 2011
f 1995 2011 2012
f 1995 2012 2013
f 1995 2013 2014
f 1995 2014 2015
f 1995 2015 2016
f 1995 2016 2017
f 1995 2017 2018
f 1995 2018 2019
f 1995 2019 2020
f 1995 2020 2021
f 1995 2021 2022
f 1995 2022 2023
f 1995 2023 2024
f 1995 2024 2025
f 1995 2025 2026
f 1995 2026 2027
f 1995 2027 1398
f 1995 1398 1397
f 1995 1397 1354
f 1995 1354 1356
f 1958 1957 1857
f 1857 1957 1874
f 1857 1874 1858
f 1858 1874 1873
f 1722 1721 1628
f 1628 1721 1797
f 1628 1797 1629
f 1629 1797 1795
f 1656 1794 1657
f 1657 1794 1771
f 1940 1939 1784
f 1784 1939 1557
f 1784 1557 1778
f 1778 1557 1556
f 1733 1570 1705
f 1705 1570 2028
f 1705 2028 1699
f 1699 2028 1700
f 1718 1690 1597
f 1597 1690 2029
f 1597 2029 1419
f 1419 2029 1420
f 1465 1918 1466
f 1466 1918 1917
f 1960 1959 1478
f 1478 1959 2030
f 1478 2030 1479
f 1457 1456 1477
f 1477 1456 1478
f 1950 1458 1951
f 1951 1458 1457
f 1374 1417 1829
f 1829 1417 1663
f 1819 1839 1411
f 1411 1839 1412
f 1821 1820 1405
f 1405 1820 1667
f 1834 1833 1403
f 1403 1833 1404
f 1884 1384 1513
f 1513 1384 1514
f 1948 1395 1949
f 1949 1395 1394
f 1516 1392 2026
f 2026 1392 2027
f 1803 1808 2024
f 2024 1808 2025
f 1776 1804 2022
f 2022 1804 2023
f 1750 1777 2020
f 2020 1777 2021
f 1726 1751 2018
f 2018 1751 2019
f 1697 1727 2016
f 2016 1727 2017
f 1588 1698 2014
f 2014 1698 2015
f 1550 1589 2012
f 2012 1589 2013
f 1544 1551 2010
f 2010 1551 2011
f 1546 1545 2008
f 2008 1545 2009
f 1580 1579 2006
f 2006 1579 2007
f 1682 1681 2004
f 2004 1681 2005
f 1711 1710 2002
f 2002 1710 2003
f 1739 1738 2000
f 2000 1738 2001
f 1764 1763 1998
f 1998 1763 1999
f 1790 1789 1996
f 1996 1789 1997
f 1658 1640 1613
f 1613 1640 1614
f 1664 1573 2028
f 2028 1573 1700
f 1567 1753 1668
f 1668 1753 1779
f 1648 1635 1649
f 1649 1635 1634
f 1650 1605 1651
f 1651 1605 1604
f 1350 1603 1652
f 1652 1603 1630
f 1798 1692 1769
f 1769 1692 1622
f 1716 1539 1687
f 1687 1539 1538
f 1688 1537 1618
f 1618 1537 1585
f 1619 1584 1620
f 1620 1584 1679
f 1672 1678 1673
f 1673 1678 1708
f 1702 1707 1703
f 1703 1707 1736
f 1729 1735 1730
f 1730 1735 1761
f 1755 1760 1756
f 1756 1760 1787
f 1781 1786 1782
f 1782 1786 1807
f 1899 1914 1900
f 1900 1914 1913
f 1470 1468 1898
f 1898 1468 1899
f 1921 1523 1922
f 1922 1523 1522
f 1923 1521 1924
f 1924 1521 1655
f 1925 1531 1926
f 1926 1531 1530
f 1927 1529 1928
f 1928 1529 1598
f 1495 1972 1496
f 1496 1972 1971
f 1370 1369 1494
f 1494 1369 1495
f 1854 1452 1855
f 1855 1452 1366
f 1853 1952 1854
f 1854 1952 2031
f 1854 2031 1500
f 1500 2031 1501
f 1485 1964 1486
f 1486 1964 1963
f 1489 1966 1490
f 1490 1966 1965
f 1859 1882 1860
f 1860 1882 1846
f 1482 1962 1460
f 1460 1962 1961
f 1382 1381 2032
f 2032 1381 1333
f 2032 1333 1332
f 1982 1377 5
f 5 1377 1376
f 1968 1967 1984
f 1984 1967 1985
f 1983 1498 1969
f 1969 1498 1497
f 1969 1497 1970
f 1953 1592 11
f 11 1592 1891
f 1954 7 1889
f 1889 7 1890
f 1955 1876 1956
f 1956 1876 1875
f 1368 1974 1369
f 1369 1974 1973
f 1991 1813 1992
f 1992 1813 1812
f 1993 1811 1994
f 1994 1811 1896
f 1976 1975 1508
f 1508 1975 1345
f 1506 1978 1507
f 1507 1978 1977
f 1447 1446 1505
f 1505 1446 1506
f 1989 1448 1990
f 1990 1448 1447
f 1422 1442 1988
f 1988 1442 1441
f 1432 1980 1364
f 1364 1980 1979
f 2031 1814 1501
f 1501 1814 1813
f 1871 1851 1931
f 1931 1851 1932
f 1889 1887 1876
f 1876 1887 1877
f 2032 1332 2033
f 2033 1332 1986
f 2033 1986 1985
f 1985 1489 2033
f 2033 1489 1488
f 1850 1849 1933
f 1933 1849 1934
f 1881 1836 1882
f 1882 1836 1883
f 1840 1824 1886
f 1886 1824 1878
f 1595 15 1844
f 1844 15 17
f 1885 1884 1935
f 1935 1884 1936
f 1835 1834 1387
f 1387 1834 1388
f 1916 1915 1467
f 1467 1915 1468
f 2030 1465 1479
f 1479 1465 1464
f 1513 1512 1937
f 1937 1512 1938
f 1669 1668 1510
f 1510 1668 1555
f 1665 1664 1400
f 1400 1664 1569
f 1659 1658 1408
f 1408 1658 1575
f 1420 2029 1643
f 1643 2029 1644
f 1613 1612 1576
f 1576 1612 1676
f 1783 1782 1941
f 1941 1782 1942
f 1907 1906 1635
f 1635 1906 1636
f 1563 1562 1539
f 1539 1562 1540
f 1791 1790 1943
f 1943 1790 1944
f 1911 1910 1395
f 1395 1910 1396
f 2034 2035 1956
f 1956 2035 1957
f 2036 2037 1954
f 1954 2037 1955
f 2038 1173 2039
f 2039 1173 1311
f 2040 1198 2041
f 2041 1198 1172
f 2042 1194 2043
f 2043 1194 1197
f 2044 1189 2045
f 2045 1189 1193
f 2046 1178 2047
f 2047 1178 1188
f 2048 1169 2049
f 2049 1169 1177
f 2050 1184 2051
f 2051 1184 1168
f 2052 1170 2053
f 2053 1170 1183
f 1621 2054 1622
f 1622 2054 2055
f 1623 2056 1624
f 1624 2056 2057
f 1556 2058 1779
f 1779 2058 2059
f 1758 2060 1778
f 1778 2060 2061
f 789 2062 841
f 841 2062 2063
f 842 2064 123
f 123 2064 2065
f 667 2066 736
f 736 2066 2067
f 2068 2069 737
f 737 2069 738
f 1728 2070 1704
f 1704 2070 2071
f 1703 2072 1729
f 1729 2072 2073
f 836 2074 837
f 837 2074 2075
f 835 2076 834
f 834 2076 2077
f 867 2078 866
f 866 2078 2079
f 868 2080 869
f 869 2080 2081
f 863 2082 864
f 864 2082 2083
f 861 2084 862
f 862 2084 2085
f 688 2086 615
f 615 2086 2087
f 2088 2089 614
f 614 2089 689
f 1701 2090 1674
f 1674 2090 2091
f 1673 2092 1702
f 1702 2092 2093
f 621 2094 556
f 556 2094 2095
f 2096 2097 555
f 555 2097 622
f 681 2098 682
f 682 2098 2099
f 611 2100 680
f 680 2100 2101
f 811 2102 851
f 851 2102 2103
f 850 2104 812
f 812 2104 2105
f 1887 2106 1877
f 1877 2106 2107
f 1876 2108 1889
f 1889 2108 2109
f 2110 2111 1862
f 1862 2111 1869
f 1868 2112 1816
f 1816 2112 2113
f 883 2114 778
f 778 2114 2115
f 777 2116 931
f 931 2116 2117
f 824 2118 825
f 825 2118 2119
f 771 2120 823
f 823 2120 2121
f 1842 2122 1843
f 1843 2122 2123
f 2124 2125 1831
f 1831 2125 1841
f 563 2126 630
f 630 2126 2127
f 629 2128 564
f 564 2128 2129
f 2130 2131 1840
f 1840 2131 1824
f 1878 2132 1886
f 1886 2132 2133
f 612 2134 547
f 547 2134 2135
f 2136 2137 546
f 546 2137 613
f 1656 2138 1526
f 1526 2138 2139
f 1793 2140 1794
f 1794 2140 2141
f 1629 2142 1630
f 1630 2142 2143
f 1627 2144 1628
f 1628 2144 2145
f 805 2146 846
f 846 2146 2147
f 730 2148 655
f 655 2148 2149
f 1607 2150 1638
f 1638 2150 2151
f 1799 2152 1773
f 1773 2152 2153
f 1098 2154 1099
f 1099 2154 2155
f 1100 2156 1101
f 1101 2156 2157
f 1136 2158 1103
f 1103 2158 2159
f 1102 2160 1137
f 1137 2160 2161
f 1134 2162 1135
f 1135 2162 2163
f 1132 2164 1133
f 1133 2164 2165
f 1772 2166 1747
f 1747 2166 2167
f 1631 2168 1608
f 1608 2168 2169
f 922 2170 762
f 762 2170 2171
f 2172 2173 761
f 761 2173 923
f 1142 2174 1143
f 1143 2174 2175
f 1140 2176 1141
f 1141 2176 2177
f 1120 2178 1121
f 1121 2178 2179
f 1122 2180 1123
f 1123 2180 2181
f 1874 2182 1875
f 1875 2182 2183
f 1872 2184 1873
f 1873 2184 2185
f 1257 2186 1125
f 1125 2186 2187
f 1124 2188 1258
f 1258 2188 2189
f 1158 2190 1241
f 1241 2190 2191
f 1313 2192 1159
f 1159 2192 2193
f 855 2194 856
f 856 2194 2195
f 2196 2197 857
f 857 2197 858
f 286 2198 291
f 291 2198 2199
f 290 2200 287
f 287 2200 2201
f 1154 2202 1155
f 1155 2202 2203
f 1156 2204 1157
f 1157 2204 2205
f 877 2206 770
f 770 2206 2207
f 2208 2209 769
f 769 2209 927
f 1106 2210 1107
f 1107 2210 2211
f 1108 2212 1109
f 1109 2212 2213
f 787 2214 935
f 935 2214 2215
f 892 2216 788
f 788 2216 2217
f 1128 2218 1111
f 1111 2218 2219
f 1110 2220 1129
f 1129 2220 2221
f 2222 2223 918
f 918 2223 919
f 920 2224 921
f 921 2224 2225
f 735 2226 802
f 802 2226 2227
f 654 2228 587
f 587 2228 2229
f 875 2230 876
f 876 2230 2231
f 873 2232 874
f 874 2232 2233
f 926 2234 878
f 878 2234 2235
f 2236 2237 924
f 924 2237 925
f 1771 2238 1770
f 1770 2238 2239
f 1533 2240 1657
f 1657 2240 2241
f 1882 2242 1881
f 1881 2242 2243
f 2244 2245 1836
f 1836 2245 1883
f 928 2246 929
f 929 2246 2247
f 930 2248 884
f 884 2248 2249
f 879 2250 880
f 880 2250 2251
f 881 2252 882
f 882 2252 2253
f 886 2254 887
f 887 2254 2255
f 840 2256 885
f 885 2256 2257
f 821 2258 822
f 822 2258 2259
f 754 2260 820
f 820 2260 2261
f 1742 2262 1743
f 1743 2262 2263
f 1625 2264 1565
f 1565 2264 2265
f 1599 2266 1534
f 1534 2266 2267
f 1745 2268 1744
f 1744 2268 2269
f 270 2270 277
f 277 2270 2271
f 657 2272 590
f 590 2272 2273
f 1671 2274 1611
f 1611 2274 2275
f 1620 2276 1672
f 1672 2276 2277
f 607 2278 608
f 608 2278 2279
f 543 2280 606
f 606 2280 2281
f 814 2282 815
f 815 2282 2283
f 2284 2285 816
f 816 2285 817
f 280 2286 285
f 285 2286 2287
f 284 2288 281
f 281 2288 2289
f 888 2290 889
f 889 2290 2291
f 890 2292 891
f 891 2292 2293
f 932 2294 933
f 933 2294 2295
f 934 2296 893
f 893 2296 2297
f 1753 2298 1571
f 1571 2298 2299
f 1732 2300 1752
f 1752 2300 2301
f 1880 2302 1879
f 1879 2302 2303
f 2304 2305 1823
f 1823 2305 1837
f 292 2306 937
f 937 2306 2307
f 936 2308 293
f 293 2308 2309
f 894 2310 895
f 895 2310 2311
f 896 2312 897
f 897 2312 2313
f 900 2314 901
f 901 2314 2315
f 794 2316 731
f 731 2316 2317
f 942 2318 903
f 903 2318 2319
f 294 2320 941
f 941 2320 2321
f 1870 2322 1861
f 1861 2322 2323
f 1860 2324 1852
f 1852 2324 2325
f 797 2326 798
f 798 2326 2327
f 796 2328 795
f 795 2328 2329
f 790 2330 791
f 791 2330 2331
f 792 2332 793
f 793 2332 2333
f 799 2334 947
f 947 2334 2335
f 898 2336 800
f 800 2336 2337
f 944 2338 945
f 945 2338 2339
f 946 2340 899
f 899 2340 2341
f 723 2342 786
f 786 2342 2343
f 785 2344 724
f 724 2344 2345
f 781 2346 782
f 782 2346 2347
f 717 2348 780
f 780 2348 2349
f 962 2350 963
f 963 2350 2351
f 954 2352 961
f 961 2352 2353
f 767 2354 700
f 700 2354 2355
f 2356 2357 699
f 699 2357 768
f 1754 2358 1731
f 1731 2358 2359
f 1730 2360 1755
f 1755 2360 2361
f 1786 2362 1787
f 1787 2362 2363
f 1766 2364 1785
f 1785 2364 2365
f 938 2366 965
f 965 2366 2367
f 960 2368 939
f 939 2368 2369
f 964 2370 1286
f 1286 2370 2371
f 1285 2372 955
f 955 2372 2373
f 854 2374 904
f 904 2374 2375
f 2376 2377 905
f 905 2377 906
f 852 2378 1288
f 1288 2378 2379
f 1287 2380 853
f 853 2380 2381
f 741 2382 810
f 810 2382 2383
f 809 2384 742
f 742 2384 2385
f 907 2386 908
f 908 2386 2387
f 2388 2389 909
f 909 2389 910
f 212 2390 982
f 982 2390 2391
f 981 2392 213
f 213 2392 2393
f 725 2394 783
f 783 2394 2395
f 122 2396 784
f 784 2396 2397
f 978 2398 979
f 979 2398 2399
f 324 2400 980
f 980 2400 2401
f 773 2402 774
f 774 2402 2403
f 709 2404 772
f 772 2404 2405
f 985 2406 986
f 986 2406 2407
f 392 2408 325
f 325 2408 2409
f 775 2410 708
f 708 2410 2411
f 707 2412 776
f 776 2412 2413
f 759 2414 691
f 691 2414 2415
f 2416 2417 690
f 690 2417 760
f 1735 2418 1736
f 1736 2418 2419
f 1713 2420 1734
f 1734 2420 2421
f 765 2422 766
f 766 2422 2423
f 701 2424 764
f 764 2424 2425
f 395 2426 396
f 396 2426 2427
f 394 2428 393
f 393 2428 2429
f 397 2430 991
f 991 2430 2431
f 534 2432 398
f 398 2432 2433
f 989 2434 990
f 990 2434 2435
f 604 2436 535
f 535 2436 2437
f 713 2438 640
f 640 2438 2439
f 639 2440 714
f 714 2440 2441
f 685 2442 751
f 751 2442 2443
f 750 2444 686
f 686 2444 2445
f 675 2446 676
f 676 2446 2447
f 674 2448 673
f 673 2448 2449
f 994 2450 995
f 995 2450 2451
f 672 2452 605
f 605 2452 2453
f 677 2454 1002
f 1002 2454 2455
f 818 2456 678
f 678 2456 2457
f 1000 2458 1001
f 1001 2458 2459
f 859 2460 819
f 819 2460 2461
f 679 2462 744
f 744 2462 2463
f 2464 2465 745
f 745 2465 746
f 1005 2466 1006
f 1006 2466 2467
f 911 2468 860
f 860 2468 2469
f 276 2470 283
f 283 2470 2471
f 733 2472 658
f 658 2472 2473
f 647 2474 722
f 722 2474 2475
f 721 2476 648
f 648 2476 2477
f 1008 2478 1009
f 1009 2478 2479
f 1010 2480 912
f 912 2480 2481
f 2482 23 2483
f 2483 23 184
f 1316 2484 1017
f 1017 2484 2485
f 1014 2486 1015
f 1015 2486 2487
f 2488 185 2489
f 2489 185 1016
f 1760 2490 1761
f 1761 2490 2491
f 1741 2492 1759
f 1759 2492 2493
f 705 2494 632
f 632 2494 2495
f 631 2496 706
f 706 2496 2497
f 695 2498 696
f 696 2498 2499
f 625 2500 694
f 694 2500 2501
f 2502 1023 2503
f 2503 1023 1022
f 1020 2504 1021
f 1021 2504 2505
f 1087 2506 1027
f 1027 2506 2507
f 1026 2508 1088
f 1088 2508 2509
f 1692 2510 1721
f 1721 2510 2511
f 1720 2512 1693
f 1693 2512 2513
f 1767 2514 1768
f 1768 2514 2515
f 1769 2516 1626
f 1626 2516 2517
f 182 2518 1034
f 1034 2518 2519
f 21 2520 183
f 183 2520 2521
f 178 2522 179
f 179 2522 2523
f 180 2524 181
f 181 2524 2525
f 1032 2526 1033
f 1033 2526 2527
f 1030 2528 1031
f 1031 2528 2529
f 1570 2530 2028
f 2028 2530 2531
f 1705 2532 1733
f 1733 2532 2533
f 1195 2534 1171
f 1171 2534 2535
f 1038 2536 1196
f 1196 2536 2537
f 1190 2538 1191
f 1191 2538 2539
f 1192 2540 140
f 140 2540 2541
f 726 2542 727
f 727 2542 2543
f 728 2544 729
f 729 2544 2545
f 827 2546 828
f 828 2546 2547
f 779 2548 826
f 826 2548 2549
f 1185 2550 1186
f 1186 2550 2551
f 139 2552 1187
f 1187 2552 2553
f 748 2554 749
f 749 2554 2555
f 687 2556 747
f 747 2556 2557
f 1174 2558 1175
f 1175 2558 2559
f 1176 2560 1045
f 1045 2560 2561
f 1780 2562 1757
f 1757 2562 2563
f 1756 2564 1781
f 1781 2564 2565
f 703 2566 704
f 704 2566 2567
f 633 2568 702
f 702 2568 2569
f 1163 2570 1164
f 1164 2570 2571
f 1044 2572 1165
f 1165 2572 2573
f 697 2574 624
f 624 2574 2575
f 2576 2577 623
f 623 2577 698
f 1179 2578 1167
f 1167 2578 2579
f 1166 2580 1180
f 1180 2580 2581
f 1718 2582 1600
f 1600 2582 2583
f 1719 2584 1717
f 1717 2584 2585
f 1181 2586 1267
f 1267 2586 2587
f 1266 2588 1182
f 1182 2588 2589
f 1294 2590 1062
f 1062 2590 2591
f 1061 2592 1295
f 1295 2592 2593
f 1058 2594 1059
f 1059 2594 2595
f 763 2596 1060
f 1060 2596 2597
f 665 2598 740
f 740 2598 2599
f 739 2600 666
f 666 2600 2601
f 659 2602 732
f 732 2602 2603
f 586 2604 516
f 516 2604 2605
f 756 2606 757
f 757 2606 2607
f 692 2608 755
f 755 2608 2609
f 274 2610 279
f 279 2610 2611
f 278 2612 275
f 275 2612 2613
f 649 2614 718
f 718 2614 2615
f 719 2616 720
f 720 2616 2617
f 758 2618 1069
f 1069 2618 2619
f 616 2620 693
f 693 2620 2621
f 1067 2622 1068
f 1068 2622 2623
f 548 2624 617
f 617 2624 2625
f 1074 2626 1075
f 1075 2626 2627
f 478 2628 549
f 549 2628 2629
f 711 2630 712
f 712 2630 2631
f 641 2632 710
f 710 2632 2633
f 1707 2634 1708
f 1708 2634 2635
f 1684 2636 1706
f 1706 2636 2637
f 473 2638 1081
f 1081 2638 2639
f 336 2640 413
f 413 2640 2641
f 412 2642 470
f 470 2642 2643
f 471 2644 472
f 472 2644 2645
f 1078 2646 1079
f 1079 2646 2647
f 1080 2648 337
f 337 2648 2649
f 637 2650 572
f 572 2650 2651
f 571 2652 638
f 638 2652 2653
f 683 2654 610
f 610 2654 2655
f 136 2656 684
f 684 2656 2657
f 210 2658 211
f 211 2658 2659
f 208 2660 209
f 209 2660 2661
f 1082 2662 1083
f 1083 2662 2663
f 1084 2664 1085
f 1085 2664 2665
f 597 2666 664
f 664 2666 2667
f 663 2668 598
f 598 2668 2669
f 635 2670 636
f 636 2670 2671
f 573 2672 634
f 634 2672 2673
f 619 2674 620
f 620 2674 2675
f 557 2676 618
f 618 2676 2677
f 1645 2678 1690
f 1690 2678 2679
f 1691 2680 1689
f 1689 2680 2681
f 1052 2682 1053
f 1053 2682 2683
f 1054 2684 1055
f 1055 2684 2685
f 1046 2686 1047
f 1047 2686 2687
f 1048 2688 103
f 103 2688 2689
f 1150 2690 1200
f 1200 2690 2691
f 1199 2692 1151
f 1151 2692 2693
f 1700 2694 1577
f 1577 2694 2695
f 1675 2696 1699
f 1699 2696 2697
f 1116 2698 1149
f 1149 2698 2699
f 1148 2700 1117
f 1117 2700 2701
f 1094 2702 1115
f 1115 2702 2703
f 1114 2704 1095
f 1095 2704 2705
f 591 2706 656
f 656 2706 2707
f 515 2708 449
f 449 2708 2709
f 300 2710 1093
f 1093 2710 2711
f 1092 2712 301
f 301 2712 2713
f 668 2714 669
f 669 2714 2715
f 2716 2717 670
f 670 2717 671
f 831 2718 832
f 832 2718 2719
f 829 2720 830
f 830 2720 2721
f 298 2722 299
f 299 2722 2723
f 296 2724 297
f 297 2724 2725
f 130 2726 131
f 131 2726 2727
f 132 2728 133
f 133 2728 2729
f 974 2730 135
f 135 2730 2731
f 134 2732 975
f 975 2732 2733
f 813 2734 847
f 847 2734 2735
f 2736 2737 848
f 848 2737 849
f 715 2738 917
f 917 2738 2739
f 833 2740 716
f 716 2740 2741
f 968 2742 973
f 973 2742 2743
f 972 2744 969
f 969 2744 2745
f 803 2746 734
f 734 2746 2747
f 282 2748 289
f 289 2748 2749
f 148 2750 967
f 967 2750 2751
f 966 2752 149
f 149 2752 2753
f 144 2754 145
f 145 2754 2755
f 146 2756 147
f 147 2756 2757
f 268 2758 273
f 273 2758 2759
f 272 2760 269
f 269 2760 2761
f 1302 2762 914
f 914 2762 2763
f 913 2764 1303
f 1303 2764 2765
f 650 2766 651
f 651 2766 2767
f 652 2768 653
f 653 2768 2769
f 1300 2770 871
f 871 2770 2771
f 870 2772 1301
f 1301 2772 2773
f 581 2774 642
f 642 2774 2775
f 643 2776 644
f 644 2776 2777
f 872 2778 1299
f 1299 2778 2779
f 1298 2780 916
f 916 2780 2781
f 1296 2782 839
f 839 2782 2783
f 838 2784 1297
f 1297 2784 2785
f 1678 2786 1679
f 1679 2786 2787
f 1582 2788 1677
f 1677 2788 2789
f 288 2790 295
f 295 2790 2791
f 902 2792 804
f 804 2792 2793
f 1201 2794 1284
f 1284 2794 2795
f 1283 2796 1202
f 1202 2796 2797
f 116 2798 117
f 117 2798 2799
f 118 2800 119
f 119 2800 2801
f 1209 2802 121
f 121 2802 2803
f 120 2804 1210
f 1210 2804 2805
f 569 2806 501
f 501 2806 2807
f 500 2808 570
f 570 2808 2809
f 1207 2810 1208
f 1208 2810 2811
f 1205 2812 1206
f 1206 2812 2813
f 1215 2814 1216
f 1216 2814 2815
f 1213 2816 1214
f 1214 2816 2817
f 88 2818 1220
f 1220 2818 2819
f 1219 2820 89
f 89 2820 2821
f 600 2822 601
f 601 2822 2823
f 2824 2825 602
f 602 2825 603
f 579 2826 646
f 646 2826 2827
f 645 2828 580
f 580 2828 2829
f 582 2830 583
f 583 2830 2831
f 584 2832 585
f 585 2832 2833
f 86 2834 87
f 87 2834 2835
f 84 2836 85
f 85 2836 2837
f 1225 2838 1226
f 1226 2838 2839
f 1223 2840 1224
f 1224 2840 2841
f 567 2842 568
f 568 2842 2843
f 502 2844 566
f 566 2844 2845
f 510 2846 574
f 574 2846 2847
f 575 2848 576
f 576 2848 2849
f 1231 2850 1232
f 1232 2850 2851
f 1229 2852 1230
f 1230 2852 2853
f 553 2854 485
f 485 2854 2855
f 2856 2857 484
f 484 2857 554
f 565 2858 626
f 626 2858 2859
f 627 2860 628
f 628 2860 2861
f 102 2862 1236
f 1236 2862 2863
f 1235 2864 1049
f 1049 2864 2865
f 108 2866 109
f 109 2866 2867
f 110 2868 111
f 111 2868 2869
f 1614 2870 1615
f 1615 2870 2871
f 1616 2872 1609
f 1609 2872 2873
f 537 2874 538
f 538 2874 2875
f 469 2876 536
f 536 2876 2877
f 62 2878 57
f 57 2878 2879
f 357 2880 160
f 160 2880 2881
f 2882 2883 1864
f 1864 2883 1865
f 1866 2884 1867
f 1867 2884 2885
f 1931 2886 1871
f 1871 2886 2887
f 1851 2888 1932
f 1932 2888 2889
f 1856 2890 1857
f 1857 2890 2891
f 1858 2892 1859
f 1859 2892 2893
f 1933 2894 1850
f 1850 2894 2895
f 2896 2897 1849
f 1849 2897 1934
f 609 2898 542
f 542 2898 2899
f 541 2900 137
f 137 2900 2901
f 1939 2902 1557
f 1557 2902 2903
f 1784 2904 1940
f 1940 2904 2905
f 559 2906 560
f 560 2906 2907
f 494 2908 558
f 558 2908 2909
f 1941 2910 1783
f 1783 2910 2911
f 1782 2912 1942
f 1942 2912 2913
f 551 2914 552
f 552 2914 2915
f 486 2916 550
f 550 2916 2917
f 1806 2918 1807
f 1807 2918 2919
f 1792 2920 1805
f 1805 2920 2921
f 1685 2922 1686
f 1686 2922 2923
f 1687 2924 1688
f 1688 2924 2925
f 64 2926 65
f 65 2926 2927
f 66 2928 67
f 67 2928 2929
f 529 2930 592
f 592 2930 2931
f 2932 2933 593
f 593 2933 594
f 417 2934 343
f 343 2934 2935
f 2936 2937 342
f 342 2937 418
f 2938 2939 334
f 334 2939 409
f 408 2940 335
f 335 2940 2941
f 1610 2942 1617
f 1617 2942 2943
f 1618 2944 1619
f 1619 2944 2945
f 248 2946 252
f 252 2946 2947
f 251 2948 249
f 249 2948 2949
f 433 2950 361
f 361 2950 2951
f 360 2952 434
f 434 2952 2953
f 1845 2954 1846
f 1846 2954 2955
f 2956 2957 1847
f 1847 2957 1848
f 1584 2958 1585
f 1585 2958 2959
f 1548 2960 1583
f 1583 2960 2961
f 170 2962 171
f 171 2962 2963
f 172 2964 173
f 173 2964 2965
f 431 2966 432
f 432 2966 2967
f 362 2968 430
f 430 2968 2969
f 498 2970 436
f 436 2970 2971
f 435 2972 499
f 499 2972 2973
f 1796 2974 1795
f 1795 2974 2975
f 1797 2976 1798
f 1798 2976 2977
f 539 2978 468
f 468 2978 2979
f 467 2980 540
f 540 2980 2981
f 317 2982 380
f 380 2982 2983
f 2984 2985 381
f 381 2985 382
f 456 2986 526
f 526 2986 2987
f 525 2988 457
f 457 2988 2989
f 215 2990 216
f 216 2990 2991
f 217 2992 218
f 218 2992 2993
f 358 2994 55
f 55 2994 2995
f 54 2996 359
f 359 2996 2997
f 327 2998 328
f 328 2998 2999
f 165 3000 326
f 326 3000 3001
f 318 3002 319
f 319 3002 3003
f 3004 3005 320
f 320 3005 321
f 70 3006 71
f 71 3006 3007
f 72 3008 73
f 73 3008 3009
f 348 3010 155
f 155 3010 3011
f 114 3012 129
f 129 3012 3013
f 226 3014 310
f 310 3014 3015
f 3016 3017 311
f 311 3017 312
f 490 3018 428
f 428 3018 3019
f 427 3020 491
f 491 3020 3021
f 530 3022 531
f 531 3022 3023
f 3024 3025 532
f 532 3025 533
f 517 3026 518
f 518 3026 3027
f 373 3028 519
f 519 3028 3029
f 52 3030 53
f 53 3030 3031
f 50 3032 51
f 51 3032 3033
f 167 3034 168
f 168 3034 3035
f 48 3036 166
f 166 3036 3037
f 263 3038 267
f 267 3038 3039
f 266 3040 264
f 264 3040 3041
f 190 3042 323
f 323 3042 3043
f 3044 3045 322
f 322 3045 191
f 92 3046 104
f 104 3046 3047
f 76 3048 93
f 93 3048 3049
f 1537 3050 1538
f 1538 3050 3051
f 1535 3052 1536
f 1536 3052 3053
f 228 3054 227
f 227 3054 3055
f 3056 3057 229
f 229 3057 230
f 442 3058 507
f 507 3058 3059
f 506 3060 443
f 443 3060 3061
f 496 3062 497
f 497 3062 3063
f 437 3064 495
f 495 3064 3065
f 98 3066 99
f 99 3066 3067
f 96 3068 97
f 97 3068 3069
f 463 3070 464
f 464 3070 3071
f 407 3072 462
f 462 3072 3073
f 385 3074 455
f 455 3074 3075
f 454 3076 386
f 386 3076 3077
f 445 3078 446
f 446 3078 3079
f 447 3080 379
f 379 3080 3081
f 752 3082 915
f 915 3082 3083
f 865 3084 753
f 753 3084 3085
f 425 3086 352
f 352 3086 3087
f 351 3088 426
f 426 3088 3089
f 415 3090 416
f 416 3090 3091
f 344 3092 414
f 414 3092 3093
f 1432 1431 3094
f 3094 1431 3095
f 1430 1428 3096
f 3096 1428 3097
f 508 3098 578
f 578 3098 3099
f 577 3100 509
f 509 3100 3101
f 1361 1423 3102
f 3102 1423 3103
f 1433 1360 3104
f 3104 1360 3105
f 1363 1362 3106
f 3106 1362 3107
f 1357 1364 3108
f 3108 1364 3109
f 1437 1436 3110
f 3110 1436 3111
f 1424 1442 3112
f 3112 1442 3113
f 801 3114 843
f 843 3114 3115
f 844 3116 845
f 845 3116 3117
f 1443 1440 3118
f 3118 1440 3119
f 1441 1448 3120
f 3120 1448 3121
f 1447 1505 3122
f 3122 1505 3123
f 1506 1446 3124
f 3124 1446 3125
f 375 3126 376
f 376 3126 3127
f 377 3128 378
f 378 3128 3129
f 1897 1902 3130
f 3130 1902 3131
f 1901 1900 3132
f 3132 1900 3133
f 544 3134 477
f 477 3134 3135
f 3136 3137 476
f 476 3137 545
f 1899 1468 3138
f 3138 1468 3139
f 1470 1898 3140
f 3140 1898 3141
f 527 3142 596
f 596 3142 3143
f 595 3144 528
f 528 3144 3145
f 1461 1469 3146
f 3146 1469 3147
f 1467 1466 3148
f 3148 1466 3149
f 1465 2030 3150
f 3150 2030 3151
f 1479 1464 3152
f 3152 1464 3153
f 399 3154 459
f 459 3154 3155
f 3156 3157 460
f 460 3157 461
f 1478 1456 3158
f 3158 1456 3159
f 1457 1477 3160
f 3160 1477 3161
f 250 3162 256
f 256 3162 3163
f 260 3164 177
f 177 3164 3165
f 561 3166 493
f 493 3166 3167
f 492 3168 562
f 562 3168 3169
f 1453 1460 3170
f 3170 1460 3171
f 1459 1458 3172
f 3172 1458 3173
f 438 3174 439
f 439 3174 3175
f 440 3176 441
f 441 3176 3177
f 1482 1486 3178
f 3178 1486 3179
f 1483 1481 3180
f 3180 1481 3181
f 1485 1490 3182
f 3182 1490 3183
f 1487 1484 3184
f 3184 1484 3185
f 423 3186 424
f 424 3186 3187
f 353 3188 422
f 422 3188 3189
f 1489 1985 3190
f 3190 1985 3191
f 2033 1488 3192
f 3192 1488 3193
f 599 3194 660
f 660 3194 3195
f 3196 3197 661
f 661 3197 662
f 1984 1983 3198
f 3198 1983 3199
f 1981 1986 3200
f 3200 1986 3201
f 743 3202 806
f 806 3202 3203
f 3204 3205 807
f 807 3205 808
f 1497 1496 3206
f 3206 1496 3207
f 1491 1498 3208
f 3208 1498 3209
f 401 3210 402
f 402 3210 3211
f 333 3212 400
f 400 3212 3213
f 388 3214 389
f 389 3214 3215
f 3216 3217 390
f 390 3217 391
f 1495 1369 3218
f 3218 1369 3219
f 1370 1494 3220
f 3220 1494 3221
f 1449 1345 3222
f 3222 1345 3223
f 1346 1452 3224
f 3224 1452 3225
f 1368 1367 3226
f 3226 1367 3227
f 1366 1365 3228
f 3228 1365 3229
f 315 3230 384
f 384 3230 3231
f 383 3232 316
f 316 3232 3233
f 1508 1507 3234
f 3234 1507 3235
f 1503 1347 3236
f 3236 1347 3237
f 1558 3238 1559
f 1559 3238 3239
f 1560 3240 1561
f 1561 3240 3241
f 450 3242 175
f 175 3242 3243
f 174 3244 69
f 69 3244 3245
f 1910 3246 1396
f 1396 3246 3247
f 1395 3248 1911
f 1911 3248 3249
f 255 3250 257
f 257 3250 3251
f 258 3252 259
f 259 3252 3253
f 78 3254 79
f 79 3254 3255
f 80 3256 81
f 81 3256 3257
f 1516 3258 1808
f 1808 3258 3259
f 1801 3260 1517
f 1517 3260 3261
f 188 3262 189
f 189 3262 3263
f 3264 3265 186
f 186 3265 187
f 363 3266 364
f 364 3266 3267
f 365 3268 366
f 366 3268 3269
f 1774 3270 1802
f 1802 3270 3271
f 1803 3272 1804
f 1804 3272 3273
f 403 3274 332
f 332 3274 3275
f 331 3276 404
f 404 3276 3277
f 346 3278 347
f 347 3278 3279
f 128 3280 345
f 345 3280 3281
f 1748 3282 1775
f 1775 3282 3283
f 1776 3284 1777
f 1777 3284 3285
f 349 3286 127
f 127 3286 3287
f 126 3288 350
f 350 3288 3289
f 244 3290 338
f 338 3290 3291
f 339 3292 207
f 207 3292 3293
f 1724 3294 1749
f 1749 3294 3295
f 1750 3296 1751
f 1751 3296 3297
f 458 3298 522
f 522 3298 3299
f 3300 3301 523
f 523 3301 524
f 1694 3302 1725
f 1725 3302 3303
f 1726 3304 1727
f 1727 3304 3305
f 245 3306 246
f 246 3306 3307
f 176 3308 247
f 247 3308 3309
f 1696 3310 1695
f 1695 3310 3311
f 1697 3312 1698
f 1698 3312 3313
f 369 3314 370
f 370 3314 3315
f 371 3316 83
f 83 3316 3317
f 1586 3318 1587
f 1587 3318 3319
f 1588 3320 1589
f 1589 3320 3321
f 1541 3322 1549
f 1549 3322 3323
f 1550 3324 1551
f 1551 3324 3325
f 355 3326 356
f 356 3326 3327
f 56 3328 354
f 354 3328 3329
f 1722 3330 1632
f 1632 3330 3331
f 1746 3332 1723
f 1723 3332 3333
f 1543 3334 1542
f 1542 3334 3335
f 1544 3336 1545
f 1545 3336 3337
f 3338 3339 242
f 242 3339 341
f 340 3340 243
f 243 3340 3341
f 202 3342 203
f 203 3342 3343
f 3344 3345 200
f 200 3345 201
f 1578 3346 1547
f 1547 3346 3347
f 1546 3348 1579
f 1579 3348 3349
f 1680 3350 1581
f 1581 3350 3351
f 1580 3352 1681
f 1681 3352 3353
f 1709 3354 1683
f 1683 3354 3355
f 1682 3356 1710
f 1710 3356 3357
f 253 3358 262
f 262 3358 3359
f 261 3360 254
f 254 3360 3361
f 329 3362 164
f 164 3362 3363
f 163 3364 330
f 330 3364 3365
f 1762 3366 1740
f 1740 3366 3367
f 1739 3368 1763
f 1763 3368 3369
f 1737 3370 1712
f 1712 3370 3371
f 1711 3372 1738
f 1738 3372 3373
f 224 3374 314
f 314 3374 3375
f 313 3376 225
f 225 3376 3377
f 1788 3378 1765
f 1765 3378 3379
f 1764 3380 1789
f 1789 3380 3381
f 68 3382 63
f 63 3382 3383
f 158 3384 159
f 159 3384 3385
f 124 3386 113
f 113 3386 3387
f 112 3388 125
f 125 3388 3389
f 1943 3390 1791
f 1791 3390 3391
f 1790 3392 1944
f 1944 3392 3393
f 1893 3394 1894
f 1894 3394 3395
f 1895 3396 1896
f 1896 3396 3397
f 1811 3398 1812
f 1812 3398 3399
f 1809 3400 1810
f 1810 3400 3401
f 444 3402 503
f 503 3402 3403
f 504 3404 505
f 505 3404 3405
f 3406 3407 1958
f 1958 3407 1863
f 1815 3408 1952
f 1952 3408 3409
f 1714 3410 1715
f 1715 3410 3411
f 1564 3412 1716
f 1716 3412 3413
f 2031 3414 1814
f 1814 3414 3415
f 1813 3416 1501
f 1501 3416 3417
f 152 3418 153
f 153 3418 3419
f 154 3420 115
f 115 3420 3421
f 1890 3422 1891
f 1891 3422 3423
f 1892 3424 1888
f 1888 3424 3425
f 100 3426 368
f 368 3426 3427
f 367 3428 101
f 101 3428 3429
f 1844 3430 1595
f 1595 3430 3431
f 265 3432 271
f 271 3432 3433
f 589 3434 520
f 520 3434 3435
f 421 3436 479
f 479 3436 3437
f 480 3438 481
f 481 3438 3439
f 1590 3440 1591
f 1591 3440 3441
f 1592 3442 1593
f 1593 3442 3443
f 429 3444 487
f 487 3444 3445
f 488 3446 489
f 489 3446 3447
f 1335 3448 1378
f 1378 3448 3449
f 1377 3450 1381
f 1381 3450 3451
f 206 3452 235
f 235 3452 3453
f 233 3454 234
f 234 3454 3455
f 1375 3456 1376
f 1376 3456 3457
f 1373 3458 1374
f 1374 3458 3459
f 1576 3460 1613
f 1613 3460 3461
f 1612 3462 1676
f 1676 3462 3463
f 105 3464 372
f 372 3464 3465
f 82 3466 77
f 77 3466 3467
f 1829 3468 1826
f 1826 3468 3469
f 1827 3470 1828
f 1828 3470 3471
f 1838 3472 1830
f 1830 3472 3473
f 1825 3474 1839
f 1839 3474 3475
f 474 3476 411
f 411 3476 3477
f 3478 3479 410
f 410 3479 475
f 1817 3480 1818
f 1818 3480 3481
f 1819 3482 1820
f 1820 3482 3483
f 521 3484 588
f 588 3484 3485
f 448 3486 374
f 374 3486 3487
f 1832 3488 1822
f 1822 3488 3489
f 1821 3490 1833
f 1833 3490 3491
f 240 3492 239
f 239 3492 3493
f 3494 3495 156
f 156 3495 241
f 204 3496 307
f 307 3496 3497
f 3498 3499 306
f 306 3499 205
f 1387 3500 1835
f 1835 3500 3501
f 1834 3502 1388
f 1388 3502 3503
f 1385 3504 1386
f 1386 3504 3505
f 1383 3506 1384
f 1384 3506 3507
f 1935 3508 1885
f 1885 3508 3509
f 1884 3510 1936
f 1936 3510 3511
f 161 3512 47
f 47 3512 3513
f 46 3514 162
f 162 3514 3515
f 60 3516 61
f 61 3516 3517
f 58 3518 59
f 59 3518 3519
f 192 3520 223
f 223 3520 3521
f 221 3522 222
f 222 3522 3523
f 1554 3524 1511
f 1511 3524 3525
f 1552 3526 1553
f 1553 3526 3527
f 1510 3528 1669
f 1669 3528 3529
f 1668 3530 1555
f 1555 3530 3531
f 94 3532 75
f 75 3532 3533
f 74 3534 106
f 106 3534 3535
f 1568 3536 1401
f 1401 3536 3537
f 1566 3538 1567
f 1567 3538 3539
f 238 3540 305
f 305 3540 3541
f 3542 3543 219
f 219 3543 157
f 1574 3544 1409
f 1409 3544 3545
f 1572 3546 1573
f 1573 3546 3547
f 1400 3548 1665
f 1665 3548 3549
f 1664 3550 1569
f 1569 3550 3551
f 1408 3552 1659
f 1659 3552 3553
f 1658 3554 1575
f 1575 3554 3555
f 511 3556 512
f 512 3556 3557
f 513 3558 514
f 514 3558 3559
f 1641 3560 1642
f 1642 3560 3561
f 1639 3562 1640
f 1640 3562 3563
f 1643 3564 1420
f 1420 3564 3565
f 2029 3566 1644
f 1644 3566 3567
f 1419 3568 1598
f 1598 3568 3569
f 1596 3570 1597
f 1597 3570 3571
f 236 3572 198
f 198 3572 3573
f 197 3574 237
f 237 3574 3575
f 3576 3577 419
f 419 3577 483
f 482 3578 420
f 420 3578 3579
f 1529 3580 1530
f 1530 3580 3581
f 1527 3582 1528
f 1528 3582 3583
f 1654 3584 1532
f 1532 3584 3585
f 1531 3586 1655
f 1655 3586 3587
f 1521 3588 1522
f 1522 3588 3589
f 1519 3590 1520
f 1520 3590 3591
f 1539 3592 1563
f 1563 3592 3593
f 1562 3594 1540
f 1540 3594 3595
f 308 3596 214
f 214 3596 3597
f 3598 3599 199
f 199 3599 309
f 1646 3600 1524
f 1524 3600 3601
f 1523 3602 1474
f 1474 3602 3603
f 1525 3604 1647
f 1647 3604 3605
f 1652 3606 1653
f 1653 3606 3607
f 44 3608 45
f 45 3608 3609
f 42 3610 43
f 43 3610 3611
f 1601 3612 1602
f 1602 3612 3613
f 1603 3614 1604
f 1604 3614 3615
f 1349 3616 1350
f 1350 3616 3617
f 1348 3618 1349
f 1349 3618 3616
f 304 3619 232
f 232 3619 3620
f 3621 3622 231
f 231 3622 220
f 387 3623 451
f 451 3623 3624
f 3625 3626 452
f 452 3626 453
f 1906 3627 1636
f 1636 3627 3628
f 1635 3629 1907
f 1907 3629 3630
f 1605 3631 1634
f 1634 3631 3632
f 1633 3633 1606
f 1606 3633 3634
f 107 3635 49
f 49 3635 3636
f 169 3637 95
f 95 3637 3638
f 1637 3639 1905
f 1905 3639 3640
f 1518 3641 1800
f 1800 3641 3642
f 1351 3643 1352
f 1352 3643 3644
f 1353 3645 1351
f 1351 3645 3643
f 465 3646 406
f 406 3646 3647
f 405 3648 466
f 466 3648 3649
f 1393 3650 1394
f 1394 3650 3651
f 1391 3652 1392
f 1392 3652 3653
f 194 3654 193
f 193 3654 3655
f 195 3656 196
f 196 3656 3657
f 3658 3246 1354
f 1354 3246 1910
f 3249 3659 1911
f 1911 3659 1904
f 3660 2015 3313
f 3313 2015 1698
f 3310 1696 2057
f 2057 1696 1624
f 2054 1621 2517
f 2517 1621 1626
f 2514 1767 2239
f 2239 1767 1770
f 3586 1531 3661
f 3661 1531 1925
f 2240 1533 3585
f 3585 1533 1532
f 3581 3662 1530
f 1530 3662 1926
f 2267 3582 1534
f 1534 3582 1527
f 2263 2268 1743
f 1743 2268 1745
f 3239 2264 1559
f 1559 2264 1625
f 3663 3320 2014
f 2014 3320 1588
f 3319 3240 1587
f 1587 3240 1560
f 3664 1945 3393
f 3393 1945 1944
f 3390 1943 2921
f 2921 1943 1805
f 2918 1806 2913
f 2913 1806 1942
f 2910 1941 2905
f 2905 1941 1940
f 3524 1554 3665
f 3665 1554 1938
f 2902 1939 3527
f 3527 1939 1553
f 3666 3448 1920
f 1920 3448 1335
f 3451 3667 1381
f 1381 3667 1333
f 3668 1937 3511
f 3511 1937 1936
f 3508 1935 2897
f 2897 1935 1934
f 2894 1933 2889
f 2889 1933 1932
f 2886 1931 2883
f 2883 1931 1865
f 3396 1895 3669
f 3669 1895 1344
f 2884 1866 3395
f 3395 1866 1894
f 3443 3670 1593
f 1593 3670 1853
f 3431 3440 1595
f 1595 3440 1590
f 3671 3131 1903
f 1903 3131 1902
f 3132 3672 1901
f 1901 3672 1912
f 3673 3199 1969
f 1969 3199 1983
f 3200 3674 1981
f 1981 3674 1331
f 3675 3095 1930
f 1930 3095 1431
f 3096 3676 1430
f 1430 3676 1429
f 3677 3209 1594
f 1594 3209 1498
f 3206 3678 1497
f 1497 3678 1970
f 2339 3679 945
f 945 3679 952
f 2311 2340 895
f 895 2340 946
f 2295 2312 933
f 933 2312 896
f 2291 2296 889
f 889 2296 934
f 3680 2796 39
f 39 2796 1283
f 2795 2292 1284
f 1284 2292 890
f 3681 1211 2805
f 2805 1211 1210
f 2802 1209 2397
f 2397 1209 784
f 2394 725 2345
f 2345 725 724
f 2342 723 2333
f 2333 723 793
f 2326 797 3682
f 3682 797 943
f 2330 790 2329
f 2329 790 795
f 2479 3683 1009
f 1009 3683 1289
f 2387 2480 908
f 908 2480 1010
f 2379 2388 1288
f 1288 2388 909
f 2375 2380 904
f 904 2380 1287
f 3684 2372 951
f 951 2372 1285
f 2371 2376 1286
f 1286 2376 905
f 3685 940 2369
f 2369 940 939
f 2366 938 3205
f 3205 938 808
f 3202 743 2385
f 2385 743 742
f 2382 741 2285
f 2285 741 817
f 2458 1000 3686
f 3686 1000 1004
f 2282 814 2461
f 2461 814 819
f 2505 3687 1021
f 1021 3687 1089
f 3688 2506 37
f 37 2506 1087
f 2509 2503 1088
f 1088 2503 1022
f 3689 1035 2519
f 2519 1035 1034
f 2484 1316 3690
f 3690 1316 1315
f 2520 21 2482
f 2482 21 23
f 2599 2464 740
f 740 2464 745
f 2455 3691 1002
f 1002 3691 1003
f 2463 2456 744
f 744 2456 818
f 2067 2600 736
f 736 2600 739
f 2307 2068 937
f 937 2068 737
f 2321 2308 941
f 941 2308 936
f 2315 2318 901
f 901 2318 942
f 2543 2316 727
f 727 2316 794
f 2475 2544 722
f 722 2544 728
f 2615 2476 718
f 718 2476 721
f 3692 2812 1212
f 1212 2812 1205
f 2811 2616 1208
f 1208 2616 719
f 3512 161 3037
f 3037 161 166
f 3693 1152 2693
f 2693 1152 1151
f 2690 1150 3515
f 3515 1150 162
f 3034 167 3517
f 3517 167 61
f 3518 58 3383
f 3383 58 63
f 3384 158 2869
f 2869 158 111
f 2866 108 3421
f 3421 108 115
f 3418 152 3543
f 3543 152 157
f 3540 238 3575
f 3575 238 237
f 3572 236 3599
f 3599 236 309
f 2658 210 3694
f 3694 210 28
f 3596 308 2661
f 2661 308 209
f 3453 3498 235
f 235 3498 306
f 2663 3695 1083
f 1083 3695 29
f 3497 2664 307
f 307 2664 1084
f 3493 3454 239
f 239 3454 233
f 3011 3494 155
f 155 3494 156
f 3387 3012 113
f 113 3012 114
f 2881 3388 160
f 160 3388 112
f 3033 2878 51
f 51 2878 62
f 2999 3030 328
f 328 3030 52
f 3363 3000 164
f 164 3000 165
f 3696 2700 1153
f 1153 2700 1148
f 2699 3364 1149
f 1149 3364 163
f 2770 1300 2779
f 2779 1300 1299
f 3697 1304 2765
f 2765 1304 1303
f 2762 1302 2773
f 2773 1302 1301
f 2780 1298 2785
f 2785 1298 1297
f 2782 1296 2257
f 2257 1296 885
f 2254 886 2247
f 2247 886 929
f 2248 930 2251
f 2251 930 880
f 2252 881 2237
f 2237 881 925
f 2234 926 2233
f 2233 926 874
f 2230 875 2223
f 2223 875 919
f 2590 1294 3698
f 3698 1294 1293
f 2224 920 2593
f 2593 920 1295
f 3699 2192 1312
f 1312 2192 1313
f 2191 3700 1241
f 1241 3700 1242
f 2186 1257 3701
f 3701 1257 1255
f 3702 1259 2189
f 2189 1259 1258
f 3703 2528 1036
f 1036 2528 1030
f 2527 2039 1033
f 1033 2039 1311
f 2550 1185 2044
f 2044 1185 1189
f 3704 27 2553
f 2553 27 1187
f 2053 2589 2052
f 2052 2589 2588
f 2586 3705 2587
f 2587 3705 3706
f 2580 3707 2581
f 2581 3707 3708
f 2051 2579 2050
f 2050 2579 2578
f 2049 2571 2048
f 2048 2571 2570
f 2572 3709 2573
f 2573 3709 3710
f 2560 3711 2561
f 2561 3711 3712
f 2047 2559 2046
f 2046 2559 2558
f 2045 2551 2044
f 2044 2551 2550
f 2552 3713 2553
f 2553 3713 3704
f 2540 3714 2541
f 2541 3714 3715
f 2043 2539 2042
f 2042 2539 2538
f 2041 2535 2040
f 2040 2535 2534
f 2536 3716 2537
f 2537 3716 3717
f 2528 3703 2529
f 2529 3703 3718
f 2039 2527 2038
f 2038 2527 2526
f 3719 2205 3720
f 3720 2205 2204
f 2202 3721 2203
f 2203 3721 3722
f 2192 3699 2193
f 2193 3699 3723
f 3700 2191 3724
f 3724 2191 2190
f 2212 3725 2213
f 2213 3725 3726
f 3727 2211 3728
f 3728 2211 2210
f 2220 3729 2221
f 2221 3729 3730
f 3731 2219 3732
f 3732 2219 2218
f 3733 2155 3734
f 3734 2155 2154
f 2156 3735 2157
f 2157 3735 3736
f 3737 2159 3738
f 3738 2159 2158
f 2160 3739 2161
f 2161 3739 3740
f 2164 3741 2165
f 2165 3741 3742
f 3743 2163 3744
f 3744 2163 2162
f 2176 3745 2177
f 2177 3745 3746
f 3747 2175 3748
f 3748 2175 2174
f 2180 3749 2181
f 2181 3749 3750
f 3751 2179 3752
f 3752 2179 2178
f 3753 2187 3701
f 3701 2187 2186
f 2188 3754 2189
f 2189 3754 3702
f 3212 3275 3213
f 3213 3275 3274
f 2704 3755 2705
f 2705 3755 3756
f 3276 2703 3277
f 3277 2703 2702
f 2996 3211 2997
f 2997 3211 3210
f 3328 2995 3329
f 3329 2995 2994
f 3288 3327 3289
f 3289 3327 3326
f 3280 3287 3281
f 3281 3287 3286
f 3338 3279 3339
f 3339 3279 3278
f 3290 3341 3291
f 3291 3341 3340
f 3344 3293 3345
f 3345 3293 3292
f 3757 2647 3758
f 3758 2647 2646
f 2648 3343 2649
f 2649 3343 3342
f 3498 3453 3499
f 3499 3453 3452
f 3695 2663 3759
f 3759 2663 2662
f 2664 3497 2665
f 2665 3497 3496
f 3454 3493 3455
f 3455 3493 3492
f 3494 3011 3495
f 3495 3011 3010
f 3012 3387 3013
f 3013 3387 3386
f 3388 2881 3389
f 3389 2881 2880
f 2878 3033 2879
f 2879 3033 3032
f 3030 2999 3031
f 3031 2999 2998
f 3000 3363 3001
f 3001 3363 3362
f 2700 3696 2701
f 2701 3696 3760
f 3364 2699 3365
f 3365 2699 2698
f 2938 3091 2939
f 2939 3091 3090
f 3761 2639 3762
f 3762 2639 2638
f 2640 2941 2641
f 2641 2941 2940
f 3092 2935 3093
f 3093 2935 2934
f 2936 3187 2937
f 2937 3187 3186
f 3188 3087 3189
f 3189 3087 3086
f 3088 2967 3089
f 3089 2967 2966
f 2968 2951 2969
f 2969 2951 2950
f 2952 3071 2953
f 2953 3071 3070
f 3072 3647 3073
f 3073 3647 3646
f 2712 3763 2713
f 2713 3763 3764
f 3648 2711 3649
f 3649 2711 2710
f 3478 3439 3479
f 3479 3439 3438
f 3765 2645 3766
f 3766 2645 2644
f 2642 3477 2643
f 2643 3477 3476
f 3436 3579 3437
f 3437 3579 3578
f 3576 3447 3577
f 3577 3447 3446
f 3444 3019 3445
f 3445 3019 3018
f 3020 3063 3021
f 3021 3063 3062
f 3064 2971 3065
f 3065 2971 2970
f 2972 2875 2973
f 2973 2875 2874
f 2876 2979 2877
f 2877 2979 2978
f 2724 3767 2725
f 2725 3767 3768
f 2980 2723 2981
f 2981 2723 2722
f 2280 2899 2281
f 2281 2899 2898
f 2728 3769 2729
f 2729 3769 3770
f 2900 2727 2901
f 2901 2727 2726
f 2808 2279 2809
f 2809 2279 2278
f 2844 2807 2845
f 2845 2807 2806
f 3168 2843 3169
f 3169 2843 2842
f 2908 3167 2909
f 2909 3167 3166
f 2856 2907 2857
f 2857 2907 2906
f 2916 2855 2917
f 2917 2855 2854
f 3136 2915 3137
f 3137 2915 2914
f 3771 2627 3772
f 3772 2627 2626
f 2628 3135 2629
f 2629 3135 3134
f 2100 2655 2101
f 2101 2655 2654
f 2732 3773 2733
f 2733 3773 3774
f 2656 2731 2657
f 2657 2731 2730
f 2652 2099 2653
f 2653 2099 2098
f 2672 2651 2673
f 2673 2651 2650
f 2126 2671 2127
f 2127 2671 2670
f 2858 2129 2859
f 2859 2129 2128
f 2096 2861 2097
f 2097 2861 2860
f 2676 2095 2677
f 2677 2095 2094
f 2136 2675 2137
f 2137 2675 2674
f 3775 2623 3776
f 3776 2623 2622
f 2624 2135 2625
f 2625 2135 2134
f 2088 2499 2089
f 2089 2499 2498
f 3777 2619 3778
f 3778 2619 2618
f 2620 2087 2621
f 2621 2087 2086
f 2500 2575 2501
f 2501 2575 2574
f 2576 2567 2577
f 2577 2567 2566
f 2568 2495 2569
f 2569 2495 2494
f 2496 2631 2497
f 2497 2631 2630
f 2632 2439 2633
f 2633 2439 2438
f 2440 2555 2441
f 2441 2555 2554
f 2556 2445 2557
f 2557 2445 2444
f 2744 3779 2745
f 2745 3779 3780
f 2442 2743 2443
f 2443 2743 2742
f 2416 2423 2417
f 2417 2423 2422
f 3781 2607 3782
f 3782 2607 2606
f 2608 2415 2609
f 2609 2415 2414
f 2424 2355 2425
f 2425 2355 2354
f 2356 2403 2357
f 2357 2403 2402
f 2404 2411 2405
f 2405 2411 2410
f 2412 2347 2413
f 2413 2347 2346
f 2348 2741 2349
f 2349 2741 2740
f 2738 2259 2739
f 2739 2259 2258
f 2260 3085 2261
f 2261 3085 3084
f 2752 3783 2753
f 2753 3783 3784
f 3082 2751 3083
f 3083 2751 2750
f 2172 2119 2173
f 2173 2119 2118
f 3785 2595 3786
f 3786 2595 2594
f 2596 2171 2597
f 2597 2171 2170
f 2120 2207 2121
f 2121 2207 2206
f 2208 2547 2209
f 2209 2547 2546
f 2548 2115 2549
f 2549 2115 2114
f 2116 2719 2117
f 2117 2719 2718
f 2720 2077 2721
f 2721 2077 2076
f 2074 2083 2075
f 2075 2083 2082
f 2084 2079 2085
f 2085 2079 2078
f 2754 3787 2755
f 2755 3787 3788
f 2080 2757 2081
f 2081 2757 2756
f 2778 2771 2779
f 2779 2771 2770
f 2764 3789 2765
f 2765 3789 3697
f 2772 2763 2773
f 2773 2763 2762
f 2784 2781 2785
f 2785 2781 2780
f 2256 2783 2257
f 2257 2783 2782
f 2246 2255 2247
f 2247 2255 2254
f 2250 2249 2251
f 2251 2249 2248
f 2236 2253 2237
f 2237 2253 2252
f 2232 2235 2233
f 2233 2235 2234
f 2222 2231 2223
f 2223 2231 2230
f 3790 2591 3698
f 3698 2591 2590
f 2592 2225 2593
f 2593 2225 2224
f 2828 2775 2829
f 2829 2775 2774
f 2816 3791 2817
f 2817 3791 3792
f 2776 2815 2777
f 2777 2815 2814
f 2768 2827 2769
f 2769 2827 2826
f 2148 2767 2149
f 2149 2767 2766
f 2792 2147 2793
f 2793 2147 2146
f 2200 2791 2201
f 2201 2791 2790
f 3196 2199 3197
f 3197 2199 2198
f 2668 3195 2669
f 2669 3195 3194
f 2716 2667 2717
f 2717 2667 2666
f 3793 2447 3794
f 3794 2447 2446
f 2448 2715 2449
f 2449 2715 2714
f 2464 2599 2465
f 2465 2599 2598
f 3691 2455 3795
f 3795 2455 2454
f 2456 2463 2457
f 2457 2463 2462
f 2600 2067 2601
f 2601 2067 2066
f 2068 2307 2069
f 2069 2307 2306
f 2308 2321 2309
f 2309 2321 2320
f 2318 2315 2319
f 2319 2315 2314
f 2316 2543 2317
f 2317 2543 2542
f 2544 2475 2545
f 2545 2475 2474
f 2476 2615 2477
f 2477 2615 2614
f 2812 3692 2813
f 2813 3692 3796
f 2616 2811 2617
f 2617 2811 2810
f 2824 3143 2825
f 2825 3143 3142
f 3797 2451 3798
f 3798 2451 2450
f 2452 2823 2453
f 2453 2823 2822
f 3144 2931 3145
f 3145 2931 2930
f 2932 2287 2933
f 2933 2287 2286
f 2288 2749 2289
f 2289 2749 2748
f 2746 2227 2747
f 2747 2227 2226
f 2228 2831 2229
f 2229 2831 2830
f 2832 3099 2833
f 2833 3099 3098
f 3100 2847 3101
f 3101 2847 2846
f 2820 3799 2821
f 2821 3799 3800
f 2848 2819 2849
f 2849 2819 2818
f 3024 2987 3025
f 3025 2987 2986
f 3801 2435 3802
f 3802 2435 2434
f 2436 3023 2437
f 2437 3023 3022
f 2988 3299 2989
f 2989 3299 3298
f 3300 2611 3301
f 3301 2611 2610
f 2612 2471 2613
f 2613 2471 2470
f 2472 2603 2473
f 2473 2603 2602
f 2604 3557 2605
f 2605 3557 3556
f 3558 3059 3559
f 3559 3059 3058
f 3060 3403 3061
f 3061 3403 3402
f 2836 3803 2837
f 2837 3803 3804
f 3404 2835 3405
f 3405 2835 2834
f 3128 3175 3129
f 3129 3175 3174
f 2840 3805 2841
f 2841 3805 3806
f 3176 2839 3177
f 3177 2839 2838
f 3080 3127 3081
f 3081 3127 3126
f 2708 3079 2709
f 2709 3079 3078
f 2272 2707 2273
f 2273 2707 2706
f 2760 2271 2761
f 2761 2271 2270
f 3625 2759 3626
f 3626 2759 2758
f 3076 3624 3077
f 3077 3624 3623
f 3156 3075 3157
f 3157 3075 3074
f 3807 2431 3808
f 3808 2431 2430
f 2432 3155 2433
f 2433 3155 3154
f 3256 3267 3257
f 3257 3267 3266
f 2852 3809 2853
f 2853 3809 3810
f 3268 2851 3269
f 3269 2851 2850
f 3316 3255 3317
f 3317 3255 3254
f 3486 3315 3487
f 3487 3315 3314
f 3434 3485 3435
f 3435 3485 3484
f 3040 3433 3041
f 3041 3433 3432
f 2984 3039 2985
f 2985 3039 3038
f 3232 2983 3233
f 3233 2983 2982
f 3216 3231 3217
f 3217 3231 3230
f 3811 2427 3812
f 3812 2427 2426
f 2428 3215 2429
f 2429 3215 3214
f 3008 3427 3009
f 3009 3427 3426
f 2864 3813 2865
f 2865 3813 3814
f 3428 2863 3429
f 3429 2863 2862
f 3466 3007 3467
f 3467 3007 3006
f 3028 3465 3029
f 3029 3465 3464
f 3252 3027 3253
f 3253 3027 3026
f 3360 3251 3361
f 3361 3251 3250
f 3016 3359 3017
f 3017 3359 3358
f 3376 3015 3377
f 3377 3015 3014
f 3004 3375 3005
f 3005 3375 3374
f 3815 2407 3816
f 3816 2407 2406
f 2408 3003 2409
f 2409 3003 3002
f 3036 3513 3037
f 3037 3513 3512
f 2692 3817 2693
f 2693 3817 3693
f 3514 2691 3515
f 3515 2691 2690
f 3516 3035 3517
f 3517 3035 3034
f 3382 3519 3383
f 3383 3519 3518
f 2868 3385 2869
f 2869 3385 3384
f 3420 2867 3421
f 3421 2867 2866
f 3542 3419 3543
f 3543 3419 3418
f 3574 3541 3575
f 3575 3541 3540
f 3598 3573 3599
f 3599 3573 3572
f 3818 2659 3694
f 3694 2659 2658
f 2660 3597 2661
f 2661 3597 3596
f 3044 3521 3045
f 3045 3521 3520
f 3819 2399 3820
f 3820 2399 2398
f 2400 3043 2401
f 2401 3043 3042
f 3522 3055 3523
f 3523 3055 3054
f 3056 2947 3057
f 3057 2947 2946
f 2948 3163 2949
f 2949 3163 3162
f 3164 2963 3165
f 3165 2963 2962
f 2964 3047 2965
f 2965 3047 3046
f 3048 3533 3049
f 3049 3533 3532
f 3534 3067 3535
f 3535 3067 3066
f 3656 3620 3657
f 3657 3620 3619
f 3821 2391 3822
f 3822 2391 2390
f 2392 3263 2393
f 2393 3263 3262
f 3264 3655 3265
f 3265 3655 3654
f 3621 2991 3622
f 3622 2991 2990
f 2992 3307 2993
f 2993 3307 3306
f 3308 3243 3309
f 3309 3243 3242
f 3244 2927 3245
f 3245 2927 2926
f 2928 3638 2929
f 2929 3638 3637
f 3635 3611 3636
f 3636 3611 3610
f 3608 2685 3609
f 3609 2685 2684
f 3823 2687 2686
f 3823 2686 3824
f 3823 3824 3825
f 3823 3825 3826
f 3826 3825 2682
f 2682 3825 2683
f 3068 2689 3069
f 3069 2689 2688
f 2524 3827 2525
f 2525 3827 3828
f 3829 2487 3830
f 3830 2487 2486
f 2489 2523 2488
f 2488 2523 2522
f 3687 2505 3831
f 3831 2505 2504
f 2506 3688 2507
f 2507 3688 3832
f 2503 2509 2502
f 2502 2509 2508
f 2518 3833 2519
f 2519 3833 3689
f 3834 2485 3690
f 3690 2485 2484
f 2483 2521 2482
f 2482 2521 2520
f 2352 3835 2353
f 2353 3835 3836
f 2736 2351 2737
f 2737 2351 2350
f 2104 2735 2105
f 2105 2735 2734
f 2196 2103 2197
f 2197 2103 2102
f 3837 2467 3838
f 3838 2467 2466
f 2468 2195 2469
f 2469 2195 2194
f 3683 2479 3839
f 3839 2479 2478
f 2480 2387 2481
f 2481 2387 2386
f 2388 2379 2389
f 2389 2379 2378
f 2380 2375 2381
f 2381 2375 2374
f 2372 3684 2373
f 2373 3684 3840
f 2376 2371 2377
f 2377 2371 2370
f 2368 3841 2369
f 2369 3841 3685
f 3204 2367 3205
f 3205 2367 2366
f 2384 3203 2385
f 2385 3203 3202
f 2284 2383 2285
f 2285 2383 2382
f 3842 2459 3686
f 3686 2459 2458
f 2460 2283 2461
f 2461 2283 2282
f 2800 3843 2801
f 2801 3843 3844
f 2064 2799 2065
f 2065 2799 2798
f 2216 2063 2217
f 2217 2063 2062
f 3116 2215 3117
f 3117 2215 2214
f 3845 2335 3846
f 3846 2335 2334
f 2336 3115 2337
f 2337 3115 3114
f 3679 2339 3847
f 3847 2339 2338
f 2340 2311 2341
f 2341 2311 2310
f 2312 2295 2313
f 2313 2295 2294
f 2296 2291 2297
f 2297 2291 2290
f 2796 3680 2797
f 2797 3680 3848
f 2292 2795 2293
f 2293 2795 2794
f 2804 3849 2805
f 2805 3849 3681
f 2396 2803 2397
f 2397 2803 2802
f 2344 2395 2345
f 2345 2395 2394
f 2332 2343 2333
f 2333 2343 2342
f 3850 2327 3682
f 3682 2327 2326
f 2328 2331 2329
f 2329 2331 2330
f 3107 3851 3106
f 3106 3851 3852
f 3853 3108 3854
f 3854 3108 3109
f 3855 3094 3675
f 3675 3094 3095
f 3097 3856 3096
f 3096 3856 3676
f 3857 3104 3858
f 3858 3104 3105
f 3103 3859 3102
f 3102 3859 3860
f 3861 3110 3862
f 3862 3110 3111
f 3113 3863 3112
f 3112 3863 3864
f 3121 3865 3120
f 3120 3865 3866
f 3867 3118 3868
f 3868 3118 3119
f 3123 3869 3122
f 3122 3869 3870
f 3871 3124 3872
f 3872 3124 3125
f 3873 3234 3874
f 3874 3234 3235
f 3237 3875 3236
f 3236 3875 3876
f 3877 3222 3878
f 3878 3222 3223
f 3225 3879 3224
f 3224 3879 3880
f 3881 3218 3882
f 3882 3218 3219
f 3221 3883 3220
f 3220 3883 3884
f 3209 3677 3208
f 3208 3677 3885
f 3678 3206 3886
f 3886 3206 3207
f 3229 3887 3228
f 3228 3887 3888
f 3889 3226 3890
f 3890 3226 3227
f 3891 3138 3892
f 3892 3138 3139
f 3141 3893 3140
f 3140 3893 3894
f 3131 3671 3130
f 3130 3671 3895
f 3672 3132 3896
f 3896 3132 3133
f 3147 3897 3146
f 3146 3897 3898
f 3899 3148 3900
f 3900 3148 3149
f 3153 3901 3152
f 3152 3901 3902
f 3903 3150 3904
f 3904 3150 3151
f 3905 3158 3906
f 3906 3158 3159
f 3161 3907 3160
f 3160 3907 3908
f 3909 3170 3910
f 3910 3170 3171
f 3173 3911 3172
f 3172 3911 3912
f 3181 3913 3180
f 3180 3913 3914
f 3915 3178 3916
f 3916 3178 3179
f 3185 3917 3184
f 3184 3917 3918
f 3919 3182 3920
f 3920 3182 3183
f 3193 3921 3192
f 3192 3921 3922
f 3923 3190 3924
f 3924 3190 3191
f 3925 3198 3673
f 3673 3198 3199
f 3201 3926 3200
f 3200 3926 3674
f 3 4 3456
f 3456 4 6
f 3456 6 3457
f 3458 3927 3459
f 3459 3927 3928
f 3448 3666 3449
f 3449 3666 3929
f 3667 3451 3930
f 3930 3451 3450
f 3670 3443 3931
f 3931 3443 3442
f 3440 3431 3441
f 3441 3431 3430
f 3468 3932 3469
f 3469 3932 3933
f 16 14 3470
f 3470 14 13
f 3470 13 3471
f 9 10 3422
f 3422 10 12
f 3422 12 3423
f 3424 2123 3425
f 3425 2123 2122
f 3474 3934 3475
f 3475 3934 3935
f 2124 3473 2125
f 2125 3473 3472
f 3482 3936 3483
f 3483 3936 3937
f 2130 3481 2131
f 2131 3481 3480
f 2036 2109 2037
f 2037 2109 2108
f 2106 2133 2107
f 2107 2133 2132
f 2034 2183 2035
f 2035 2183 2182
f 2184 2303 2185
f 2185 2303 2302
f 3490 3938 3491
f 3491 3938 3939
f 2304 3489 2305
f 2305 3489 3488
f 3940 3417 3941
f 3941 3417 3416
f 3414 3409 3415
f 3415 3409 3408
f 3406 2891 3407
f 3407 2891 2890
f 2892 2243 2893
f 2893 2243 2242
f 3502 3942 3503
f 3503 3942 3943
f 2244 3501 2245
f 2245 3501 3500
f 3510 3944 3511
f 3511 3944 3668
f 2896 3509 2897
f 2897 3509 3508
f 2888 2895 2889
f 2889 2895 2894
f 2882 2887 2883
f 2883 2887 2886
f 3945 3397 3669
f 3669 3397 3396
f 3394 2885 3395
f 3395 2885 2884
f 3946 3399 3947
f 3947 3399 3398
f 3400 2113 3401
f 3401 2113 2112
f 2110 2323 2111
f 2111 2323 2322
f 2324 2955 2325
f 2325 2955 2954
f 3506 3948 3507
f 3507 3948 3949
f 2956 3505 2957
f 2957 3505 3504
f 3324 3950 3325
f 3325 3950 3951
f 3594 3323 3595
f 3595 3323 3322
f 3412 3593 3413
f 3413 3593 3592
f 2584 3411 2585
f 2585 3411 3410
f 3952 3569 3953
f 3953 3569 3568
f 3570 2583 3571
f 3571 2583 2582
f 3662 3581 3954
f 3954 3581 3580
f 3582 2267 3583
f 3583 2267 2266
f 2268 2263 2269
f 2269 2263 2262
f 2264 3239 2265
f 2265 3239 3238
f 3320 3663 3321
f 3321 3663 3955
f 3240 3319 3241
f 3241 3319 3318
f 3956 3565 3957
f 3957 3565 3564
f 3566 2679 3567
f 3567 2679 2678
f 2680 2923 2681
f 2681 2923 2922
f 2924 3051 2925
f 2925 3051 3050
f 3336 3958 3337
f 3337 3958 3959
f 3052 3335 3053
f 3053 3335 3334
f 3960 3561 3961
f 3961 3561 3560
f 3562 2871 3563
f 3563 2871 2870
f 2872 2943 2873
f 2873 2943 2942
f 2944 2959 2945
f 2945 2959 2958
f 3348 3962 3349
f 3349 3962 3963
f 2960 3347 2961
f 2961 3347 3346
f 3352 3964 3353
f 3353 3964 3965
f 2788 3351 2789
f 2789 3351 3350
f 2276 2787 2277
f 2277 2787 2786
f 3462 2275 3463
f 3463 2275 2274
f 3966 3553 3967
f 3967 3553 3552
f 3554 3461 3555
f 3555 3461 3460
f 3356 3968 3357
f 3357 3968 3969
f 2636 3355 2637
f 2637 3355 3354
f 2092 2635 2093
f 2093 2635 2634
f 2696 2091 2697
f 2697 2091 2090
f 3970 3545 3971
f 3971 3545 3544
f 3546 2695 3547
f 3547 2695 2694
f 3972 3549 3973
f 3973 3549 3548
f 3550 2531 3551
f 3551 2531 2530
f 2532 2071 2533
f 2533 2071 2070
f 2072 2419 2073
f 2073 2419 2418
f 3372 3974 3373
f 3373 3974 3975
f 2420 3371 2421
f 2421 3371 3370
f 3976 3537 3977
f 3977 3537 3536
f 3538 2299 3539
f 3539 2299 2298
f 2300 2359 2301
f 2301 2359 2358
f 2360 2491 2361
f 2361 2491 2490
f 3368 3978 3369
f 3369 3978 3979
f 2492 3367 2493
f 2493 3367 3366
f 3980 3529 3981
f 3981 3529 3528
f 3530 2059 3531
f 3531 2059 2058
f 2060 2563 2061
f 2061 2563 2562
f 2564 2363 2565
f 2565 2363 2362
f 3380 3982 3381
f 3381 3982 3983
f 2364 3379 2365
f 2365 3379 3378
f 3392 3984 3393
f 3393 3984 3664
f 2920 3391 2921
f 2921 3391 3390
f 2912 2919 2913
f 2913 2919 2918
f 2904 2911 2905
f 2905 2911 2910
f 3985 3525 3665
f 3665 3525 3524
f 3526 2903 3527
f 3527 2903 2902
f 3618 1348 3986
f 3986 1348 1651
f 3645 1353 3987
f 3987 1353 1949
f 3652 3988 3653
f 3653 3988 3989
f 3987 3651 3645
f 3645 3651 3643
f 3651 3650 3643
f 3643 3650 3644
f 3246 3658 3247
f 3247 3658 3990
f 3659 3249 3991
f 3991 3249 3248
f 3992 3630 3993
f 3993 3630 3629
f 3627 3640 3628
f 3628 3640 3639
f 3258 3994 3259
f 3259 3994 3995
f 3641 3261 3642
f 3642 3261 3260
f 3996 3632 3997
f 3997 3632 3631
f 3633 2151 3634
f 3634 2151 2150
f 3272 3998 3273
f 3273 3998 3999
f 2152 3271 2153
f 2153 3271 3270
f 3284 4000 3285
f 3285 4000 4001
f 2166 3283 2167
f 2167 3283 3282
f 3612 2169 3613
f 3613 2169 2168
f 3986 3615 3618
f 3618 3615 3616
f 3615 3614 3616
f 3616 3614 3617
f 4002 3603 4003
f 4003 3603 3602
f 3600 3605 3601
f 3601 3605 3604
f 3606 2143 3607
f 3607 2143 2142
f 2144 3331 2145
f 2145 3331 3330
f 3296 4004 3297
f 3297 4004 4005
f 3332 3295 3333
f 3333 3295 3294
f 4006 3589 4007
f 4007 3589 3588
f 3590 2139 3591
f 3591 2139 2138
f 2140 2975 2141
f 2141 2975 2974
f 2976 2511 2977
f 2977 2511 2510
f 3304 4008 3305
f 3305 4008 4009
f 2512 3303 2513
f 2513 3303 3302
f 3312 4010 3313
f 3313 4010 3660
f 2056 3311 2057
f 2057 3311 3310
f 2516 2055 2517
f 2517 2055 2054
f 2238 2515 2239
f 2239 2515 2514
f 4011 3587 3661
f 3661 3587 3586
f 3584 2241 3585
f 3585 2241 2240
f 1948 3991 1395
f 1395 3991 3248
f 1396 3247 1397
f 1397 3247 3990
f 1391 1398 3652
f 3652 1398 3988
f 1949 1394 3987
f 3987 1394 3651
f 1651 1604 3986
f 3986 1604 3615
f 1601 1608 3612
f 3612 1608 2169
f 1776 2022 3284
f 3284 2022 4000
f 1772 1775 2166
f 2166 1775 3283
f 1804 3273 2023
f 2023 3273 3999
f 1773 2153 1774
f 1774 2153 3270
f 1650 3997 1605
f 1605 3997 3631
f 1606 3634 1607
f 1607 3634 2150
f 1649 1634 3996
f 3996 1634 3632
f 1633 1638 3633
f 3633 1638 2151
f 1803 2024 3272
f 3272 2024 3998
f 1799 1802 2152
f 2152 1802 3271
f 1808 3259 2025
f 2025 3259 3995
f 1800 3642 1801
f 1801 3642 3260
f 1648 3993 1635
f 1635 3993 3629
f 1636 3628 1637
f 1637 3628 3639
f 1747 2167 1748
f 1748 2167 3282
f 1777 3285 2021
f 2021 3285 4001
f 1602 3613 1631
f 1631 3613 2168
f 1350 3617 1603
f 1603 3617 3614
f 1751 3297 2019
f 2019 3297 4005
f 1723 3333 1724
f 1724 3333 3294
f 1628 2145 1722
f 1722 2145 3330
f 1653 3607 1629
f 1629 3607 2142
f 1921 4003 1523
f 1523 4003 3602
f 1524 3601 1525
f 1525 3601 3604
f 1922 1522 4006
f 4006 1522 3589
f 1519 1526 3590
f 3590 1526 2139
f 1793 1795 2140
f 2140 1795 2975
f 1797 1721 2976
f 2976 1721 2511
f 1726 2018 3304
f 3304 2018 4008
f 1720 1725 2512
f 2512 1725 3303
f 1727 3305 2017
f 2017 3305 4009
f 1693 2513 1694
f 1694 2513 3302
f 1798 2977 1692
f 1692 2977 2510
f 1794 2141 1796
f 1796 2141 2974
f 1923 4007 1521
f 1521 4007 3588
f 1520 3591 1656
f 1656 3591 2138
f 1924 1655 4011
f 4011 1655 3587
f 1654 1657 3584
f 3584 1657 2241
f 1771 1768 2238
f 2238 1768 2515
f 1769 1622 2516
f 2516 1622 2055
f 1697 2016 3312
f 3312 2016 4010
f 1623 1695 2056
f 2056 1695 3311
f 140 2541 141
f 141 2541 3715
f 1194 2042 1190
f 1190 2042 2538
f 1193 1186 2045
f 2045 1186 2551
f 139 138 2552
f 2552 138 3713
f 1045 2561 1040
f 1040 2561 3712
f 1178 2046 1174
f 1174 2046 2558
f 1177 1164 2049
f 2049 1164 2571
f 1044 1043 2572
f 2572 1043 3709
f 1392 3653 2027
f 2027 3653 3989
f 1352 3644 1393
f 1393 3644 3650
f 1545 3337 2009
f 2009 3337 3959
f 1536 3053 1543
f 1543 3053 3334
f 1688 2925 1537
f 1537 2925 3050
f 1689 2681 1685
f 1685 2681 2922
f 1416 3957 1643
f 1643 3957 3564
f 1644 3567 1645
f 1645 3567 2678
f 1661 1642 3960
f 3960 1642 3561
f 1639 1615 3562
f 3562 1615 2871
f 1616 1617 2872
f 2872 1617 2943
f 1618 1585 2944
f 2944 1585 2959
f 1546 2008 3348
f 3348 2008 3962
f 1548 1547 2960
f 2960 1547 3347
f 1579 3349 2007
f 2007 3349 3963
f 1583 2961 1578
f 1578 2961 3346
f 1619 2945 1584
f 1584 2945 2958
f 1609 2873 1610
f 1610 2873 2942
f 1660 3961 1641
f 1641 3961 3560
f 1640 3563 1614
f 1614 3563 2870
f 1414 1659 3966
f 3966 1659 3553
f 1658 1613 3554
f 3554 1613 3461
f 1612 1611 3462
f 3462 1611 2275
f 1620 1679 2276
f 2276 1679 2787
f 1580 2006 3352
f 3352 2006 3964
f 1582 1581 2788
f 2788 1581 3351
f 1710 3357 2003
f 2003 3357 3969
f 1706 2637 1709
f 1709 2637 3354
f 1702 2093 1707
f 1707 2093 2634
f 1699 2697 1701
f 1701 2697 2090
f 1666 3971 1574
f 1574 3971 3544
f 1573 3547 1700
f 1700 3547 2694
f 1406 1665 3972
f 3972 1665 3549
f 1664 2028 3550
f 3550 2028 2531
f 1705 1704 2532
f 2532 1704 2071
f 1703 1736 2072
f 2072 1736 2419
f 1711 2002 3372
f 3372 2002 3974
f 1713 1712 2420
f 2420 1712 3371
f 1681 3353 2005
f 2005 3353 3965
f 1677 2789 1680
f 1680 2789 3350
f 1672 2277 1678
f 1678 2277 2786
f 1676 3463 1671
f 1671 3463 2274
f 1407 3967 1408
f 1408 3967 3552
f 1575 3555 1576
f 1576 3555 3460
f 1410 1409 3970
f 3970 1409 3545
f 1572 1577 3546
f 3546 1577 2695
f 1675 1674 2696
f 2696 1674 2091
f 1673 1708 2092
f 2092 1708 2635
f 1682 2004 3356
f 3356 2004 3968
f 1684 1683 2636
f 2636 1683 3355
f 1247 3732 1128
f 1128 3732 2218
f 1129 2221 1130
f 1130 2221 3730
f 1100 1131 2156
f 2156 1131 3735
f 1248 1099 3733
f 3733 1099 2155
f 2174 1142 3748
f 3748 1142 1253
f 3746 1146 2177
f 2177 1146 1141
f 1122 1147 2180
f 2180 1147 3749
f 1254 1121 3751
f 3751 1121 2179
f 1763 3369 1999
f 1999 3369 3979
f 1759 2493 1762
f 1762 2493 3366
f 1755 2361 1760
f 1760 2361 2490
f 1752 2301 1754
f 1754 2301 2358
f 1670 3977 1568
f 1568 3977 3536
f 1567 3539 1753
f 1753 3539 2298
f 1515 1669 3980
f 3980 1669 3529
f 1668 1779 3530
f 3530 1779 2059
f 1758 1757 2060
f 2060 1757 2563
f 1756 1787 2564
f 2564 1787 2363
f 1764 1998 3380
f 3380 1998 3982
f 1766 1765 2364
f 2364 1765 3379
f 1738 3373 2001
f 2001 3373 3975
f 1734 2421 1737
f 1737 2421 3370
f 1729 2073 1735
f 1735 2073 2418
f 1733 2533 1728
f 1728 2533 2070
f 1399 3973 1400
f 1400 3973 3548
f 1569 3551 1570
f 1570 3551 2530
f 3537 3976 1401
f 1401 3976 1402
f 2299 3538 1571
f 1571 3538 1566
f 2359 2300 1731
f 1731 2300 1732
f 2491 2360 1761
f 1761 2360 1730
f 3978 3368 2000
f 2000 3368 1739
f 3367 2492 1740
f 1740 2492 1741
f 378 3129 438
f 438 3129 3174
f 1224 2841 1233
f 1233 2841 3806
f 441 3177 1225
f 1225 3177 2838
f 379 3081 375
f 375 3081 3126
f 449 2709 445
f 445 2709 3078
f 590 2273 591
f 591 2273 2706
f 269 2761 270
f 270 2761 2270
f 453 3626 268
f 268 3626 2758
f 386 3077 387
f 387 3077 3623
f 461 3157 385
f 385 3157 3074
f 1306 3808 397
f 397 3808 2430
f 398 2433 399
f 399 2433 3154
f 3231 3216 384
f 384 3216 390
f 2427 3811 396
f 396 3811 1307
f 3215 2428 389
f 389 2428 394
f 2983 3232 380
f 380 3232 383
f 3039 2984 267
f 267 2984 381
f 3433 3040 271
f 271 3040 266
f 3485 3434 588
f 588 3434 589
f 3315 3486 370
f 370 3486 448
f 3255 3316 79
f 79 3316 371
f 3267 3256 364
f 364 3256 80
f 3809 2852 1234
f 1234 2852 1229
f 2851 3268 1232
f 1232 3268 365
f 2204 1156 3720
f 3720 1156 1245
f 3722 1162 2203
f 2203 1162 1155
f 1108 18 2212
f 2212 18 3725
f 1246 1107 3727
f 3727 1107 2211
f 1789 3381 1997
f 1997 3381 3983
f 1785 2365 1788
f 1788 2365 3378
f 1781 2565 1786
f 1786 2565 2362
f 1778 2061 1780
f 1780 2061 2562
f 1509 3981 1510
f 1510 3981 3528
f 1555 3531 1556
f 1556 3531 2058
f 1512 1511 3985
f 3985 1511 3525
f 1552 1557 3526
f 3526 1557 2903
f 1784 1783 2904
f 2904 1783 2911
f 1782 1807 2912
f 2912 1807 2919
f 1790 1996 3392
f 3392 1996 3984
f 1792 1791 2920
f 2920 1791 3391
f 1137 2161 1138
f 1138 2161 3740
f 1249 3738 1136
f 1136 3738 2158
f 3741 2164 1139
f 1139 2164 1132
f 2163 3743 1135
f 1135 3743 1250
f 1109 2213 20
f 20 2213 3726
f 1113 3728 1106
f 1106 3728 2210
f 3729 2220 1264
f 1264 2220 1110
f 2219 3731 1111
f 1111 3731 1112
f 3426 100 3009
f 3009 100 73
f 3814 1050 2865
f 2865 1050 1049
f 2862 102 3429
f 3429 102 101
f 3006 70 3467
f 3467 70 77
f 3464 105 3029
f 3029 105 519
f 3026 517 3253
f 3253 517 259
f 3250 255 3361
f 3361 255 254
f 3358 253 3017
f 3017 253 312
f 3014 226 3377
f 3377 226 225
f 3374 224 3005
f 3005 224 321
f 2406 985 3816
f 3816 985 26
f 3002 318 2409
f 2409 318 325
f 74 99 3534
f 3534 99 3067
f 1046 1051 2686
f 2686 1051 3824
f 96 103 3068
f 3068 103 2689
f 76 75 3048
f 3048 75 3533
f 172 104 2964
f 2964 104 3047
f 260 171 3164
f 3164 171 2963
f 251 256 2948
f 2948 256 3163
f 229 252 3056
f 3056 252 2947
f 221 227 3522
f 3522 227 3055
f 322 223 3044
f 3044 223 3521
f 24 979 3819
f 3819 979 2399
f 324 323 2400
f 2400 323 3043
f 1551 3325 2011
f 2011 3325 3951
f 1540 3595 1541
f 1541 3595 3322
f 1716 3413 1539
f 1539 3413 3592
f 1717 2585 1714
f 1714 2585 3410
f 1418 3953 1419
f 1419 3953 3568
f 1597 3571 1718
f 1718 3571 2582
f 1415 1420 3956
f 3956 1420 3565
f 2029 1690 3566
f 3566 1690 2679
f 1691 1686 2680
f 2680 1686 2923
f 1687 1538 2924
f 2924 1538 3051
f 1544 2010 3336
f 3336 2010 3958
f 1535 1542 3052
f 3052 1542 3335
f 1123 2181 1261
f 1261 2181 3750
f 1127 3752 1120
f 1120 3752 2178
f 3754 2188 1260
f 1260 2188 1124
f 2187 3753 1125
f 1125 3753 1126
f 580 2829 581
f 581 2829 2774
f 1214 2817 1221
f 1221 2817 3792
f 644 2777 1215
f 1215 2777 2814
f 653 2769 579
f 579 2769 2826
f 655 2149 650
f 650 2149 2766
f 804 2793 805
f 805 2793 2146
f 287 2201 288
f 288 2201 2790
f 662 3197 286
f 286 3197 2198
f 598 2669 599
f 599 2669 3194
f 671 2717 597
f 597 2717 2666
f 999 3794 675
f 675 3794 2446
f 673 2449 668
f 668 2449 2714
f 602 596 2824
f 2824 596 3143
f 998 995 3797
f 3797 995 2451
f 672 601 2452
f 2452 601 2823
f 595 592 3144
f 3144 592 2931
f 593 285 2932
f 2932 285 2287
f 284 289 2288
f 2288 289 2749
f 803 802 2746
f 2746 802 2227
f 654 583 2228
f 2228 583 2831
f 584 578 2832
f 2832 578 3099
f 577 574 3100
f 3100 574 2847
f 1219 1222 2820
f 2820 1222 3799
f 575 1220 2848
f 2848 1220 2819
f 106 3535 98
f 98 3535 3066
f 1047 2687 1056
f 1056 2687 3823
f 97 3069 1048
f 1048 3069 2688
f 93 3049 94
f 94 3049 3532
f 173 2965 92
f 92 2965 3046
f 177 3165 170
f 170 3165 2962
f 249 2949 250
f 250 2949 3162
f 230 3057 248
f 248 3057 2946
f 222 3523 228
f 228 3523 3054
f 191 3045 192
f 192 3045 3520
f 984 3820 978
f 978 3820 2398
f 980 2401 190
f 190 2401 3042
f 3611 3635 43
f 43 3635 107
f 3826 2682 1057
f 1057 2682 1052
f 2685 3608 1055
f 1055 3608 44
f 3638 2928 95
f 95 2928 66
f 2927 3244 65
f 65 3244 174
f 3243 3308 175
f 175 3308 176
f 3307 2992 246
f 246 2992 217
f 2991 3621 216
f 216 3621 231
f 3620 3656 232
f 232 3656 195
f 3655 3264 193
f 193 3264 186
f 2391 3821 982
f 982 3821 983
f 3263 2392 189
f 189 2392 981
f 1589 3321 2013
f 2013 3321 3955
f 1561 3241 1586
f 1586 3241 3318
f 1565 2265 1558
f 1558 2265 3238
f 1744 2269 1742
f 1742 2269 2262
f 1927 3954 1529
f 1529 3954 3580
f 1528 3583 1599
f 1599 3583 2266
f 1928 1598 3952
f 3952 1598 3569
f 1596 1600 3570
f 3570 1600 2583
f 1719 1715 2584
f 2584 1715 3411
f 1564 1563 3412
f 3412 1563 3593
f 1550 2012 3324
f 3324 2012 3950
f 1562 1549 3594
f 3594 1549 3323
f 1824 2131 1817
f 1817 2131 3480
f 1820 3483 1667
f 1667 3483 3937
f 1877 2107 1878
f 1878 2107 2132
f 1955 2037 1876
f 1876 2037 2108
f 1956 1875 2034
f 2034 1875 2183
f 1872 1879 2184
f 2184 1879 2303
f 1821 1405 3490
f 3490 1405 3938
f 1823 1822 2304
f 2304 1822 3489
f 761 825 2172
f 2172 825 2119
f 1065 1059 3785
f 3785 1059 2595
f 763 762 2596
f 2596 762 2171
f 771 770 2120
f 2120 770 2207
f 769 828 2208
f 2208 828 2547
f 779 778 2548
f 2548 778 2115
f 777 832 2116
f 2116 832 2719
f 829 834 2720
f 2720 834 2077
f 836 864 2074
f 2074 864 2083
f 861 866 2084
f 2084 866 2079
f 144 151 2754
f 2754 151 3787
f 868 147 2080
f 2080 147 2757
f 820 2261 865
f 865 2261 3084
f 149 2753 150
f 150 2753 3784
f 915 3083 148
f 148 3083 2750
f 917 2739 821
f 821 2739 2258
f 780 2349 833
f 833 2349 2740
f 776 2413 781
f 781 2413 2346
f 772 2405 775
f 775 2405 2410
f 768 2357 773
f 773 2357 2402
f 764 2425 767
f 767 2425 2354
f 760 2417 765
f 765 2417 2422
f 1066 3782 756
f 756 3782 2606
f 755 2609 759
f 759 2609 2414
f 1833 3491 1404
f 1404 3491 3939
f 1837 2305 1832
f 1832 2305 3488
f 1957 2035 1874
f 1874 2035 2182
f 1873 2185 1880
f 1880 2185 2302
f 1388 3503 1389
f 1389 3503 3943
f 1883 2245 1387
f 1387 2245 3500
f 1859 2893 1882
f 1882 2893 2242
f 1863 3407 1856
f 1856 3407 2890
f 1991 3941 1813
f 1813 3941 3416
f 1814 3415 1815
f 1815 3415 3408
f 1992 1812 3946
f 3946 1812 3399
f 1809 1816 3400
f 3400 1816 2113
f 1862 1861 2110
f 2110 1861 2323
f 1860 1846 2324
f 2324 1846 2955
f 1383 1390 3506
f 3506 1390 3948
f 1847 1386 2956
f 2956 1386 3505
f 532 526 3024
f 3024 526 2987
f 996 990 3801
f 3801 990 2435
f 604 531 2436
f 2436 531 3023
f 525 522 2988
f 2988 522 3299
f 523 279 3300
f 3300 279 2611
f 278 283 2612
f 2612 283 2471
f 733 732 2472
f 2472 732 2603
f 586 512 2604
f 2604 512 3557
f 513 507 3558
f 3558 507 3059
f 506 503 3060
f 3060 503 3403
f 84 91 2836
f 2836 91 3803
f 504 87 3404
f 3404 87 2835
f 509 3101 510
f 510 3101 2846
f 89 2821 90
f 90 2821 3800
f 576 2849 88
f 88 2849 2818
f 585 2833 508
f 508 2833 3098
f 587 2229 582
f 582 2229 2830
f 734 2747 735
f 735 2747 2226
f 281 2289 282
f 282 2289 2748
f 594 2933 280
f 280 2933 2286
f 528 3145 529
f 529 3145 2930
f 603 2825 527
f 527 2825 3142
f 997 3798 994
f 994 3798 2450
f 605 2453 600
f 600 2453 2822
f 1841 2125 1838
f 1838 2125 3472
f 1839 3475 1412
f 1412 3475 3935
f 1888 3425 1842
f 1842 3425 2122
f 7 9 1890
f 1890 9 3422
f 1954 1889 2036
f 2036 1889 2109
f 1887 1886 2106
f 2106 1886 2133
f 1819 1411 3482
f 3482 1411 3936
f 1840 1818 2130
f 2130 1818 3481
f 1384 3507 1514
f 1514 3507 3949
f 1848 2957 1385
f 1385 2957 3504
f 1852 2325 1845
f 1845 2325 2954
f 1869 2111 1870
f 1870 2111 2322
f 1993 3947 1811
f 1811 3947 3398
f 1810 3401 1868
f 1868 3401 2112
f 1994 1896 3945
f 3945 1896 3397
f 1893 1867 3394
f 3394 1867 2885
f 1864 1871 2882
f 2882 1871 2887
f 1851 1850 2888
f 2888 1850 2895
f 1884 1513 3510
f 3510 1513 3944
f 1849 1885 2896
f 2896 1885 3509
f 1180 2581 1072
f 1072 2581 3708
f 1184 2050 1179
f 1179 2050 2578
f 1181 1071 2586
f 2586 1071 3705
f 1183 1182 2053
f 2053 1182 2589
f 690 766 2416
f 2416 766 2423
f 1309 757 3781
f 3781 757 2607
f 692 691 2608
f 2608 691 2415
f 701 700 2424
f 2424 700 2355
f 699 774 2356
f 2356 774 2403
f 709 708 2404
f 2404 708 2411
f 707 782 2412
f 2412 782 2347
f 717 716 2348
f 2348 716 2741
f 715 822 2738
f 2738 822 2259
f 754 753 2260
f 2260 753 3085
f 966 971 2752
f 2752 971 3783
f 752 967 3082
f 3082 967 2751
f 747 2557 750
f 750 2557 2444
f 969 2745 970
f 970 2745 3780
f 751 2443 968
f 968 2443 2742
f 714 2441 748
f 748 2441 2554
f 710 2633 713
f 713 2633 2438
f 706 2497 711
f 711 2497 2630
f 702 2569 705
f 705 2569 2494
f 698 2577 703
f 703 2577 2566
f 694 2501 697
f 697 2501 2574
f 689 2089 695
f 695 2089 2498
f 1308 3778 758
f 758 3778 2618
f 693 2621 688
f 688 2621 2086
f 1826 3469 1662
f 1662 3469 3933
f 17 16 1827
f 1827 16 3470
f 1953 3931 1592
f 1592 3931 3442
f 1591 3441 1844
f 1844 3441 3430
f 11 1891 12
f 12 1891 3423
f 1892 1843 3424
f 3424 1843 2123
f 1825 1413 3474
f 3474 1413 3934
f 1831 1830 2124
f 2124 1830 3473
f 1982 3930 1377
f 1377 3930 3450
f 1378 3449 1379
f 1379 3449 3929
f 1373 1380 3458
f 3458 1380 3927
f 5 1376 6
f 6 1376 3457
f 1 3 1375
f 1375 3 3456
f 1374 3459 1417
f 1417 3459 3928
f 1829 1663 3468
f 3468 1663 3932
f 15 1828 13
f 13 1828 3471
f 1105 3734 1098
f 1098 3734 2154
f 1101 2157 1263
f 1263 2157 3736
f 1102 1262 2160
f 2160 1262 3739
f 1104 1103 3737
f 3737 1103 2159
f 918 876 2222
f 2222 876 2231
f 1063 1062 3790
f 3790 1062 2591
f 1061 921 2592
f 2592 921 2225
f 873 878 2232
f 2232 878 2235
f 924 882 2236
f 2236 882 2253
f 879 884 2250
f 2250 884 2249
f 928 887 2246
f 2246 887 2255
f 840 839 2256
f 2256 839 2783
f 838 916 2784
f 2784 916 2781
f 872 871 2778
f 2778 871 2771
f 913 1324 2764
f 2764 1324 3789
f 870 914 2772
f 2772 914 2763
f 862 2085 867
f 867 2085 2078
f 145 2755 1272
f 1272 2755 3788
f 869 2081 146
f 146 2081 2756
f 837 2075 863
f 863 2075 2082
f 830 2721 835
f 835 2721 2076
f 931 2117 831
f 831 2117 2718
f 826 2549 883
f 883 2549 2114
f 927 2209 827
f 827 2209 2546
f 823 2121 877
f 877 2121 2206
f 923 2173 824
f 824 2173 2118
f 1064 3786 1058
f 1058 3786 2594
f 1060 2597 922
f 922 2597 2170
f 1481 1338 3181
f 3181 1338 3913
f 1962 1482 3915
f 3915 1482 3178
f 1460 1961 3171
f 3171 1961 3910
f 1480 1459 3912
f 3912 1459 3172
f 1484 1334 3185
f 3185 1334 3917
f 1964 1485 3919
f 3919 1485 3182
f 1486 1963 3179
f 3179 1963 3916
f 1337 1483 3914
f 3914 1483 3180
f 443 3061 444
f 444 3061 3402
f 85 2837 1227
f 1227 2837 3804
f 505 3405 86
f 86 3405 2834
f 514 3559 442
f 442 3559 3058
f 516 2605 511
f 511 2605 3556
f 658 2473 659
f 659 2473 2602
f 275 2613 276
f 276 2613 2470
f 524 3301 274
f 274 3301 2610
f 457 2989 458
f 458 2989 3298
f 533 3025 456
f 456 3025 2986
f 993 3802 989
f 989 3802 2434
f 535 2437 530
f 530 2437 3022
f 460 455 3156
f 3156 455 3075
f 992 991 3807
f 3807 991 2431
f 534 459 2432
f 2432 459 3155
f 454 451 3076
f 3076 451 3624
f 452 273 3625
f 3625 273 2759
f 272 277 2760
f 2760 277 2271
f 657 656 2272
f 2272 656 2707
f 515 446 2708
f 2708 446 3079
f 447 376 3080
f 3080 376 3127
f 377 439 3128
f 3128 439 3175
f 1223 1228 2840
f 2840 1228 3805
f 440 1226 3176
f 3176 1226 2839
f 606 2281 609
f 609 2281 2898
f 133 2729 1277
f 1277 2729 3770
f 137 2901 130
f 130 2901 2726
f 570 2809 607
f 607 2809 2278
f 566 2845 569
f 569 2845 2806
f 562 3169 567
f 567 3169 2842
f 558 2909 561
f 561 2909 3166
f 554 2857 559
f 559 2857 2906
f 550 2917 553
f 553 2917 2854
f 545 3137 551
f 551 3137 2914
f 1073 3772 1074
f 1074 3772 2626
f 549 2629 544
f 544 2629 3134
f 611 610 2100
f 2100 610 2655
f 134 1276 2732
f 2732 1276 3773
f 136 135 2656
f 2656 135 2731
f 571 682 2652
f 2652 682 2099
f 573 572 2672
f 2672 572 2651
f 563 636 2126
f 2126 636 2671
f 565 564 2858
f 2858 564 2129
f 555 628 2096
f 2096 628 2861
f 557 556 2676
f 2676 556 2095
f 546 620 2136
f 2136 620 2675
f 1070 1068 3775
f 3775 1068 2623
f 548 547 2624
f 2624 547 2135
f 1477 1476 3161
f 3161 1476 3907
f 1960 1478 3905
f 3905 1478 3158
f 2030 1959 3151
f 3151 1959 3904
f 1473 1479 3902
f 3902 1479 3152
f 1458 1950 3173
f 3173 1950 3911
f 1454 1453 3909
f 3909 1453 3170
f 1456 1455 3159
f 3159 1455 3906
f 1951 1457 3908
f 3908 1457 3160
f 1464 1463 3153
f 3153 1463 3901
f 1918 1465 3903
f 3903 1465 3150
f 1466 1917 3149
f 3149 1917 3900
f 1462 1461 3898
f 3898 1461 3146
f 199 198 3598
f 3598 198 3573
f 143 211 3818
f 3818 211 2659
f 208 214 2660
f 2660 214 3597
f 197 305 3574
f 3574 305 3541
f 219 153 3542
f 3542 153 3419
f 154 109 3420
f 3420 109 2867
f 110 159 2868
f 2868 159 3385
f 68 59 3382
f 3382 59 3519
f 60 168 3516
f 3516 168 3035
f 48 47 3036
f 3036 47 3513
f 1199 1278 2692
f 2692 1278 3817
f 46 1200 3514
f 3514 1200 2691
f 49 3636 42
f 42 3636 3610
f 1053 2683 1279
f 1279 2683 3825
f 45 3609 1054
f 1054 3609 2684
f 67 2929 169
f 169 2929 3637
f 69 3245 64
f 64 3245 2926
f 247 3309 450
f 450 3309 3242
f 218 2993 245
f 245 2993 3306
f 220 3622 215
f 215 3622 2990
f 196 3657 304
f 304 3657 3619
f 187 3265 194
f 194 3265 3654
f 142 3822 212
f 212 3822 2390
f 213 2393 188
f 188 2393 3262
f 1469 1472 3147
f 3147 1472 3897
f 1916 1467 3899
f 3899 1467 3148
f 1468 1915 3139
f 3139 1915 3892
f 1471 1470 3894
f 3894 1470 3140
f 181 2525 1320
f 1320 2525 3828
f 1019 3830 1014
f 1014 3830 2486
f 185 2488 178
f 178 2488 2522
f 1018 1017 3834
f 3834 1017 2485
f 182 1321 2518
f 2518 1321 3833
f 184 183 2483
f 2483 183 2521
f 961 2353 956
f 956 2353 3836
f 849 2737 962
f 962 2737 2350
f 812 2105 813
f 813 2105 2734
f 858 2197 811
f 811 2197 2102
f 36 3838 1005
f 1005 3838 2466
f 860 2469 855
f 855 2469 2194
f 1007 1001 3842
f 3842 1001 2459
f 859 815 2460
f 2460 815 2283
f 816 810 2284
f 2284 810 2383
f 809 806 2384
f 2384 806 3203
f 960 959 2368
f 2368 959 3841
f 807 965 3204
f 3204 965 2367
f 1900 1913 3133
f 3133 1913 3896
f 1341 1897 3895
f 3895 1897 3130
f 1898 1340 3141
f 3141 1340 3893
f 1914 1899 3891
f 3891 1899 3138
f 958 798 3850
f 3850 798 2327
f 796 791 2328
f 2328 791 2331
f 792 786 2332
f 2332 786 2343
f 785 783 2344
f 2344 783 2395
f 120 1318 2804
f 2804 1318 3849
f 122 121 2396
f 2396 121 2803
f 119 2801 1319
f 1319 2801 3844
f 123 2065 116
f 116 2065 2798
f 788 2217 789
f 789 2217 2062
f 845 3117 787
f 787 3117 2214
f 957 3846 799
f 799 3846 2334
f 800 2337 801
f 801 2337 3114
f 1172 1171 2041
f 2041 1171 2535
f 1038 1037 2536
f 2536 1037 3716
f 1031 2529 1039
f 1039 2529 3718
f 1173 2038 1032
f 1032 2038 2526
f 948 947 3845
f 3845 947 2335
f 898 843 2336
f 2336 843 3115
f 844 935 3116
f 3116 935 2215
f 892 841 2216
f 2216 841 2063
f 118 1204 2800
f 2800 1204 3843
f 842 117 2064
f 2064 117 2799
f 1202 2797 1203
f 1203 2797 3848
f 891 2293 1201
f 1201 2293 2794
f 893 2297 888
f 888 2297 2290
f 897 2313 932
f 932 2313 2294
f 949 3847 944
f 944 3847 2338
f 899 2341 894
f 894 2341 2310
f 614 696 2088
f 2088 696 2499
f 30 1069 3777
f 3777 1069 2619
f 616 615 2620
f 2620 615 2087
f 625 624 2500
f 2500 624 2575
f 623 704 2576
f 2576 704 2567
f 633 632 2568
f 2568 632 2495
f 631 712 2496
f 2496 712 2631
f 641 640 2632
f 2632 640 2439
f 639 749 2440
f 2440 749 2555
f 687 686 2556
f 2556 686 2445
f 972 977 2744
f 2744 977 3779
f 685 973 2442
f 2442 973 2743
f 2654 683 2101
f 2101 683 680
f 3774 976 2733
f 2733 976 975
f 2730 974 2657
f 2657 974 684
f 2098 681 2653
f 2653 681 638
f 2650 637 2673
f 2673 637 634
f 2670 635 2127
f 2127 635 630
f 2128 629 2859
f 2859 629 626
f 2860 627 2097
f 2097 627 622
f 2094 621 2677
f 2677 621 618
f 2674 619 2137
f 2137 619 613
f 2622 1067 3776
f 3776 1067 32
f 2134 612 2625
f 2625 612 617
f 955 2373 950
f 950 2373 3840
f 906 2377 964
f 964 2377 2370
f 853 2381 854
f 854 2381 2374
f 910 2389 852
f 852 2389 2378
f 1011 3839 1008
f 1008 3839 2478
f 912 2481 907
f 907 2481 2386
f 38 1006 3837
f 3837 1006 2467
f 911 856 2468
f 2468 856 2195
f 857 851 2196
f 2196 851 2103
f 850 847 2104
f 2104 847 2735
f 954 953 2352
f 2352 953 3835
f 848 963 2736
f 2736 963 2351
f 1243 3724 1158
f 1158 3724 2190
f 1159 2193 1160
f 1160 2193 3723
f 1154 1161 2202
f 2202 1161 3721
f 1244 1157 3719
f 3719 1157 2205
f 536 2877 539
f 539 2877 2978
f 297 2725 1012
f 1012 2725 3768
f 540 2981 298
f 298 2981 2722
f 499 2973 537
f 537 2973 2874
f 495 3065 498
f 498 3065 2970
f 491 3021 496
f 496 3021 3062
f 487 3445 490
f 490 3445 3018
f 483 3577 488
f 488 3577 3446
f 479 3437 482
f 482 3437 3578
f 475 3479 480
f 480 3479 3438
f 1077 3766 471
f 471 3766 2644
f 470 2643 474
f 474 2643 3476
f 2915 3136 552
f 552 3136 476
f 2627 3771 1075
f 1075 3771 1076
f 3135 2628 477
f 477 2628 478
f 2855 2916 485
f 485 2916 486
f 2907 2856 560
f 560 2856 484
f 3167 2908 493
f 493 2908 494
f 2843 3168 568
f 568 3168 492
f 2807 2844 501
f 501 2844 502
f 2279 2808 608
f 608 2808 500
f 2899 2280 542
f 542 2280 543
f 3769 2728 1013
f 1013 2728 132
f 2727 2900 131
f 131 2900 541
f 1488 1382 3193
f 3193 1382 3921
f 1966 1489 3923
f 3923 1489 3190
f 1490 1965 3183
f 3183 1965 3920
f 1336 1487 3918
f 3918 1487 3184
f 1986 1332 3201
f 3201 1332 3926
f 1968 1984 3925
f 3925 1984 3198
f 1985 1967 3191
f 3191 1967 3924
f 2032 2033 3922
f 3922 2033 3192
f 1448 1989 3121
f 3121 1989 3865
f 1444 1443 3867
f 3867 1443 3118
f 1446 1445 3125
f 3125 1445 3872
f 1990 1447 3870
f 3870 1447 3122
f 1442 1422 3113
f 3113 1422 3863
f 1438 1437 3861
f 3861 1437 3110
f 1440 1439 3119
f 3119 1439 3868
f 1988 1441 3866
f 3866 1441 3120
f 1505 1504 3123
f 3123 1504 3869
f 1978 1506 3871
f 3871 1506 3124
f 1507 1977 3235
f 3235 1977 3874
f 1502 1503 3876
f 3876 1503 3236
f 1347 1499 3237
f 3237 1499 3875
f 1976 1508 3873
f 3873 1508 3234
f 1345 1975 3223
f 3223 1975 3878
f 1500 1346 3880
f 3880 1346 3224
f 1452 1854 3225
f 3225 1854 3879
f 1450 1449 3877
f 3877 1449 3222
f 1367 1451 3227
f 3227 1451 3890
f 1855 1366 3888
f 3888 1366 3228
f 1365 1372 3229
f 3229 1372 3887
f 1974 1368 3889
f 3889 1368 3226
f 1369 1973 3219
f 3219 1973 3882
f 1371 1370 3884
f 3884 1370 3220
f 1494 1493 3221
f 3221 1493 3883
f 1972 1495 3881
f 3881 1495 3218
f 1496 1971 3207
f 3207 1971 3886
f 1492 1491 3885
f 3885 1491 3208
f 1423 1343 3103
f 3103 1343 3859
f 1434 1433 3857
f 3857 1433 3104
f 1436 1435 3111
f 3111 1435 3862
f 1421 1424 3864
f 3864 1424 3112
f 1362 1425 3107
f 3107 1425 3851
f 1358 1357 3853
f 3853 1357 3108
f 1360 1359 3105
f 3105 1359 3858
f 1342 1361 3860
f 3860 1361 3102
f 1428 1427 3097
f 3097 1427 3856
f 1980 1432 3855
f 3855 1432 3094
f 1364 1979 3109
f 3109 1979 3854
f 1426 1363 3852
f 3852 1363 3106
f 81 3257 363
f 363 3257 3266
f 1230 2853 1237
f 1237 2853 3810
f 366 3269 1231
f 1231 3269 2850
f 83 3317 78
f 78 3317 3254
f 374 3487 369
f 369 3487 3314
f 520 3435 521
f 521 3435 3484
f 264 3041 265
f 265 3041 3432
f 382 2985 263
f 263 2985 3038
f 316 3233 317
f 317 3233 2982
f 391 3217 315
f 315 3217 3230
f 988 3812 395
f 395 3812 2426
f 393 2429 388
f 388 2429 3214
f 320 314 3004
f 3004 314 3375
f 987 986 3815
f 3815 986 2407
f 392 319 2408
f 2408 319 3003
f 313 310 3376
f 3376 310 3015
f 311 262 3016
f 3016 262 3359
f 261 257 3360
f 3360 257 3251
f 258 518 3252
f 3252 518 3027
f 373 372 3028
f 3028 372 3465
f 82 71 3466
f 3466 71 3007
f 72 368 3008
f 3008 368 3427
f 1235 1238 2864
f 2864 1238 3813
f 367 1236 3428
f 3428 1236 2863
f 3646 465 3073
f 3073 465 462
f 3764 302 2713
f 2713 302 301
f 2710 300 3649
f 3649 300 466
f 3070 463 2953
f 2953 463 434
f 2950 433 2969
f 2969 433 430
f 2966 431 3089
f 3089 431 426
f 3086 425 3189
f 3189 425 422
f 3186 423 2937
f 2937 423 418
f 2934 417 3093
f 3093 417 414
f 3090 415 2939
f 2939 415 409
f 2638 473 3762
f 3762 473 1330
f 2940 408 2641
f 2641 408 413
f 469 468 2876
f 2876 468 2979
f 296 303 2724
f 2724 303 3767
f 467 299 2980
f 2980 299 2723
f 435 538 2972
f 2972 538 2875
f 437 436 3064
f 3064 436 2971
f 427 497 3020
f 3020 497 3063
f 429 428 3444
f 3444 428 3019
f 419 489 3576
f 3576 489 3447
f 421 420 3436
f 3436 420 3579
f 410 481 3478
f 3478 481 3439
f 1327 472 3765
f 3765 472 2645
f 412 411 2642
f 2642 411 3477
f 1251 3744 1134
f 1134 3744 2162
f 1133 2165 1144
f 1144 2165 3742
f 1140 1145 2176
f 2176 1145 3745
f 1252 1143 3747
f 3747 1143 2175
f 334 416 2938
f 2938 416 3091
f 1042 1081 3761
f 3761 1081 2639
f 336 335 2640
f 2640 335 2941
f 344 343 3092
f 3092 343 2935
f 342 424 2936
f 2936 424 3187
f 353 352 3188
f 3188 352 3087
f 351 432 3088
f 3088 432 2967
f 362 361 2968
f 2968 361 2951
f 360 464 2952
f 2952 464 3071
f 407 406 3072
f 3072 406 3647
f 1092 1097 2712
f 2712 1097 3763
f 405 1093 3648
f 3648 1093 2711
f 400 3213 403
f 403 3213 3274
f 1095 2705 1096
f 1096 2705 3756
f 404 3277 1094
f 1094 3277 2702
f 359 2997 401
f 401 2997 3210
f 354 3329 358
f 358 3329 2994
f 350 3289 355
f 355 3289 3326
f 345 3281 349
f 349 3281 3286
f 341 3339 346
f 346 3339 3278
f 338 3291 340
f 340 3291 3340
f 201 3345 339
f 339 3345 3292
f 1041 3758 1078
f 1078 3758 2646
f 337 2649 202
f 202 2649 3342
f 326 3001 329
f 329 3001 3362
f 1117 2701 1118
f 1118 2701 3760
f 330 3365 1116
f 1116 3365 2698
f 53 3031 327
f 327 3031 2998
f 57 2879 50
f 50 2879 3032
f 125 3389 357
f 357 3389 2880
f 129 3013 124
f 124 3013 3386
f 241 3495 348
f 348 3495 3010
f 234 3455 240
f 240 3455 3492
f 205 3499 206
f 206 3499 3452
f 34 3759 1082
f 1082 3759 2662
f 1085 2665 204
f 204 2665 3496
f 3293 3344 207
f 207 3344 200
f 2647 3757 1079
f 1079 3757 35
f 3343 2648 203
f 203 2648 1080
f 3341 3290 243
f 243 3290 244
f 3279 3338 347
f 347 3338 242
f 3287 3280 127
f 127 3280 128
f 3327 3288 356
f 356 3288 126
f 2995 3328 55
f 55 3328 56
f 3211 2996 402
f 402 2996 54
f 3275 3212 332
f 332 3212 333
f 3755 2704 1119
f 1119 2704 1114
f 2703 3276 1115
f 1115 3276 331
f 648 2477 649
f 649 2477 2614
f 1206 2813 1217
f 1217 2813 3796
f 720 2617 1207
f 1207 2617 2810
f 729 2545 647
f 647 2545 2474
f 731 2317 726
f 726 2317 2542
f 903 2319 900
f 900 2319 2314
f 293 2309 294
f 294 2309 2320
f 738 2069 292
f 292 2069 2306
f 666 2601 667
f 667 2601 2066
f 746 2465 665
f 665 2465 2598
f 1322 3795 677
f 677 3795 2454
f 678 2457 679
f 679 2457 2462
f 670 664 2716
f 2716 664 2667
f 1323 676 3793
f 3793 676 2447
f 674 669 2448
f 2448 669 2715
f 663 660 2668
f 2668 660 3195
f 661 291 3196
f 3196 291 2199
f 290 295 2200
f 2200 295 2791
f 902 846 2792
f 2792 846 2147
f 730 651 2148
f 2148 651 2767
f 652 646 2768
f 2768 646 2827
f 645 642 2828
f 2828 642 2775
f 1213 1218 2816
f 2816 1218 3791
f 643 1216 2776
f 2776 1216 2815
f 1027 2507 1028
f 1028 2507 3832
f 1025 3831 1020
f 1020 3831 2504
f 1023 2502 1026
f 1026 2502 2508
f 1024 1015 3829
f 3829 1015 2487
f 180 1029 2524
f 2524 1029 3827
f 1016 179 2489
f 2489 179 2523
f 3717 25 2537
f 2537 25 1196
f 2534 1195 2040
f 2040 1195 1198
f 2539 2043 1191
f 1191 2043 1197
f 3714 2540 1326
f 1326 2540 1192
f 2559 2047 1175
f 1175 2047 1188
f 3711 2560 33
f 33 2560 1176
f 3710 1328 2573
f 2573 1328 1165
f 2570 1163 2048
f 2048 1163 1169
f 2579 2051 1167
f 1167 2051 1168
f 3707 2580 1329
f 1329 2580 1166
f 3706 31 2587
f 2587 31 1267
f 2588 1266 2052
f 2052 1266 1170
f 3630 3992 1907
f 1907 3992 1339
f 3640 3627 1905
f 1905 3627 1906
f 3994 3258 2026
f 2026 3258 1516
f 3261 3641 1517
f 1517 3641 1518
f 4004 3296 2020
f 2020 3296 1750
f 3295 3332 1749
f 1749 3332 1746
f 3331 2144 1632
f 1632 2144 1627
f 2143 3606 1630
f 1630 3606 1652
f 3603 4002 1474
f 1474 4002 1475
f 3605 3600 1647
f 1647 3600 1646
f 3417 3940 1501
f 1501 3940 1987
f 3409 3414 1952
f 1952 3414 2031
f 2891 3406 1857
f 1857 3406 1958
f 2243 2892 1881
f 1881 2892 1858
f 3942 3502 1403
f 1403 3502 1834
f 3501 2244 1835
f 1835 2244 1836
f 4012 4013 4014
f 4013 4015 4014
f 4016 4017 4018
f 4019 4020 4021
f 4022 4023 4024
f 4025 4026 4027
f 4028 4020 4029
f 4030 4031 4032
f 4030 4032 4021
f 4030 4021 4020
f 4033 4034 4035
f 4033 4035 4036
f 4033 4036 4037
f 4038 4039 4040
f 4038 4040 4041
f 4038 4041 4042
f 4038 4042 4043
f 4038 4043 4044
f 4038 4044 4045
f 4038 4045 4046
f 4038 4046 4012
f 4038 4012 4014
f 4047 4048 4049
f 4047 4049 4016
f 4047 4016 4018
f 4047 4018 4050
f 4047 4050 4051
f 4047 4051 4052
f 4053 4054 4055
f 4053 4055 4056
f 4053 4056 4026
f 4057 4058 4059
f 4057 4059 4060
f 4057 4060 4061
f 4062 4027 4026
f 4062 4026 4063
f 4062 4063 4064
f 4062 4064 4065
f 4066 4017 4067
f 4066 4067 4068
f 4066 4068 4024
f 4066 4024 4023
f 4069 4070 4071
f 4069 4071 4072
f 4069 4072 4073
f 4069 4073 4074
f 4069 4074 4017
f 4069 4017 4066
f 4043 4033 4037
f 4043 4037 4075
f 4043 4075 4044
f 4076 4021 4032
f 4076 4032 4077
f 4076 4077 4078
f 4076 4078 4079
f 4076 4079 4052
f 4076 4052 4051
f 4076 4051 4080
f 4076 4080 4081
f 4082 4083 4084
f 4082 4084 4058
f 4082 4058 4057
f 4026 4056 4085
f 4026 4085 4086
f 4026 4086 4083
f 4026 4083 4082
f 4026 4082 4063
f 4071 4087 1291
f 4071 1291 1305
f 4071 1305 4088
f 4071 4088 4089
f 4071 4089 4072
f 4090 4091 4030
f 4030 4091 4031
f 4091 4041 4031
f 4031 4041 4040
f 4092 4093 4048
f 4048 4093 4094
f 4048 4094 4049
f 4049 4094 4068
f 4049 4068 4067
f 4080 4019 4081
f 4019 4080 4020
f 4020 4080 4018
f 4020 4018 4095
f 4095 4018 4017
f 4095 4017 4074
f 4079 4078 4096
f 4096 4078 4031
f 4096 4031 4097
f 4097 4031 4040
f 4097 4040 4098
f 4099 4100 4029
f 4029 4100 4101
f 4029 4101 4102
f 4103 4092 4104
f 4092 4103 4093
f 4093 4103 4027
f 4093 4027 4024
f 4024 4027 4062
f 4024 4062 4022
f 4042 4041 4105
f 4105 4041 4106
f 4095 4107 4020
f 4020 4107 4108
f 4020 4108 4029
f 4029 4108 4109
f 4029 4109 4099
f 4110 4111 1292
f 1292 4111 1269
f 4111 4112 1269
f 1269 4112 4113
f 4114 4115 22
f 22 4115 4116
f 22 4116 1314
f 4117 4114 4118
f 4118 4114 22
f 4119 4120 1310
f 1310 4120 4121
f 1310 4121 4122
f 4119 1310 4123
f 4123 1310 1240
f 4124 4125 19
f 19 4125 1256
f 1265 1268 4126
f 4126 1268 4127
f 1268 4128 4127
f 4127 4128 4129
f 4130 4131 1090
f 1090 4131 1282
f 4131 4132 1282
f 1282 4132 4133
f 4134 4135 1929
f 4134 1929 1947
f 4134 1947 4136
f 4134 4136 4137
f 4138 4139 4140
f 4140 4139 4141
f 4140 4141 4142
f 4142 4141 4143
f 4144 4145 4146
f 4146 4145 4147
f 4146 4147 4148
f 4148 4147 4149
f 4150 4151 4152
f 4150 4153 4151
f 4154 4155 4156
f 4157 4158 4159
f 4160 4161 4162
f 4163 4164 4165
f 4166 4167 4168
f 4169 4170 4171
f 4172 4173 4174
f 4172 4174 4175
f 4172 4175 4176
f 4172 4176 4177
f 4172 4177 4178
f 4172 4178 4179
f 4180 4181 4182
f 4180 4182 4183
f 4180 4183 4184
f 4180 4184 4185
f 4180 4185 4186
f 4180 4186 4187
f 4188 4189 4190
f 4188 4190 4191
f 4188 4191 4192
f 4188 4192 4193
f 4188 4193 4194
f 4188 4194 4195
f 4174 4173 4196
f 4174 4196 4197
f 4174 4197 4198
f 4174 4198 4199
f 4200 4201 4202
f 4200 4202 4203
f 4200 4203 4204
f 4200 4204 4205
f 4200 4205 4206
f 4200 4206 4207
f 4208 4209 4210
f 4208 4210 4211
f 4208 4211 4212
f 4208 4212 4213
f 4208 4213 4214
f 4208 4214 4215
f 4216 4217 4218
f 4216 4218 4219
f 4216 4219 4220
f 4216 4220 4221
f 4216 4221 4222
f 4216 4222 4223
f 4224 4225 4226
f 4224 4226 4227
f 4224 4227 4228
f 4224 4228 4229
f 4224 4229 4230
f 4224 4230 4231
f 4232 4233 4234
f 4232 4234 4235
f 4232 4235 4236
f 4232 4236 4237
f 4232 4237 4238
f 4232 4238 4239
f 4240 4241 4242
f 4240 4242 4243
f 4240 4243 4244
f 4240 4244 4245
f 4240 4245 4226
f 4240 4226 4246
f 4247 4237 4236
f 4247 4236 4248
f 4247 4248 4249
f 4247 4249 4250
f 4247 4250 4251
f 4247 4251 4252
f 4253 4245 4244
f 4253 4244 4195
f 4253 4195 4194
f 4253 4194 4254
f 4253 4254 4228
f 4253 4228 4227
f 4255 4256 4257
f 4255 4257 4231
f 4255 4231 4230
f 4255 4230 4258
f 4255 4258 4184
f 4255 4184 4183
f 4182 4181 4259
f 4182 4259 4260
f 4182 4260 4261
f 4182 4261 4256
f 4262 4263 4186
f 4262 4186 4264
f 4262 4264 4265
f 4262 4265 4266
f 4262 4266 4267
f 4262 4267 4268
f 4269 4270 4271
f 4269 4271 4272
f 4269 4272 4273
f 4269 4273 4274
f 4269 4274 4275
f 4269 4275 4276
f 4277 4278 4279
f 4277 4279 4280
f 4277 4280 4281
f 4277 4281 4282
f 4277 4282 4283
f 4277 4283 4284
f 4285 4284 4286
f 4285 4286 4287
f 4285 4287 4288
f 4285 4288 4289
f 4285 4289 4290
f 4285 4290 4278
f 4202 4201 4291
f 4202 4291 4292
f 4202 4292 4293
f 4202 4293 4294
f 4295 4296 4297
f 4295 4297 4298
f 4295 4298 4299
f 4295 4299 4300
f 4295 4300 4301
f 4295 4301 4302
f 4303 4304 4305
f 4303 4305 4306
f 4303 4306 4307
f 4303 4307 4308
f 4303 4308 4309
f 4303 4309 4310
f 4261 4311 4312
f 4261 4312 4313
f 4261 4313 4257
f 4261 4257 4256
f 4314 4260 4259
f 4314 4259 4315
f 4314 4315 4316
f 4314 4316 4317
f 4314 4317 4318
f 4314 4318 4311
f 4319 4320 4321
f 4319 4321 4322
f 4319 4322 4323
f 4319 4323 4324
f 4319 4324 4325
f 4319 4325 4326
f 4327 4328 4329
f 4327 4329 4330
f 4327 4330 4331
f 4327 4331 4332
f 4327 4332 4333
f 4327 4333 4334
f 4335 4336 4337
f 4335 4337 4338
f 4335 4338 4339
f 4335 4339 4340
f 4335 4340 4341
f 4335 4341 4342
f 4343 4332 4331
f 4343 4331 4344
f 4343 4344 4345
f 4343 4345 4346
f 4343 4346 4347
f 4343 4347 4348
f 4349 4317 4316
f 4349 4316 4350
f 4349 4350 4351
f 4349 4351 4352
f 4349 4352 4353
f 4349 4353 4354
f 4355 4352 4351
f 4355 4351 4356
f 4355 4356 4357
f 4355 4357 4358
f 4355 4358 4359
f 4355 4359 4360
f 4361 4358 4357
f 4361 4357 4362
f 4361 4362 4363
f 4361 4363 4364
f 4361 4364 4365
f 4361 4365 4366
f 4367 4364 4363
f 4367 4363 4368
f 4367 4368 4369
f 4367 4369 4370
f 4367 4370 4371
f 4367 4371 4372
f 4373 4370 4369
f 4373 4369 4374
f 4373 4374 4375
f 4373 4375 4376
f 4373 4376 4377
f 4373 4377 4378
f 4337 4336 4379
f 4337 4379 4380
f 4337 4380 4381
f 4337 4381 4382
f 4383 4384 4325
f 4383 4325 4385
f 4383 4385 4386
f 4383 4386 4387
f 4383 4387 4388
f 4383 4388 4389
f 4390 4391 4392
f 4390 4392 4393
f 4390 4393 4394
f 4390 4394 4395
f 4390 4395 4396
f 4390 4396 4397
f 4388 4398 4399
f 4388 4399 4400
f 4388 4400 4401
f 4388 4401 4389
f 4402 4387 4386
f 4402 4386 4403
f 4402 4403 4404
f 4402 4404 4405
f 4402 4405 4406
f 4402 4406 4398
f 4407 4408 4409
f 4407 4409 4410
f 4407 4410 4411
f 4407 4411 4412
f 4407 4412 4288
f 4407 4288 4287
f 4286 4284 4283
f 4286 4283 4413
f 4286 4413 4414
f 4286 4414 4408
f 4415 4416 4417
f 4415 4417 4326
f 4415 4326 4325
f 4415 4325 4384
f 4415 4384 4418
f 4415 4418 4419
f 4420 4419 4267
f 4420 4267 4421
f 4420 4421 4422
f 4420 4422 4423
f 4420 4423 4424
f 4420 4424 4416
f 4425 4426 4238
f 4425 4238 4252
f 4425 4252 4251
f 4425 4251 4427
f 4425 4427 4394
f 4425 4394 4393
f 4392 4391 4428
f 4392 4428 4429
f 4392 4429 4430
f 4392 4430 4426
f 4431 4432 4433
f 4431 4433 4397
f 4431 4397 4396
f 4431 4396 4434
f 4431 4434 4435
f 4431 4435 4436
f 4437 4438 4439
f 4437 4439 4440
f 4437 4440 4441
f 4437 4441 4442
f 4437 4442 4323
f 4437 4323 4322
f 4321 4320 4443
f 4321 4443 4444
f 4321 4444 4445
f 4321 4445 4438
f 4242 4241 4446
f 4242 4446 4447
f 4242 4447 4448
f 4242 4448 4449
f 4450 4451 4452
f 4450 4452 4246
f 4450 4246 4226
f 4450 4226 4225
f 4450 4225 4257
f 4450 4257 4313
f 4312 4311 4318
f 4312 4318 4453
f 4312 4453 4454
f 4312 4454 4451
f 4455 4405 4404
f 4455 4404 4456
f 4455 4456 4457
f 4455 4457 4458
f 4455 4458 4459
f 4455 4459 4460
f 4414 4461 4462
f 4414 4462 4463
f 4414 4463 4409
f 4414 4409 4408
f 4464 4413 4283
f 4464 4283 4465
f 4464 4465 4466
f 4464 4466 4467
f 4464 4467 4468
f 4464 4468 4461
f 4424 4469 4470
f 4424 4470 4471
f 4424 4471 4417
f 4424 4417 4416
f 4472 4423 4422
f 4472 4422 4473
f 4472 4473 4474
f 4472 4474 4475
f 4472 4475 4476
f 4472 4476 4469
f 4477 4478 4479
f 4477 4479 4480
f 4477 4480 4481
f 4477 4481 4482
f 4477 4482 4236
f 4477 4236 4235
f 4234 4233 4483
f 4234 4483 4484
f 4234 4484 4485
f 4234 4485 4478
f 4430 4486 4487
f 4430 4487 4239
f 4430 4239 4238
f 4430 4238 4426
f 4488 4429 4428
f 4488 4428 4489
f 4488 4489 4490
f 4488 4490 4491
f 4488 4491 4492
f 4488 4492 4486
f 4493 4494 4495
f 4493 4495 4496
f 4493 4496 4433
f 4493 4433 4432
f 4493 4432 4497
f 4493 4497 4498
f 4445 4499 4500
f 4445 4500 4501
f 4445 4501 4439
f 4445 4439 4438
f 4502 4444 4443
f 4502 4443 4503
f 4502 4503 4504
f 4502 4504 4505
f 4502 4505 4506
f 4502 4506 4499
f 4454 4507 4508
f 4454 4508 4509
f 4454 4509 4452
f 4454 4452 4451
f 4510 4453 4318
f 4510 4318 4354
f 4510 4354 4353
f 4510 4353 4511
f 4510 4511 4512
f 4510 4512 4507
f 4513 4514 4515
f 4513 4515 4516
f 4513 4516 4517
f 4513 4517 4518
f 4513 4518 4508
f 4513 4508 4519
f 4520 4458 4457
f 4520 4457 4521
f 4520 4521 4522
f 4520 4522 4523
f 4520 4523 4524
f 4520 4524 4525
f 4468 4526 4527
f 4468 4527 4528
f 4468 4528 4462
f 4468 4462 4461
f 4529 4467 4466
f 4529 4466 4294
f 4529 4294 4293
f 4529 4293 4530
f 4529 4530 4531
f 4529 4531 4526
f 4476 4532 4533
f 4476 4533 4534
f 4476 4534 4470
f 4476 4470 4469
f 4535 4475 4474
f 4535 4474 4536
f 4535 4536 4537
f 4535 4537 4538
f 4535 4538 4539
f 4535 4539 4532
f 4485 4540 4541
f 4485 4541 4542
f 4485 4542 4479
f 4485 4479 4478
f 4543 4484 4483
f 4543 4483 4544
f 4543 4544 4545
f 4543 4545 4546
f 4543 4546 4547
f 4543 4547 4540
f 4492 4548 4549
f 4492 4549 4550
f 4492 4550 4487
f 4492 4487 4486
f 4551 4491 4490
f 4551 4490 4552
f 4551 4552 4553
f 4551 4553 4554
f 4551 4554 4555
f 4551 4555 4548
f 4556 4557 4558
f 4556 4558 4559
f 4556 4559 4495
f 4556 4495 4494
f 4556 4494 4560
f 4556 4560 4561
f 4562 4561 4563
f 4562 4563 4564
f 4562 4564 4565
f 4562 4565 4566
f 4562 4566 4567
f 4562 4567 4557
f 4506 4568 4569
f 4506 4569 4570
f 4506 4570 4500
f 4506 4500 4499
f 4571 4505 4504
f 4571 4504 4572
f 4571 4572 4573
f 4571 4573 4574
f 4571 4574 4575
f 4571 4575 4568
f 4515 4514 4576
f 4515 4576 4577
f 4515 4577 4578
f 4515 4578 4579
f 4512 4580 4581
f 4512 4581 4519
f 4512 4519 4508
f 4512 4508 4507
f 4582 4511 4353
f 4582 4353 4360
f 4582 4360 4359
f 4582 4359 4583
f 4582 4583 4584
f 4582 4584 4580
f 4585 4586 4587
f 4585 4587 4187
f 4585 4187 4186
f 4585 4186 4263
f 4585 4263 4401
f 4585 4401 4400
f 4399 4398 4406
f 4399 4406 4588
f 4399 4588 4589
f 4399 4589 4586
f 4590 4523 4522
f 4590 4522 4591
f 4590 4591 4592
f 4590 4592 4593
f 4590 4593 4594
f 4590 4594 4595
f 4531 4596 4597
f 4531 4597 4598
f 4531 4598 4527
f 4531 4527 4526
f 4599 4530 4293
f 4599 4293 4600
f 4599 4600 4601
f 4599 4601 4602
f 4599 4602 4603
f 4599 4603 4596
f 4539 4604 4605
f 4539 4605 4606
f 4539 4606 4533
f 4539 4533 4532
f 4607 4538 4537
f 4607 4537 4608
f 4607 4608 4609
f 4607 4609 4610
f 4607 4610 4611
f 4607 4611 4604
f 4547 4612 4613
f 4547 4613 4614
f 4547 4614 4541
f 4547 4541 4540
f 4615 4546 4545
f 4615 4545 4616
f 4615 4616 4617
f 4615 4617 4618
f 4615 4618 4619
f 4615 4619 4612
f 4555 4620 4621
f 4555 4621 4622
f 4555 4622 4549
f 4555 4549 4548
f 4623 4554 4553
f 4623 4553 4624
f 4623 4624 4625
f 4623 4625 4626
f 4623 4626 4627
f 4623 4627 4620
f 4567 4628 4629
f 4567 4629 4630
f 4567 4630 4558
f 4567 4558 4557
f 4575 4631 4632
f 4575 4632 4633
f 4575 4633 4569
f 4575 4569 4568
f 4634 4574 4573
f 4634 4573 4635
f 4634 4635 4636
f 4634 4636 4637
f 4634 4637 4638
f 4634 4638 4631
f 4578 4639 4640
f 4578 4640 4641
f 4578 4641 4642
f 4578 4642 4579
f 4643 4577 4576
f 4643 4576 4644
f 4643 4644 4645
f 4643 4645 4646
f 4643 4646 4647
f 4643 4647 4639
f 4584 4648 4649
f 4584 4649 4650
f 4584 4650 4581
f 4584 4581 4580
f 4651 4583 4359
f 4651 4359 4366
f 4651 4366 4365
f 4651 4365 4652
f 4651 4652 4653
f 4651 4653 4648
f 4589 4654 4655
f 4589 4655 4656
f 4589 4656 4587
f 4589 4587 4586
f 4657 4588 4406
f 4657 4406 4460
f 4657 4460 4459
f 4657 4459 4658
f 4657 4658 4659
f 4657 4659 4654
f 4660 4593 4592
f 4660 4592 4661
f 4660 4661 4662
f 4660 4662 4663
f 4660 4663 4664
f 4660 4664 4665
f 4603 4666 4667
f 4603 4667 4668
f 4603 4668 4597
f 4603 4597 4596
f 4669 4602 4601
f 4669 4601 4179
f 4669 4179 4178
f 4669 4178 4670
f 4669 4670 4671
f 4669 4671 4666
f 4611 4672 4673
f 4611 4673 4674
f 4611 4674 4605
f 4611 4605 4604
f 4675 4610 4609
f 4675 4609 4676
f 4675 4676 4677
f 4675 4677 4678
f 4675 4678 4679
f 4675 4679 4672
f 4619 4680 4681
f 4619 4681 4682
f 4619 4682 4613
f 4619 4613 4612
f 4683 4618 4617
f 4683 4617 4684
f 4683 4684 4685
f 4683 4685 4686
f 4683 4686 4687
f 4683 4687 4680
f 4627 4688 4689
f 4627 4689 4690
f 4627 4690 4621
f 4627 4621 4620
f 4691 4626 4625
f 4691 4625 4692
f 4691 4692 4693
f 4691 4693 4694
f 4691 4694 4695
f 4691 4695 4688
f 4696 4697 4698
f 4696 4698 4699
f 4696 4699 4629
f 4696 4629 4628
f 4696 4628 4700
f 4696 4700 4701
f 4638 4702 4703
f 4638 4703 4704
f 4638 4704 4632
f 4638 4632 4631
f 4705 4637 4636
f 4705 4636 4706
f 4705 4706 4707
f 4705 4707 4708
f 4705 4708 4709
f 4705 4709 4702
f 4710 4646 4645
f 4710 4645 4711
f 4710 4711 4712
f 4710 4712 4713
f 4710 4713 4714
f 4710 4714 4715
f 4653 4716 4717
f 4653 4717 4718
f 4653 4718 4649
f 4653 4649 4648
f 4719 4652 4365
f 4719 4365 4372
f 4719 4372 4371
f 4719 4371 4720
f 4719 4720 4721
f 4719 4721 4716
f 4659 4722 4723
f 4659 4723 4724
f 4659 4724 4655
f 4659 4655 4654
f 4725 4658 4459
f 4725 4459 4525
f 4725 4525 4524
f 4725 4524 4726
f 4725 4726 4727
f 4725 4727 4722
f 4728 4663 4662
f 4728 4662 4729
f 4728 4729 4730
f 4728 4730 4731
f 4728 4731 4732
f 4728 4732 4733
f 4671 4734 4735
f 4671 4735 4736
f 4671 4736 4667
f 4671 4667 4666
f 4737 4670 4178
f 4737 4178 4738
f 4737 4738 4739
f 4737 4739 4740
f 4737 4740 4741
f 4737 4741 4734
f 4679 4742 4743
f 4679 4743 4744
f 4679 4744 4673
f 4679 4673 4672
f 4745 4678 4677
f 4745 4677 4746
f 4745 4746 4747
f 4745 4747 4748
f 4745 4748 4749
f 4745 4749 4742
f 4687 4750 4751
f 4687 4751 4752
f 4687 4752 4681
f 4687 4681 4680
f 4753 4686 4685
f 4753 4685 4754
f 4753 4754 4755
f 4753 4755 4756
f 4753 4756 4757
f 4753 4757 4750
f 4695 4758 4759
f 4695 4759 4760
f 4695 4760 4689
f 4695 4689 4688
f 4761 4694 4693
f 4761 4693 4762
f 4761 4762 4763
f 4761 4763 4764
f 4761 4764 4765
f 4761 4765 4758
f 4766 4767 4768
f 4766 4768 4769
f 4766 4769 4698
f 4766 4698 4697
f 4766 4697 4770
f 4766 4770 4771
f 4709 4772 4773
f 4709 4773 4774
f 4709 4774 4703
f 4709 4703 4702
f 4775 4708 4707
f 4775 4707 4776
f 4775 4776 4777
f 4775 4777 4778
f 4775 4778 4779
f 4775 4779 4772
f 4780 4713 4712
f 4780 4712 4781
f 4780 4781 4782
f 4780 4782 4783
f 4780 4783 4784
f 4780 4784 4785
f 4721 4786 4787
f 4721 4787 4788
f 4721 4788 4717
f 4721 4717 4716
f 4789 4720 4371
f 4789 4371 4378
f 4789 4378 4377
f 4789 4377 4790
f 4789 4790 4791
f 4789 4791 4786
f 4727 4792 4793
f 4727 4793 4794
f 4727 4794 4723
f 4727 4723 4722
f 4795 4726 4524
f 4795 4524 4595
f 4795 4595 4594
f 4795 4594 4796
f 4795 4796 4797
f 4795 4797 4792
f 4798 4731 4730
f 4798 4730 4799
f 4798 4799 4800
f 4798 4800 4801
f 4798 4801 4802
f 4798 4802 4803
f 4741 4804 4805
f 4741 4805 4806
f 4741 4806 4735
f 4741 4735 4734
f 4807 4740 4739
f 4807 4739 4808
f 4807 4808 4809
f 4807 4809 4810
f 4807 4810 4811
f 4807 4811 4804
f 4749 4812 4813
f 4749 4813 4814
f 4749 4814 4743
f 4749 4743 4742
f 4815 4748 4747
f 4815 4747 4816
f 4815 4816 4817
f 4815 4817 4818
f 4815 4818 4819
f 4815 4819 4812
f 4757 4820 4821
f 4757 4821 4822
f 4757 4822 4751
f 4757 4751 4750
f 4823 4756 4755
f 4823 4755 4824
f 4823 4824 4825
f 4823 4825 4826
f 4823 4826 4827
f 4823 4827 4820
f 4765 4828 4829
f 4765 4829 4830
f 4765 4830 4759
f 4765 4759 4758
f 4831 4764 4763
f 4831 4763 4832
f 4831 4832 4833
f 4831 4833 4834
f 4831 4834 4835
f 4831 4835 4828
f 4836 4837 4838
f 4836 4838 4839
f 4836 4839 4768
f 4836 4768 4767
f 4836 4767 4840
f 4836 4840 4841
f 4842 4841 4843
f 4842 4843 4844
f 4842 4844 4845
f 4842 4845 4846
f 4842 4846 4847
f 4842 4847 4837
f 4779 4848 4849
f 4779 4849 4850
f 4779 4850 4773
f 4779 4773 4772
f 4851 4778 4777
f 4851 4777 4852
f 4851 4852 4853
f 4851 4853 4854
f 4851 4854 4855
f 4851 4855 4848
f 4856 4783 4782
f 4856 4782 4857
f 4856 4857 4858
f 4856 4858 4859
f 4856 4859 4860
f 4856 4860 4861
f 4791 4862 4863
f 4791 4863 4864
f 4791 4864 4787
f 4791 4787 4786
f 4865 4790 4377
f 4865 4377 4866
f 4865 4866 4867
f 4865 4867 4868
f 4865 4868 4869
f 4865 4869 4862
f 4797 4870 4871
f 4797 4871 4872
f 4797 4872 4793
f 4797 4793 4792
f 4873 4796 4594
f 4873 4594 4665
f 4873 4665 4664
f 4873 4664 4874
f 4873 4874 4875
f 4873 4875 4870
f 4876 4801 4800
f 4876 4800 4877
f 4876 4877 4878
f 4876 4878 4879
f 4876 4879 4880
f 4876 4880 4881
f 4811 4882 4883
f 4811 4883 4884
f 4811 4884 4805
f 4811 4805 4804
f 4885 4810 4809
f 4885 4809 4886
f 4885 4886 4887
f 4885 4887 4888
f 4885 4888 4889
f 4885 4889 4882
f 4819 4890 4891
f 4819 4891 4892
f 4819 4892 4813
f 4819 4813 4812
f 4893 4818 4817
f 4893 4817 4894
f 4893 4894 4895
f 4893 4895 4896
f 4893 4896 4897
f 4893 4897 4890
f 4827 4898 4899
f 4827 4899 4900
f 4827 4900 4821
f 4827 4821 4820
f 4901 4826 4825
f 4901 4825 4902
f 4901 4902 4903
f 4901 4903 4904
f 4901 4904 4905
f 4901 4905 4898
f 4835 4906 4907
f 4835 4907 4908
f 4835 4908 4829
f 4835 4829 4828
f 4909 4834 4833
f 4909 4833 4910
f 4909 4910 4911
f 4909 4911 4912
f 4909 4912 4913
f 4909 4913 4906
f 4847 4914 4915
f 4847 4915 4916
f 4847 4916 4838
f 4847 4838 4837
f 4855 4917 4918
f 4855 4918 4919
f 4855 4919 4849
f 4855 4849 4848
f 4920 4854 4853
f 4920 4853 4921
f 4920 4921 4922
f 4920 4922 4923
f 4920 4923 4924
f 4920 4924 4917
f 4860 4925 4926
f 4860 4926 4927
f 4860 4927 4928
f 4860 4928 4861
f 4929 4859 4858
f 4929 4858 4930
f 4929 4930 4931
f 4929 4931 4932
f 4929 4932 4933
f 4929 4933 4925
f 4869 4934 4935
f 4869 4935 4936
f 4869 4936 4863
f 4869 4863 4862
f 4937 4868 4867
f 4937 4867 4938
f 4937 4938 4939
f 4937 4939 4940
f 4937 4940 4941
f 4937 4941 4934
f 4875 4942 4943
f 4875 4943 4944
f 4875 4944 4871
f 4875 4871 4870
f 4945 4874 4664
f 4945 4664 4733
f 4945 4733 4732
f 4945 4732 4946
f 4945 4946 4947
f 4945 4947 4942
f 4880 4948 4949
f 4880 4949 4950
f 4880 4950 4951
f 4880 4951 4881
f 4952 4879 4878
f 4952 4878 4953
f 4952 4953 4954
f 4952 4954 4955
f 4952 4955 4956
f 4952 4956 4948
f 4889 4957 4958
f 4889 4958 4959
f 4889 4959 4883
f 4889 4883 4882
f 4960 4888 4887
f 4960 4887 4342
f 4960 4342 4341
f 4960 4341 4961
f 4960 4961 4962
f 4960 4962 4957
f 4897 4963 4964
f 4897 4964 4965
f 4897 4965 4891
f 4897 4891 4890
f 4966 4896 4895
f 4966 4895 4967
f 4966 4967 4968
f 4966 4968 4969
f 4966 4969 4970
f 4966 4970 4963
f 4905 4971 4972
f 4905 4972 4973
f 4905 4973 4899
f 4905 4899 4898
f 4974 4904 4903
f 4974 4903 4975
f 4974 4975 4976
f 4974 4976 4977
f 4974 4977 4978
f 4974 4978 4971
f 4913 4979 4980
f 4913 4980 4981
f 4913 4981 4907
f 4913 4907 4906
f 4982 4912 4911
f 4982 4911 4983
f 4982 4983 4984
f 4982 4984 4985
f 4982 4985 4986
f 4982 4986 4979
f 4987 4988 4989
f 4987 4989 4990
f 4987 4990 4915
f 4987 4915 4914
f 4987 4914 4991
f 4987 4991 4992
f 4924 4346 4345
f 4924 4345 4993
f 4924 4993 4918
f 4924 4918 4917
f 4347 4923 4922
f 4347 4922 4994
f 4347 4994 4995
f 4347 4995 4348
f 4996 4932 4931
f 4996 4931 4997
f 4996 4997 4998
f 4996 4998 4999
f 4996 4999 5000
f 4996 5000 5001
f 4941 4221 4220
f 4941 4220 5002
f 4941 5002 4935
f 4941 4935 4934
f 4222 4940 4939
f 4222 4939 5003
f 4222 5003 5004
f 4222 5004 4223
f 4947 4213 4212
f 4947 4212 5005
f 4947 5005 4943
f 4947 4943 4942
f 4214 4946 4732
f 4214 4732 4803
f 4214 4803 4802
f 4214 4802 4215
f 5006 4955 4954
f 5006 4954 5007
f 5006 5007 5008
f 5006 5008 5009
f 5006 5009 5010
f 5006 5010 5011
f 4962 5012 5013
f 4962 5013 5014
f 4962 5014 4958
f 4962 4958 4957
f 5015 4961 4341
f 5015 4341 5016
f 5015 5016 5017
f 5015 5017 5018
f 5015 5018 5019
f 5015 5019 5012
f 4970 5020 5021
f 4970 5021 5022
f 4970 5022 4964
f 4970 4964 4963
f 5023 4969 4968
f 5023 4968 5024
f 5023 5024 5025
f 5023 5025 5026
f 5023 5026 5027
f 5023 5027 5020
f 4978 5028 5029
f 4978 5029 5030
f 4978 5030 4972
f 4978 4972 4971
f 5031 4977 4976
f 5031 4976 5032
f 5031 5032 5033
f 5031 5033 5034
f 5031 5034 5035
f 5031 5035 5028
f 4986 5036 5037
f 4986 5037 5038
f 4986 5038 4980
f 4986 4980 4979
f 5039 4985 4984
f 5039 4984 5040
f 5039 5040 5041
f 5039 5041 5042
f 5039 5042 5043
f 5039 5043 5036
f 5044 5045 5046
f 5044 5046 5047
f 5044 5047 4989
f 5044 4989 4988
f 5044 4988 5048
f 5044 5048 5049
f 5050 5051 5052
f 5050 5052 4334
f 5050 4334 4333
f 5050 4333 5053
f 5050 5053 5021
f 5050 5021 5054
f 5055 5056 5057
f 5055 5057 5058
f 5055 5058 5059
f 5055 5059 5060
f 5055 5060 4331
f 5055 4331 4330
f 5061 4380 4379
f 5061 4379 5062
f 5061 5062 4305
f 5061 4305 4304
f 5061 4304 5063
f 5061 5063 5064
f 5065 5066 5067
f 5065 5067 5068
f 5065 5068 4210
f 5065 4210 4209
f 5065 4209 4951
f 5065 4951 4950
f 4949 4948 4956
f 4949 4956 5069
f 4949 5069 5070
f 4949 5070 5066
f 5071 5072 5073
f 5071 5073 5074
f 5071 5074 5075
f 5071 5075 5076
f 5071 5076 5077
f 5071 5077 5078
f 5077 5079 5070
f 5077 5070 5080
f 5077 5080 5081
f 5077 5081 5078
f 5082 5076 5075
f 5082 5075 5083
f 5082 5083 5084
f 5082 5084 5085
f 5082 5085 5067
f 5082 5067 5079
f 5086 5085 5084
f 5086 5084 5087
f 5086 5087 5088
f 5086 5088 5089
f 5086 5089 4210
f 5086 4210 5068
f 5010 5090 5091
f 5010 5091 5092
f 5010 5092 5093
f 5010 5093 5011
f 5019 5094 5095
f 5019 5095 5096
f 5019 5096 5013
f 5019 5013 5012
f 5027 5097 5098
f 5027 5098 5054
f 5027 5054 5021
f 5027 5021 5020
f 5035 5099 5100
f 5035 5100 5101
f 5035 5101 5029
f 5035 5029 5028
f 5043 5102 5103
f 5043 5103 5104
f 5043 5104 5037
f 5043 5037 5036
f 5105 5106 5107
f 5105 5107 5108
f 5105 5108 5046
f 5105 5046 5045
f 5105 5045 5109
f 5105 5109 5110
f 4190 4189 5111
f 4190 5111 5112
f 4190 5112 5113
f 4190 5113 5114
f 5115 5112 5111
f 5115 5111 4449
f 5115 4449 4448
f 5115 4448 5116
f 5115 5116 5117
f 5115 5117 5118
f 5119 5116 4448
f 5119 4448 5120
f 5119 5120 5121
f 5119 5121 5122
f 5119 5122 5123
f 5119 5123 5124
f 4640 4639 4647
f 4640 4647 5125
f 4640 5125 5126
f 4640 5126 5127
f 5128 5125 4647
f 5128 4647 4715
f 5128 4715 4714
f 5128 4714 5129
f 5128 5129 5130
f 5128 5130 5131
f 5132 5129 4714
f 5132 4714 4785
f 5132 4785 4784
f 5132 4784 5133
f 5132 5133 4168
f 5132 4168 4167
f 4926 4925 4933
f 4926 4933 5134
f 4926 5134 5135
f 4926 5135 4169
f 5136 5134 4933
f 5136 4933 5001
f 5136 5001 5000
f 5136 5000 5137
f 5136 5137 5138
f 5136 5138 5139
f 5140 4300 4299
f 5140 4299 5141
f 5140 5141 5142
f 5140 5142 5143
f 5140 5143 4159
f 5140 4159 5144
f 5145 5146 5147
f 5145 5147 5148
f 5145 5148 5149
f 5145 5149 5150
f 5145 5150 5151
f 5145 5151 5152
f 5153 5154 5155
f 5153 5155 5156
f 5153 5156 5157
f 5153 5157 5158
f 5153 5158 5159
f 5153 5159 5160
f 5153 5160 5161
f 5162 5163 5164
f 5162 5164 5165
f 5162 5165 5166
f 5162 5166 5167
f 5162 5167 4164
f 5162 4164 4163
f 5168 4170 4169
f 5168 4169 5135
f 5168 5135 5139
f 5168 5139 5138
f 5168 5138 5169
f 5168 5169 5170
f 5171 5172 5173
f 5171 5173 4171
f 5171 4171 4170
f 5171 4170 5174
f 5171 5174 5175
f 5176 5177 5178
f 5176 5178 5179
f 5176 5179 5180
f 5176 5180 5181
f 5176 5181 5182
f 5176 5182 5183
f 5184 5185 5186
f 5184 5186 5110
f 5184 5110 5109
f 5184 5109 5187
f 5184 5187 5188
f 5184 5188 5189
f 5190 5187 5109
f 5190 5109 5049
f 5190 5049 5048
f 5190 5048 5191
f 5190 5191 5192
f 5190 5192 5193
f 5194 5191 5048
f 5194 5048 4992
f 5194 4992 4991
f 5194 4991 5195
f 5194 5195 5196
f 5194 5196 5197
f 4843 4841 4840
f 4843 4840 5198
f 4843 5198 5199
f 4843 5199 5200
f 5201 5198 4840
f 5201 4840 4771
f 5201 4771 4770
f 5201 4770 5202
f 5201 5202 4161
f 5201 4161 4160
f 5203 5202 4770
f 5203 4770 4701
f 5203 4701 4700
f 5203 4700 5204
f 5203 5204 5205
f 5203 5205 5206
f 4563 4561 4560
f 4563 4560 5207
f 4563 5207 4165
f 4563 4165 4164
f 5208 5207 4560
f 5208 4560 4498
f 5208 4498 4497
f 5208 4497 5209
f 5208 5209 5210
f 5208 5210 5211
f 5212 5213 5214
f 5212 5214 5215
f 5212 5215 5216
f 5212 5216 5217
f 5210 5212 5217
f 5210 5217 5218
f 5210 5218 5211
f 5213 5209 4497
f 5213 4497 4436
f 5213 4436 4435
f 5213 4435 5214
f 5219 4155 4154
f 5219 4154 5220
f 5219 5220 5169
f 5221 5222 5223
f 5221 5223 5224
f 5221 5224 5225
f 5221 5225 5226
f 5221 5226 5227
f 5221 5227 5228
f 5229 5230 5231
f 5229 5231 5232
f 5229 5232 5233
f 5229 5233 5234
f 5229 5234 5235
f 5229 5235 5236
f 5237 5226 5225
f 5237 5225 5238
f 5237 5238 5239
f 5237 5239 5240
f 5237 5240 5241
f 5237 5241 5242
f 5243 5244 5245
f 5243 5245 5246
f 5243 5246 5247
f 5243 5247 5248
f 5243 5248 5249
f 5243 5249 5250
f 5251 5252 5253
f 5251 5253 5254
f 5251 5254 5255
f 5251 5255 5256
f 5251 5256 5257
f 5251 5257 5258
f 5259 5256 5255
f 5259 5255 5260
f 5259 5260 5261
f 5259 5261 5262
f 5259 5262 5263
f 5259 5263 5264
f 5265 5266 5267
f 5265 5267 5268
f 5265 5268 5223
f 5265 5223 5222
f 5265 5222 5269
f 5265 5269 5270
f 5271 5272 5273
f 5271 5273 5274
f 5271 5274 5275
f 5271 5275 5276
f 5271 5276 5277
f 5271 5277 5278
f 5279 5276 5275
f 5279 5275 5280
f 5279 5280 5281
f 5279 5281 5282
f 5279 5282 5283
f 5279 5283 5284
f 5231 5230 5285
f 5231 5285 5286
f 5231 5286 5287
f 5231 5287 5288
f 5289 5286 5285
f 5289 5285 5290
f 5289 5290 5291
f 5289 5291 5292
f 5289 5292 5293
f 5289 5293 5294
f 5295 5292 5291
f 5295 5291 5296
f 5295 5296 5253
f 5295 5253 5252
f 5295 5252 5297
f 5295 5297 5298
f 5299 5158 5157
f 5299 5157 5300
f 5299 5300 5301
f 5299 5301 5302
f 5299 5302 5147
f 5299 5147 5303
f 5304 5302 5301
f 5304 5301 5175
f 5304 5175 5174
f 5304 5174 5305
f 5304 5305 5149
f 5304 5149 5148
f 5306 5307 5308
f 5306 5308 5309
f 5306 5309 5200
f 5306 5200 5199
f 5306 5199 4160
f 5306 4160 4162
f 5310 5311 5312
f 5310 5312 5313
f 5310 5313 5314
f 5310 5314 5315
f 5310 5315 5316
f 5310 5316 5317
f 5155 5154 5318
f 5155 5318 5319
f 5155 5319 5320
f 5155 5320 5321
f 5321 5320 5118
f 5321 5118 5117
f 5321 5117 5124
f 5321 5124 5322
f 5322 5124 5123
f 5322 5123 5323
f 5322 5323 5157
f 5322 5157 5156
f 5324 4151 4153
f 5324 4153 5308
f 5324 5308 5307
f 5324 5307 5325
f 5324 5325 5326
f 5324 5326 5327
f 5328 5329 5330
f 5328 5330 5331
f 5328 5331 5312
f 5328 5312 5311
f 5328 5311 5332
f 5328 5332 5333
f 5334 5240 5239
f 5334 5239 5335
f 5334 5335 4297
f 5334 4297 4296
f 5334 4296 5336
f 5334 5336 5337
f 5338 5339 5163
f 5338 5163 5340
f 5338 5340 5330
f 5338 5330 5329
f 5338 5329 5341
f 5338 5341 5342
f 5343 5344 5345
f 5343 5345 5164
f 5343 5164 5163
f 5343 5163 5339
f 5343 5339 5346
f 5343 5346 5347
f 5348 5325 5307
f 5348 5307 5349
f 5348 5349 5345
f 5348 5345 5344
f 5348 5344 5350
f 5348 5350 5351
f 5352 5181 5180
f 5352 5180 5353
f 5352 5353 5267
f 5352 5267 5266
f 5352 5266 5354
f 5352 5354 5355
f 4279 4278 4290
f 4279 4290 5356
f 4279 5356 5357
f 4279 5357 5358
f 5359 5356 4290
f 5359 4290 5360
f 5359 5360 5361
f 5359 5361 5362
f 5359 5362 5363
f 5359 5363 5364
f 5365 5362 5361
f 5365 5361 5366
f 5365 5366 5178
f 5365 5178 5177
f 5365 5177 5367
f 5365 5367 5368
f 5369 5370 5371
f 5369 5371 5250
f 5369 5250 5249
f 5369 5249 5372
f 5369 5372 5373
f 5369 5373 5374
f 5369 5374 5375
f 5369 5375 5376
f 5369 5376 5377
f 5369 5377 5378
f 5369 5378 5379
f 5369 5379 5380
f 5369 5380 5381
f 5369 5381 5236
f 5369 5236 5235
f 5369 5235 5382
f 5369 5382 5383
f 5369 5383 5384
f 5369 5384 5385
f 5369 5385 5386
f 5369 5386 5273
f 5369 5273 5387
f 5159 5158 5388
f 5159 5388 5389
f 5159 5389 5390
f 5159 5390 5391
f 5392 4156 4155
f 5392 4155 5393
f 5392 5393 5394
f 5392 5394 5395
f 5392 5395 5396
f 5392 5396 5397
f 5392 5397 4218
f 5392 4218 4217
f 5392 4217 5398
f 5392 5398 5399
f 5392 5399 5073
f 5392 5073 5072
f 5392 5072 5400
f 5392 5400 5401
f 5392 5401 5091
f 5392 5091 5090
f 5392 5090 5402
f 5392 5402 5403
f 5392 5403 5095
f 5392 5095 5094
f 5392 5094 5404
f 5392 5404 5405
f 5392 5405 4271
f 5392 4271 4270
f 5406 5407 5408
f 5406 5408 5409
f 5406 5409 5364
f 5406 5364 5363
f 5406 5363 5368
f 5406 5368 5367
f 5406 5367 5183
f 5406 5183 5182
f 5406 5182 5355
f 5406 5355 5354
f 5406 5354 5270
f 5406 5270 5269
f 5406 5269 5228
f 5406 5228 5227
f 5406 5227 5242
f 5406 5242 5241
f 5406 5241 5337
f 5406 5337 5336
f 5406 5336 5410
f 5411 5410 5336
f 5411 5336 4302
f 5411 4302 4301
f 5411 4301 5144
f 5411 5144 4159
f 5411 4159 4158
f 5412 4158 4157
f 5412 4157 5413
f 5412 5413 5414
f 4100 5412 5414
f 4100 5414 5057
f 4100 5057 5056
f 4100 5056 4329
f 4100 4329 4328
f 4100 4328 5052
f 4100 5052 5051
f 4100 5051 5098
f 4100 5098 5097
f 4100 5097 5415
f 4100 5415 5416
f 4100 5416 5100
f 4100 5100 5099
f 4100 5099 5417
f 4100 5417 5418
f 4100 5418 5103
f 4100 5103 5102
f 4100 5102 5419
f 4100 5419 5420
f 4100 5420 5107
f 4100 5107 5106
f 4100 5106 5186
f 4100 5186 5185
f 4100 5185 5421
f 4100 5421 4101
f 5323 5123 5422
f 5323 5422 5423
f 5323 5423 5127
f 5323 5127 5126
f 5323 5126 5131
f 5323 5131 5130
f 5323 5130 4167
f 5323 4167 4166
f 5424 4153 4150
f 5424 4150 5425
f 5424 5425 5421
f 5424 5421 5189
f 5424 5189 5188
f 5424 5188 5193
f 5424 5193 5192
f 5424 5192 5197
f 5424 5197 5196
f 5424 5196 5426
f 5424 5426 5427
f 5424 5427 5200
f 5424 5200 5309
f 5169 5220 5428
f 5169 5428 5429
f 5169 5429 5170
f 5430 4150 4152
f 5430 4152 5327
f 5430 5327 5326
f 5430 5326 5351
f 5430 5351 5350
f 5430 5350 5347
f 5430 5347 5346
f 5430 5346 5342
f 5430 5342 5341
f 5430 5341 5333
f 5430 5333 5332
f 5430 5332 5317
f 5430 5317 5316
f 5430 5316 5431
f 5430 5431 5432
f 5430 5432 5161
f 5160 5387 5273
f 5160 5273 5272
f 5160 5272 5433
f 5160 5433 5278
f 5160 5278 5277
f 5160 5277 5284
f 5160 5284 5283
f 5160 5283 5434
f 5160 5434 5435
f 5160 5435 5288
f 5160 5288 5287
f 5160 5287 5294
f 5160 5294 5293
f 5160 5293 5161
f 5161 5293 5298
f 5161 5298 5297
f 5161 5297 5258
f 5161 5258 5257
f 5161 5257 5264
f 5161 5264 5263
f 5161 5263 5436
f 5161 5436 5437
f 5161 5437 5438
f 5161 5438 5439
f 5161 5439 5430
f 5439 5438 5245
f 5439 5245 5244
f 5439 5244 5371
f 5439 5371 5370
f 5440 4276 5441
f 5440 5441 5442
f 5440 5442 5443
f 5440 5443 5392
f 5440 5392 4270
f 5407 5444 5063
f 5407 5063 4310
f 5407 4310 4309
f 5407 4309 5445
f 5407 5445 5446
f 5407 5446 4199
f 5407 4199 4198
f 5407 4198 5447
f 5407 5447 5448
f 5407 5448 4207
f 5407 4207 4206
f 5407 4206 5408
f 5441 4276 4275
f 5441 4275 5449
f 5441 5449 5450
f 5441 5450 4382
f 5441 4382 4381
f 5441 4381 5064
f 5441 5064 5063
f 5441 5063 5444
f 5391 5390 5451
f 5391 5451 5452
f 5391 5452 5152
f 5391 5152 5151
f 5391 5151 4154
f 5391 4154 4156
f 5452 5451 5146
f 5146 5451 5453
f 5146 5453 5147
f 5147 5453 5303
f 5079 5067 5070
f 5070 5067 5066
f 4389 4401 4418
f 4418 4401 4268
f 4418 4268 4419
f 4419 4268 4267
f 4927 4171 4928
f 4928 4171 5173
f 4642 4641 5422
f 5422 4641 5423
f 4192 4191 5454
f 5454 4191 5455
f 5454 5455 5456
f 4565 4564 5166
f 5166 4564 5167
f 4845 4844 5426
f 5426 4844 5427
f 4168 5173 4166
f 4166 5173 5172
f 4166 5172 5300
f 5300 5172 5301
f 5314 5313 5457
f 5457 5313 5456
f 5457 5456 5114
f 5114 5456 5455
f 5217 5216 5331
f 5331 5216 5312
f 5330 5340 5218
f 5218 5340 4163
f 5218 4163 5211
f 5211 4163 4165
f 5345 5349 5458
f 5458 5349 4162
f 5458 4162 5206
f 5206 4162 4161
f 5318 5154 5431
f 5431 5154 5432
f 5421 5425 4101
f 4101 5425 5459
f 5434 5233 5435
f 5435 5233 5232
f 5436 5247 5437
f 5437 5247 5246
f 5275 5274 5384
f 5384 5274 5385
f 5281 5280 5382
f 5382 5280 5383
f 5285 5230 5380
f 5380 5230 5381
f 5291 5290 5378
f 5378 5290 5379
f 5253 5296 5376
f 5376 5296 5377
f 5255 5254 5374
f 5374 5254 5375
f 5261 5260 5372
f 5372 5260 5373
f 5449 4339 5450
f 5450 4339 4338
f 5445 4176 5446
f 5446 4176 4175
f 5447 4291 5448
f 5448 4291 4201
f 5408 4281 5409
f 5409 4281 4280
f 4157 5059 5413
f 5413 5059 5058
f 4516 5121 4517
f 4517 5121 5120
f 4243 5111 4244
f 4244 5111 4189
f 5074 5004 5075
f 5075 5004 5003
f 5083 4939 5084
f 5084 4939 4938
f 5087 4867 5088
f 5088 4867 4866
f 4233 4487 4483
f 4483 4487 4550
f 4544 4549 4545
f 4545 4549 4622
f 4616 4621 4617
f 4617 4621 4690
f 4684 4689 4685
f 4685 4689 4760
f 4754 4759 4755
f 4755 4759 4830
f 4824 4829 4825
f 4825 4829 4908
f 4902 4907 4903
f 4903 4907 4981
f 4975 4980 4976
f 4976 4980 5038
f 5032 5037 5033
f 5033 5037 5104
f 4219 4998 4220
f 4220 4998 4997
f 5002 4931 4935
f 4935 4931 4930
f 4936 4858 4863
f 4863 4858 4857
f 4864 4782 4787
f 4787 4782 4781
f 4788 4712 4717
f 4717 4712 4711
f 4718 4645 4649
f 4649 4645 4644
f 4650 4576 4581
f 4581 4576 4514
f 4509 4446 4452
f 4452 4446 4241
f 4391 4433 4428
f 4428 4433 4496
f 4489 4495 4490
f 4490 4495 4559
f 4552 4558 4553
f 4553 4558 4630
f 4624 4629 4625
f 4625 4629 4699
f 4692 4698 4693
f 4693 4698 4769
f 4762 4768 4763
f 4763 4768 4839
f 4832 4838 4833
f 4833 4838 4916
f 4910 4915 4911
f 4911 4915 4990
f 4983 4989 4984
f 4984 4989 5047
f 5040 5046 5041
f 5041 5046 5108
f 4211 4375 4212
f 4212 4375 4374
f 5005 4369 4943
f 4943 4369 4368
f 4944 4363 4871
f 4871 4363 4362
f 4872 4357 4793
f 4793 4357 4356
f 4794 4351 4723
f 4723 4351 4350
f 4724 4316 4655
f 4655 4316 4315
f 4656 4259 4587
f 4587 4259 4181
f 4264 4249 4265
f 4265 4249 4248
f 5096 5008 5013
f 5013 5008 5007
f 5014 4954 4958
f 4958 4954 4953
f 4959 4878 4883
f 4883 4878 4877
f 4884 4800 4805
f 4805 4800 4799
f 4806 4730 4735
f 4735 4730 4729
f 4736 4662 4667
f 4667 4662 4661
f 4668 4592 4597
f 4597 4592 4591
f 4598 4522 4527
f 4527 4522 4521
f 4528 4457 4462
f 4462 4457 4456
f 4463 4404 4409
f 4409 4404 4403
f 4410 4386 4411
f 4411 4386 4385
f 4320 4417 4443
f 4443 4417 4471
f 4503 4470 4504
f 4504 4470 4534
f 4572 4533 4573
f 4573 4533 4606
f 4635 4605 4636
f 4636 4605 4674
f 4706 4673 4707
f 4707 4673 4744
f 4776 4743 4777
f 4777 4743 4814
f 4852 4813 4853
f 4853 4813 4892
f 4921 4891 4922
f 4922 4891 4965
f 4994 4964 4995
f 4995 4964 5022
f 5092 5081 5093
f 5093 5081 5080
f 4421 4481 4422
f 4422 4481 4480
f 4473 4479 4474
f 4474 4479 4542
f 4536 4541 4537
f 4537 4541 4614
f 4608 4613 4609
f 4609 4613 4682
f 4676 4681 4677
f 4677 4681 4752
f 4746 4751 4747
f 4747 4751 4822
f 4816 4821 4817
f 4817 4821 4900
f 4894 4899 4895
f 4895 4899 4973
f 4967 4972 4968
f 4968 4972 5030
f 5024 5029 5025
f 5025 5029 5101
f 4272 5017 4273
f 4273 5017 5016
f 4336 4887 4379
f 4379 4887 4886
f 5062 4809 4305
f 4305 4809 4808
f 4306 4739 4307
f 4307 4739 4738
f 4173 4601 4196
f 4196 4601 4600
f 4203 4466 4204
f 4204 4466 4465
f 5360 4441 5361
f 5361 4441 4440
f 5366 4439 5178
f 5178 4439 4501
f 5179 4500 5180
f 5180 4500 4570
f 5353 4569 5267
f 5267 4569 4633
f 5268 4632 5223
f 5223 4632 4704
f 5224 4703 5225
f 5225 4703 4774
f 5238 4773 5239
f 5239 4773 4850
f 5335 4849 4297
f 4297 4849 4919
f 4298 4918 4299
f 4299 4918 4993
f 5141 4345 5142
f 5142 4345 4344
f 5143 5142 5059
f 5059 5142 5060
f 4205 4204 4281
f 4281 4204 4282
f 4197 4196 4291
f 4291 4196 4292
f 4308 4307 4176
f 4176 4307 4177
f 4274 4273 4339
f 4339 4273 4340
f 4289 4288 4441
f 4441 4288 4442
f 5405 5404 5017
f 5017 5404 5018
f 4348 4995 4333
f 4333 4995 5053
f 4412 4411 4323
f 4323 4411 4324
f 5403 5402 5008
f 5008 5402 5009
f 5026 5025 5415
f 5415 5025 5416
f 4881 4951 4802
f 4802 4951 4215
f 5011 5093 4956
f 4956 5093 5069
f 4266 4265 4481
f 4481 4265 4482
f 5401 5400 5081
f 5081 5400 5078
f 5034 5033 5417
f 5417 5033 5418
f 4185 4184 4249
f 4249 4184 4250
f 5089 5088 4375
f 4375 5088 4376
f 4258 4230 4251
f 4251 4230 4427
f 5399 5398 5004
f 5004 5398 4223
f 5042 5041 5419
f 5419 5041 5420
f 4229 4228 4394
f 4394 4228 4395
f 4254 4194 4396
f 4396 4194 4434
f 4518 4517 4446
f 4446 4517 4447
f 5397 5396 4998
f 4998 5396 4999
f 4846 4845 4991
f 4991 4845 5195
f 4566 4565 4700
f 4700 4565 5204
f 4193 4192 4435
f 4435 4192 5214
f 4579 4642 5121
f 5121 4642 5122
f 4861 4928 4784
f 4784 4928 5133
f 5395 5394 5000
f 5000 5394 5137
f 5454 5456 5215
f 5215 5456 5216
f 5166 5165 5205
f 5205 5165 5458
f 5205 5458 5206
f 5118 5320 5113
f 5113 5320 5457
f 5113 5457 5114
f 5169 5138 5460
f 5460 5138 5393
f 5460 5393 4155
f 5303 5453 5388
f 5388 5453 5389
f 5428 5220 5149
f 5149 5220 5150
f 5262 5261 5247
f 5247 5261 5248
f 5282 5281 5233
f 5233 5281 5234
f 5319 5318 5314
f 5314 5318 5315
f 5170 5429 5174
f 5174 5429 5305
f 5461 5462 5463
f 5463 5462 5464
f 5463 5464 5465
f 5466 5467 5468
f 5469 5470 5471
f 5469 5472 5470
f 5473 5474 5475
f 5473 5476 5474
f 5477 5478 5479
f 5468 5467 5480
f 5481 5474 5476
f 5470 5472 5482
f 5483 5484 5485
f 5486 5487 5488
f 5486 5488 5489
f 5486 5489 5490
f 5486 5490 5491
f 5486 5491 5492
f 5486 5492 5493
f 5494 5495 5496
f 5494 5496 5497
f 5494 5497 5498
f 5494 5498 5499
f 5494 5499 5500
f 5494 5500 5501
f 5502 5503 5504
f 5502 5504 5505
f 5502 5505 5506
f 5502 5506 5507
f 5502 5507 5508
f 5502 5508 5509
f 5510 5511 5512
f 5510 5512 5513
f 5510 5513 5514
f 5510 5514 5515
f 5510 5515 5516
f 5510 5516 5517
f 5518 5519 5520
f 5518 5520 5521
f 5518 5521 5522
f 5518 5522 5523
f 5518 5523 5524
f 5518 5524 5525
f 5526 5527 5528
f 5526 5528 5529
f 5526 5529 5530
f 5526 5530 5531
f 5532 5533 5534
f 5532 5534 5535
f 5532 5535 5536
f 5532 5536 5537
f 5532 5537 5538
f 5532 5538 5539
f 5540 5541 5542
f 5540 5542 5543
f 5540 5543 5544
f 5540 5544 5545
f 5540 5545 5546
f 5540 5546 5547
f 5548 5549 5550
f 5548 5550 5551
f 5548 5551 5552
f 5548 5552 5553
f 5542 5541 5554
f 5542 5554 5555
f 5542 5555 5556
f 5542 5556 5557
f 5558 5555 5554
f 5558 5554 5559
f 5558 5559 5560
f 5558 5560 5561
f 5558 5561 5562
f 5558 5562 5563
f 5564 5561 5560
f 5564 5560 5565
f 5564 5565 5566
f 5564 5566 5567
f 5564 5567 5568
f 5564 5568 5569
f 5570 5571 5572
f 5570 5572 5573
f 5570 5573 5574
f 5570 5574 5575
f 5570 5575 5576
f 5570 5576 5577
f 5578 5579 5580
f 5578 5580 5581
f 5578 5581 5582
f 5578 5582 5583
f 5578 5583 5476
f 5578 5476 5473
f 5584 5585 5586
f 5584 5586 5587
f 5584 5587 5588
f 5584 5588 5589
f 5590 5591 5592
f 5590 5592 5593
f 5590 5593 5594
f 5590 5594 5595
f 5590 5595 5596
f 5590 5596 5597
f 5598 5599 5600
f 5598 5600 5601
f 5598 5601 5602
f 5598 5602 5603
f 5598 5603 5604
f 5598 5604 5605
f 5488 5487 5606
f 5488 5606 5607
f 5488 5607 5608
f 5488 5608 5609
f 5610 5607 5606
f 5610 5606 5611
f 5610 5611 5612
f 5610 5612 5613
f 5610 5613 5614
f 5610 5614 5615
f 5616 5613 5612
f 5616 5612 5617
f 5616 5617 5528
f 5616 5528 5527
f 5616 5527 5618
f 5616 5618 5619
f 5620 5621 5531
f 5620 5531 5530
f 5620 5530 5622
f 5620 5622 5623
f 5520 5519 5624
f 5520 5624 5625
f 5520 5625 5626
f 5520 5626 5627
f 5520 5627 5557
f 5520 5557 5556
f 5520 5556 5563
f 5520 5563 5628
f 5629 5630 5631
f 5629 5631 5632
f 5629 5632 5633
f 5629 5633 5634
f 5629 5634 5635
f 5629 5635 5636
f 5637 5638 5639
f 5637 5639 5640
f 5637 5640 5641
f 5637 5641 5642
f 5637 5642 5643
f 5637 5643 5644
f 5645 5646 5647
f 5645 5647 5648
f 5645 5648 5649
f 5645 5649 5650
f 5645 5650 5651
f 5645 5651 5652
f 5653 5652 5654
f 5653 5654 5655
f 5653 5655 5656
f 5653 5656 5657
f 5653 5657 5658
f 5653 5658 5646
f 5659 5660 5661
f 5659 5661 5662
f 5659 5662 5663
f 5659 5663 5664
f 5659 5664 5665
f 5659 5665 5666
f 5667 5668 5669
f 5667 5669 5550
f 5667 5550 5549
f 5667 5549 5470
f 5670 5667 5470
f 5670 5470 5482
f 5670 5482 5671
f 5670 5671 5672
f 5673 5523 5522
f 5673 5522 5674
f 5673 5674 5534
f 5673 5534 5533
f 5673 5533 5675
f 5673 5675 5676
f 5677 5537 5536
f 5677 5536 5678
f 5677 5678 5631
f 5677 5631 5630
f 5677 5630 5679
f 5677 5679 5680
f 5681 5634 5633
f 5681 5633 5682
f 5681 5682 5639
f 5681 5639 5638
f 5681 5638 5683
f 5681 5683 5684
f 5643 5657 5656
f 5643 5656 5685
f 5643 5685 5686
f 5643 5686 5644
f 5658 5642 5641
f 5658 5641 5687
f 5658 5687 5647
f 5658 5647 5646
f 5688 5650 5649
f 5688 5649 5689
f 5688 5689 5661
f 5688 5661 5660
f 5688 5660 5690
f 5688 5690 5691
f 5692 5664 5663
f 5692 5663 5693
f 5692 5693 5694
f 5692 5694 5695
f 5692 5695 5696
f 5692 5696 5697
f 5698 5699 5700
f 5698 5700 5701
f 5698 5701 5702
f 5698 5702 5703
f 5698 5703 5472
f 5698 5472 5469
f 5704 5705 5471
f 5704 5471 5470
f 5704 5470 5706
f 5704 5706 5707
f 5704 5707 5699
f 5708 5709 5710
f 5708 5710 5711
f 5708 5711 5712
f 5708 5712 5713
f 5708 5713 5714
f 5708 5714 5715
f 5716 5717 5718
f 5716 5718 5719
f 5716 5719 5485
f 5716 5485 5484
f 5716 5484 5720
f 5716 5720 5721
f 5722 5723 5668
f 5722 5668 5672
f 5722 5672 5671
f 5722 5671 5724
f 5722 5724 5725
f 5722 5725 5717
f 5726 5727 5728
f 5726 5728 5729
f 5726 5729 5730
f 5726 5730 5731
f 5726 5731 5732
f 5726 5732 5733
f 5734 5735 5736
f 5734 5736 5737
f 5734 5737 5738
f 5734 5738 5739
f 5734 5739 5740
f 5734 5740 5741
f 5742 5741 5743
f 5742 5743 5744
f 5742 5744 5745
f 5742 5745 5746
f 5742 5746 5747
f 5742 5747 5735
f 5748 5749 5750
f 5748 5750 5751
f 5748 5751 5752
f 5748 5752 5753
f 5748 5753 5754
f 5748 5754 5755
f 5750 5749 5756
f 5750 5756 5757
f 5750 5757 5758
f 5750 5758 5759
f 5754 5760 5761
f 5754 5761 5762
f 5754 5762 5763
f 5754 5763 5755
f 5764 5753 5752
f 5764 5752 5765
f 5764 5765 5496
f 5764 5496 5495
f 5764 5495 5766
f 5764 5766 5760
f 5767 5731 5730
f 5767 5730 5768
f 5767 5768 5769
f 5767 5769 5770
f 5767 5770 5736
f 5767 5736 5771
f 5732 5771 5747
f 5732 5747 5772
f 5732 5772 5773
f 5732 5773 5733
f 5761 5760 5766
f 5761 5766 5774
f 5761 5774 5775
f 5761 5775 5776
f 5777 5778 5779
f 5777 5779 5780
f 5777 5780 5781
f 5777 5781 5782
f 5777 5782 5783
f 5777 5783 5500
f 5778 5499 5498
f 5778 5498 5784
f 5778 5784 5785
f 5778 5785 5779
f 5786 5787 5635
f 5786 5635 5684
f 5786 5684 5683
f 5786 5683 5788
f 5786 5788 5730
f 5786 5730 5729
f 5728 5727 5789
f 5728 5789 5790
f 5728 5790 5791
f 5728 5791 5787
f 5792 5739 5738
f 5792 5738 5793
f 5792 5793 5794
f 5792 5794 5795
f 5792 5795 5796
f 5792 5796 5797
f 5740 5797 5798
f 5740 5798 5799
f 5740 5799 5743
f 5740 5743 5741
f 5654 5652 5651
f 5654 5651 5800
f 5654 5800 5801
f 5654 5801 5802
f 5803 5802 5804
f 5803 5804 5805
f 5803 5805 5806
f 5803 5806 5807
f 5803 5807 5656
f 5803 5656 5655
f 5808 5809 5810
f 5808 5810 5811
f 5808 5811 5812
f 5808 5812 5813
f 5808 5813 5781
f 5808 5781 5780
f 5809 5779 5785
f 5809 5785 5814
f 5809 5814 5815
f 5809 5815 5810
f 5791 5816 5679
f 5791 5679 5636
f 5791 5636 5635
f 5791 5635 5787
f 5817 5790 5789
f 5817 5789 5776
f 5817 5776 5775
f 5817 5775 5818
f 5817 5818 5819
f 5817 5819 5816
f 5820 5795 5794
f 5820 5794 5821
f 5820 5821 5822
f 5820 5822 5823
f 5820 5823 5824
f 5820 5824 5825
f 5796 5825 5826
f 5796 5826 5827
f 5796 5827 5798
f 5796 5798 5797
f 5828 5800 5651
f 5828 5651 5691
f 5828 5691 5690
f 5828 5690 5829
f 5828 5829 5830
f 5828 5830 5831
f 5801 5831 5832
f 5801 5832 5833
f 5801 5833 5804
f 5801 5804 5802
f 5834 5810 5815
f 5834 5815 5835
f 5834 5835 5836
f 5834 5836 5837
f 5834 5837 5838
f 5834 5838 5839
f 5819 5840 5538
f 5819 5538 5680
f 5819 5680 5679
f 5819 5679 5816
f 5841 5818 5775
f 5841 5775 5842
f 5841 5842 5843
f 5841 5843 5844
f 5841 5844 5845
f 5841 5845 5840
f 5846 5823 5822
f 5846 5822 5847
f 5846 5847 5848
f 5846 5848 5849
f 5846 5849 5850
f 5846 5850 5851
f 5824 5851 5852
f 5824 5852 5853
f 5824 5853 5826
f 5824 5826 5825
f 5854 5829 5690
f 5854 5690 5666
f 5854 5666 5665
f 5854 5665 5855
f 5854 5855 5856
f 5854 5856 5857
f 5830 5857 5858
f 5830 5858 5859
f 5830 5859 5832
f 5830 5832 5831
f 5838 5860 5861
f 5838 5861 5862
f 5838 5862 5863
f 5838 5863 5839
f 5864 5837 5836
f 5864 5836 5865
f 5864 5865 5866
f 5864 5866 5867
f 5864 5867 5868
f 5864 5868 5860
f 5845 5869 5675
f 5845 5675 5539
f 5845 5539 5538
f 5845 5538 5840
f 5870 5844 5843
f 5870 5843 5871
f 5870 5871 5872
f 5870 5872 5873
f 5870 5873 5874
f 5870 5874 5869
f 5875 5849 5848
f 5875 5848 5876
f 5875 5876 5877
f 5875 5877 5878
f 5875 5878 5879
f 5875 5879 5880
f 5850 5880 5881
f 5850 5881 5882
f 5850 5882 5852
f 5850 5852 5851
f 5883 5855 5665
f 5883 5665 5697
f 5883 5697 5696
f 5883 5696 5884
f 5883 5884 5885
f 5883 5885 5886
f 5856 5886 5887
f 5856 5887 5888
f 5856 5888 5858
f 5856 5858 5857
f 5889 5890 5891
f 5889 5891 5718
f 5889 5718 5717
f 5889 5717 5725
f 5889 5725 5892
f 5889 5892 5868
f 5890 5867 5866
f 5890 5866 5893
f 5890 5893 5894
f 5890 5894 5891
f 5895 5896 5897
f 5895 5897 5898
f 5895 5898 5525
f 5895 5525 5524
f 5895 5524 5676
f 5895 5676 5874
f 5896 5873 5872
f 5896 5872 5899
f 5896 5899 5900
f 5896 5900 5897
f 5879 5901 5902
f 5879 5902 5903
f 5879 5903 5881
f 5879 5881 5880
f 5885 5904 5905
f 5885 5905 5906
f 5885 5906 5887
f 5885 5887 5886
f 5907 5891 5894
f 5907 5894 5908
f 5907 5908 5909
f 5907 5909 5910
f 5907 5910 5485
f 5907 5485 5719
f 5707 5897 5900
f 5707 5900 5911
f 5707 5911 5700
f 5707 5700 5699
f 5912 5913 5914
f 5912 5914 5915
f 5912 5915 5916
f 5912 5916 5917
f 5912 5917 5918
f 5912 5918 5919
f 5912 5919 5920
f 5912 5920 5921
f 5912 5921 5922
f 5912 5922 5923
f 5912 5923 5924
f 5924 5923 5925
f 5924 5925 5926
f 5924 5926 5493
f 5924 5493 5492
f 5924 5492 5927
f 5928 5929 5930
f 5928 5930 5600
f 5928 5600 5599
f 5928 5599 5931
f 5932 5933 5934
f 5932 5934 5935
f 5932 5935 5936
f 5932 5936 5937
f 5932 5937 4144
f 5932 4144 5463
f 5938 5939 5940
f 5938 5940 5941
f 5938 5941 5942
f 5938 5942 5943
f 5938 5943 5944
f 5938 5944 5945
f 5946 5947 5948
f 5946 5948 5949
f 5946 5949 5950
f 5946 5950 5951
f 5946 5951 5952
f 5946 5952 5953
f 5954 5955 5956
f 5954 5956 5957
f 5954 5957 5958
f 5954 5958 5959
f 5954 5959 5960
f 5954 5960 5961
f 5962 5963 5964
f 5962 5964 5914
f 5962 5914 5913
f 5962 5913 5965
f 5962 5965 5480
f 5962 5480 5966
f 5967 5968 5969
f 5967 5969 5970
f 5967 5970 5971
f 5967 5971 5972
f 5967 5972 5973
f 5967 5973 5974
f 5975 5976 5977
f 5975 5977 5978
f 5975 5978 5934
f 5975 5934 5933
f 5975 5933 5461
f 5975 5461 5979
f 5572 5571 5980
f 5572 5980 5981
f 5572 5981 5982
f 5572 5982 5983
f 5984 5985 5976
f 5984 5976 5986
f 5984 5986 5974
f 5984 5974 5973
f 5984 5973 5987
f 5984 5987 5944
f 5985 5943 5942
f 5985 5942 5988
f 5985 5988 5977
f 5985 5977 5976
f 5989 5990 5991
f 5989 5991 5992
f 5989 5992 5940
f 5989 5940 5939
f 5989 5939 5958
f 5989 5958 5957
f 5956 5955 5993
f 5956 5993 5994
f 5956 5994 5504
f 5956 5504 5990
f 5995 5996 5997
f 5995 5997 5961
f 5995 5961 5960
f 5995 5960 5998
f 5995 5998 5999
f 5995 5999 6000
f 6001 6000 6002
f 6001 6002 5964
f 6001 5964 5963
f 6001 5963 6003
f 6001 6003 5948
f 6001 5948 5996
f 6004 5972 5971
f 6004 5971 6005
f 6004 6005 6006
f 6004 6006 6007
f 6004 6007 6008
f 6004 6008 5987
f 6009 6010 5968
f 6009 5968 6011
f 6009 6011 5979
f 6009 5979 5461
f 6009 5461 5463
f 6009 5463 6012
f 6012 5463 4144
f 6012 4144 4146
f 6012 4146 4148
f 6012 4148 6013
f 6012 6013 6014
f 6012 6014 5475
f 6012 5475 5474
f 6012 5474 5586
f 6012 5586 6015
f 6010 6015 6016
f 6010 6016 6017
f 6010 6017 5969
f 6010 5969 5968
f 6002 6000 5999
f 6002 5999 6018
f 6002 6018 6019
f 6002 6019 6020
f 6002 6020 4138
f 6002 4138 4140
f 6002 4140 4142
f 6002 4142 6021
f 6002 6021 6022
f 6002 6022 5596
f 6002 5596 5916
f 6002 5916 5915
f 5952 6023 6024
f 5952 6024 6025
f 5952 6025 6026
f 5952 6026 5953
f 6027 6028 6029
f 6027 6029 6030
f 6027 6030 6031
f 6027 6031 6032
f 6027 6032 5966
f 6027 5966 6033
f 6033 5966 5480
f 6033 5480 5467
f 6033 5467 6034
f 6033 6034 6035
f 6036 5931 5599
f 6036 5599 6037
f 6036 6037 5605
f 6036 5605 5604
f 6036 5604 6038
f 6036 6038 6039
f 6036 6039 5609
f 6036 5609 5608
f 6036 5608 5615
f 6036 5615 5614
f 6036 5614 5619
f 6036 5619 5618
f 6036 5618 6040
f 6041 6040 6042
f 6041 6042 6043
f 6041 6043 6044
f 6041 6044 5669
f 6041 5669 6045
f 6041 6045 5710
f 6041 5710 5709
f 6046 6047 6048
f 6046 6048 5902
f 6046 5902 5901
f 6046 5901 6049
f 6046 6049 6050
f 6046 6050 5905
f 6046 5905 5904
f 6046 5904 6051
f 6046 6051 6052
f 6046 6052 6053
f 6046 6053 6054
f 6046 6054 6055
f 6046 6055 6056
f 6046 6056 6057
f 6046 6057 6058
f 6046 6058 6024
f 6046 6024 6023
f 6046 6023 6059
f 6046 6059 6060
f 6046 6060 6029
f 6046 6029 6028
f 6046 6028 6035
f 6046 6035 6034
f 6046 6034 5928
f 6046 5928 5931
f 6040 5618 5531
f 6040 5531 5621
f 6040 5621 6061
f 6040 6061 6062
f 6040 6062 6063
f 6040 6063 6064
f 6040 6064 6065
f 6040 6065 6066
f 6040 6066 6067
f 6040 6067 6068
f 6040 6068 5477
f 6040 5477 5479
f 6040 5479 6069
f 6040 6069 6070
f 6040 6070 6071
f 6040 6071 6072
f 6040 6072 5983
f 6040 5983 5982
f 6040 5982 6073
f 6040 6073 6074
f 6040 6074 6075
f 6040 6075 6076
f 6040 6076 6077
f 6040 6077 6078
f 6040 6078 5547
f 6040 5547 5546
f 6040 5546 6079
f 6040 6079 6080
f 6040 6080 6081
f 6040 6081 6082
f 6040 6082 6042
f 6083 5562 5569
f 6083 5569 5568
f 6083 5568 6084
f 6083 6084 6085
f 6083 6085 5577
f 6083 5577 5511
f 6045 5669 5668
f 6045 5668 5723
f 6045 5723 5716
f 6045 5716 5721
f 5562 6083 5517
f 5562 5517 5516
f 5562 5516 6086
f 5562 6086 6087
f 5562 6087 6088
f 5562 6088 6089
f 5562 6089 6090
f 5562 6090 6055
f 5562 6055 6091
f 5562 6091 6092
f 5562 6092 6093
f 5562 6093 6094
f 5562 6094 6095
f 5562 6095 6096
f 5562 6096 6097
f 5562 6097 6098
f 5562 6098 6099
f 5562 6099 6100
f 5562 6100 6101
f 5562 6101 6102
f 5562 6102 6103
f 5562 6103 6104
f 5562 6104 6105
f 5562 6105 6106
f 5562 6106 6107
f 5562 6107 6108
f 5562 6108 6109
f 5562 6109 6110
f 5562 6110 6111
f 5562 6111 6112
f 5562 6112 6113
f 5562 6113 6114
f 5562 6114 5628
f 5562 5628 5563
f 6055 6090 6115
f 6055 6115 6116
f 6055 6116 6117
f 6055 6117 6118
f 6055 6118 6119
f 6055 6119 6120
f 6055 6120 6121
f 6055 6121 5509
f 6055 5509 5508
f 6055 5508 6056
f 6122 5715 6123
f 6122 6123 6124
f 6122 6124 6125
f 6122 6125 6041
f 6122 6041 5709
f 6123 5715 5714
f 6123 5714 6126
f 6123 6126 6127
f 6123 6127 6128
f 6123 6128 6129
f 6123 6129 6130
f 6123 6130 6131
f 6123 6131 6132
f 6123 6132 6133
f 6123 6133 6134
f 6123 6134 6135
f 6123 6135 6136
f 6123 6136 6137
f 6123 6137 6138
f 6123 6138 6139
f 6123 6139 6140
f 6123 6140 6141
f 6123 6141 6142
f 6123 6142 6143
f 6123 6143 5759
f 6123 5759 5758
f 6123 5758 6144
f 6123 6144 6145
f 6123 6145 6146
f 6123 6146 6147
f 6123 6147 6148
f 6123 6148 6149
f 6123 6149 6150
f 6123 6150 6151
f 6123 6151 6152
f 6123 6152 6153
f 6123 6153 6154
f 6123 6154 6155
f 6123 6155 6048
f 6123 6048 6047
f 5993 5955 5947
f 5947 5955 5997
f 5947 5997 5948
f 5948 5997 5996
f 6121 6120 5503
f 5503 6120 5991
f 5503 5991 5504
f 5504 5991 5990
f 5959 5958 6008
f 6008 5958 5945
f 6008 5945 5987
f 5987 5945 5944
f 5869 5874 5675
f 5675 5874 5676
f 5702 5701 5892
f 5892 5701 5861
f 5892 5861 5868
f 5868 5861 5860
f 5843 5842 5783
f 5783 5842 6156
f 5783 6156 5500
f 5500 6156 5501
f 5771 5736 5747
f 5747 5736 5735
f 5594 5593 6063
f 6063 5593 6064
f 6062 6061 6157
f 6157 6061 5623
f 6157 5623 6158
f 5918 5530 5919
f 5919 5530 5529
f 5921 5920 5617
f 5617 5920 5528
f 5965 5913 6159
f 6159 5913 5927
f 6159 5927 5492
f 5925 5606 5926
f 5926 5606 5487
f 5490 5489 6038
f 6038 5489 6039
f 5602 5491 5603
f 5603 5491 5490
f 5602 5601 6160
f 6160 5601 5929
f 6160 5929 5466
f 5466 5929 5928
f 6068 6067 6161
f 6161 6067 5588
f 6161 5588 5587
f 5588 6162 5589
f 5589 6162 5591
f 5589 5591 6163
f 6163 5591 6164
f 6163 6164 6016
f 5554 5541 6077
f 6077 5541 6078
f 6086 5936 6087
f 6087 5936 5935
f 6088 5934 6089
f 6089 5934 5978
f 6090 5977 6115
f 6115 5977 5988
f 6116 5942 6117
f 6117 5942 5941
f 6118 5940 6119
f 6119 5940 5992
f 5583 5582 6069
f 6069 5582 6070
f 6161 5587 5478
f 5478 5587 5481
f 5478 5481 5479
f 5479 5481 5476
f 6163 6016 5585
f 5585 6016 6015
f 5585 6015 5586
f 6016 6164 6022
f 6022 6164 5597
f 6022 5597 5596
f 5969 6017 4142
f 4142 6017 6021
f 5971 5970 6020
f 6020 5970 4138
f 6006 6005 6018
f 6018 6005 6019
f 5949 6031 5950
f 5950 6031 6030
f 5574 5573 6071
f 6071 5573 6072
f 5560 5559 6075
f 6075 5559 6076
f 5566 5565 6073
f 6073 5565 6074
f 5980 5567 5981
f 5981 5567 5566
f 6084 5980 6085
f 6085 5980 5571
f 5580 5512 5576
f 5576 5512 5511
f 5576 5511 5577
f 5475 6014 5579
f 5579 6014 5512
f 5579 5512 5580
f 5514 5513 4148
f 4148 5513 6013
f 5505 6026 5506
f 5506 6026 6025
f 5768 5686 5769
f 5769 5686 5685
f 6044 6043 5551
f 5551 6043 6165
f 5551 6165 5552
f 5549 5624 5470
f 5470 5624 5519
f 5552 6165 6081
f 6081 6165 6082
f 5625 5624 6166
f 6166 5624 5553
f 6166 5553 6167
f 6167 5553 5552
f 5545 5544 6168
f 6168 5544 6166
f 6168 6166 6167
f 5627 5626 5543
f 5543 5626 5544
f 5522 5521 6113
f 6113 5521 6114
f 5534 5674 6111
f 6111 5674 6112
f 5536 5535 6109
f 6109 5535 6110
f 5631 5678 6107
f 6107 5678 6108
f 5633 5632 6105
f 6105 5632 6106
f 5639 5682 6103
f 6103 5682 6104
f 5641 5640 6101
f 6101 5640 6102
f 5647 5687 6099
f 6099 5687 6100
f 5649 5648 6097
f 6097 5648 6098
f 5661 5689 6095
f 6095 5689 6096
f 5663 5662 6093
f 6093 5662 6094
f 5694 5693 6091
f 6091 5693 6092
f 6168 6167 6079
f 6079 6167 6080
f 6126 5909 6127
f 6127 5909 5908
f 6128 5894 6129
f 6129 5894 5893
f 6130 5866 6131
f 6131 5866 5865
f 6132 5836 6133
f 6133 5836 5835
f 6134 5815 6135
f 6135 5815 5814
f 6136 5785 6137
f 6137 5785 5784
f 6138 5498 6139
f 6139 5498 5497
f 6140 5496 6141
f 6141 5496 5765
f 6142 5752 6143
f 6143 5752 5751
f 6144 5745 6145
f 6145 5745 5744
f 6146 5743 6147
f 6147 5743 5799
f 6148 5798 6149
f 6149 5798 5827
f 6150 5826 6151
f 6151 5826 5853
f 6152 5852 6153
f 6153 5852 5882
f 6154 5881 6155
f 6155 5881 5903
f 5712 5711 5720
f 5720 5711 5721
f 5749 5773 5756
f 5756 5773 5772
f 5862 5700 5863
f 5863 5700 5911
f 5813 5812 5899
f 5899 5812 5900
f 5782 5781 5871
f 5871 5781 5872
f 5762 5789 5763
f 5763 5789 5727
f 5737 5806 5738
f 5738 5806 5805
f 5793 5804 5794
f 5794 5804 5833
f 5821 5832 5822
f 5822 5832 5859
f 5847 5858 5848
f 5848 5858 5888
f 5876 5887 5877
f 5877 5887 5906
f 5757 5756 5745
f 5745 5756 5746
f 5713 5712 5909
f 5909 5712 5910
f 5878 5877 6049
f 6049 5877 6050
f 5755 5763 5773
f 5773 5763 5733
f 5501 6156 5766
f 5766 6156 5774
f 5839 5863 5811
f 5811 5863 5812
f 5770 5769 5806
f 5806 5769 5807
f 5724 5671 5702
f 5702 5671 5703
f 5884 5696 6051
f 6051 5696 6052
f 5788 5683 5686
f 5686 5683 5644
f 5706 5470 5898
f 5898 5470 5525
f 5695 5694 6053
f 6053 5694 6054
f 5507 5506 6057
f 6057 5506 6058
f 5515 5514 5936
f 5936 5514 5937
f 5575 5574 5581
f 5581 5574 5582
f 5994 5993 6026
f 6026 5993 5953
f 5979 6011 5986
f 5986 6011 5974
f 5951 5950 6059
f 6059 5950 6060
f 6007 6006 5960
f 5960 6006 5998
f 5963 6032 6003
f 6003 6032 6031
f 5595 5594 6158
f 6158 5594 6157
f 6158 5623 5916
f 5916 5623 5622
f 5916 5622 5917
f 6066 6065 6162
f 6162 6065 5592
f 6162 5592 5591
f 6159 5492 5468
f 5468 5492 6160
f 5468 6160 5466
f 5922 5612 5923
f 5923 5612 5611
f 6169 6018 6170
f 6170 6018 5999
f 6171 6020 6172
f 6172 6020 6019
f 6173 6174 5326
f 5326 6174 5351
f 6175 6176 4152
f 4152 6176 5327
f 6177 6178 5346
f 5346 6178 5342
f 6179 6180 5350
f 5350 6180 5347
f 6181 6182 5332
f 5332 6182 5317
f 6183 6184 5341
f 5341 6184 5333
f 6185 6186 5432
f 5432 6186 5161
f 6187 6188 5316
f 5316 6188 5431
f 4850 4849 6189
f 6189 4849 6190
f 4848 4779 6191
f 6191 4779 6192
f 4944 4943 6193
f 6193 4943 6194
f 4942 4875 6195
f 6195 4875 6196
f 5859 5858 6197
f 6197 5858 6198
f 5857 5830 6199
f 6199 5830 6200
f 4348 4333 6201
f 6201 4333 6202
f 5053 4995 6203
f 6203 4995 6204
f 4877 4800 6205
f 6205 4800 6206
f 4801 4876 6207
f 6207 4876 6208
f 4362 4357 6209
f 6209 4357 6210
f 4358 4361 6211
f 6211 4361 6212
f 6213 4857 6214
f 6214 4857 4782
f 4783 4856 6215
f 6215 4856 6216
f 6217 4908 6218
f 6218 4908 4907
f 4906 4835 6219
f 6219 4835 6220
f 5787 5786 6221
f 6221 5786 6222
f 5684 5635 6223
f 6223 5635 6224
f 4344 4331 6225
f 6225 4331 6226
f 4332 4343 6227
f 6227 4343 6228
f 4374 4369 6229
f 6229 4369 6230
f 4370 4373 6231
f 6231 4373 6232
f 6233 4997 6234
f 6234 4997 4931
f 4932 4996 6235
f 6235 4996 6236
f 6237 5945 6238
f 6238 5945 5958
f 5959 6008 6239
f 6239 6008 6240
f 4834 4909 6241
f 6241 4909 6242
f 4910 4833 6243
f 6243 4833 6244
f 4917 4855 6245
f 6245 4855 6246
f 4919 4918 6247
f 6247 4918 6248
f 5855 5883 6249
f 6249 5883 6250
f 5697 5665 6251
f 6251 5665 6252
f 4969 5023 6253
f 6253 5023 6254
f 5024 4968 6255
f 6255 4968 6256
f 5805 5804 6257
f 6257 5804 6258
f 5802 5803 6259
f 6259 5803 6260
f 4786 4721 6261
f 6261 4721 6262
f 4788 4787 6263
f 6263 4787 6264
f 5871 5843 6265
f 6265 5843 6266
f 5844 5870 6267
f 6267 5870 6268
f 4778 4851 6269
f 6269 4851 6270
f 4852 4777 6271
f 6271 4777 6272
f 5292 5295 6273
f 6273 5295 6274
f 5296 5291 6275
f 6275 5291 6276
f 5862 5861 6277
f 6277 5861 6278
f 5860 5838 6279
f 6279 5838 6280
f 5286 5289 6281
f 6281 5289 6282
f 5290 5285 6283
f 6283 5285 6284
f 4985 5039 6285
f 6285 5039 6286
f 5040 4984 6287
f 6287 4984 6288
f 5012 4962 6289
f 6289 4962 6290
f 5014 5013 6291
f 6291 5013 6292
f 5232 5231 6293
f 6293 5231 6294
f 5230 5229 6295
f 6295 5229 6296
f 6297 4372 6298
f 6298 4372 4365
f 4652 4719 6299
f 6299 4719 6300
f 5947 5946 6301
f 6301 5946 6302
f 5949 5948 6303
f 6303 5948 6304
f 5282 5233 6305
f 6305 5233 6306
f 5234 5281 6307
f 6307 5281 6308
f 4346 4924 6309
f 6309 4924 6310
f 4993 4345 6311
f 6311 4345 6312
f 5020 4970 6313
f 6313 4970 6314
f 5022 5021 6315
f 6315 5021 6316
f 5539 5675 6317
f 6317 5675 6318
f 5869 5845 6319
f 6319 5845 6320
f 5280 5275 6321
f 6321 5275 6322
f 5276 5279 6323
f 6323 5279 6324
f 5272 5271 6325
f 6325 5271 6326
f 5274 5273 6327
f 6327 5273 6328
f 5246 5245 6329
f 6329 5245 6330
f 5244 5243 6331
f 6331 5243 6332
f 6333 6003 6334
f 6334 6003 6031
f 6032 5963 6335
f 6335 5963 6336
f 5262 5247 6337
f 6337 5247 6338
f 5248 5261 6339
f 6339 5261 6340
f 6341 5038 6342
f 6342 5038 5037
f 5036 4986 6343
f 6343 4986 6344
f 5911 5900 6345
f 6345 5900 6346
f 5897 5707 6347
f 6347 5707 6348
f 5256 5259 6349
f 6349 5259 6350
f 5260 5255 6351
f 6351 5255 6352
f 5016 4341 6353
f 6353 4341 6354
f 4961 5015 6355
f 6355 5015 6356
f 5007 4954 6357
f 6357 4954 6358
f 4955 5006 6359
f 6359 5006 6360
f 5252 5251 6361
f 6361 5251 6362
f 5254 5253 6363
f 6363 5253 6364
f 4213 4947 6365
f 6365 4947 6366
f 5005 4212 6367
f 6367 4212 6368
f 5895 5874 6369
f 6369 5874 6370
f 5676 5524 6371
f 6371 5524 6372
f 4804 4741 6373
f 6373 4741 6374
f 4806 4805 6375
f 6375 4805 6376
f 4803 4732 6377
f 6377 4732 6378
f 4946 4214 6379
f 6379 4214 6380
f 4356 4351 6381
f 6381 4351 6382
f 4352 4355 6383
f 6383 4355 6384
f 5776 5789 6385
f 6385 5789 6386
f 5790 5817 6387
f 6387 5817 6388
f 4368 4363 6389
f 6389 4363 6390
f 4364 4367 6391
f 6391 4367 6392
f 5030 5029 6393
f 6393 5029 6394
f 5028 4978 6395
f 6395 4978 6396
f 6397 4830 6398
f 6398 4830 4829
f 4828 4765 6399
f 6399 4765 6400
f 4799 4730 6401
f 6401 4730 6402
f 4731 4798 6403
f 6403 4798 6404
f 4748 4815 6405
f 6405 4815 6406
f 4816 4747 6407
f 6407 4747 6408
f 4595 4524 6409
f 6409 4524 6410
f 4726 4795 6411
f 6411 4795 6412
f 5770 5806 6413
f 6413 5806 6414
f 5807 5769 6415
f 6415 5769 6416
f 5961 5997 6417
f 6417 5997 6418
f 5996 5995 6419
f 6419 5995 6420
f 5823 5846 6421
f 6421 5846 6422
f 5847 5822 6423
f 6423 5822 6424
f 6425 4990 6426
f 6426 4990 4989
f 4988 4987 6427
f 6427 4987 6428
f 4342 4887 6429
f 6429 4887 6430
f 4888 4960 6431
f 6431 4960 6432
f 4752 4751 6433
f 6433 4751 6434
f 4750 4687 6435
f 6435 4687 6436
f 4734 4671 6437
f 6437 4671 6438
f 4736 4735 6439
f 6439 4735 6440
f 5727 5726 6441
f 6441 5726 6442
f 5729 5728 6443
f 6443 5728 6444
f 6445 5397 6446
f 6446 5397 4998
f 4999 5396 6447
f 6447 5396 6448
f 4217 4216 6449
f 6449 4216 6450
f 4219 4218 6451
f 6451 4218 6452
f 6453 5399 6454
f 6454 5399 5004
f 4223 5398 6455
f 6455 5398 6456
f 4881 4802 6457
f 6457 4802 6458
f 4215 4951 6459
f 6459 4951 6460
f 5089 4375 6461
f 6461 4375 6462
f 4376 5088 6463
f 6463 5088 6464
f 4896 4966 6465
f 6465 4966 6466
f 4967 4895 6467
f 6467 4895 6468
f 4211 4210 6469
f 6469 4210 6470
f 4209 4208 6471
f 6471 4208 6472
f 5085 5086 6473
f 6473 5086 6474
f 5087 5084 6475
f 6475 5084 6476
f 4733 4664 6477
f 6477 4664 6478
f 4874 4945 6479
f 6479 4945 6480
f 5076 5082 6481
f 6481 5082 6482
f 5083 5075 6483
f 6483 5075 6484
f 5072 5071 6485
f 6485 5071 6486
f 5074 5073 6487
f 6487 5073 6488
f 6005 5971 6489
f 6489 5971 6490
f 5972 6004 6491
f 6491 6004 6492
f 5840 5819 6493
f 6493 5819 6494
f 5680 5538 6495
f 6495 5538 6496
f 4963 4897 6497
f 6497 4897 6498
f 4965 4964 6499
f 6499 4964 6500
f 5839 5811 6501
f 6501 5811 6502
f 5812 5863 6503
f 6503 5863 6504
f 4948 4880 6505
f 6505 4880 6506
f 4950 4949 6507
f 6507 4949 6508
f 5011 4956 6509
f 6509 4956 6510
f 5069 5093 6511
f 6511 5093 6512
f 6007 5960 6513
f 6513 5960 6514
f 5998 6006 6515
f 6515 6006 6516
f 5090 5010 6517
f 6517 5010 6518
f 5092 5091 6519
f 6519 5091 6520
f 4973 4972 6521
f 6521 4972 6522
f 4971 4905 6523
f 6523 4905 6524
f 5403 5008 6525
f 6525 5008 6526
f 5009 5402 6527
f 6527 5402 6528
f 4904 4974 6529
f 6529 4974 6530
f 4975 4903 6531
f 6531 4903 6532
f 5094 5019 6533
f 6533 5019 6534
f 5096 5095 6535
f 6535 5095 6536
f 4957 4889 6537
f 6537 4889 6538
f 4959 4958 6539
f 6539 4958 6540
f 5405 5017 6541
f 6541 5017 6542
f 5018 5404 6543
f 6543 5404 6544
f 5026 5415 6545
f 6545 5415 6546
f 5416 5025 6547
f 6547 5025 6548
f 4934 4869 6549
f 6549 4869 6550
f 4936 4935 6551
f 6551 4935 6552
f 5099 5035 6553
f 6553 5035 6554
f 5101 5100 6555
f 6555 5100 6556
f 5418 5033 6557
f 6557 5033 6558
f 5034 5417 6559
f 6559 5417 6560
f 6561 5104 6562
f 6562 5104 5103
f 5102 5043 6563
f 6563 5043 6564
f 5042 5419 6565
f 6565 5419 6566
f 5420 5041 6567
f 6567 5041 6568
f 6569 5108 6570
f 6570 5108 5107
f 5106 5105 6571
f 6571 5105 6572
f 4436 4497 6573
f 6573 4497 6574
f 5209 5213 6575
f 6575 5213 6576
f 4498 4560 6577
f 6577 4560 6578
f 5207 5208 6579
f 6579 5208 6580
f 4892 4891 6581
f 6581 4891 6582
f 4890 4819 6583
f 6583 4819 6584
f 4561 4562 6585
f 6585 4562 6586
f 4564 4563 6587
f 6587 4563 6588
f 5795 5820 6589
f 6589 5820 6590
f 5821 5794 6591
f 6591 5794 6592
f 4854 4920 6593
f 6593 4920 6594
f 4921 4853 6595
f 6595 4853 6596
f 4566 4700 6597
f 6597 4700 6598
f 5204 4565 6599
f 6599 4565 6600
f 4826 4901 6601
f 6601 4901 6602
f 4902 4825 6603
f 6603 4825 6604
f 5202 5203 6605
f 6605 5203 6606
f 4701 4770 6607
f 6607 4770 6608
f 6609 4866 6610
f 6610 4866 4377
f 4790 4865 6611
f 6611 4865 6612
f 4870 4797 6613
f 6613 4797 6614
f 4872 4871 6615
f 6615 4871 6616
f 4771 4840 6617
f 6617 4840 6618
f 5198 5201 6619
f 6619 5201 6620
f 4841 4842 6621
f 6621 4842 6622
f 4844 4843 6623
f 6623 4843 6624
f 4846 4991 6625
f 6625 4991 6626
f 5195 4845 6627
f 6627 4845 6628
f 5800 5828 6629
f 6629 5828 6630
f 5691 5651 6631
f 6631 5651 6632
f 4992 5048 6633
f 6633 5048 6634
f 5191 5194 6635
f 6635 5194 6636
f 5833 5832 6637
f 6637 5832 6638
f 5831 5801 6639
f 6639 5801 6640
f 5049 5109 6641
f 6641 5109 6642
f 5187 5190 6643
f 6643 5190 6644
f 6645 4916 6646
f 6646 4916 4915
f 4914 4847 6647
f 6647 4847 6648
f 5110 5186 6649
f 6649 5186 6650
f 5185 5184 6651
f 6651 5184 6652
f 4151 5324 6653
f 6653 5324 6654
f 5308 4153 6655
f 6655 4153 6656
f 6657 5047 6658
f 6658 5047 5046
f 5045 5044 6659
f 6659 5044 6660
f 4900 4899 6661
f 6661 4899 6662
f 4898 4827 6663
f 6663 4827 6664
f 5349 5307 6665
f 6665 5307 6666
f 5325 5348 6667
f 6667 5348 6668
f 5888 5887 6669
f 6669 5887 6670
f 5886 5856 6671
f 6671 5856 6672
f 5164 5345 6673
f 6673 5345 6674
f 5344 5343 6675
f 6675 5343 6676
f 4882 4811 6677
f 6677 4811 6678
f 4884 4883 6679
f 6679 4883 6680
f 6681 5003 6682
f 6682 5003 4939
f 4940 4222 6683
f 6683 4222 6684
f 5340 5163 6685
f 6685 5163 6686
f 5339 5338 6687
f 6687 5338 6688
f 5816 5791 6689
f 6689 5791 6690
f 5636 5679 6691
f 6691 5679 6692
f 5313 5312 6693
f 6693 5312 6694
f 5311 5310 6695
f 6695 5310 6696
f 5331 5330 6697
f 6697 5330 6698
f 5329 5328 6699
f 6699 5328 6700
f 5319 5314 6701
f 6701 5314 6702
f 5315 5318 6703
f 6703 5318 6704
f 6705 5994 6706
f 6706 5994 6026
f 5953 5993 6707
f 6707 5993 6708
f 4818 4893 6709
f 6709 4893 6710
f 4894 4817 6711
f 6711 4817 6712
f 5156 5155 6713
f 6713 5155 6714
f 5154 5153 6715
f 6715 5153 6716
f 5158 5299 6717
f 6717 5299 6718
f 5300 5157 6719
f 6719 5157 6720
f 4886 4809 6721
f 6721 4809 6722
f 4810 4885 6723
f 6723 4885 6724
f 5175 5301 6725
f 6725 5301 6726
f 5302 5304 6727
f 6727 5304 6728
f 4665 4594 6729
f 6729 4594 6730
f 4796 4873 6731
f 6731 4873 6732
f 4862 4791 6733
f 6733 4791 6734
f 4864 4863 6735
f 6735 4863 6736
f 5305 5429 6737
f 6737 5429 6738
f 5170 5174 6739
f 6739 5174 6740
f 5150 5220 6741
f 6741 5220 6742
f 6743 6744 5149
f 5149 6744 5428
f 6745 6746 5147
f 5147 6746 5148
f 5146 5145 6747
f 6747 5145 6748
f 5842 5775 6749
f 6749 5775 6750
f 5818 5841 6751
f 6751 5841 6752
f 5389 5453 6753
f 6753 5453 6754
f 6755 6756 5388
f 5388 6756 5303
f 5395 5000 6757
f 6757 5000 6758
f 5137 5394 6759
f 6759 5394 6760
f 5001 4933 6761
f 6761 4933 6762
f 5134 5136 6763
f 6763 5136 6764
f 4925 4860 6765
f 6765 4860 6766
f 4927 4926 6767
f 6767 4926 6768
f 4861 4784 6769
f 6769 4784 6770
f 5133 4928 6771
f 6771 4928 6772
f 4814 4813 6773
f 6773 4813 6774
f 4812 4749 6775
f 6775 4749 6776
f 6777 4839 6778
f 6778 4839 4838
f 4837 4836 6779
f 6779 4836 6780
f 4785 4714 6781
f 6781 4714 6782
f 5129 5132 6783
f 6783 5132 6784
f 4715 4647 6785
f 6785 4647 6786
f 5125 5128 6787
f 6787 5128 6788
f 4792 4727 6789
f 6789 4727 6790
f 4794 4793 6791
f 6791 4793 6792
f 4639 4578 6793
f 6793 4578 6794
f 4641 4640 6795
f 6795 4640 6796
f 6797 4378 6798
f 6798 4378 4371
f 4720 4789 6799
f 6799 4789 6800
f 6801 4781 6802
f 6802 4781 4712
f 4713 4780 6803
f 6803 4780 6804
f 5120 4448 6805
f 6805 4448 6806
f 5116 5119 6807
f 6807 5119 6808
f 4579 5121 6809
f 6809 5121 6810
f 5122 4642 6811
f 6811 4642 6812
f 4977 5031 6813
f 6813 5031 6814
f 5032 4976 6815
f 6815 4976 6816
f 4449 5111 6817
f 6817 5111 6818
f 5112 5115 6819
f 6819 5115 6820
f 4189 4188 6821
f 6821 4188 6822
f 4191 4190 6823
f 6823 4190 6824
f 5655 5654 6825
f 6825 5654 6826
f 5652 5653 6827
f 6827 5653 6828
f 4193 4435 6829
f 6829 4435 6830
f 5214 4192 6831
f 6831 4192 6832
f 5808 5780 6833
f 6833 5780 6834
f 5781 5813 6835
f 6835 5813 6836
f 6837 4518 6838
f 6838 4518 4446
f 4447 4517 6839
f 6839 4517 6840
f 4315 4259 6841
f 6841 4259 6842
f 4260 4314 6843
f 6843 4314 6844
f 4708 4775 6845
f 6845 4775 6846
f 4776 4707 6847
f 6847 4707 6848
f 5878 6049 6849
f 6849 6049 6850
f 6050 5877 6851
f 6851 5877 6852
f 5906 5905 6853
f 6853 5905 6854
f 5904 5885 6855
f 6855 5885 6856
f 5884 6051 6857
f 6857 6051 6858
f 6052 5696 6859
f 6859 5696 6860
f 6861 6025 6862
f 6862 6025 6024
f 6023 5952 6863
f 6863 5952 6864
f 6865 5979 6866
f 6866 5979 5986
f 5974 6011 6867
f 6867 6011 6868
f 5777 5500 6869
f 6869 5500 6870
f 5783 5782 6871
f 6871 5782 6872
f 5739 5792 6873
f 6873 5792 6874
f 5793 5738 6875
f 6875 5738 6876
f 6028 6027 6877
f 6877 6027 6878
f 6879 6030 6880
f 6880 6030 6029
f 5951 6059 6881
f 6881 6059 6882
f 6060 5950 6883
f 6883 5950 6884
f 5362 5365 6885
f 6885 5365 6886
f 5366 5361 6887
f 6887 5361 6888
f 4764 4831 6889
f 6889 4831 6890
f 4832 4763 6891
f 6891 4763 6892
f 5360 4290 6893
f 6893 4290 6894
f 5356 5359 6895
f 6895 5359 6896
f 4820 4757 6897
f 6897 4757 6898
f 4822 4821 6899
f 6899 4821 6900
f 4278 4277 6901
f 6901 4277 6902
f 4280 4279 6903
f 6903 4279 6904
f 5899 5872 6905
f 6905 5872 6906
f 5873 5896 6907
f 6907 5896 6908
f 4205 4281 6909
f 6909 4281 6910
f 4282 4204 6911
f 6911 4204 6912
f 4201 4200 6913
f 6913 4200 6914
f 4203 4202 6915
f 6915 4202 6916
f 4221 4941 6917
f 6917 4941 6918
f 5002 4220 6919
f 6919 4220 6920
f 4197 4291 6921
f 6921 4291 6922
f 4292 4196 6923
f 6923 4196 6924
f 4175 4174 6925
f 6925 4174 6926
f 4173 4172 6927
f 6927 4172 6928
f 4308 4176 6929
f 6929 4176 6930
f 4177 4307 6931
f 6931 4307 6932
f 4953 4878 6933
f 6933 4878 6934
f 4879 4952 6935
f 6935 4952 6936
f 4304 4303 6937
f 6937 4303 6938
f 4306 4305 6939
f 6939 4305 6940
f 4380 5061 6941
f 6941 5061 6942
f 5062 4379 6943
f 6943 4379 6944
f 4338 4337 6945
f 6945 4337 6946
f 4336 4335 6947
f 6947 4335 6948
f 4774 4773 6949
f 6949 4773 6950
f 4772 4709 6951
f 6951 4709 6952
f 6953 4769 6954
f 6954 4769 4768
f 4767 4766 6955
f 6955 4766 6956
f 4274 4339 6957
f 6957 4339 6958
f 4340 4273 6959
f 6959 4273 6960
f 4923 4347 6961
f 6961 4347 6962
f 4994 4922 6963
f 6963 4922 6964
f 5054 5098 6965
f 6965 5098 6966
f 5097 5027 6967
f 6967 5027 6968
f 4270 4269 6969
f 6969 4269 6970
f 4272 4271 6971
f 6971 4271 6972
f 5051 5050 6973
f 6973 5050 6974
f 4334 5052 6975
f 6975 5052 6976
f 5849 5875 6977
f 6977 5875 6978
f 5876 5848 6979
f 6979 5848 6980
f 4330 4329 6981
f 6981 4329 6982
f 4328 4327 6983
f 6983 4327 6984
f 4912 4982 6985
f 6985 4982 6986
f 4983 4911 6987
f 6987 4911 6988
f 5058 5057 6989
f 6989 5057 6990
f 5056 5055 6991
f 6991 5055 6992
f 6993 4981 6994
f 6994 4981 4980
f 4979 4913 6995
f 6995 4913 6996
f 5060 5142 6997
f 6997 5142 6998
f 5143 5059 6999
f 6999 5059 7000
f 5685 5656 7001
f 7001 5656 7002
f 5657 5643 7003
f 7003 5643 7004
f 4300 5140 7005
f 7005 5140 7006
f 5141 4299 7007
f 7007 4299 7008
f 4296 4295 7009
f 7009 4295 7010
f 4298 4297 7011
f 7011 4297 7012
f 7013 4938 7014
f 7014 4938 4867
f 4868 4937 7015
f 7015 4937 7016
f 5889 5868 7017
f 7017 5868 7018
f 5892 5725 7019
f 7019 5725 7020
f 5240 5334 7021
f 7021 5334 7022
f 5335 5239 7023
f 7023 5239 7024
f 4686 4753 7025
f 7025 4753 7026
f 4754 4685 7027
f 7027 4685 7028
f 5226 5237 7029
f 7029 5237 7030
f 5238 5225 7031
f 7031 5225 7032
f 5222 5221 7033
f 7033 5221 7034
f 5224 5223 7035
f 7035 5223 7036
f 5829 5854 7037
f 7037 5854 7038
f 5666 5690 7039
f 7039 5690 7040
f 4716 4653 7041
f 7041 4653 7042
f 4718 4717 7043
f 7043 4717 7044
f 5266 5265 7045
f 7045 5265 7046
f 5268 5267 7047
f 7047 5267 7048
f 4744 4743 7049
f 7049 4743 7050
f 4742 4679 7051
f 7051 4679 7052
f 5788 5686 7053
f 7053 5686 7054
f 5644 5683 7055
f 7055 5683 7056
f 5181 5352 7057
f 7057 5352 7058
f 5353 5180 7059
f 7059 5180 7060
f 5177 5176 7061
f 7061 5176 7062
f 5179 5178 7063
f 7063 5178 7064
f 5501 5766 7065
f 7065 5766 7066
f 5774 6156 7067
f 7067 6156 7068
f 7069 4760 7070
f 7070 4760 4759
f 4758 4695 7071
f 7071 4695 7072
f 4398 4388 7073
f 7073 4388 7074
f 4400 4399 7075
f 7075 4399 7076
f 7077 4930 7078
f 7078 4930 4858
f 4859 4929 7079
f 7079 4929 7080
f 7081 4630 7082
f 7082 4630 4629
f 4628 4567 7083
f 7083 4567 7084
f 5755 5773 7085
f 7085 5773 7086
f 5733 5763 7087
f 7087 5763 7088
f 7089 4360 7090
f 7090 4360 4353
f 4511 4582 7091
f 7091 4582 7092
f 7093 5957 7094
f 7094 5957 5956
f 5955 5954 7095
f 7095 5954 7096
f 4694 4761 7097
f 7097 4761 7098
f 4762 4693 7099
f 7099 4693 7100
f 4542 4541 7101
f 7101 4541 7102
f 4540 4485 7103
f 7103 4485 7104
f 4525 4459 7105
f 7105 4459 7106
f 4658 4725 7107
f 7107 4725 7108
f 4526 4468 7109
f 7109 4468 7110
f 4528 4527 7111
f 7111 4527 7112
f 4185 4249 7113
f 7113 4249 7114
f 4250 4184 7115
f 7115 4184 7116
f 4661 4592 7117
f 7117 4592 7118
f 4593 4660 7119
f 7119 4660 7120
f 4507 4454 7121
f 7121 4454 7122
f 4509 4508 7123
f 7123 4508 7124
f 4505 4571 7125
f 7125 4571 7126
f 4572 4504 7127
f 7127 4504 7128
f 4294 4466 7129
f 7129 4466 7130
f 4467 4529 7131
f 7131 4529 7132
f 4263 4262 7133
f 7133 4262 7134
f 4264 4186 7135
f 7135 4186 7136
f 4552 4490 7137
f 7137 4490 7138
f 4491 4551 7139
f 7139 4551 7140
f 4824 4755 7141
f 7141 4755 7142
f 4756 4823 7143
f 7143 4823 7144
f 4473 4422 7145
f 7145 4422 7146
f 4423 4472 7147
f 7147 4472 7148
f 4248 4236 7149
f 7149 4236 7150
f 4237 4247 7151
f 7151 4247 7152
f 5760 5754 7153
f 7153 5754 7154
f 5762 5761 7155
f 7155 5761 7156
f 4456 4404 7157
f 7157 4404 7158
f 4405 4455 7159
f 7159 4455 7160
f 4808 4739 7161
f 7161 4739 7162
f 4740 4807 7163
f 7163 4807 7164
f 4461 4414 7165
f 7165 4414 7166
f 4463 4462 7167
f 7167 4462 7168
f 5731 5767 7169
f 7169 5767 7170
f 5768 5730 7171
f 7171 5730 7172
f 5772 5747 7173
f 7173 5747 7174
f 5771 5732 7175
f 7175 5732 7176
f 4408 4407 7177
f 7177 4407 7178
f 4410 4409 7179
f 7179 4409 7180
f 7181 4241 7182
f 7182 4241 4240
f 4243 4242 7183
f 7183 4242 7184
f 7185 4245 7186
f 7186 4245 4253
f 4195 4244 7187
f 7187 4244 7188
f 7189 4252 7190
f 7190 4252 4238
f 4426 4425 7191
f 7191 4425 7192
f 4460 4406 7193
f 7193 4406 7194
f 4588 4657 7195
f 7195 4657 7196
f 4284 4285 7197
f 7197 4285 7198
f 4287 4286 7199
f 7199 4286 7200
f 7201 4644 7202
f 7202 4644 4576
f 4577 4643 7203
f 7203 4643 7204
f 4442 4288 7205
f 7205 4288 7206
f 4289 4441 7207
f 7207 4441 7208
f 4654 4589 7209
f 7209 4589 7210
f 4656 4655 7211
f 7211 4655 7212
f 7213 4258 7214
f 7214 4258 4251
f 4427 4230 7215
f 7215 4230 7216
f 4596 4531 7217
f 7217 4531 7218
f 4598 4597 7219
f 7219 4597 7220
f 4580 4512 7221
f 7221 4512 7222
f 4519 4581 7223
f 7223 4581 7224
f 4633 4632 7225
f 7225 4632 7226
f 4631 4575 7227
f 7227 4575 7228
f 5490 7229 5603
f 5603 7229 7230
f 5602 7231 5491
f 5491 7231 7232
f 5600 7233 5601
f 5601 7233 7234
f 5598 7235 5599
f 5599 7235 7236
f 4722 4659 7237
f 7237 4659 7238
f 4724 4723 7239
f 7239 4723 7240
f 5488 7241 5489
f 5489 7241 7242
f 5486 7243 5487
f 5487 7243 7244
f 4554 4623 7245
f 7245 4623 7246
f 4624 4553 7247
f 7247 4553 7248
f 5606 7249 5611
f 5611 7249 7250
f 5610 7251 5607
f 5607 7251 7252
f 4738 4178 7253
f 7253 4178 7254
f 4670 4737 7255
f 7255 4737 7256
f 4574 4634 7257
f 7257 4634 7258
f 4635 4573 7259
f 7259 4573 7260
f 5612 7261 5617
f 5617 7261 7262
f 5616 7263 5613
f 5613 7263 7264
f 4606 4605 7265
f 7265 4605 7266
f 4604 4539 7267
f 7267 4539 7268
f 4538 4607 7269
f 7269 4607 7270
f 4608 4537 7271
f 7271 4537 7272
f 5526 7273 5527
f 5527 7273 7274
f 5528 7275 5529
f 5529 7275 7276
f 7277 4622 7278
f 7278 4622 4621
f 4620 4555 7279
f 7279 4555 7280
f 5530 7281 5622
f 5622 7281 7282
f 5623 7283 5620
f 5620 7283 7284
f 4591 4522 7285
f 7285 4522 7286
f 4523 4590 7287
f 7287 4590 7288
f 6043 7289 6165
f 6165 7289 7290
f 5551 7291 6044
f 6044 7291 7292
f 4678 4745 7293
f 7293 4745 7294
f 4746 4677 7295
f 7295 4677 7296
f 5553 7297 5548
f 5548 7297 7298
f 5552 7299 6167
f 6167 7299 7300
f 4729 4662 7301
f 7301 4662 7302
f 4663 4728 7303
f 7303 4728 7304
f 6168 7305 5545
f 5545 7305 7306
f 5544 7307 6166
f 6166 7307 7308
f 4350 4316 7309
f 7309 4316 7310
f 4317 4349 7311
f 7311 4349 7312
f 4546 4615 7313
f 7313 4615 7314
f 4616 4545 7315
f 7315 4545 7316
f 5542 7317 5543
f 5543 7317 7318
f 5540 7319 5541
f 5541 7319 7320
f 5558 7321 5555
f 5555 7321 7322
f 5554 7323 5559
f 5559 7323 7324
f 4614 4613 7325
f 7325 4613 7326
f 4612 4547 7327
f 7327 4547 7328
f 4600 4293 7329
f 7329 4293 7330
f 4530 4599 7331
f 7331 4599 7332
f 5564 7333 5561
f 5561 7333 7334
f 5560 7335 5565
f 5565 7335 7336
f 4181 4180 7337
f 7337 4180 7338
f 4183 4182 7339
f 7339 4182 7340
f 5980 7341 5567
f 5567 7341 7342
f 5566 7343 5981
f 5981 7343 7344
f 7345 4711 7346
f 7346 4711 4645
f 4646 4710 7347
f 7347 4710 7348
f 7349 4514 7350
f 7350 4514 4513
f 4516 4515 7351
f 7351 4515 7352
f 5570 7353 5571
f 5571 7353 7354
f 5572 7355 5573
f 5573 7355 7356
f 5581 7357 5575
f 5575 7357 7358
f 5574 7359 5582
f 5582 7359 7360
f 5473 7361 5578
f 5578 7361 7362
f 5583 7363 5476
f 5476 7363 7364
f 5587 7365 5481
f 5481 7365 7366
f 5478 7367 6161
f 6161 7367 7368
f 5589 7369 5584
f 5584 7369 7370
f 5588 7371 6162
f 6162 7371 7372
f 4570 4569 7373
f 7373 4569 7374
f 4568 4506 7375
f 7375 4506 7376
f 4637 4705 7377
f 7377 4705 7378
f 4706 4636 7379
f 7379 4636 7380
f 4521 4457 7381
f 7381 4457 7382
f 4458 4520 7383
f 7383 4520 7384
f 5590 7385 5591
f 5591 7385 7386
f 5592 7387 5593
f 5593 7387 7388
f 4704 4703 7389
f 7389 4703 7390
f 4702 4638 7391
f 7391 4638 7392
f 4389 4418 7393
f 7393 4418 7394
f 4268 4401 7395
f 7395 4401 7396
f 6158 7397 5595
f 5595 7397 7398
f 5594 7399 6157
f 6157 7399 7400
f 5711 5710 7401
f 7401 5710 7402
f 5709 5708 7403
f 7403 5708 7404
f 7405 7406 5483
f 5483 7406 5484
f 5483 5485 7405
f 7405 5485 7407
f 5719 5718 7408
f 7408 5718 7409
f 5717 5716 7410
f 7410 5716 7411
f 5672 5668 7412
f 7412 5668 7413
f 5723 5722 7414
f 7414 5722 7415
f 5987 5973 7416
f 7416 5973 7417
f 7418 5984 7419
f 7419 5984 5944
f 5724 5702 7420
f 7420 5702 7421
f 5703 5671 7422
f 7422 5671 7423
f 4534 4533 7424
f 7424 4533 7425
f 4532 4476 7426
f 7426 4476 7427
f 4548 4492 7428
f 7428 4492 7429
f 7430 4550 7431
f 7431 4550 4549
f 5699 5698 7432
f 7432 5698 7433
f 5701 5700 7434
f 7434 5700 7435
f 4688 4627 7436
f 7436 4627 7437
f 7438 4690 7439
f 7439 4690 4689
f 7440 7441 5705
f 5705 7441 5471
f 5705 5704 7440
f 7440 5704 7442
f 4475 4535 7443
f 7443 4535 7444
f 4536 4474 7445
f 7445 4474 7446
f 5706 5898 7447
f 7447 5898 7448
f 5525 5470 7449
f 7449 5470 7450
f 5521 5520 7451
f 7451 5520 7452
f 5519 5518 7453
f 7453 5518 7454
f 4697 4696 7455
f 7455 4696 7456
f 7457 4699 7458
f 7458 4699 4698
f 7459 4354 7460
f 7460 4354 4318
f 4453 4510 7461
f 7461 4510 7462
f 5523 5673 7463
f 7463 5673 7464
f 5674 5522 7465
f 7465 5522 7466
f 5535 5534 7467
f 7467 5534 7468
f 5533 5532 7469
f 7469 5532 7470
f 4666 4603 7471
f 7471 4603 7472
f 4668 4667 7473
f 7473 4667 7474
f 5537 5677 7475
f 7475 5677 7476
f 5678 5536 7477
f 7477 5536 7478
f 7479 4559 7480
f 7480 4559 4558
f 4557 4556 7481
f 7481 4556 7482
f 4484 4543 7483
f 7483 4543 7484
f 4544 4483 7485
f 7485 4483 7486
f 5630 5629 7487
f 7487 5629 7488
f 5632 5631 7489
f 7489 5631 7490
f 5735 5734 7491
f 7491 5734 7492
f 5737 5736 7493
f 7493 5736 7494
f 5634 5681 7495
f 7495 5681 7496
f 5682 5633 7497
f 7497 5633 7498
f 5638 5637 7499
f 7499 5637 7500
f 5640 5639 7501
f 7501 5639 7502
f 5642 5658 7503
f 7503 5658 7504
f 5687 5641 7505
f 7505 5641 7506
f 5646 5645 7507
f 7507 5645 7508
f 5648 5647 7509
f 7509 5647 7510
f 5650 5688 7511
f 7511 5688 7512
f 5689 5649 7513
f 7513 5649 7514
f 4469 4424 7515
f 7515 4424 7516
f 4471 4470 7517
f 7517 4470 7518
f 4266 4481 7519
f 7519 4481 7520
f 4482 4265 7521
f 7521 4265 7522
f 5660 5659 7523
f 7523 5659 7524
f 5662 5661 7525
f 7525 5661 7526
f 5664 5692 7527
f 7527 5692 7528
f 5693 5663 7529
f 7529 5663 7530
f 5695 6053 7531
f 7531 6053 7532
f 6054 5694 7533
f 7533 5694 7534
f 4674 4673 7535
f 7535 4673 7536
f 4672 4611 7537
f 7537 4611 7538
f 5507 6057 7539
f 7539 6057 7540
f 6058 5506 7541
f 7541 5506 7542
f 4501 4500 7543
f 7543 4500 7544
f 4499 4445 7545
f 7545 4445 7546
f 5503 5502 7547
f 7547 5502 7548
f 5505 5504 7549
f 7549 5504 7550
f 7551 4239 7552
f 7552 4239 4487
f 4486 4430 7553
f 7553 4430 7554
f 4444 4502 7555
f 7555 4502 7556
f 4503 4443 7557
f 7557 4443 7558
f 5992 5991 7559
f 7559 5991 7560
f 5990 5989 7561
f 7561 5989 7562
f 7563 4496 7564
f 7564 4496 4495
f 4494 4493 7565
f 7565 4493 7566
f 4684 4617 7567
f 7567 4617 7568
f 4618 4683 7569
f 7569 4683 7570
f 5941 5940 7571
f 7571 5940 7572
f 5939 5938 7573
f 7573 5938 7574
f 4480 4479 7575
f 7575 4479 7576
f 4478 4477 7577
f 7577 4477 7578
f 7579 4366 7580
f 7580 4366 4359
f 4583 4651 7581
f 7581 4651 7582
f 5988 5942 7583
f 7583 5942 7584
f 5943 5985 7585
f 7585 5985 7586
f 7587 4311 7588
f 7588 4311 4261
f 4313 4312 7589
f 7589 4312 7590
f 5978 5977 7591
f 7591 5977 7592
f 5976 5975 7593
f 7593 5975 7594
f 5933 5932 7595
f 7595 5932 7596
f 5935 5934 7597
f 7597 5934 7598
f 5513 5512 7599
f 7599 5512 7600
f 5511 5510 7601
f 7601 5510 7602
f 4429 4488 7603
f 7603 4488 7604
f 4489 4428 7605
f 7605 4428 7606
f 4465 4283 7607
f 7607 4283 7608
f 4413 4464 7609
f 7609 4464 7610
f 5515 5936 7611
f 7611 5936 7612
f 5937 5514 7613
f 7613 5514 7614
f 4235 4234 7615
f 7615 4234 7616
f 4233 4232 7617
f 7617 4232 7618
f 6009 6012 7619
f 7619 6012 7620
f 4682 4681 7621
f 7621 4681 7622
f 4680 4619 7623
f 7623 4619 7624
f 6017 6016 7625
f 7625 6016 7626
f 6015 6010 7627
f 7627 6010 7628
f 4692 4625 7629
f 7629 4625 7630
f 4626 4691 7631
f 7631 4691 7632
f 4421 4267 7633
f 7633 4267 7634
f 4419 4420 7635
f 7635 4420 7636
f 5968 5967 7637
f 7637 5967 7638
f 5970 5969 7639
f 7639 5969 7640
f 4451 4450 7641
f 7641 4450 7642
f 4246 4452 7643
f 7643 4452 7644
f 5964 6002 7645
f 7645 6002 7646
f 7647 6000 7648
f 7648 6000 6001
f 5913 5912 7649
f 7649 5912 7650
f 5915 5914 7651
f 7651 5914 7652
f 4440 4439 7653
f 7653 4439 7654
f 4438 4437 7655
f 7655 4437 7656
f 4648 4584 7657
f 7657 4584 7658
f 4650 4649 7659
f 7659 4649 7660
f 4403 4386 7661
f 7661 4386 7662
f 4387 4402 7663
f 7663 4402 7664
f 5962 5966 7665
f 7665 5966 7666
f 5480 5965 7667
f 7667 5965 7668
f 5903 5902 7669
f 7669 5902 7670
f 5901 5879 7671
f 7671 5879 7672
f 6034 5467 7673
f 7673 5467 7674
f 6033 6035 7675
f 7675 6035 7676
f 5882 5881 7677
f 7677 5881 7678
f 5880 5850 7679
f 7679 5850 7680
f 4416 4415 7681
f 7681 4415 7682
f 4326 4417 7683
f 7683 4417 7684
f 5853 5852 7685
f 7685 5852 7686
f 5851 5824 7687
f 7687 5824 7688
f 4322 4321 7689
f 7689 4321 7690
f 4320 4319 7691
f 7691 4319 7692
f 5827 5826 7693
f 7693 5826 7694
f 5825 5796 7695
f 7695 5796 7696
f 4179 4601 7697
f 7697 4601 7698
f 4602 4669 7699
f 7699 4669 7700
f 5799 5798 7701
f 7701 5798 7702
f 5797 5740 7703
f 7703 5740 7704
f 7705 4256 7706
f 7706 4256 4255
f 4231 4257 7707
f 7707 4257 7708
f 5744 5743 7709
f 7709 5743 7710
f 5741 5742 7711
f 7711 5742 7712
f 4393 4392 7713
f 7713 4392 7714
f 4391 4390 7715
f 7715 4390 7716
f 5757 5745 7717
f 7717 5745 7718
f 5746 5756 7719
f 7719 5756 7720
f 7721 4397 7722
f 7722 4397 4433
f 4432 4431 7723
f 7723 4431 7724
f 4610 4675 7725
f 7725 4675 7726
f 4676 4609 7727
f 7727 4609 7728
f 5751 5750 7729
f 7729 5750 7730
f 5749 5748 7731
f 7731 5748 7732
f 4225 4224 7733
f 7733 4224 7734
f 4227 4226 7735
f 7735 4226 7736
f 5765 5752 7737
f 7737 5752 7738
f 5753 5764 7739
f 7739 5764 7740
f 5497 5496 7741
f 7741 5496 7742
f 5495 5494 7743
f 7743 5494 7744
f 5784 5498 7745
f 7745 5498 7746
f 5499 5778 7747
f 7747 5778 7748
f 5814 5785 7749
f 7749 5785 7750
f 5779 5809 7751
f 7751 5809 7752
f 7753 4254 7754
f 7754 4254 4396
f 4434 4194 7755
f 7755 4194 7756
f 5865 5836 7757
f 7757 5836 7758
f 5837 5864 7759
f 7759 5864 7760
f 5835 5815 7761
f 7761 5815 7762
f 5810 5834 7763
f 7763 5834 7764
f 4586 4585 7765
f 7765 4585 7766
f 4187 4587 7767
f 7767 4587 7768
f 5893 5866 7769
f 7769 5866 7770
f 5867 5890 7771
f 7771 5890 7772
f 4385 4325 7773
f 7773 4325 7774
f 4384 4383 7775
f 7775 4383 7776
f 5891 5907 7777
f 7777 5907 7778
f 5908 5894 7779
f 7779 5894 7780
f 5713 5909 7781
f 7781 5909 7782
f 5910 5712 7783
f 7783 5712 7784
f 4324 4411 7785
f 7785 4411 7786
f 4412 4323 7787
f 7787 4323 7788
f 4229 4394 7789
f 7789 4394 7790
f 4395 4228 7791
f 7791 4228 7792
f 7793 5474 7366
f 7366 5474 5481
f 7367 5478 7794
f 7794 5478 5477
f 7795 6037 7236
f 7236 6037 5599
f 7233 5600 7796
f 7796 5600 5930
f 7797 5479 7364
f 7364 5479 5476
f 7361 5473 7798
f 7798 5473 5475
f 7799 5669 7292
f 7292 5669 6044
f 7289 6043 7800
f 7800 6043 6042
f 7626 6016 7801
f 7801 6016 6022
f 7620 6012 7627
f 7627 6012 6015
f 7540 6057 7802
f 7802 6057 6056
f 6862 6024 7541
f 7541 6024 6058
f 6882 6059 6863
f 6863 6059 6023
f 6880 6029 6883
f 6883 6029 6060
f 7803 5928 7673
f 7673 5928 6034
f 7676 6035 6877
f 6877 6035 6028
f 7804 6083 7601
f 7601 6083 5511
f 7600 5512 7805
f 7805 5512 6014
f 7670 5902 7806
f 7806 5902 6048
f 6850 6049 7671
f 7671 6049 5901
f 6854 5905 6851
f 6851 5905 6050
f 6858 6051 6855
f 6855 6051 5904
f 7807 6055 7533
f 7533 6055 6054
f 7532 6053 6859
f 6859 6053 6052
f 7478 5536 7808
f 7808 5536 6109
f 6496 5538 7475
f 7475 5538 5537
f 6752 5841 6493
f 6493 5841 5840
f 7068 6156 6749
f 6749 6156 5842
f 7809 6139 7741
f 7741 6139 5497
f 7744 5494 7065
f 7065 5494 5501
f 6183 5341 6699
f 6699 5341 5329
f 6698 5330 7810
f 7810 5330 5218
f 7811 5322 6713
f 6713 5322 5156
f 6716 5153 6186
f 6186 5153 5161
f 7812 5371 6331
f 6331 5371 5244
f 6330 5245 7813
f 7813 5245 5438
f 7814 5433 6325
f 6325 5433 5272
f 6328 5273 7815
f 7815 5273 5386
f 6976 5052 6983
f 6983 5052 4328
f 6990 5057 7816
f 7816 5057 5414
f 6982 4329 6991
f 6991 4329 5056
f 6966 5098 6973
f 6973 5098 5051
f 6546 5415 6967
f 6967 5415 5097
f 6556 5100 6547
f 6547 5100 5416
f 6560 5417 6553
f 6553 5417 5099
f 6562 5103 6557
f 6557 5103 5418
f 6566 5419 6563
f 6563 5419 5102
f 6570 5107 6567
f 6567 5107 5420
f 7817 5421 6651
f 6651 5421 5185
f 6650 5186 6571
f 6571 5186 5106
f 7606 4428 7563
f 7563 4428 4496
f 6580 5208 7818
f 7818 5208 5211
f 7566 4493 6577
f 6577 4493 4498
f 7554 4430 7603
f 7603 4430 4429
f 7618 4232 7551
f 7551 4232 4239
f 7578 4477 7615
f 7615 4477 4235
f 7146 4422 7575
f 7575 4422 4480
f 7516 4424 7147
f 7147 4424 4423
f 7558 4443 7517
f 7517 4443 4471
f 7546 4445 7555
f 7555 4445 4444
f 7819 5367 7061
f 7061 5367 5177
f 7064 5178 7543
f 7543 5178 4501
f 7690 4321 7655
f 7655 4321 4438
f 6886 5365 7820
f 7820 5365 5368
f 7654 4439 6887
f 6887 4439 5366
f 7684 4417 7691
f 7691 4417 4320
f 7636 4420 7681
f 7681 4420 4416
f 7520 4481 7633
f 7633 4481 4421
f 7150 4236 7521
f 7521 4236 4482
f 7190 4238 7151
f 7151 4238 4237
f 7714 4392 7191
f 7191 4392 4426
f 7722 4433 7715
f 7715 4433 4391
f 7821 5210 6575
f 6575 5210 5209
f 6574 4497 7723
f 7723 4497 4432
f 6736 4863 6213
f 6213 4863 4857
f 6772 4928 7822
f 7822 4928 5173
f 6216 4856 6769
f 6769 4856 4861
f 6612 4865 6733
f 6733 4865 4862
f 6464 5088 6609
f 6609 5088 4866
f 6470 4210 6461
f 6461 4210 5089
f 6460 4951 6471
f 6471 4951 4209
f 6208 4876 6457
f 6457 4876 4881
f 6680 4883 6205
f 6205 4883 4877
f 6724 4885 6677
f 6677 4885 4882
f 7823 4381 6941
f 6941 4381 4380
f 6944 4379 6721
f 6721 4379 4886
f 6720 5157 7824
f 7824 5157 5323
f 7825 5390 6753
f 6753 5390 5389
f 6755 5388 6717
f 6717 5388 5158
f 6742 5220 7826
f 7826 5220 4154
f 7827 5168 6739
f 6739 5168 5170
f 6738 5429 6744
f 6744 5429 5428
f 6474 5086 7828
f 7828 5086 5068
f 7014 4867 6475
f 6475 4867 5087
f 6550 4869 7015
f 7015 4869 4868
f 7078 4858 6551
f 6551 4858 4936
f 7829 4171 6767
f 6767 4171 4927
f 6766 4860 7079
f 7079 4860 4859
f 6760 5394 7830
f 7830 5394 5393
f 6448 5396 6757
f 6757 5396 5395
f 6452 4218 6445
f 6445 4218 5397
f 6456 5398 6449
f 6449 5398 4217
f 7831 5400 6485
f 6485 5400 5072
f 6488 5073 6453
f 6453 5073 5399
f 6946 4337 7832
f 7832 4337 4382
f 6430 4887 6947
f 6947 4887 4336
f 6538 4889 6431
f 6431 4889 4888
f 6934 4878 6539
f 6539 4878 4959
f 7833 5065 6507
f 6507 5065 4950
f 6506 4880 6935
f 6935 4880 4879
f 6520 5091 7834
f 7834 5091 5401
f 6528 5402 6517
f 6517 5402 5090
f 6536 5095 6525
f 6525 5095 5403
f 6544 5404 6533
f 6533 5404 5094
f 7835 5440 6969
f 6969 5440 4270
f 6972 4271 6541
f 6541 4271 5405
f 7836 7746 6138
f 6138 7746 5498
f 7747 6870 5499
f 5499 6870 5500
f 6871 6266 5783
f 5783 6266 5843
f 6267 6320 5844
f 5844 6320 5845
f 7467 7837 5535
f 5535 7837 6110
f 6317 7470 5539
f 5539 7470 5532
f 7403 7838 5709
f 5709 7838 6122
f 7839 7402 6045
f 6045 7402 5710
f 7781 7782 7840
f 7840 7782 7841
f 7842 7406 7784
f 7784 7406 7405
f 7784 7405 7783
f 7783 7405 7407
f 7403 7404 7838
f 7838 7404 7843
f 7839 7844 7402
f 7402 7844 7401
f 7845 7846 7413
f 7413 7846 7412
f 7414 7415 7411
f 7411 7415 7410
f 7779 7780 7847
f 7847 7780 7848
f 7408 7409 7778
f 7778 7409 7777
f 7849 7850 7423
f 7423 7850 7422
f 7420 7421 7020
f 7020 7421 7019
f 7769 7770 7851
f 7851 7770 7852
f 7017 7018 7772
f 7772 7018 7771
f 7757 7758 7853
f 7853 7758 7854
f 6279 6280 7760
f 7760 6280 7759
f 7434 7435 6278
f 6278 7435 6277
f 7855 7441 7433
f 7433 7441 7440
f 7433 7440 7432
f 7432 7440 7442
f 7856 7857 7452
f 7452 7857 7451
f 7453 7454 7450
f 7450 7454 7449
f 7447 7448 6348
f 6348 7448 6347
f 6345 6346 6504
f 6504 6346 6503
f 7761 7762 7858
f 7858 7762 7859
f 6501 6502 7764
f 7764 6502 7763
f 7860 7861 7466
f 7466 7861 7465
f 7463 7464 6372
f 6372 7464 6371
f 6369 6370 6908
f 6908 6370 6907
f 6905 6906 6836
f 6836 6906 6835
f 7749 7750 7862
f 7862 7750 7863
f 6833 6834 7752
f 7752 6834 7751
f 7745 7746 7864
f 7864 7746 7836
f 6869 6870 7748
f 7748 6870 7747
f 6265 6266 6872
f 6872 6266 6871
f 6319 6320 6268
f 6268 6320 6267
f 7865 7837 7468
f 7468 7837 7467
f 7469 7470 6318
f 6318 7470 6317
f 7406 7842 5484
f 5484 7842 5720
f 7441 7855 5471
f 5471 7855 5469
f 6957 6958 7866
f 7866 6958 7867
f 6353 6354 6960
f 6960 6354 6959
f 6289 6290 6356
f 6356 6290 6355
f 6357 6358 6292
f 6292 6358 6291
f 7868 7869 6512
f 6512 7869 6511
f 6509 6510 6360
f 6360 6510 6359
f 7834 7870 6520
f 6520 7870 6519
f 6517 6518 6528
f 6528 6518 6527
f 6525 6526 6536
f 6536 6526 6535
f 6533 6534 6544
f 6544 6534 6543
f 6969 6970 7835
f 7835 6970 7871
f 6541 6542 6972
f 6972 6542 6971
f 6945 6946 7872
f 7872 6946 7832
f 6429 6430 6948
f 6948 6430 6947
f 6537 6538 6432
f 6432 6538 6431
f 6933 6934 6540
f 6540 6934 6539
f 7873 7833 6508
f 6508 7833 6507
f 6505 6506 6936
f 6936 6506 6935
f 6481 6482 7874
f 7874 6482 7875
f 6681 6682 6484
f 6484 6682 6483
f 6917 6918 6684
f 6684 6918 6683
f 6233 6234 6920
f 6920 6234 6919
f 7876 7877 6764
f 6764 7877 6763
f 6761 6762 6236
f 6236 6762 6235
f 7830 7878 6760
f 6760 7878 6759
f 6757 6758 6448
f 6448 6758 6447
f 6445 6446 6452
f 6452 6446 6451
f 6449 6450 6456
f 6456 6450 6455
f 6485 6486 7831
f 7831 6486 7879
f 6453 6454 6488
f 6488 6454 6487
f 6473 6474 7880
f 7880 6474 7828
f 7013 7014 6476
f 6476 7014 6475
f 6549 6550 7016
f 7016 6550 7015
f 7077 7078 6552
f 6552 7078 6551
f 7881 7829 6768
f 6768 7829 6767
f 6765 6766 7080
f 7080 6766 7079
f 6725 6726 7882
f 7882 6726 7883
f 7884 7885 6748
f 6748 7885 6747
f 6746 6745 6728
f 6728 6745 6727
f 7826 7886 6742
f 6742 7886 6741
f 6739 6740 7827
f 7827 6740 7887
f 6744 6743 6738
f 6738 6743 6737
f 6719 6720 7888
f 7888 6720 7824
f 7889 7825 6754
f 6754 7825 6753
f 6756 6755 6718
f 6718 6755 6717
f 6373 6374 7164
f 7164 6374 7163
f 6937 6938 7890
f 7890 6938 7891
f 7161 7162 6940
f 6940 7162 6939
f 6401 6402 6376
f 6376 6402 6375
f 6377 6378 6404
f 6404 6378 6403
f 6365 6366 6380
f 6380 6366 6379
f 6229 6230 6368
f 6368 6230 6367
f 6797 6798 6232
f 6232 6798 6231
f 6261 6262 6800
f 6800 6262 6799
f 6801 6802 6264
f 6264 6802 6263
f 7892 7893 6784
f 6784 7893 6783
f 6781 6782 6804
f 6804 6782 6803
f 6213 6214 6736
f 6736 6214 6735
f 7822 7894 6772
f 6772 7894 6771
f 6769 6770 6216
f 6216 6770 6215
f 6733 6734 6612
f 6612 6734 6611
f 6609 6610 6464
f 6464 6610 6463
f 6461 6462 6470
f 6470 6462 6469
f 6471 6472 6460
f 6460 6472 6459
f 6457 6458 6208
f 6208 6458 6207
f 6205 6206 6680
f 6680 6206 6679
f 6677 6678 6724
f 6724 6678 6723
f 6941 6942 7823
f 7823 6942 7895
f 6721 6722 6944
f 6944 6722 6943
f 7345 7346 7044
f 7044 7346 7043
f 7896 7897 6788
f 6788 7897 6787
f 6785 6786 7348
f 7348 6786 7347
f 7041 7042 6300
f 6300 7042 6299
f 6297 6298 6392
f 6392 6298 6391
f 6389 6390 6194
f 6194 6390 6193
f 6195 6196 6480
f 6480 6196 6479
f 6477 6478 7304
f 7304 6478 7303
f 7301 7302 6440
f 6440 7302 6439
f 6437 6438 7256
f 7256 6438 7255
f 6929 6930 7898
f 7898 6930 7899
f 7253 7254 6932
f 6932 7254 6931
f 7201 7202 7660
f 7660 7202 7659
f 7900 7901 6796
f 6796 7901 6795
f 6793 6794 7204
f 7204 6794 7203
f 7657 7658 7582
f 7582 7658 7581
f 7579 7580 6212
f 6212 7580 6211
f 6209 6210 6616
f 6616 6210 6615
f 6613 6614 6732
f 6732 6614 6731
f 6729 6730 7120
f 7120 6730 7119
f 7117 7118 7474
f 7474 7118 7473
f 7471 7472 7700
f 7700 7472 7699
f 6925 6926 7902
f 7902 6926 7903
f 7697 7698 6928
f 6928 7698 6927
f 7217 7218 7332
f 7332 7218 7331
f 6921 6922 7904
f 7904 6922 7905
f 7329 7330 6924
f 6924 7330 6923
f 7285 7286 7220
f 7220 7286 7219
f 6409 6410 7288
f 7288 6410 7287
f 6789 6790 6412
f 6412 6790 6411
f 6381 6382 6792
f 6792 6382 6791
f 7089 7090 6384
f 6384 7090 6383
f 7221 7222 7092
f 7092 7222 7091
f 7349 7350 7224
f 7224 7350 7223
f 7906 7907 6812
f 6812 7907 6811
f 6809 6810 7352
f 7352 6810 7351
f 7109 7110 7132
f 7132 7110 7131
f 6913 6914 7908
f 7908 6914 7909
f 7129 7130 6916
f 6916 7130 6915
f 7381 7382 7112
f 7112 7382 7111
f 7105 7106 7384
f 7384 7106 7383
f 7237 7238 7108
f 7108 7238 7107
f 7309 7310 7240
f 7240 7310 7239
f 7459 7460 7312
f 7312 7460 7311
f 7121 7122 7462
f 7462 7122 7461
f 6837 6838 7124
f 7124 6838 7123
f 7910 7911 6808
f 6808 7911 6807
f 6805 6806 6840
f 6840 6806 6839
f 7165 7166 7610
f 7610 7166 7609
f 6909 6910 7912
f 7912 6910 7913
f 7607 7608 6912
f 6912 7608 6911
f 7157 7158 7168
f 7168 7158 7167
f 7193 7194 7160
f 7160 7194 7159
f 7209 7210 7196
f 7196 7210 7195
f 6841 6842 7212
f 7212 6842 7211
f 7587 7588 6844
f 6844 7588 6843
f 7641 7642 7590
f 7590 7642 7589
f 7181 7182 7644
f 7644 7182 7643
f 7914 7915 6820
f 6820 7915 6819
f 6817 6818 7184
f 7184 6818 7183
f 7689 7690 7656
f 7656 7690 7655
f 6885 6886 7916
f 7916 6886 7820
f 7653 7654 6888
f 6888 7654 6887
f 7683 7684 7692
f 7692 7684 7691
f 7635 7636 7682
f 7682 7636 7681
f 7519 7520 7634
f 7634 7520 7633
f 7149 7150 7522
f 7522 7150 7521
f 7189 7190 7152
f 7152 7190 7151
f 7713 7714 7192
f 7192 7714 7191
f 7721 7722 7716
f 7716 7722 7715
f 7917 7821 6576
f 6576 7821 6575
f 6573 6574 7724
f 7724 6574 7723
f 7185 7186 7736
f 7736 7186 7735
f 7918 7919 6824
f 6824 7919 6823
f 6821 6822 7188
f 7188 6822 7187
f 7733 7734 7708
f 7708 7734 7707
f 7705 7706 7340
f 7340 7706 7339
f 7337 7338 7768
f 7768 7338 7767
f 7765 7766 7076
f 7076 7766 7075
f 7073 7074 7664
f 7664 7074 7663
f 7661 7662 7180
f 7180 7662 7179
f 7177 7178 7200
f 7200 7178 7199
f 7789 7790 7216
f 7216 7790 7215
f 7920 7921 6832
f 6832 7921 6831
f 6829 6830 7756
f 7756 6830 7755
f 7753 7754 7792
f 7792 7754 7791
f 7213 7214 7116
f 7116 7214 7115
f 7113 7114 7136
f 7136 7114 7135
f 7133 7134 7396
f 7396 7134 7395
f 7393 7394 7776
f 7776 7394 7775
f 7773 7774 7786
f 7786 7774 7785
f 7787 7788 7206
f 7206 7788 7205
f 7207 7208 6894
f 6894 7208 6893
f 7922 7923 7924
f 7922 7924 7925
f 7922 7925 6903
f 7922 6903 6904
f 7923 6895 7924
f 7924 6895 6896
f 7197 7198 6902
f 6902 7198 6901
f 7125 7126 7376
f 7376 7126 7375
f 7057 7058 7926
f 7926 7058 7927
f 7373 7374 7060
f 7060 7374 7059
f 7424 7425 7128
f 7128 7425 7127
f 7443 7444 7427
f 7427 7444 7426
f 7101 7102 7446
f 7446 7102 7445
f 7483 7484 7104
f 7104 7484 7103
f 7430 7431 7486
f 7486 7431 7485
f 7139 7140 7429
f 7429 7140 7428
f 7479 7480 7138
f 7138 7480 7137
f 7928 7929 6588
f 6588 7929 6587
f 6585 6586 7482
f 7482 6586 7481
f 7563 7564 7606
f 7606 7564 7605
f 7818 7930 6580
f 6580 7930 6579
f 6577 6578 7566
f 7566 6578 7565
f 7603 7604 7554
f 7554 7604 7553
f 7551 7552 7618
f 7618 7552 7617
f 7615 7616 7578
f 7578 7616 7577
f 7575 7576 7146
f 7146 7576 7145
f 7147 7148 7516
f 7516 7148 7515
f 7517 7518 7558
f 7558 7518 7557
f 7555 7556 7546
f 7546 7556 7545
f 7061 7062 7819
f 7819 7062 7931
f 7543 7544 7064
f 7064 7544 7063
f 7081 7082 7248
f 7248 7082 7247
f 7932 7933 6600
f 6600 7933 6599
f 6597 6598 7084
f 7084 6598 7083
f 7245 7246 7280
f 7280 7246 7279
f 7277 7278 7316
f 7316 7278 7315
f 7313 7314 7328
f 7328 7314 7327
f 7325 7326 7272
f 7272 7326 7271
f 7269 7270 7268
f 7268 7270 7267
f 7265 7266 7260
f 7260 7266 7259
f 7257 7258 7228
f 7228 7258 7227
f 7045 7046 7934
f 7934 7046 7935
f 7225 7226 7048
f 7048 7226 7047
f 7457 7458 7630
f 7630 7458 7629
f 7936 7937 6606
f 6606 7937 6605
f 6607 6608 7456
f 7456 6608 7455
f 7631 7632 7437
f 7437 7632 7436
f 7438 7439 7568
f 7568 7439 7567
f 7569 7570 7624
f 7624 7570 7623
f 7621 7622 7728
f 7728 7622 7727
f 7725 7726 7538
f 7538 7726 7537
f 7535 7536 7380
f 7380 7536 7379
f 7377 7378 7392
f 7392 7378 7391
f 7033 7034 7938
f 7938 7034 7939
f 7389 7390 7036
f 7036 7390 7035
f 6845 6846 6952
f 6952 6846 6951
f 7029 7030 7940
f 7940 7030 7941
f 6949 6950 7032
f 7032 6950 7031
f 7049 7050 6848
f 6848 7050 6847
f 7293 7294 7052
f 7052 7294 7051
f 6433 6434 7296
f 7296 6434 7295
f 7025 7026 6436
f 6436 7026 6435
f 7069 7070 7028
f 7028 7070 7027
f 7097 7098 7072
f 7072 7098 7071
f 6953 6954 7100
f 7100 6954 7099
f 7942 7943 6620
f 6620 7943 6619
f 6617 6618 6956
f 6956 6618 6955
f 6269 6270 6192
f 6192 6270 6191
f 7021 7022 7944
f 7944 7022 7945
f 6189 6190 7024
f 7024 6190 7023
f 6773 6774 6272
f 6272 6774 6271
f 6405 6406 6776
f 6776 6406 6775
f 6899 6900 6408
f 6408 6900 6407
f 7143 7144 6898
f 6898 7144 6897
f 6397 6398 7142
f 7142 6398 7141
f 6889 6890 6400
f 6400 6890 6399
f 6777 6778 6892
f 6892 6778 6891
f 7946 7947 6624
f 6624 7947 6623
f 6621 6622 6780
f 6780 6622 6779
f 6645 6646 6244
f 6244 6646 6243
f 7948 7949 6628
f 6628 7949 6627
f 6625 6626 6648
f 6648 6626 6647
f 6241 6242 6220
f 6220 6242 6219
f 6217 6218 6604
f 6604 6218 6603
f 6601 6602 6664
f 6664 6602 6663
f 6661 6662 6712
f 6712 6662 6711
f 6709 6710 6584
f 6584 6710 6583
f 6581 6582 6596
f 6596 6582 6595
f 6593 6594 6246
f 6246 6594 6245
f 7009 7010 7950
f 7950 7010 7951
f 6247 6248 7012
f 7012 6248 7011
f 6425 6426 6988
f 6988 6426 6987
f 7952 7953 6636
f 6636 7953 6635
f 6633 6634 6428
f 6428 6634 6427
f 6985 6986 6996
f 6996 6986 6995
f 6993 6994 6532
f 6532 6994 6531
f 6529 6530 6524
f 6524 6530 6523
f 6521 6522 6468
f 6468 6522 6467
f 6465 6466 6498
f 6498 6466 6497
f 6499 6500 6964
f 6964 6500 6963
f 6961 6962 6310
f 6310 6962 6309
f 7005 7006 7954
f 7954 7006 7955
f 6311 6312 7008
f 7008 6312 7007
f 6657 6658 6288
f 6288 6658 6287
f 7956 7957 6644
f 6644 7957 6643
f 6641 6642 6660
f 6660 6642 6659
f 6285 6286 6344
f 6344 6286 6343
f 6341 6342 6816
f 6816 6342 6815
f 6813 6814 6396
f 6396 6814 6395
f 6393 6394 6256
f 6256 6394 6255
f 6253 6254 6314
f 6314 6254 6313
f 6315 6316 6204
f 6204 6316 6203
f 6201 6202 6228
f 6228 6202 6227
f 6999 7000 7958
f 7958 7000 7959
f 6225 6226 6998
f 6998 6226 6997
f 6975 6976 6984
f 6984 6976 6983
f 6989 6990 7960
f 7960 6990 7816
f 6981 6982 6992
f 6992 6982 6991
f 6965 6966 6974
f 6974 6966 6973
f 6545 6546 6968
f 6968 6546 6967
f 6555 6556 6548
f 6548 6556 6547
f 6559 6560 6554
f 6554 6560 6553
f 6561 6562 6558
f 6558 6562 6557
f 6565 6566 6564
f 6564 6566 6563
f 6569 6570 6568
f 6568 6570 6567
f 7961 7817 6652
f 6652 7817 6651
f 6649 6650 6572
f 6572 6650 6571
f 7962 7963 6322
f 6322 7963 6321
f 6323 6324 7964
f 7964 6324 7965
f 6325 6326 7814
f 7814 6326 7966
f 7815 7967 6328
f 6328 7967 6327
f 6305 6306 7968
f 7968 6306 7969
f 7970 7971 6308
f 6308 7971 6307
f 6293 6294 7972
f 7972 6294 7973
f 7974 7975 6296
f 6296 7975 6295
f 7976 7977 6284
f 6284 7977 6283
f 6281 6282 7978
f 7978 6282 7979
f 7980 7981 6276
f 6276 7981 6275
f 6273 6274 7982
f 7982 6274 7983
f 6361 6362 7984
f 7984 6362 7985
f 7986 7987 6364
f 6364 7987 6363
f 6349 6350 7988
f 7988 6350 7989
f 7990 7991 6352
f 6352 7991 6351
f 6337 6338 7992
f 7992 6338 7993
f 7994 7995 6340
f 6340 7995 6339
f 7996 7812 6332
f 6332 7812 6331
f 6329 6330 7997
f 7997 6330 7813
f 6188 6187 6704
f 6704 6187 6703
f 6701 6702 7998
f 7998 6702 7999
f 6713 6714 7811
f 7811 6714 8000
f 6186 6185 6716
f 6716 6185 6715
f 6184 6183 6700
f 6700 6183 6699
f 6697 6698 8001
f 8001 6698 7810
f 6693 6694 8002
f 8002 6694 8003
f 6182 6181 6696
f 6696 6181 6695
f 6180 6179 6676
f 6676 6179 6675
f 6673 6674 8004
f 8004 6674 8005
f 6685 6686 8006
f 8006 6686 8007
f 6178 6177 6688
f 6688 6177 6687
f 6176 6175 6654
f 6654 6175 6653
f 6655 6656 8008
f 8008 6656 8009
f 6665 6666 8010
f 8010 6666 8011
f 6174 6173 6668
f 6668 6173 6667
f 7737 7738 8012
f 8012 7738 8013
f 7153 7154 7740
f 7740 7154 7739
f 6385 6386 7156
f 7156 6386 7155
f 6689 6690 6388
f 6388 6690 6387
f 8014 8015 7490
f 7490 8015 7489
f 7487 7488 6692
f 6692 7488 6691
f 7808 8016 7478
f 7478 8016 7477
f 7475 7476 6496
f 6496 7476 6495
f 6493 6494 6752
f 6752 6494 6751
f 6749 6750 7068
f 7068 6750 7067
f 7741 7742 7809
f 7809 7742 8017
f 7065 7066 7744
f 7744 7066 7743
f 8018 8019 7498
f 7498 8019 7497
f 7495 7496 6224
f 6224 7496 6223
f 6221 6222 6444
f 6444 6222 6443
f 6441 6442 7088
f 7088 6442 7087
f 7729 7730 8020
f 8020 7730 8021
f 7085 7086 7732
f 7732 7086 7731
f 8022 8023 7502
f 7502 8023 7501
f 7499 7500 7056
f 7056 7500 7055
f 7053 7054 7172
f 7172 7054 7171
f 7169 7170 7176
f 7176 7170 7175
f 7717 7718 8024
f 8024 7718 8025
f 7173 7174 7720
f 7720 7174 7719
f 7709 7710 8026
f 8026 7710 8027
f 7491 7492 7712
f 7712 7492 7711
f 6413 6414 7494
f 7494 6414 7493
f 7001 7002 6416
f 6416 7002 6415
f 8028 8029 7506
f 7506 8029 7505
f 7503 7504 7004
f 7004 7504 7003
f 7701 7702 8030
f 8030 7702 8031
f 6873 6874 7704
f 7704 6874 7703
f 6257 6258 6876
f 6876 6258 6875
f 6825 6826 6260
f 6260 6826 6259
f 8032 8033 7510
f 7510 8033 7509
f 7507 7508 6828
f 6828 7508 6827
f 8034 8035 7514
f 7514 8035 7513
f 7511 7512 6632
f 6632 7512 6631
f 6629 6630 6640
f 6640 6630 6639
f 6637 6638 6592
f 6592 6638 6591
f 7693 7694 8036
f 8036 7694 8037
f 6589 6590 7696
f 7696 6590 7695
f 8038 8039 7526
f 7526 8039 7525
f 7523 7524 7040
f 7040 7524 7039
f 7037 7038 6200
f 6200 7038 6199
f 6197 6198 6424
f 6424 6198 6423
f 7685 7686 8040
f 8040 7686 8041
f 6421 6422 7688
f 7688 6422 7687
f 8042 8043 7530
f 7530 8043 7529
f 7527 7528 6252
f 6252 7528 6251
f 6249 6250 6672
f 6672 6250 6671
f 6669 6670 6980
f 6980 6670 6979
f 7677 7678 8044
f 8044 7678 8045
f 6977 6978 7680
f 7680 6978 7679
f 7669 7670 8046
f 8046 7670 7806
f 6849 6850 7672
f 7672 6850 7671
f 6853 6854 6852
f 6852 6854 6851
f 6857 6858 6856
f 6856 6858 6855
f 8047 7807 7534
f 7534 7807 7533
f 7531 7532 6860
f 6860 7532 6859
f 7614 4149 7613
f 7613 4149 4147
f 7613 4147 4145
f 7611 7612 8048
f 8048 7612 8049
f 7601 7602 7804
f 7804 7602 8050
f 7805 8051 7600
f 7600 8051 7599
f 7801 8052 7626
f 7626 8052 7625
f 7627 7628 7620
f 7620 7628 7619
f 7597 7598 8053
f 8053 7598 8054
f 7596 5465 7595
f 7595 5465 5464
f 7595 5464 5462
f 7640 4143 7639
f 7639 4143 4141
f 7639 4141 4139
f 7637 7638 6868
f 6868 7638 6867
f 7591 7592 8055
f 8055 7592 8056
f 6865 6866 7594
f 7594 6866 7593
f 7583 7584 8057
f 8057 7584 8058
f 7418 7419 7586
f 7586 7419 7585
f 6171 6172 6490
f 6490 6172 6489
f 6491 6492 7417
f 7417 6492 7416
f 6169 6170 6516
f 6516 6170 6515
f 6513 6514 6240
f 6240 6514 6239
f 7571 7572 8059
f 8059 7572 8060
f 6237 6238 7574
f 7574 6238 7573
f 8061 8062 7650
f 7650 8062 7649
f 7651 7652 7646
f 7646 7652 7645
f 7647 7648 6420
f 6420 7648 6419
f 6417 6418 7096
f 7096 6418 7095
f 7559 7560 8063
f 8063 7560 8064
f 7093 7094 7562
f 7562 7094 7561
f 7539 7540 8065
f 8065 7540 7802
f 6861 6862 7542
f 7542 6862 7541
f 6881 6882 6864
f 6864 6882 6863
f 6879 6880 6884
f 6884 6880 6883
f 8066 7803 7674
f 7674 7803 7673
f 7675 7676 6878
f 6878 7676 6877
f 8067 8068 7668
f 7668 8068 7667
f 7665 7666 6336
f 6336 7666 6335
f 6333 6334 6304
f 6304 6334 6303
f 6301 6302 6708
f 6708 6302 6707
f 7547 7548 8069
f 8069 7548 8070
f 6705 6706 7550
f 7550 6706 7549
f 8071 8072 7299
f 7299 8072 7300
f 7298 7297 8073
f 8073 7297 8074
f 7292 7291 7799
f 7799 7291 8075
f 7800 8076 7289
f 7289 8076 7290
f 7308 7307 8077
f 8077 7307 8078
f 8079 8080 7305
f 7305 8080 7306
f 7318 7317 8081
f 8081 7317 8082
f 8083 8084 7319
f 7319 8084 7320
f 8085 8086 7323
f 7323 8086 7324
f 7322 7321 8087
f 8087 7321 8088
f 8089 8090 7335
f 7335 8090 7336
f 7334 7333 8091
f 8091 7333 8092
f 7342 7341 8093
f 8093 7341 8094
f 8095 8096 7343
f 7343 8096 7344
f 7354 7353 8097
f 8097 7353 8098
f 8099 8100 7355
f 7355 8100 7356
f 7358 7357 8101
f 8101 7357 8102
f 8103 8104 7359
f 7359 8104 7360
f 8105 7797 7363
f 7363 7797 7364
f 7362 7361 8106
f 8106 7361 7798
f 7232 7231 8107
f 8107 7231 8108
f 8109 8110 7229
f 7229 8110 7230
f 8111 7795 7235
f 7235 7795 7236
f 7234 7233 8112
f 8112 7233 7796
f 8113 8114 7241
f 7241 8114 7242
f 7244 7243 8115
f 8115 7243 8116
f 8117 8118 7251
f 7251 8118 7252
f 7250 7249 8119
f 8119 7249 8120
f 7262 7261 8121
f 8121 7261 8122
f 8123 8124 7263
f 7263 8124 7264
f 7276 7275 8125
f 8125 7275 8126
f 8127 8128 7273
f 7273 8128 7274
f 8129 8130 7283
f 7283 8130 7284
f 7282 7281 8131
f 8131 7281 8132
f 8133 8134 7399
f 7399 8134 7400
f 7398 7397 8135
f 8135 7397 8136
f 8137 8138 7371
f 7371 8138 7372
f 7370 7369 8139
f 8139 7369 8140
f 7366 7365 7793
f 7793 7365 8141
f 7794 8142 7367
f 7367 8142 7368
f 7386 7385 8143
f 8143 7385 8144
f 8145 8146 7387
f 7387 8146 7388
f 6128 7848 5894
f 5894 7848 7780
f 5891 7777 5718
f 5718 7777 7409
f 5672 7412 5670
f 5670 7412 7846
f 5717 7410 5722
f 5722 7410 7415
f 5482 7849 5671
f 5671 7849 7423
f 5724 7420 5725
f 5725 7420 7020
f 5893 7769 6129
f 6129 7769 7851
f 5889 7017 5890
f 5890 7017 7772
f 5866 6130 7770
f 7770 6130 7852
f 5868 5867 7018
f 7018 5867 7771
f 5472 5703 7850
f 7850 5703 7422
f 5702 5892 7421
f 7421 5892 7019
f 5698 5469 7433
f 7433 5469 7855
f 5861 5701 6278
f 6278 5701 7434
f 6131 5865 7853
f 7853 5865 7757
f 5864 5860 7760
f 7760 5860 6279
f 5837 7759 5838
f 5838 7759 6280
f 6132 7854 5836
f 5836 7854 7758
f 5862 6277 5700
f 5700 6277 7435
f 5699 7432 5704
f 5704 7432 7442
f 6113 7860 5522
f 5522 7860 7466
f 5523 7463 5524
f 5524 7463 6372
f 5895 6369 5896
f 5896 6369 6908
f 5899 6905 5813
f 5813 6905 6836
f 5814 7749 6135
f 6135 7749 7862
f 5808 6833 5809
f 5809 6833 7752
f 6134 7859 5815
f 5815 7859 7762
f 5810 7763 5811
f 5811 7763 6502
f 5812 6503 5900
f 5900 6503 6346
f 5897 6347 5898
f 5898 6347 7448
f 5521 7451 6114
f 6114 7451 7857
f 5525 7449 5518
f 5518 7449 7454
f 5286 6281 5287
f 5287 6281 7978
f 5380 7976 5285
f 5285 7976 6284
f 5230 6295 5381
f 5381 6295 7975
f 5288 7973 5231
f 5231 7973 6294
f 6111 7865 5534
f 5534 7865 7468
f 5533 7469 5675
f 5675 7469 6318
f 5869 6319 5870
f 5870 6319 6268
f 5871 6265 5782
f 5782 6265 6872
f 5784 7745 6137
f 6137 7745 7864
f 5777 6869 5778
f 5778 6869 7748
f 6136 7863 5785
f 5785 7863 7750
f 5779 7751 5780
f 5780 7751 6834
f 5781 6835 5872
f 5872 6835 6906
f 5873 6907 5874
f 5874 6907 6370
f 5674 7465 6112
f 6112 7465 7861
f 5676 6371 5673
f 5673 6371 7464
f 7984 5297 6361
f 6361 5297 5252
f 6364 5253 7986
f 7986 5253 5376
f 5298 7983 5295
f 5295 7983 6274
f 5296 6275 5377
f 5377 6275 7981
f 6126 7841 5909
f 5909 7841 7782
f 5910 7783 5485
f 5485 7783 7407
f 5449 7867 4339
f 4339 7867 6958
f 4340 6959 4341
f 4341 6959 6354
f 4961 6355 4962
f 4962 6355 6290
f 5014 6291 4954
f 4954 6291 6358
f 5069 6511 5070
f 5070 6511 7869
f 4955 6359 4956
f 4956 6359 6510
f 5066 7873 4949
f 4949 7873 6508
f 4948 6505 4952
f 4952 6505 6936
f 4953 6933 4958
f 4958 6933 6540
f 4957 6537 4960
f 4960 6537 6432
f 4338 6945 5450
f 5450 6945 7872
f 4342 6429 4335
f 4335 6429 6948
f 5713 7781 5714
f 5714 7781 7840
f 5720 7842 5712
f 5712 7842 7784
f 5711 7401 5721
f 5721 7401 7844
f 5715 7843 5708
f 5708 7843 7404
f 6144 8025 5745
f 5745 8025 7718
f 5746 7719 5747
f 5747 7719 7174
f 5771 7175 5767
f 5767 7175 7170
f 5768 7171 5686
f 5686 7171 7054
f 5640 7501 6102
f 6102 7501 8023
f 5644 7055 5637
f 5637 7055 7500
f 6101 8028 5641
f 5641 8028 7506
f 5642 7503 5643
f 5643 7503 7004
f 5685 7001 5769
f 5769 7001 6416
f 5770 6413 5736
f 5736 6413 7494
f 5744 7709 6145
f 6145 7709 8026
f 5735 7491 5742
f 5742 7491 7712
f 4568 7375 4571
f 4571 7375 7126
f 5355 7927 5352
f 5352 7927 7058
f 5353 7059 4569
f 4569 7059 7374
f 4572 7127 4533
f 4533 7127 7425
f 4532 7426 4535
f 4535 7426 7444
f 4536 7445 4541
f 4541 7445 7102
f 4540 7103 4543
f 4543 7103 7484
f 4544 7485 4549
f 4549 7485 7431
f 4548 7428 4551
f 4551 7428 7140
f 4552 7137 4558
f 4558 7137 7480
f 4564 6587 5167
f 5167 6587 7929
f 4557 7481 4562
f 4562 7481 6586
f 4630 7081 4553
f 4553 7081 7248
f 5166 7932 4565
f 4565 7932 6600
f 4566 6597 4567
f 4567 6597 7084
f 4554 7245 4555
f 4555 7245 7280
f 4622 7277 4545
f 4545 7277 7316
f 4546 7313 4547
f 4547 7313 7328
f 4614 7325 4537
f 4537 7325 7272
f 4538 7269 4539
f 4539 7269 7268
f 4606 7265 4573
f 4573 7265 7260
f 4574 7257 4575
f 4575 7257 7228
f 5266 7045 5354
f 5354 7045 7934
f 4633 7225 5267
f 5267 7225 7048
f 6103 8022 5639
f 5639 8022 7502
f 5638 7499 5683
f 5683 7499 7056
f 5788 7053 5730
f 5730 7053 7172
f 5731 7169 5732
f 5732 7169 7176
f 5757 7717 5758
f 5758 7717 8024
f 5772 7173 5756
f 5756 7173 7720
f 5759 8021 5750
f 5750 8021 7730
f 5749 7731 5773
f 5773 7731 7086
f 5733 7087 5726
f 5726 7087 6442
f 5729 6443 5786
f 5786 6443 6222
f 5682 7497 6104
f 6104 7497 8019
f 5684 6223 5681
f 5681 6223 7496
f 5649 6097 7514
f 7514 6097 8034
f 5651 5650 6632
f 6632 5650 7511
f 5801 5800 6640
f 6640 5800 6629
f 5794 5833 6592
f 6592 5833 6637
f 6149 5827 8036
f 8036 5827 7693
f 5796 5795 7696
f 7696 5795 6589
f 5798 6148 7702
f 7702 6148 8031
f 5792 5797 6874
f 6874 5797 7703
f 5804 5793 6258
f 6258 5793 6875
f 5654 5802 6826
f 6826 5802 6259
f 6098 5648 8033
f 8033 5648 7509
f 5645 5652 7508
f 7508 5652 6827
f 5647 6099 7510
f 7510 6099 8032
f 5653 5646 6828
f 6828 5646 7507
f 5803 5655 6260
f 6260 5655 6825
f 5738 5805 6876
f 6876 5805 6257
f 6147 5799 8030
f 8030 5799 7701
f 5740 5739 7704
f 7704 5739 6873
f 5743 6146 7710
f 7710 6146 8027
f 5734 5741 7492
f 7492 5741 7711
f 5806 5737 6414
f 6414 5737 7493
f 5656 5807 7002
f 7002 5807 6415
f 6100 5687 8029
f 8029 5687 7505
f 5658 5657 7504
f 7504 5657 7003
f 5256 6349 5257
f 5257 6349 7988
f 5374 7990 5255
f 5255 7990 6352
f 5254 6363 5375
f 5375 6363 7987
f 5258 7985 5251
f 5251 7985 6362
f 7972 5435 6293
f 6293 5435 5232
f 6296 5229 7974
f 7974 5229 5236
f 5434 7969 5233
f 5233 7969 6306
f 5234 6307 5235
f 5235 6307 7971
f 7526 5661 8038
f 8038 5661 6095
f 7040 5690 7523
f 7523 5690 5660
f 6200 5830 7037
f 7037 5830 5829
f 6424 5822 6197
f 6197 5822 5859
f 8040 6151 7685
f 7685 6151 5853
f 7688 5824 6421
f 6421 5824 5823
f 6150 8037 5826
f 5826 8037 7694
f 5825 7695 5820
f 5820 7695 6590
f 5821 6591 5832
f 5832 6591 6638
f 5831 6639 5828
f 5828 6639 6630
f 5689 7513 6096
f 6096 7513 8035
f 5691 6631 5688
f 5688 6631 7512
f 4332 6227 4333
f 4333 6227 6202
f 4157 7959 5059
f 5059 7959 7000
f 5060 6997 4331
f 4331 6997 6226
f 5053 6203 5021
f 5021 6203 6316
f 5020 6313 5023
f 5023 6313 6254
f 5024 6255 5029
f 5029 6255 6394
f 5028 6395 5031
f 5031 6395 6814
f 5032 6815 5037
f 5037 6815 6342
f 5036 6343 5039
f 5039 6343 6286
f 5040 6287 5046
f 5046 6287 6658
f 5187 6643 5188
f 5188 6643 7957
f 5045 6659 5109
f 5109 6659 6642
f 5108 6569 5041
f 5041 6569 6568
f 5189 7961 5184
f 5184 7961 6652
f 5110 6649 5105
f 5105 6649 6572
f 5042 6565 5043
f 5043 6565 6564
f 5104 6561 5033
f 5033 6561 6558
f 5034 6559 5035
f 5035 6559 6554
f 5101 6555 5025
f 5025 6555 6548
f 5026 6545 5027
f 5027 6545 6968
f 5054 6965 5050
f 5050 6965 6974
f 4334 6975 4327
f 4327 6975 6984
f 5058 6989 5413
f 5413 6989 7960
f 4330 6981 5055
f 5055 6981 6992
f 6093 8042 5663
f 5663 8042 7530
f 5664 7527 5665
f 5665 7527 6252
f 5855 6249 5856
f 5856 6249 6672
f 5888 6669 5848
f 5848 6669 6980
f 5882 7677 6153
f 6153 7677 8044
f 5849 6977 5850
f 5850 6977 7680
f 6152 8041 5852
f 5852 8041 7686
f 5851 7687 5846
f 5846 7687 6422
f 5847 6423 5858
f 5858 6423 6198
f 5857 6199 5854
f 5854 6199 7038
f 5662 7525 6094
f 6094 7525 8039
f 5666 7039 5659
f 5659 7039 7524
f 6091 8047 5694
f 5694 8047 7534
f 5695 7531 5696
f 5696 7531 6860
f 5884 6857 5885
f 5885 6857 6856
f 5906 6853 5877
f 5877 6853 6852
f 5903 7669 6155
f 6155 7669 8046
f 5878 6849 5879
f 5879 6849 7672
f 6154 8045 5881
f 5881 8045 7678
f 5880 7679 5875
f 5875 7679 6978
f 5876 6979 5887
f 5887 6979 6670
f 5886 6671 5883
f 5883 6671 6250
f 5693 7529 6092
f 6092 7529 8043
f 5697 6251 5692
f 5692 6251 7528
f 7997 5437 6329
f 6329 5437 5246
f 6332 5243 7996
f 7996 5243 5250
f 5436 7993 5247
f 5247 7993 6338
f 5248 6339 5249
f 5249 6339 7995
f 4346 6309 4347
f 4347 6309 6962
f 5144 7955 5140
f 5140 7955 7006
f 5141 7007 4345
f 4345 7007 6312
f 4994 6963 4964
f 4964 6963 6500
f 4963 6497 4966
f 4966 6497 6466
f 4967 6467 4972
f 4972 6467 6522
f 4971 6523 4974
f 4974 6523 6530
f 4975 6531 4980
f 4980 6531 6994
f 4979 6995 4982
f 4982 6995 6986
f 4983 6987 4989
f 4989 6987 6426
f 5191 6635 5192
f 5192 6635 7953
f 4988 6427 5048
f 5048 6427 6634
f 5047 6657 4984
f 4984 6657 6288
f 5193 7956 5190
f 5190 7956 6644
f 5049 6641 5044
f 5044 6641 6660
f 4985 6285 4986
f 4986 6285 6344
f 5038 6341 4976
f 4976 6341 6816
f 4977 6813 4978
f 4978 6813 6396
f 5030 6393 4968
f 4968 6393 6256
f 4969 6253 4970
f 4970 6253 6314
f 5022 6315 4995
f 4995 6315 6204
f 4348 6201 4343
f 4343 6201 6228
f 5143 6999 4159
f 4159 6999 7958
f 4344 6225 5142
f 5142 6225 6998
f 4276 7871 4269
f 4269 7871 6970
f 4272 6971 5017
f 5017 6971 6542
f 5018 6543 5019
f 5019 6543 6534
f 5096 6535 5008
f 5008 6535 6526
f 5092 6519 5081
f 5081 6519 7870
f 5009 6527 5010
f 5010 6527 6518
f 5080 7868 5093
f 5093 7868 6512
f 5011 6509 5006
f 5006 6509 6360
f 5007 6357 5013
f 5013 6357 6292
f 5012 6289 5015
f 5015 6289 6356
f 4274 6957 4275
f 4275 6957 7866
f 5016 6353 4273
f 4273 6353 6960
f 6270 4851 6191
f 6191 4851 4848
f 7022 5334 7945
f 7945 5334 5337
f 6190 4849 7023
f 7023 4849 5335
f 6774 4813 6271
f 6271 4813 4852
f 6406 4815 6775
f 6775 4815 4812
f 6900 4821 6407
f 6407 4821 4816
f 7144 4823 6897
f 6897 4823 4820
f 6398 4829 7141
f 7141 4829 4824
f 6890 4831 6399
f 6399 4831 4828
f 6778 4838 6891
f 6891 4838 4832
f 7947 5427 6623
f 6623 5427 4844
f 6622 4842 6779
f 6779 4842 4837
f 4916 6645 4833
f 4833 6645 6244
f 5426 7948 4845
f 4845 7948 6628
f 4846 6625 4847
f 4847 6625 6648
f 4834 6241 4835
f 4835 6241 6220
f 4908 6217 4825
f 4825 6217 6604
f 4826 6601 4827
f 4827 6601 6664
f 4900 6661 4817
f 4817 6661 6712
f 4818 6709 4819
f 4819 6709 6584
f 4892 6581 4853
f 4853 6581 6596
f 4854 6593 4855
f 4855 6593 6246
f 4296 7009 5336
f 5336 7009 7950
f 4919 6247 4297
f 4297 6247 7012
f 4287 7199 4407
f 4407 7199 7178
f 5358 7922 4279
f 4279 7922 6904
f 4278 6901 4285
f 4285 6901 7198
f 4410 7179 4386
f 4386 7179 7662
f 4387 7663 4388
f 4388 7663 7074
f 4400 7075 4585
f 4585 7075 7766
f 4187 7767 4180
f 4180 7767 7338
f 4183 7339 4255
f 4255 7339 7706
f 4231 7707 4224
f 4224 7707 7734
f 4227 7735 4253
f 4253 7735 7186
f 4191 6823 5455
f 5455 6823 7919
f 4195 7187 4188
f 4188 7187 6822
f 7206 4288 7787
f 7787 4288 4412
f 7923 5357 6895
f 6895 5357 5356
f 6894 4290 7207
f 7207 4290 4289
f 7786 4411 7773
f 7773 4411 4385
f 7776 4383 7393
f 7393 4383 4389
f 7396 4401 7133
f 7133 4401 4263
f 7136 4186 7113
f 7113 4186 4185
f 7116 4184 7213
f 7213 4184 4258
f 7216 4230 7789
f 7789 4230 4229
f 7792 4228 7753
f 7753 4228 4254
f 6832 4192 7920
f 7920 4192 5454
f 7756 4194 6829
f 6829 4194 4193
f 4637 7377 4638
f 4638 7377 7392
f 5222 7033 5269
f 5269 7033 7938
f 4704 7389 5223
f 5223 7389 7036
f 4674 7535 4636
f 4636 7535 7380
f 4610 7725 4611
f 4611 7725 7538
f 4682 7621 4609
f 4609 7621 7728
f 4618 7569 4619
f 4619 7569 7624
f 4690 7438 4617
f 4617 7438 7568
f 4626 7631 4627
f 4627 7631 7437
f 4699 7457 4625
f 4625 7457 7630
f 5206 7936 5203
f 5203 7936 6606
f 4701 6607 4696
f 4696 6607 7456
f 7258 4634 7227
f 7227 4634 4631
f 7046 5265 7935
f 7935 5265 5270
f 7226 4632 7047
f 7047 4632 5268
f 7266 4605 7259
f 7259 4605 4635
f 7270 4607 7267
f 7267 4607 4604
f 7326 4613 7271
f 7271 4613 4608
f 7314 4615 7327
f 7327 4615 4612
f 7278 4621 7315
f 7315 4621 4616
f 7246 4623 7279
f 7279 4623 4620
f 7082 4629 7247
f 7247 4629 4624
f 7933 5205 6599
f 6599 5205 5204
f 6598 4700 7083
f 7083 4700 4628
f 6105 8018 5633
f 5633 8018 7498
f 5634 7495 5635
f 5635 7495 6224
f 5787 6221 5728
f 5728 6221 6444
f 5727 6441 5763
f 5763 6441 7088
f 5751 7729 6143
f 6143 7729 8020
f 5755 7085 5748
f 5748 7085 7732
f 6142 8013 5752
f 5752 8013 7738
f 5753 7739 5754
f 5754 7739 7154
f 5762 7155 5789
f 5789 7155 6386
f 5790 6387 5791
f 5791 6387 6690
f 5632 7489 6106
f 6106 7489 8015
f 5636 6691 5629
f 5629 6691 7488
f 4778 6269 4779
f 4779 6269 6192
f 5240 7021 5241
f 5241 7021 7944
f 4850 6189 5239
f 5239 6189 7024
f 4814 6773 4777
f 4777 6773 6272
f 4748 6405 4749
f 4749 6405 6776
f 4822 6899 4747
f 4747 6899 6408
f 4756 7143 4757
f 4757 7143 6898
f 4830 6397 4755
f 4755 6397 7142
f 4764 6889 4765
f 4765 6889 6400
f 4839 6777 4763
f 4763 6777 6892
f 5200 7946 4843
f 4843 7946 6624
f 4841 6621 4836
f 4836 6621 6780
f 4772 6951 4775
f 4775 6951 6846
f 5242 7941 5237
f 5237 7941 7030
f 5238 7031 4773
f 4773 7031 6950
f 4776 6847 4743
f 4743 6847 7050
f 4742 7051 4745
f 4745 7051 7294
f 4746 7295 4751
f 4751 7295 6434
f 4750 6435 4753
f 4753 6435 7026
f 4754 7027 4759
f 4759 7027 7070
f 4758 7071 4761
f 4761 7071 7098
f 4762 7099 4768
f 4768 7099 6954
f 5198 6619 5199
f 5199 6619 7943
f 4767 6955 4840
f 4840 6955 6618
f 5262 6337 5263
f 5263 6337 7992
f 5372 7994 5261
f 5261 7994 6340
f 7991 5373 6351
f 6351 5373 5260
f 6350 5259 7989
f 7989 5259 5264
f 6107 8014 5631
f 5631 8014 7490
f 5630 7487 5679
f 5679 7487 6692
f 5816 6689 5817
f 5817 6689 6388
f 5776 6385 5761
f 5761 6385 7156
f 5765 7737 6141
f 6141 7737 8012
f 5760 7153 5764
f 5764 7153 7740
f 6140 8017 5496
f 5496 8017 7742
f 5495 7743 5766
f 5766 7743 7066
f 5774 7067 5775
f 5775 7067 6750
f 5818 6751 5819
f 5819 6751 6494
f 5678 7477 6108
f 6108 7477 8016
f 5680 6495 5677
f 5677 6495 7476
f 6118 8060 5940
f 5940 8060 7572
f 5939 7573 5958
f 5958 7573 6238
f 5998 6515 5999
f 5999 6515 6170
f 5959 6239 5960
f 5960 6239 6514
f 6006 6018 6516
f 6516 6018 6169
f 6008 6007 6240
f 6240 6007 6513
f 6117 5941 8059
f 8059 5941 7571
f 5938 5945 7574
f 7574 5945 6237
f 5942 6116 7584
f 7584 6116 8058
f 5944 5943 7419
f 7419 5943 7585
f 6019 6005 6172
f 6172 6005 6489
f 6004 5987 6492
f 6492 5987 7416
f 6159 8067 5965
f 5965 8067 7668
f 5962 7665 5963
f 5963 7665 6336
f 6003 6333 5948
f 5948 6333 6304
f 5947 6301 5993
f 5993 6301 6708
f 5503 7547 6121
f 6121 7547 8069
f 5994 6705 5504
f 5504 6705 7550
f 6120 8064 5991
f 5991 8064 7560
f 5990 7561 5956
f 5956 7561 7094
f 5955 7095 5997
f 5997 7095 6418
f 5996 6419 6001
f 6001 6419 7648
f 5913 7649 5927
f 5927 7649 8062
f 5964 7645 5914
f 5914 7645 7652
f 4711 7345 4717
f 4717 7345 7044
f 5131 7896 5128
f 5128 7896 6788
f 4715 6785 4710
f 4710 6785 7348
f 4716 7041 4719
f 4719 7041 6300
f 4372 6297 4367
f 4367 6297 6392
f 4368 6389 4943
f 4943 6389 6194
f 4942 6195 4945
f 4945 6195 6480
f 4733 6477 4728
f 4728 6477 7304
f 4729 7301 4735
f 4735 7301 6440
f 4734 6437 4737
f 4737 6437 7256
f 4308 6929 4309
f 4309 6929 7898
f 4738 7253 4307
f 4307 7253 6932
f 4740 7163 4741
f 4741 7163 6374
f 4310 7891 4303
f 4303 7891 6938
f 4306 6939 4739
f 4739 6939 7162
f 4806 6375 4730
f 4730 6375 6402
f 4731 6403 4732
f 4732 6403 6378
f 4946 6379 4947
f 4947 6379 6366
f 5005 6367 4369
f 4369 6367 6230
f 4370 6231 4371
f 4371 6231 6798
f 4720 6799 4721
f 4721 6799 6262
f 4788 6263 4712
f 4712 6263 6802
f 5129 6783 5130
f 5130 6783 7893
f 4713 6803 4714
f 4714 6803 6782
f 5466 8066 5467
f 5467 8066 7674
f 6033 7675 6027
f 6027 7675 6878
f 6030 6879 5950
f 5950 6879 6884
f 5951 6881 5952
f 5952 6881 6864
f 5507 7539 5508
f 5508 7539 8065
f 6025 6861 5506
f 5506 6861 7542
f 5509 8070 5502
f 5502 8070 7548
f 5505 7549 6026
f 6026 7549 6706
f 5953 6707 5946
f 5946 6707 6302
f 5949 6303 6031
f 6031 6303 6334
f 5480 7667 5468
f 5468 7667 8068
f 6032 6335 5966
f 5966 6335 7666
f 4241 7181 4452
f 4452 7181 7644
f 5118 7914 5115
f 5115 7914 6820
f 4449 6817 4242
f 4242 6817 7184
f 4451 7641 4312
f 4312 7641 7590
f 4311 7587 4314
f 4314 7587 6844
f 4315 6841 4655
f 4655 6841 7212
f 4654 7209 4657
f 4657 7209 7196
f 4460 7193 4455
f 4455 7193 7160
f 4456 7157 4462
f 4462 7157 7168
f 4461 7165 4464
f 4464 7165 7610
f 4205 6909 4206
f 4206 6909 7912
f 4465 7607 4204
f 4204 7607 6912
f 4467 7131 4468
f 4468 7131 7110
f 4207 7909 4200
f 4200 7909 6914
f 4203 6915 4466
f 4466 6915 7130
f 4528 7111 4457
f 4457 7111 7382
f 4458 7383 4459
f 4459 7383 7106
f 4658 7107 4659
f 4659 7107 7238
f 4724 7239 4316
f 4316 7239 7310
f 4317 7311 4318
f 4318 7311 7460
f 4453 7461 4454
f 4454 7461 7122
f 4509 7123 4446
f 4446 7123 6838
f 5116 6807 5117
f 5117 6807 7911
f 4447 6839 4448
f 4448 6839 6806
f 5971 6020 6490
f 6490 6020 6171
f 5973 5972 7417
f 7417 5972 6491
f 6115 5988 8057
f 8057 5988 7583
f 5985 5984 7586
f 7586 5984 7418
f 5977 6090 7592
f 7592 6090 8056
f 5986 5976 6866
f 6866 5976 7593
f 4138 5970 4139
f 4139 5970 7639
f 5967 5974 7638
f 7638 5974 6867
f 6088 8054 5934
f 5934 8054 7598
f 5933 7595 5461
f 5461 7595 5462
f 6017 7625 6021
f 6021 7625 8052
f 6009 7619 6010
f 6010 7619 7628
f 4142 4143 5969
f 5969 4143 7640
f 5968 7637 6011
f 6011 7637 6868
f 5978 7591 6089
f 6089 7591 8055
f 5979 6865 5975
f 5975 6865 7594
f 5935 7597 6087
f 6087 7597 8053
f 5463 5465 5932
f 5932 5465 7596
f 6086 8049 5936
f 5936 8049 7612
f 5937 7613 4144
f 4144 7613 4145
f 5451 7889 5453
f 5453 7889 6754
f 5300 6719 4166
f 4166 6719 7888
f 5303 6756 5299
f 5299 6756 6718
f 5172 7883 5301
f 5301 7883 6726
f 5146 6747 5452
f 5452 6747 7885
f 5302 6727 5147
f 5147 6727 6745
f 5515 7611 5516
f 5516 7611 8048
f 4148 4149 5514
f 5514 4149 7614
f 5513 7599 6013
f 6013 7599 8051
f 5517 8050 5510
f 5510 8050 7602
f 5565 7336 6074
f 6074 7336 8090
f 5569 8092 5564
f 5564 8092 7333
f 5567 7342 5568
f 5568 7342 8093
f 6073 8095 5566
f 5566 8095 7343
f 5308 6655 5309
f 5309 6655 8008
f 5327 6176 5324
f 5324 6176 6654
f 5306 8011 5307
f 5307 8011 6666
f 5325 6667 5326
f 5326 6667 6173
f 4408 7177 4286
f 4286 7177 7200
f 4280 6903 5409
f 5409 6903 7925
f 4284 7197 4277
f 4277 7197 6902
f 4403 7661 4409
f 4409 7661 7180
f 4398 7073 4402
f 4402 7073 7664
f 4586 7765 4399
f 4399 7765 7076
f 4181 7337 4587
f 4587 7337 7768
f 4256 7705 4182
f 4182 7705 7340
f 4225 7733 4257
f 4257 7733 7708
f 4245 7185 4226
f 4226 7185 7736
f 5114 7918 4190
f 4190 7918 6824
f 4189 6821 4244
f 4244 6821 7188
f 7166 4414 7609
f 7609 4414 4413
f 6910 4281 7913
f 7913 4281 5408
f 7608 4283 6911
f 6911 4283 4282
f 7158 4404 7167
f 7167 4404 4463
f 7194 4406 7159
f 7159 4406 4405
f 7210 4589 7195
f 7195 4589 4588
f 6842 4259 7211
f 7211 4259 4656
f 7588 4261 6843
f 6843 4261 4260
f 7642 4450 7589
f 7589 4450 4313
f 7182 4240 7643
f 7643 4240 4246
f 7915 5113 6819
f 6819 5113 5112
f 6818 5111 7183
f 7183 5111 4243
f 5333 6184 5328
f 5328 6184 6700
f 5331 6697 5217
f 5217 6697 8001
f 5216 8003 5312
f 5312 8003 6694
f 5311 6695 5332
f 5332 6695 6181
f 4514 7349 4581
f 4581 7349 7224
f 5422 7906 4642
f 4642 7906 6812
f 4579 6809 4515
f 4515 6809 7352
f 4580 7221 4582
f 4582 7221 7092
f 4360 7089 4355
f 4355 7089 6384
f 4356 6381 4793
f 4793 6381 6792
f 4792 6789 4795
f 4795 6789 6412
f 4595 6409 4590
f 4590 6409 7288
f 4591 7285 4597
f 4597 7285 7220
f 4596 7217 4599
f 4599 7217 7332
f 4197 6921 4198
f 4198 6921 7904
f 4600 7329 4196
f 4196 7329 6924
f 4602 7699 4603
f 4603 7699 7472
f 4199 7903 4174
f 4174 7903 6926
f 4173 6927 4601
f 4601 6927 7698
f 4668 7473 4592
f 4592 7473 7118
f 4593 7119 4594
f 4594 7119 6730
f 4796 6731 4797
f 4797 6731 6614
f 4872 6615 4357
f 4357 6615 6210
f 4358 6211 4359
f 4359 6211 7580
f 4583 7581 4584
f 4584 7581 7658
f 4650 7659 4576
f 4576 7659 7202
f 4641 6795 5423
f 5423 6795 7901
f 4577 7203 4578
f 4578 7203 6794
f 5981 7344 5982
f 5982 7344 8096
f 6084 8094 5980
f 5980 8094 7341
f 5571 7354 6085
f 6085 7354 8097
f 5983 8099 5572
f 5572 8099 7355
f 5541 7320 6078
f 6078 7320 8084
f 5557 8082 5542
f 5542 8082 7317
f 5555 7322 5556
f 5556 7322 8087
f 6077 8085 5554
f 5554 8085 7323
f 5559 7324 6076
f 6076 7324 8086
f 5563 8088 5558
f 5558 8088 7321
f 5561 7334 5562
f 5562 7334 8091
f 6075 8089 5560
f 5560 8089 7335
f 5152 7884 5145
f 5145 7884 6748
f 5175 6725 5171
f 5171 6725 7882
f 5148 6746 5304
f 5304 6746 6728
f 4170 7887 5174
f 5174 7887 6740
f 5150 6741 5151
f 5151 6741 7886
f 5305 6737 5149
f 5149 6737 6743
f 7100 4693 6953
f 6953 4693 4769
f 6620 5201 7942
f 7942 5201 4160
f 6956 4766 6617
f 6617 4766 4771
f 7072 4695 7097
f 7097 4695 4694
f 7028 4685 7069
f 7069 4685 4760
f 6436 4687 7025
f 7025 4687 4686
f 7296 4677 6433
f 6433 4677 4752
f 7052 4679 7293
f 7293 4679 4678
f 6848 4707 7049
f 7049 4707 4744
f 6952 4709 6845
f 6845 4709 4708
f 7940 5227 7029
f 7029 5227 5226
f 7032 5225 6949
f 6949 5225 4774
f 4702 7391 4705
f 4705 7391 7378
f 5228 7939 5221
f 5221 7939 7034
f 5224 7035 4703
f 4703 7035 7390
f 4706 7379 4673
f 4673 7379 7536
f 4672 7537 4675
f 4675 7537 7726
f 4676 7727 4681
f 4681 7727 7622
f 4680 7623 4683
f 4683 7623 7570
f 4684 7567 4689
f 4689 7567 7439
f 4688 7436 4691
f 4691 7436 7632
f 4692 7629 4698
f 4698 7629 7458
f 5202 6605 4161
f 4161 6605 7937
f 4697 7455 4770
f 4770 7455 6608
f 5347 6180 5343
f 5343 6180 6676
f 5164 6673 5165
f 5165 6673 8004
f 5162 8007 5163
f 5163 8007 6686
f 5339 6687 5346
f 5346 6687 6177
f 5545 7306 5546
f 5546 7306 8080
f 5626 8078 5544
f 5544 8078 7307
f 5543 7318 5627
f 5627 7318 8081
f 5547 8083 5540
f 5540 8083 7319
f 4917 6245 4920
f 4920 6245 6594
f 4302 7951 4295
f 4295 7951 7010
f 4298 7011 4918
f 4918 7011 6248
f 4921 6595 4891
f 4891 6595 6582
f 4890 6583 4893
f 4893 6583 6710
f 4894 6711 4899
f 4899 6711 6662
f 4898 6663 4901
f 4901 6663 6602
f 4902 6603 4907
f 4907 6603 6218
f 4906 6219 4909
f 4909 6219 6242
f 4910 6243 4915
f 4915 6243 6646
f 5195 6627 5196
f 5196 6627 7949
f 4914 6647 4991
f 4991 6647 6626
f 4990 6425 4911
f 4911 6425 6988
f 5197 7952 5194
f 5194 7952 6636
f 4992 6633 4987
f 4987 6633 6428
f 4912 6985 4913
f 4913 6985 6996
f 4981 6993 4903
f 4903 6993 6532
f 4904 6529 4905
f 4905 6529 6524
f 4973 6521 4895
f 4895 6521 6468
f 4896 6465 4897
f 4897 6465 6498
f 4965 6499 4922
f 4922 6499 6964
f 4923 6961 4924
f 4924 6961 6310
f 4300 7005 4301
f 4301 7005 7954
f 4993 6311 4299
f 4299 6311 7008
f 6167 7300 6080
f 6080 7300 8072
f 5624 8074 5553
f 5553 8074 7297
f 6166 7308 5625
f 5625 7308 8077
f 6079 8079 6168
f 6168 8079 7305
f 5548 7298 5549
f 5549 7298 8073
f 6081 8071 5552
f 5552 8071 7299
f 6165 7290 6082
f 6082 7290 8076
f 5550 8075 5551
f 5551 8075 7291
f 5292 6273 5293
f 5293 6273 7982
f 5378 7980 5291
f 5291 7980 6276
f 5290 6283 5379
f 5379 6283 7977
f 5294 7979 5289
f 5289 7979 6282
f 7138 4490 7479
f 7479 4490 4559
f 6588 4563 7928
f 7928 4563 4164
f 7482 4556 6585
f 6585 4556 4561
f 7429 4492 7139
f 7139 4492 4491
f 7486 4483 7430
f 7430 4483 4550
f 7104 4485 7483
f 7483 4485 4484
f 7446 4474 7101
f 7101 4474 4542
f 7427 4476 7443
f 7443 4476 4475
f 7128 4504 7424
f 7424 4504 4534
f 7376 4506 7125
f 7125 4506 4505
f 7926 5182 7057
f 7057 5182 5181
f 7060 5180 7373
f 7373 5180 4570
f 4499 7545 4502
f 4502 7545 7556
f 5183 7931 5176
f 5176 7931 7062
f 5179 7063 4500
f 4500 7063 7544
f 4503 7557 4470
f 4470 7557 7518
f 4469 7515 4472
f 4472 7515 7148
f 4473 7145 4479
f 4479 7145 7576
f 4478 7577 4234
f 4234 7577 7616
f 4233 7617 4487
f 4487 7617 7552
f 4486 7553 4488
f 4488 7553 7604
f 4489 7605 4495
f 4495 7605 7564
f 5207 6579 4165
f 4165 6579 7930
f 4494 7565 4560
f 4560 7565 6578
f 5276 6323 5277
f 5277 6323 7964
f 5384 7962 5275
f 5275 7962 6322
f 5274 6327 5385
f 5385 6327 7967
f 5278 7966 5271
f 5271 7966 6326
f 5139 7876 5136
f 5136 7876 6764
f 5001 6761 4996
f 4996 6761 6236
f 4997 6233 4220
f 4220 6233 6920
f 4221 6917 4222
f 4222 6917 6684
f 5076 6481 5077
f 5077 6481 7874
f 5003 6681 5075
f 5075 6681 6484
f 5078 7879 5071
f 5071 7879 6486
f 5074 6487 5004
f 5004 6487 6454
f 4223 6455 4216
f 4216 6455 6450
f 4219 6451 4998
f 4998 6451 6446
f 5137 6759 5138
f 5138 6759 7878
f 4999 6447 5000
f 5000 6447 6758
f 4169 7881 4926
f 4926 7881 6768
f 4925 6765 4929
f 4929 6765 7080
f 4930 7077 4935
f 4935 7077 6552
f 4934 6549 4937
f 4937 6549 7016
f 5085 6473 5067
f 5067 6473 7880
f 4938 7013 5084
f 5084 7013 6476
f 5079 7875 5082
f 5082 7875 6482
f 5083 6483 4939
f 4939 6483 6682
f 4940 6683 4941
f 4941 6683 6918
f 5002 6919 4931
f 4931 6919 6234
f 5134 6763 5135
f 5135 6763 7877
f 4932 6235 4933
f 4933 6235 6762
f 5321 8000 5155
f 5155 8000 6714
f 5154 6715 5432
f 5432 6715 6185
f 5431 6188 5318
f 5318 6188 6704
f 5319 6701 5320
f 5320 6701 7998
f 4442 7205 4323
f 4323 7205 7788
f 5364 7924 5359
f 5359 7924 6896
f 5360 6893 4441
f 4441 6893 7208
f 4324 7785 4325
f 4325 7785 7774
f 4384 7775 4418
f 4418 7775 7394
f 4268 7395 4262
f 4262 7395 7134
f 4264 7135 4249
f 4249 7135 7114
f 4250 7115 4251
f 4251 7115 7214
f 4427 7215 4394
f 4394 7215 7790
f 4395 7791 4396
f 4396 7791 7754
f 5214 6831 5215
f 5215 6831 7921
f 4434 7755 4435
f 4435 7755 6830
f 4397 7721 4390
f 4390 7721 7716
f 5212 7917 5213
f 5213 7917 6576
f 4436 6573 4431
f 4431 6573 7724
f 4393 7713 4425
f 4425 7713 7192
f 4252 7189 4247
f 4247 7189 7152
f 4248 7149 4265
f 4265 7149 7522
f 4266 7519 4267
f 4267 7519 7634
f 4419 7635 4415
f 4415 7635 7682
f 4326 7683 4319
f 4319 7683 7692
f 4322 7689 4437
f 4437 7689 7656
f 5362 6885 5363
f 5363 6885 7916
f 4440 7653 5361
f 5361 7653 6888
f 5573 7356 6072
f 6072 7356 8100
f 5577 8098 5570
f 5570 8098 7353
f 5575 7358 5576
f 5576 7358 8101
f 6071 8103 5574
f 5574 8103 7359
f 5582 7360 6070
f 6070 7360 8104
f 5580 8102 5581
f 5581 8102 7357
f 5578 7362 5579
f 5579 7362 8106
f 6069 8105 5583
f 5583 8105 7363
f 4781 6801 4787
f 4787 6801 6264
f 4167 7892 5132
f 5132 7892 6784
f 4785 6781 4780
f 4780 6781 6804
f 4786 6261 4789
f 4789 6261 6800
f 4378 6797 4373
f 4373 6797 6232
f 4374 6229 4212
f 4212 6229 6368
f 4213 6365 4214
f 4214 6365 6380
f 4803 6377 4798
f 4798 6377 6404
f 4799 6401 4805
f 4805 6401 6376
f 4804 6373 4807
f 4807 6373 7164
f 4304 6937 5063
f 5063 6937 7890
f 4808 7161 4305
f 4305 7161 6940
f 4810 6723 4811
f 4811 6723 6678
f 5064 7895 5061
f 5061 7895 6942
f 5062 6943 4809
f 4809 6943 6722
f 4884 6679 4800
f 4800 6679 6206
f 4801 6207 4802
f 4802 6207 6458
f 4215 6459 4208
f 4208 6459 6472
f 4211 6469 4375
f 4375 6469 6462
f 4376 6463 4377
f 4377 6463 6610
f 4790 6611 4791
f 4791 6611 6734
f 4864 6735 4782
f 4782 6735 6214
f 5133 6771 4168
f 4168 6771 7894
f 4783 6215 4784
f 4784 6215 6770
f 7124 4508 6837
f 6837 4508 4518
f 6808 5119 7910
f 7910 5119 5124
f 6840 4517 6805
f 6805 4517 5120
f 7462 4510 7121
f 7121 4510 4507
f 7312 4349 7459
f 7459 4349 4354
f 7240 4723 7309
f 7309 4723 4350
f 7108 4725 7237
f 7237 4725 4722
f 7384 4520 7105
f 7105 4520 4525
f 7112 4527 7381
f 7381 4527 4521
f 7132 4529 7109
f 7109 4529 4526
f 7908 5448 6913
f 6913 5448 4201
f 6916 4202 7129
f 7129 4202 4294
f 4530 7331 4531
f 4531 7331 7218
f 5447 7905 4291
f 4291 7905 6922
f 4292 6923 4293
f 4293 6923 7330
f 4598 7219 4522
f 4522 7219 7286
f 4523 7287 4524
f 4524 7287 6410
f 4726 6411 4727
f 4727 6411 6790
f 4794 6791 4351
f 4351 6791 6382
f 4352 6383 4353
f 4353 6383 7090
f 4511 7091 4512
f 4512 7091 7222
f 4519 7223 4513
f 4513 7223 7350
f 5122 6811 5123
f 5123 6811 7907
f 4516 7351 5121
f 5121 7351 6810
f 5527 7274 5618
f 5618 7274 8128
f 5920 8126 5528
f 5528 8126 7275
f 5617 7262 5921
f 5921 7262 8121
f 5619 8123 5616
f 5616 8123 7263
f 5613 7264 5614
f 5614 7264 8124
f 5922 8122 5612
f 5612 8122 7261
f 5611 7250 5923
f 5923 7250 8119
f 5615 8117 5610
f 5610 8117 7251
f 6162 7372 6066
f 6066 7372 8138
f 6163 8140 5589
f 5589 8140 7369
f 5591 7386 6164
f 6164 7386 8143
f 6065 8145 5592
f 5592 8145 7387
f 5620 7284 5621
f 5621 7284 8130
f 5918 8132 5530
f 5530 8132 7281
f 5529 7276 5919
f 5919 7276 8125
f 5531 8127 5526
f 5526 8127 7273
f 6157 7400 6062
f 6062 7400 8134
f 5916 8136 6158
f 6158 8136 7397
f 5622 7282 5917
f 5917 7282 8131
f 6061 8129 5623
f 5623 8129 7283
f 5282 6305 5283
f 5283 6305 7968
f 5382 7970 5281
f 5281 7970 6308
f 7963 5383 6321
f 6321 5383 5280
f 6324 5279 7965
f 7965 5279 5284
f 5593 7388 6064
f 6064 7388 8146
f 5597 8144 5590
f 5590 8144 7385
f 5595 7398 5596
f 5596 7398 8135
f 6063 8133 5594
f 5594 8133 7399
f 4670 7255 4671
f 4671 7255 6438
f 5445 7899 4176
f 4176 7899 6930
f 4177 6931 4178
f 4178 6931 7254
f 4736 6439 4662
f 4662 6439 7302
f 4663 7303 4664
f 4664 7303 6478
f 4874 6479 4875
f 4875 6479 6196
f 4944 6193 4363
f 4363 6193 6390
f 4364 6391 4365
f 4365 6391 6298
f 4652 6299 4653
f 4653 6299 7042
f 4718 7043 4645
f 4645 7043 7346
f 5125 6787 5126
f 5126 6787 7897
f 4646 7347 4647
f 4647 7347 6786
f 4644 7201 4649
f 4649 7201 7660
f 5127 7900 4640
f 4640 7900 6796
f 4639 6793 4643
f 4643 6793 7204
f 4648 7657 4651
f 4651 7657 7582
f 4366 7579 4361
f 4361 7579 6212
f 4362 6209 4871
f 4871 6209 6616
f 4870 6613 4873
f 4873 6613 6732
f 4665 6729 4660
f 4660 6729 7120
f 4661 7117 4667
f 4667 7117 7474
f 4666 7471 4669
f 4669 7471 7700
f 4175 6925 5446
f 5446 6925 7902
f 4179 7697 4172
f 4172 7697 6928
f 6161 7368 6068
f 6068 7368 8142
f 5586 8141 5587
f 5587 8141 7365
f 5584 7370 5585
f 5585 7370 8139
f 6067 8137 5588
f 5588 8137 7371
f 5607 7252 5608
f 5608 7252 8118
f 5925 8120 5606
f 5606 8120 7249
f 5487 7244 5926
f 5926 7244 8115
f 5609 8113 5488
f 5488 8113 7241
f 5489 7242 6039
f 6039 7242 8114
f 5493 8116 5486
f 5486 8116 7243
f 5491 7232 5492
f 5492 7232 8107
f 6038 8109 5490
f 5490 8109 7229
f 5603 7230 5604
f 5604 7230 8110
f 6160 8108 5602
f 5602 8108 7231
f 5601 7234 5929
f 5929 7234 8112
f 5605 8111 5598
f 5598 8111 7235
f 6656 4153 8009
f 8009 4153 5424
f 6175 4152 6653
f 6653 4152 4151
f 8010 4162 6665
f 6665 4162 5349
f 6668 5348 6174
f 6174 5348 5351
f 6674 5345 8005
f 8005 5345 5458
f 6179 5350 6675
f 6675 5350 5344
f 8006 4163 6685
f 6685 4163 5340
f 6688 5338 6178
f 6178 5338 5342
f 8002 5456 6693
f 6693 5456 5313
f 6696 5310 6182
f 6182 5310 5317
f 6702 5314 7999
f 7999 5314 5457
f 6187 5316 6703
f 6703 5316 5315
f 7650 5912 8061
f 8061 5912 5924
f 7646 6002 7651
f 7651 6002 5915
f 6420 5995 7647
f 7647 5995 6000
f 7096 5954 6417
f 6417 5954 5961
f 8063 6119 7559
f 7559 6119 5992
f 7562 5989 7093
f 7093 5989 5957
f 7845 7413 5667
f 5667 7413 5668
f 7414 7411 5723
f 5723 7411 5716
f 7779 7847 5908
f 5908 7847 6127
f 7408 7778 5719
f 5719 7778 5907
f 7761 7858 5835
f 5835 7858 6133
f 6501 7764 5839
f 5839 7764 5834
f 6345 6504 5911
f 5911 6504 5863
f 7447 6348 5706
f 5706 6348 5707
f 7856 7452 5628
f 5628 7452 5520
f 7453 7450 5519
f 5519 7450 5470
f 5425 8147 8148
f 5425 8148 8149
f 5425 8149 8150
f 5425 8150 5459
f 8151 5439 8152
f 8152 5439 5370
f 8153 8154 8155
f 5160 8156 8157
f 5160 8157 8155
f 5160 8155 8154
f 5160 8154 5387
f 8158 8159 8160
f 8158 8160 5159
f 8158 5159 5391
f 8161 8162 8160
f 8160 8162 5159
f 4150 5430 8163
f 4150 8163 8164
f 4150 8164 8165
f 4150 8165 8166
f 5392 8167 8168
f 5392 8168 8169
f 5392 8169 8170
f 5392 8170 4156
f 8171 8172 8173
f 8171 8173 6046
f 8171 6046 5931
f 8171 5931 8174
f 3991 1948 3659
f 3659 1948 1904
f 3658 1354 3990
f 3990 1354 1397
f 3988 1398 3989
f 3989 1398 2027
f 3994 2026 3995
f 3995 2026 2025
f 3998 2024 3999
f 3999 2024 2023
f 4000 2022 4001
f 4001 2022 2021
f 4004 2020 4005
f 4005 2020 2019
f 4010 2016 3660
f 3660 2016 2015
f 4008 2018 4009
f 4009 2018 2017
f 3993 1648 3992
f 3992 1648 1339
f 3997 1650 3996
f 3996 1650 1649
f 3661 1925 4011
f 4011 1925 1924
f 4003 1921 4002
f 4002 1921 1475
f 4007 1923 4006
f 4006 1923 1922
f 3663 2014 3955
f 3955 2014 2013
f 3950 2012 3951
f 3951 2012 2011
f 3958 2010 3959
f 3959 2010 2009
f 3962 2008 3963
f 3963 2008 2007
f 3964 2006 3965
f 3965 2006 2005
f 3968 2004 3969
f 3969 2004 2003
f 3974 2002 3975
f 3975 2002 2001
f 3978 2000 3979
f 3979 2000 1999
f 3984 1996 3664
f 3664 1996 1945
f 3982 1998 3983
f 3983 1998 1997
f 3665 1938 3985
f 3985 1938 1512
f 3981 1509 3980
f 3980 1509 1515
f 3977 1670 3976
f 3976 1670 1402
f 3973 1399 3972
f 3972 1399 1406
f 3971 1666 3970
f 3970 1666 1410
f 3967 1407 3966
f 3966 1407 1414
f 3961 1660 3960
f 3960 1660 1661
f 3957 1416 3956
f 3956 1416 1415
f 3954 1927 3662
f 3662 1927 1926
f 3953 1418 3952
f 3952 1418 1928
f 3928 3927 1417
f 1417 3927 1380
f 3929 3666 1379
f 1379 3666 1920
f 3933 3932 1662
f 1662 3932 1663
f 3935 3934 1412
f 1412 3934 1413
f 3937 3936 1667
f 1667 3936 1411
f 3939 3938 1404
f 1404 3938 1405
f 3943 3942 1389
f 1389 3942 1403
f 3668 3944 1937
f 1937 3944 1513
f 3949 3948 1514
f 1514 3948 1390
f 3667 3930 1333
f 1333 3930 1982
f 3670 3931 1853
f 1853 3931 1953
f 3945 3669 1994
f 1994 3669 1344
f 3940 3941 1987
f 1987 3941 1991
f 3946 3947 1992
f 1992 3947 1993
f 3925 3673 1968
f 1968 3673 1969
f 3923 3924 1966
f 1966 3924 1967
f 3919 3920 1964
f 1964 3920 1965
f 3915 3916 1962
f 1962 3916 1963
f 3909 3910 1454
f 1454 3910 1961
f 3905 3906 1960
f 1960 3906 1455
f 3903 3904 1918
f 1918 3904 1959
f 3899 3900 1916
f 1916 3900 1917
f 3672 3896 1912
f 1912 3896 1913
f 3891 3892 1914
f 1914 3892 1915
f 3895 3671 1341
f 1341 3671 1903
f 3894 3893 1471
f 1471 3893 1340
f 3898 3897 1462
f 1462 3897 1472
f 3902 3901 1473
f 1473 3901 1463
f 3908 3907 1951
f 1951 3907 1476
f 3912 3911 1480
f 1480 3911 1950
f 3914 3913 1337
f 1337 3913 1338
f 3918 3917 1336
f 1336 3917 1334
f 3674 3926 1331
f 1331 3926 1332
f 3922 3921 2032
f 2032 3921 1382
f 3857 3858 1434
f 1434 3858 1359
f 3855 3675 1980
f 1980 3675 1930
f 3853 3854 1358
f 1358 3854 1979
f 3861 3862 1438
f 1438 3862 1435
f 3867 3868 1444
f 1444 3868 1439
f 3871 3872 1978
f 1978 3872 1445
f 3873 3874 1976
f 1976 3874 1977
f 3877 3878 1450
f 1450 3878 1975
f 3889 3890 1974
f 1974 3890 1451
f 3678 3886 1970
f 1970 3886 1971
f 3881 3882 1972
f 1972 3882 1973
f 3888 3887 1855
f 1855 3887 1372
f 3885 3677 1492
f 1492 3677 1594
f 3884 3883 1371
f 1371 3883 1493
f 3880 3879 1500
f 1500 3879 1854
f 3876 3875 1502
f 1502 3875 1499
f 3870 3869 1990
f 1990 3869 1504
f 3866 3865 1988
f 1988 3865 1989
f 3864 3863 1421
f 1421 3863 1422
f 3860 3859 1342
f 1342 3859 1343
f 3676 3856 1429
f 1429 3856 1427
f 3852 3851 1426
f 1426 3851 1425
f 3680 39 3848
f 3848 39 1203
f 3849 1318 3681
f 3681 1318 1211
f 3843 1204 3844
f 3844 1204 1319
f 3682 943 3850
f 3850 943 958
f 3847 949 3679
f 3679 949 952
f 3846 957 3845
f 3845 957 948
f 3840 3684 950
f 950 3684 951
f 3685 3841 940
f 940 3841 959
f 3836 3835 956
f 956 3835 953
f 3842 3686 1007
f 1007 3686 1004
f 3683 3839 1289
f 1289 3839 1011
f 3837 3838 38
f 38 3838 36
f 3688 37 3832
f 3832 37 1028
f 3833 1321 3689
f 3689 1321 1035
f 3827 1029 3828
f 3828 1029 1320
f 3690 1315 3834
f 3834 1315 1018
f 3831 1025 3687
f 3687 1025 1089
f 3830 1019 3829
f 3829 1019 1024
f 3791 1218 3792
f 3792 1218 1221
f 3692 1212 3796
f 3796 1212 1217
f 3799 1222 3800
f 3800 1222 90
f 3803 91 3804
f 3804 91 1227
f 3805 1228 3806
f 3806 1228 1233
f 3809 1234 3810
f 3810 1234 1237
f 3813 1238 3814
f 3814 1238 1050
f 3817 1278 3693
f 3693 1278 1152
f 3824 1051 3825
f 3825 1051 1279
f 3818 3694 143
f 143 3694 28
f 3821 3822 983
f 983 3822 142
f 3819 3820 24
f 24 3820 984
f 3815 3816 987
f 987 3816 26
f 3811 3812 1307
f 1307 3812 988
f 3807 3808 992
f 992 3808 1306
f 3801 3802 996
f 996 3802 993
f 3797 3798 998
f 998 3798 997
f 3691 3795 1003
f 1003 3795 1322
f 3793 3794 1323
f 1323 3794 999
f 3696 1153 3760
f 3760 1153 1118
f 3755 1119 3756
f 3756 1119 1096
f 3763 1097 3764
f 3764 1097 302
f 3767 303 3768
f 3768 303 1012
f 3769 1013 3770
f 3770 1013 1277
f 3773 1276 3774
f 3774 1276 976
f 3779 977 3780
f 3780 977 970
f 3783 971 3784
f 3784 971 150
f 3789 1324 3697
f 3697 1324 1304
f 3787 151 3788
f 3788 151 1272
f 3790 3698 1063
f 1063 3698 1293
f 3785 3786 1065
f 1065 3786 1064
f 3781 3782 1309
f 1309 3782 1066
f 3777 3778 30
f 30 3778 1308
f 3775 3776 1070
f 1070 3776 32
f 3771 3772 1076
f 1076 3772 1073
f 3765 3766 1327
f 1327 3766 1077
f 3761 3762 1042
f 1042 3762 1330
f 3695 3759 29
f 29 3759 34
f 3757 3758 35
f 35 3758 1041
f 3723 3699 1160
f 1160 3699 1312
f 3722 3721 1162
f 1162 3721 1161
f 3726 3725 20
f 20 3725 18
f 3730 3729 1130
f 1130 3729 1264
f 3736 3735 1263
f 1263 3735 1131
f 3740 3739 1138
f 1138 3739 1262
f 3742 3741 1144
f 1144 3741 1139
f 3746 3745 1146
f 1146 3745 1145
f 3702 3754 1259
f 1259 3754 1260
f 3750 3749 1261
f 1261 3749 1147
f 3701 1255 3753
f 3753 1255 1126
f 3752 1127 3751
f 3751 1127 1254
f 3748 1253 3747
f 3747 1253 1252
f 3744 1251 3743
f 3743 1251 1250
f 3738 1249 3737
f 3737 1249 1104
f 3734 1105 3733
f 3733 1105 1248
f 3732 1247 3731
f 3731 1247 1112
f 3728 1113 3727
f 3727 1113 1246
f 3724 1243 3700
f 3700 1243 1242
f 3720 1245 3719
f 3719 1245 1244
f 3716 1037 3717
f 3717 1037 25
f 3703 1036 3718
f 3718 1036 1039
f 3713 138 3704
f 3704 138 27
f 3714 1326 3715
f 3715 1326 141
f 3709 1043 3710
f 3710 1043 1328
f 3711 33 3712
f 3712 33 1040
f 3705 1071 3706
f 3706 1071 31
f 3707 1329 3708
f 3708 1329 1072
f 3823 3826 1056
f 1056 3826 1057
f 8175 1239 4125
f 4125 1239 1256
f 8176 8177 1273
f 1273 8177 1270
f 8178 8179 1281
f 1281 8179 1280
f 8144 5597 8143
f 8143 5597 6164
f 8141 5586 7793
f 7793 5586 5474
f 8140 6163 8139
f 8139 6163 5585
f 8136 5916 8135
f 8135 5916 5596
f 8132 5918 8131
f 8131 5918 5917
f 8126 5920 8125
f 8125 5920 5919
f 8122 5922 8121
f 8121 5922 5921
f 8120 5925 8119
f 8119 5925 5923
f 8116 5493 8115
f 8115 5493 5926
f 7796 5930 8112
f 8112 5930 5929
f 8108 6160 8107
f 8107 6160 5492
f 8113 5609 8114
f 8114 5609 6039
f 8111 5605 7795
f 7795 5605 6037
f 8109 6038 8110
f 8110 6038 5604
f 8117 5615 8118
f 8118 5615 5608
f 8123 5619 8124
f 8124 5619 5614
f 8127 5531 8128
f 8128 5531 5618
f 8129 6061 8130
f 8130 6061 5621
f 8133 6063 8134
f 8134 6063 6062
f 8145 6065 8146
f 8146 6065 6064
f 7794 5477 8142
f 8142 5477 6068
f 8137 6067 8138
f 8138 6067 6066
f 8075 5550 7799
f 7799 5550 5669
f 8074 5624 8073
f 8073 5624 5549
f 8078 5626 8077
f 8077 5626 5625
f 8082 5557 8081
f 8081 5557 5627
f 8088 5563 8087
f 8087 5563 5556
f 8092 5569 8091
f 8091 5569 5562
f 8094 6084 8093
f 8093 6084 5568
f 8098 5577 8097
f 8097 5577 6085
f 7798 5475 8106
f 8106 5475 5579
f 8102 5580 8101
f 8101 5580 5576
f 8105 6069 7797
f 7797 6069 5479
f 8103 6071 8104
f 8104 6071 6070
f 8099 5983 8100
f 8100 5983 6072
f 8095 6073 8096
f 8096 6073 5982
f 8089 6075 8090
f 8090 6075 6074
f 8085 6077 8086
f 8086 6077 6076
f 8083 5547 8084
f 8084 5547 6078
f 8079 6079 8080
f 8080 6079 5546
f 7800 6042 8076
f 8076 6042 6082
f 8071 6081 8072
f 8072 6081 6080
f 8066 5466 7803
f 7803 5466 5928
f 8061 5924 8062
f 8062 5924 5927
f 8067 6159 8068
f 8068 6159 5468
f 7801 6022 8052
f 8052 6022 6021
f 7805 6014 8051
f 8051 6014 6013
f 8049 6086 8048
f 8048 6086 5516
f 8050 5517 7804
f 7804 5517 6083
f 8054 6088 8053
f 8053 6088 6087
f 8056 6090 8055
f 8055 6090 6089
f 8058 6116 8057
f 8057 6116 6115
f 8060 6118 8059
f 8059 6118 6117
f 8064 6120 8063
f 8063 6120 6119
f 7802 6056 8065
f 8065 6056 5508
f 8070 5509 8069
f 8069 5509 6121
f 7807 8047 6055
f 6055 8047 6091
f 8043 8042 6092
f 6092 8042 6093
f 8039 8038 6094
f 6094 8038 6095
f 8035 8034 6096
f 6096 8034 6097
f 8033 8032 6098
f 6098 8032 6099
f 8029 8028 6100
f 6100 8028 6101
f 8023 8022 6102
f 6102 8022 6103
f 8019 8018 6104
f 6104 8018 6105
f 8016 7808 6108
f 6108 7808 6109
f 8015 8014 6106
f 6106 8014 6107
f 7809 8017 6139
f 6139 8017 6140
f 8012 8013 6141
f 6141 8013 6142
f 8020 8021 6143
f 6143 8021 5759
f 8024 8025 5758
f 5758 8025 6144
f 8026 8027 6145
f 6145 8027 6146
f 8030 8031 6147
f 6147 8031 6148
f 8036 8037 6149
f 6149 8037 6150
f 8040 8041 6151
f 6151 8041 6152
f 8046 7806 6155
f 6155 7806 6048
f 8044 8045 6153
f 6153 8045 6154
f 8008 8009 5309
f 5309 8009 5424
f 8010 8011 4162
f 4162 8011 5306
f 8004 8005 5165
f 5165 8005 5458
f 8006 8007 4163
f 4163 8007 5162
f 8001 7810 5217
f 5217 7810 5218
f 8002 8003 5456
f 5456 8003 5216
f 7998 7999 5320
f 5320 7999 5457
f 7811 8000 5322
f 5322 8000 5321
f 7812 7996 5371
f 5371 7996 5250
f 7995 7994 5249
f 5249 7994 5372
f 7991 7990 5373
f 5373 7990 5374
f 7987 7986 5375
f 5375 7986 5376
f 7981 7980 5377
f 5377 7980 5378
f 7977 7976 5379
f 5379 7976 5380
f 7975 7974 5381
f 5381 7974 5236
f 7971 7970 5235
f 5235 7970 5382
f 7967 7815 5385
f 5385 7815 5386
f 7963 7962 5383
f 5383 7962 5384
f 7966 5278 7814
f 7814 5278 5433
f 7965 5284 7964
f 7964 5284 5277
f 7969 5434 7968
f 7968 5434 5283
f 7973 5288 7972
f 7972 5288 5435
f 7979 5294 7978
f 7978 5294 5287
f 7983 5298 7982
f 7982 5298 5293
f 7985 5258 7984
f 7984 5258 5297
f 7989 5264 7988
f 7988 5264 5257
f 7813 5438 7997
f 7997 5438 5437
f 7993 5436 7992
f 7992 5436 5263
f 7961 5189 7817
f 7817 5189 5421
f 7956 5193 7957
f 7957 5193 5188
f 7952 5197 7953
f 7953 5197 5192
f 7948 5426 7949
f 7949 5426 5196
f 7946 5200 7947
f 7947 5200 5427
f 7942 4160 7943
f 7943 4160 5199
f 7936 5206 7937
f 7937 5206 4161
f 7932 5166 7933
f 7933 5166 5205
f 7818 5211 7930
f 7930 5211 4165
f 7928 4164 7929
f 7929 4164 5167
f 7819 7931 5367
f 5367 7931 5183
f 7926 7927 5182
f 5182 7927 5355
f 7934 7935 5354
f 5354 7935 5270
f 7938 7939 5269
f 5269 7939 5228
f 7940 7941 5227
f 5227 7941 5242
f 7944 7945 5241
f 5241 7945 5337
f 7950 7951 5336
f 5336 7951 4302
f 7954 7955 4301
f 4301 7955 5144
f 7960 7816 5413
f 5413 7816 5414
f 7958 7959 4159
f 4159 7959 4157
f 7917 5212 7821
f 7821 5212 5210
f 7920 5454 7921
f 7921 5454 5215
f 7918 5114 7919
f 7919 5114 5455
f 7914 5118 7915
f 7915 5118 5113
f 7910 5124 7911
f 7911 5124 5117
f 7906 5422 7907
f 7907 5422 5123
f 7900 5127 7901
f 7901 5127 5423
f 7896 5131 7897
f 7897 5131 5126
f 7822 5173 7894
f 7894 5173 4168
f 7892 4167 7893
f 7893 4167 5130
f 7890 7891 5063
f 5063 7891 4310
f 7823 7895 4381
f 4381 7895 5064
f 7898 7899 4309
f 4309 7899 5445
f 7902 7903 5446
f 5446 7903 4199
f 7904 7905 4198
f 4198 7905 5447
f 7908 7909 5448
f 5448 7909 4207
f 7912 7913 4206
f 4206 7913 5408
f 7916 7820 5363
f 5363 7820 5368
f 7925 7924 5409
f 5409 7924 5364
f 7825 7889 5390
f 5390 7889 5451
f 7886 7826 5151
f 5151 7826 4154
f 7885 7884 5452
f 5452 7884 5152
f 7827 7887 5168
f 5168 7887 4170
f 7888 7824 4166
f 4166 7824 5323
f 7882 7883 5171
f 5171 7883 5172
f 7881 4169 7829
f 7829 4169 4171
f 7830 5393 7878
f 7878 5393 5138
f 7876 5139 7877
f 7877 5139 5135
f 7879 5078 7831
f 7831 5078 5400
f 7828 5068 7880
f 7880 5068 5067
f 7875 5079 7874
f 7874 5079 5077
f 7833 7873 5065
f 5065 7873 5066
f 7870 7834 5081
f 5081 7834 5401
f 7869 7868 5070
f 5070 7868 5080
f 7835 7871 5440
f 5440 7871 4276
f 7872 7832 5450
f 5450 7832 4382
f 7866 7867 4275
f 4275 7867 5449
f 7837 7865 6110
f 6110 7865 6111
f 7857 7856 6114
f 6114 7856 5628
f 7861 7860 6112
f 6112 7860 6113
f 7846 7845 5670
f 5670 7845 5667
f 7850 7849 5472
f 5472 7849 5482
f 7838 7843 6122
f 6122 7843 5715
f 7840 7841 5714
f 5714 7841 6126
f 7847 7848 6127
f 6127 7848 6128
f 7851 7852 6129
f 6129 7852 6130
f 7853 7854 6131
f 6131 7854 6132
f 7858 7859 6133
f 6133 7859 6134
f 7864 7836 6137
f 6137 7836 6138
f 7862 7863 6135
f 6135 7863 6136
f 7844 7839 5721
f 5721 7839 6045
f 7922 5358 7923
f 7923 5358 5357
f 5369 8180 5370
f 5370 8180 8152
f 8181 5411 8182
f 8182 5411 4158
f 8183 5444 8184
f 8184 5444 5407
f 8185 8186 8187
f 8186 8185 8188
f 8188 8185 8189
f 8188 8189 8190
f 8190 8189 8191
f 8190 8191 8192
f 8192 8191 8193
f 8192 8193 8194
f 8194 8193 8195
f 8194 8195 8196
f 4075 4037 8186
f 8187 8186 4037
f 4037 4036 8187
f 8185 8187 4036
f 4036 4035 8185
f 8189 8185 4035
f 8197 8191 8198
f 8198 8191 8189
f 8198 8189 4034
f 4034 8189 4035
f 8190 4044 8188
f 8188 4044 4075
f 8188 4075 8186
f 8193 4013 8195
f 8195 4013 4012
f 8195 4012 8196
f 8196 4012 4046
f 8196 4046 8194
f 8194 4046 4045
f 8191 8197 8193
f 8193 8197 8199
f 8193 8199 4013
f 4013 8199 4015
f 4044 8190 4045
f 4045 8190 8192
f 4045 8192 8194
f 8200 8201 8202
f 8200 8202 8203
f 8200 8203 8197
f 8200 8197 8198
f 8203 8204 8197
f 8197 8204 8205
f 8197 8205 8199
f 8199 8205 8206
f 8206 8205 8207
f 8206 8207 8208
f 4033 8200 4034
f 4034 8200 8198
f 4015 8199 4014
f 4014 8199 8206
f 8209 8210 8211
f 8211 8210 8212
f 8211 8212 8213
f 8210 8209 8214
f 8214 8209 8215
f 8214 8215 8216
f 8216 8215 8213
f 8216 8213 8212
f 8217 8216 8218
f 8218 8216 8212
f 8218 8212 8219
f 8219 8212 8210
f 8219 8210 8220
f 8220 8210 8214
f 8220 8214 8217
f 8217 8214 8216
f 8217 8218 8220
f 8220 8218 8219
f 8221 8222 8223
f 8223 8222 8224
f 8223 8224 8225
f 8225 8224 8226
f 8225 8226 8227
f 8227 8226 8228
f 8227 8228 8221
f 8221 8228 8222
f 8229 8230 8228
f 8228 8230 8222
f 8230 8231 8222
f 8222 8231 8224
f 8231 8232 8224
f 8224 8232 8226
f 8232 8229 8226
f 8226 8229 8228
f 8229 8232 8230
f 8230 8232 8231
f 8233 8234 8235
f 8234 8233 8236
f 8236 8233 8237
f 8236 8237 8238
f 8238 8237 8239
f 8238 8239 8240
f 8240 8239 8241
f 8240 8241 8242
f 8242 8241 8243
f 8242 8243 8244
f 4084 8233 4058
f 4058 8233 8235
f 4058 8235 4059
f 4059 8235 8234
f 4059 8234 4060
f 4060 8234 8236
f 8238 8245 8236
f 8236 8245 8246
f 8236 8246 4060
f 4060 8246 4061
f 4083 8239 4084
f 4084 8239 8237
f 4084 8237 8233
f 8240 8242 4055
f 4056 4055 8242
f 8242 8244 4056
f 4085 4056 8244
f 8244 8243 4085
f 4086 4085 8243
f 8245 8238 8247
f 8247 8238 8240
f 8247 8240 4054
f 4054 8240 4055
f 8239 4083 8241
f 8241 4083 4086
f 8241 4086 8243
f 8248 8246 8245
f 8248 8245 8249
f 8248 8249 8250
f 8248 8250 8251
f 8252 8249 8253
f 8253 8249 8245
f 8253 8245 8247
f 8253 8247 8254
f 8254 8247 8255
f 8254 8255 8256
f 4053 8255 4054
f 4054 8255 8247
f 4061 8246 4057
f 4057 8246 8248
f 8257 8258 8259
f 8260 8261 8262
f 8260 8263 8261
f 8264 8265 8266
f 8267 8268 8269
f 8270 8268 8267
f 8270 8267 8271
f 8270 8271 8272
f 8270 8272 8273
f 8274 8257 8259
f 8274 8259 8268
f 8274 8268 8270
f 8274 8270 8275
f 8274 8275 8276
f 8277 8278 8279
f 8277 8279 8273
f 8277 8273 8260
f 8277 8260 8262
f 8265 8264 8280
f 8280 8264 8276
f 8280 8276 8275
f 8272 8281 8273
f 8273 8281 8260
f 8282 8283 8278
f 8278 8283 8284
f 8278 8284 8279
f 8280 8275 8285
f 8286 8287 8265
f 8286 8265 8280
f 8286 8280 8285
f 8286 8285 8288
f 8286 8288 8279
f 8286 8279 8284
f 8286 8284 8283
f 8289 8290 8291
f 8289 8291 8292
f 8289 8292 8293
f 8289 8293 8294
f 8292 8295 8296
f 8292 8296 8297
f 8292 8297 8298
f 8292 8298 8293
f 8299 8300 8301
f 8299 8302 8300
f 8303 8304 8305
f 8290 8306 8307
f 8308 8306 8290
f 8308 8290 8289
f 8308 8289 8294
f 8308 8294 8309
f 8310 8311 8312
f 8310 8312 8313
f 8310 8313 8300
f 8314 8315 8297
f 8314 8297 8296
f 8314 8296 8295
f 8314 8295 8316
f 8315 8301 8300
f 8315 8300 8313
f 8315 8313 8297
f 8309 8294 8312
f 8309 8312 8311
f 8309 8311 8303
f 8309 8303 8305
f 8316 8282 8314
f 8314 8282 8278
f 8292 8317 8286
f 8286 8317 8318
f 8286 8318 8319
f 8319 8318 8320
f 8319 8320 8321
f 8321 8320 8322
f 8321 8322 8292
f 8292 8322 8317
f 8278 8277 8314
f 8314 8277 8323
f 8314 8323 8315
f 8282 8316 8295
f 8282 8295 8292
f 8282 8292 8286
f 8282 8286 8283
f 8324 8325 8326
f 8287 8286 8327
f 8326 8328 8329
f 8330 8328 8326
f 8330 8326 8325
f 8330 8325 8327
f 8330 8327 8331
f 8319 8332 8286
f 8286 8332 8331
f 8286 8331 8327
f 8333 8334 8335
f 8336 8292 8291
f 8337 8338 8333
f 8339 8340 8336
f 8339 8336 8334
f 8339 8334 8333
f 8339 8333 8338
f 8336 8340 8292
f 8292 8340 8341
f 8292 8341 8321
f 8342 8343 8344
f 8343 8345 8344
f 8309 8343 8342
f 8309 8342 8346
f 8309 8346 8347
f 8309 8347 8348
f 8309 8348 8308
f 8274 8276 8349
f 8274 8349 8350
f 8274 8350 8351
f 8274 8351 8352
f 8274 8352 8345
f 8274 8345 8343
f 8353 8354 8355
f 8353 8356 8354
f 8257 8274 8353
f 8257 8353 8355
f 8257 8355 8357
f 8257 8357 8323
f 8257 8323 8358
f 8353 8274 8359
f 8359 8274 8343
f 8262 8358 8277
f 8277 8358 8323
f 8270 8360 8275
f 8275 8360 8361
f 8275 8361 8285
f 8288 8285 8362
f 8362 8285 8361
f 8363 8360 8273
f 8273 8360 8270
f 8354 8364 8355
f 8288 8362 8279
f 8279 8362 8363
f 8279 8363 8273
f 8267 8365 8271
f 8366 8367 8368
f 8368 8367 8369
f 8368 8369 8365
f 8365 8369 8370
f 8365 8370 8271
f 8271 8370 8272
f 8272 8370 8281
f 8281 8370 8369
f 8269 8365 8267
f 8269 8268 8365
f 8365 8268 8368
f 8366 8368 8259
f 8259 8368 8268
f 8364 8371 8355
f 8355 8371 8372
f 8355 8372 8357
f 8354 8356 8364
f 8364 8356 8373
f 8364 8373 8371
f 8371 8373 8374
f 8371 8374 8375
f 8375 8374 8376
f 8260 8281 8367
f 8367 8281 8369
f 8366 8259 8258
f 8366 8258 8377
f 8366 8377 8378
f 8366 8378 8367
f 8260 8367 8263
f 8263 8367 8378
f 8359 8379 8353
f 8353 8379 8380
f 8353 8380 8381
f 8353 8381 8356
f 8356 8381 8382
f 8356 8382 8373
f 8261 8263 8211
f 8211 8263 8378
f 8211 8378 8209
f 8213 8358 8262
f 8213 8262 8261
f 8213 8261 8211
f 8213 8215 8377
f 8213 8377 8258
f 8213 8258 8257
f 8213 8257 8358
f 8383 8384 8345
f 8345 8384 8344
f 8385 8352 8386
f 8352 8351 8386
f 8387 8386 8351
f 8345 8352 8385
f 8345 8385 8388
f 8345 8388 8383
f 8276 8264 8349
f 8349 8264 8389
f 8349 8389 8350
f 8350 8389 8387
f 8350 8387 8351
f 8372 8375 8379
f 8375 8376 8379
f 8305 8390 8323
f 8305 8323 8357
f 8305 8357 8372
f 8305 8372 8379
f 8305 8379 8309
f 8379 8359 8309
f 8309 8359 8343
f 8301 8315 8390
f 8390 8315 8323
f 8312 8294 8391
f 8391 8294 8293
f 8391 8293 8392
f 8393 8298 8394
f 8394 8298 8297
f 8394 8297 8313
f 8298 8393 8293
f 8293 8393 8392
f 8394 8313 8391
f 8391 8313 8312
f 8372 8371 8375
f 8395 8303 8396
f 8396 8303 8311
f 8310 8397 8311
f 8311 8397 8396
f 8379 8376 8380
f 8380 8376 8374
f 8380 8374 8398
f 8395 8399 8400
f 8395 8400 8401
f 8395 8401 8304
f 8395 8304 8303
f 8300 8302 8399
f 8399 8302 8400
f 8300 8399 8310
f 8310 8399 8397
f 8221 8223 8299
f 8221 8299 8301
f 8221 8301 8390
f 8221 8390 8305
f 8221 8305 8304
f 8221 8304 8401
f 8221 8401 8227
f 8225 8400 8223
f 8223 8400 8302
f 8223 8302 8299
f 8402 8346 8403
f 8403 8346 8342
f 8404 8403 8342
f 8404 8342 8344
f 8404 8344 8384
f 8404 8384 8405
f 8306 8308 8406
f 8406 8308 8348
f 8406 8348 8402
f 8402 8348 8347
f 8402 8347 8346
f 8407 8408 8409
f 8410 8411 8412
f 8408 8413 8409
f 8409 8413 8414
f 8409 8414 8415
f 8408 8407 8410
f 8410 8407 8416
f 8410 8416 8411
f 8411 8416 8417
f 8411 8417 8418
f 8417 8409 8418
f 8418 8409 8415
f 8419 8414 8413
f 8414 8419 8420
f 8420 8419 8421
f 8420 8421 8422
f 8422 8421 8412
f 8422 8412 8411
f 8422 8423 8341
f 8422 8341 8340
f 8422 8340 8424
f 8422 8424 8425
f 8422 8425 8331
f 8422 8331 8420
f 8332 8426 8331
f 8331 8426 8420
f 8422 8411 8423
f 8423 8411 8418
f 8414 8420 8415
f 8415 8420 8426
f 8427 8428 8429
f 8430 8407 8409
f 8430 8409 8431
f 8430 8431 8432
f 8430 8432 8433
f 8430 8433 8427
f 8430 8427 8429
f 8434 8435 8436
f 8436 8435 8437
f 8436 8437 8438
f 8438 8437 8439
f 8438 8439 8428
f 8428 8439 8440
f 8428 8440 8429
f 8441 8435 8434
f 8435 8441 8442
f 8442 8441 8320
f 8442 8320 8443
f 8443 8320 8318
f 8443 8318 8444
f 8445 8446 8439
f 8439 8446 8440
f 8447 8448 8449
f 8450 8447 8449
f 8450 8449 8451
f 8450 8451 8452
f 8450 8452 8453
f 8450 8453 8417
f 8450 8417 8416
f 8447 8454 8448
f 8448 8454 8455
f 8448 8455 8456
f 8456 8455 8457
f 8456 8457 8458
f 8458 8457 8459
f 8458 8459 8460
f 8460 8459 8461
f 8461 8459 8462
f 8461 8462 8322
f 8322 8462 8463
f 8322 8463 8317
f 8317 8463 8464
f 8465 8455 8466
f 8466 8455 8454
f 8467 6040 8468
f 8468 6040 6041
f 8468 6041 8469
f 1908 8470 1909
f 1909 8470 8471
f 1909 8471 8472
f 8473 8474 8475
f 8476 8477 8478
f 8476 8478 8479
f 8476 8479 8480
f 8476 8480 8481
f 8476 8481 8482
f 8476 8482 8483
f 8484 8485 8486
f 8484 8486 8487
f 8484 8487 8488
f 8484 8488 8489
f 8484 8489 8490
f 8484 8490 8491
f 8484 8491 8492
f 8493 8486 8494
f 8493 8494 8495
f 8493 8495 8496
f 8493 8496 8497
f 8493 8497 8498
f 8493 8498 8499
f 8493 8499 8500
f 8500 8499 8501
f 8500 8501 8502
f 8500 8502 8503
f 8500 8503 8504
f 8486 8493 8474
f 8486 8474 8473
f 8486 8473 8505
f 8486 8505 8506
f 8486 8506 8507
f 8486 8507 8487
f 8485 8508 8509
f 8485 8509 8510
f 8485 8510 8511
f 8485 8511 8512
f 8485 8512 8513
f 8485 8513 8514
f 8485 8514 8486
f 8515 8477 8476
f 8515 8476 8516
f 8515 8516 8517
f 8514 8515 8517
f 8514 8517 8518
f 8514 8518 8519
f 8514 8519 8486
f 8508 8504 8520
f 8508 8520 8521
f 8508 8521 8522
f 8508 8522 8523
f 8508 8523 8524
f 8508 8524 8509
f 8525 8526 8527
f 8525 8527 8476
f 8525 8476 8483
f 8520 8504 8528
f 8520 8528 8529
f 8520 8529 8526
f 8520 8526 8525
f 8504 8530 8531
f 8504 8531 8532
f 8504 8532 8533
f 8504 8533 8473
f 8504 8473 8475
f 8504 8475 8500
f 8492 8491 8534
f 8492 8534 8535
f 8492 8535 8536
f 8492 8536 8530
f 8492 8530 8504
f 8492 8504 8508
f 8450 8416 8430
f 8430 8416 8407
f 8468 8469 8537
f 8468 8537 8538
f 8468 8538 8539
f 8471 8540 8541
f 8471 8541 8542
f 8471 8542 8472
f 8543 8472 8542
f 8543 8542 8544
f 8543 8544 8545
f 8546 8547 8548
f 8546 8548 8549
f 8546 8549 8550
f 8546 8550 8539
f 8546 8539 8538
f 8546 8538 8551
f 8546 8551 8552
f 8546 8552 8553
f 8554 8553 8552
f 8554 8552 8537
f 8554 8537 8469
f 8555 8541 8540
f 8555 8540 8556
f 8555 8556 8557
f 8555 8557 8547
f 8547 8546 8558
f 8547 8558 8545
f 8547 8545 8544
f 8547 8544 8555
f 1995 1356 8559
f 8559 1356 8560
f 8560 8485 8559
f 8561 8562 8563
f 8561 8563 8564
f 8561 8564 8565
f 8561 8565 8566
f 8561 8566 8567
f 8561 8567 8559
f 8561 8559 8485
f 8561 8485 8484
f 8561 8484 8568
f 8569 8508 8570
f 8571 8572 8492
f 8571 8492 8508
f 8571 8508 8569
f 8571 8569 8573
f 8571 8573 8574
f 8571 8574 8575
f 8571 8575 8576
f 8571 8576 8577
f 8571 8577 8578
f 6123 8569 6124
f 6124 8569 8570
f 8579 8580 8581
f 8581 8580 8582
f 8579 8581 8558
f 8558 8581 8545
f 8546 8553 8580
f 8580 8553 8582
f 8583 8543 8545
f 8583 8545 8553
f 8583 8553 8554
f 8583 8554 8584
f 8553 8545 8582
f 8582 8545 8581
f 6125 6124 8410
f 6124 8508 8410
f 8560 1356 8485
f 8570 8508 6124
f 8408 8410 8508
f 8408 8508 8485
f 8408 8485 1356
f 8408 1356 1355
f 8408 1355 8413
f 8413 1355 1909
f 8413 1909 8419
f 8419 1909 8472
f 8419 8472 8583
f 8583 8472 8543
f 8584 8554 8421
f 8421 8554 8469
f 8421 8469 8412
f 8412 8469 6041
f 8412 6041 8410
f 8410 6041 6125
f 8417 8453 8409
f 8409 8453 8431
f 8583 8584 8419
f 8419 8584 8421
f 8585 4070 8586
f 8586 4070 4069
f 4071 4070 8587
f 8587 4070 8585
f 4072 4089 8588
f 8589 8561 4088
f 4088 8561 8568
f 4088 8568 4089
f 4089 8568 8588
f 4072 8484 4073
f 8484 4107 4073
f 8492 8572 8590
f 4072 8588 8484
f 8588 8568 8484
f 8590 4108 8492
f 8492 4108 4107
f 8492 4107 8484
f 1305 1271 4088
f 4088 1271 8589
f 1271 8563 8589
f 8589 8563 8562
f 4066 8591 4069
f 4069 8591 8586
f 4071 8587 4087
f 4087 8587 8592
f 4087 8592 4110
f 4110 8592 4111
f 8586 8591 8585
f 8585 8591 8592
f 8585 8592 8587
f 8562 8561 8589
f 4029 8593 4028
f 4028 8593 8594
f 8595 4020 8594
f 8594 4020 4028
f 8590 4109 4108
f 4109 8590 4099
f 4099 8590 8572
f 4099 8572 8596
f 8596 8572 8571
f 4100 4099 5412
f 5412 4099 8596
f 5412 8596 8577
f 8577 8596 8578
f 4030 4020 8597
f 8597 4020 8595
f 8150 8149 4102
f 4102 8149 8598
f 4102 8598 4029
f 4029 8598 8593
f 8597 8595 8598
f 8598 8595 8594
f 8598 8594 8593
f 8578 8596 8571
f 8337 8329 8338
f 8338 8329 8328
f 8334 8599 8335
f 8334 8307 8599
f 8404 8600 8403
f 8601 8602 8603
f 8403 8600 8402
f 8402 8600 8604
f 8402 8604 8406
f 8406 8604 8605
f 8406 8605 8306
f 8306 8605 8602
f 8306 8602 8307
f 8307 8602 8601
f 8307 8601 8599
f 8266 8325 8606
f 8385 8386 8607
f 8608 8609 8610
f 8606 8325 8324
f 8607 8386 8611
f 8611 8386 8387
f 8611 8387 8612
f 8612 8387 8389
f 8612 8389 8609
f 8609 8389 8264
f 8609 8264 8610
f 8610 8264 8266
f 8610 8266 8606
f 8613 8614 8615
f 8615 8614 8405
f 8615 8405 8388
f 8388 8405 8384
f 8388 8384 8383
f 8614 8613 8616
f 8616 8613 8617
f 8616 8617 8618
f 8618 8617 8619
f 8618 8619 8620
f 8620 8619 8621
f 8620 8621 8622
f 8622 8603 8620
f 8620 8603 8602
f 8619 8609 8621
f 8621 8609 8608
f 8610 8606 8623
f 8623 8606 8624
f 8326 8624 8324
f 8324 8624 8606
f 8625 8333 8599
f 8599 8333 8335
f 8599 8601 8625
f 8625 8601 8626
f 8623 8608 8610
f 8608 8623 8621
f 8621 8623 8626
f 8621 8626 8622
f 8622 8626 8601
f 8622 8601 8603
f 8333 8625 8337
f 8337 8625 8626
f 8337 8626 8329
f 8329 8626 8623
f 8329 8623 8326
f 8326 8623 8624
f 8380 8627 8381
f 8381 8627 8628
f 8381 8628 8382
f 8382 8628 8629
f 8382 8629 8398
f 8398 8629 8630
f 8398 8630 8380
f 8380 8630 8627
f 8631 8632 8629
f 8629 8632 8630
f 8632 8633 8630
f 8630 8633 8627
f 8633 8634 8627
f 8627 8634 8628
f 8634 8631 8628
f 8628 8631 8629
f 8634 8633 8631
f 8631 8633 8632
f 8401 8400 8227
f 8227 8400 8225
f 8399 8395 8397
f 8397 8395 8396
f 8398 8374 8382
f 8382 8374 8373
f 8377 8215 8378
f 8378 8215 8209
f 8392 8393 8391
f 8391 8393 8394
f 8361 8360 8362
f 8362 8360 8363
f 8327 8265 8287
f 8265 8327 8266
f 8266 8327 8325
f 8291 8290 8336
f 8290 8307 8336
f 8336 8307 8334
f 8612 8617 8611
f 8611 8617 8613
f 8611 8613 8607
f 8607 8613 8615
f 8607 8615 8385
f 8385 8615 8388
f 8404 8405 8600
f 8600 8405 8614
f 8600 8614 8604
f 8604 8614 8616
f 8604 8616 8605
f 8605 8616 8618
f 8605 8618 8602
f 8602 8618 8620
f 8609 8619 8612
f 8612 8619 8617
f 8580 8579 8546
f 8546 8579 8558
f 8330 8331 8635
f 8635 8331 8425
f 8339 8636 8340
f 8340 8636 8424
f 8636 8635 8424
f 8424 8635 8425
f 8426 8332 8415
f 8415 8332 8319
f 8415 8319 8418
f 8418 8319 8321
f 8418 8321 8423
f 8423 8321 8341
f 8637 8638 8639
f 8637 8639 8640
f 8637 8640 8641
f 8637 8641 8642
f 8637 8642 8643
f 8637 8643 8644
f 8644 8643 8645
f 8644 8645 8646
f 8644 8646 8647
f 8644 8647 8648
f 8645 8641 8646
f 8646 8641 8640
f 8639 8638 8647
f 8647 8638 8648
f 8649 8640 8650
f 8650 8640 8639
f 8651 8650 8647
f 8647 8650 8639
f 8651 8647 8652
f 8652 8647 8646
f 8649 8652 8640
f 8640 8652 8646
f 8653 8642 8654
f 8654 8642 8641
f 8655 8654 8645
f 8645 8654 8641
f 8655 8645 8656
f 8656 8645 8643
f 8653 8656 8642
f 8642 8656 8643
f 8649 8650 8652
f 8652 8650 8651
f 8653 8654 8656
f 8656 8654 8655
f 8637 8644 8538
f 8538 8644 8551
f 8648 8552 8644
f 8644 8552 8551
f 8648 8638 8552
f 8552 8638 8537
f 8637 8538 8638
f 8638 8538 8537
f 8657 8658 8659
f 8657 8659 8660
f 8657 8660 8661
f 8657 8661 8662
f 8657 8662 8663
f 8657 8663 8664
f 8658 8665 8666
f 8658 8666 8667
f 8658 8667 8668
f 8658 8668 8659
f 8668 8667 8661
f 8661 8667 8662
f 8663 8666 8664
f 8664 8666 8665
f 8669 8670 8662
f 8662 8670 8663
f 8671 8666 8670
f 8670 8666 8663
f 8671 8672 8666
f 8666 8672 8667
f 8669 8662 8672
f 8672 8662 8667
f 8673 8674 8660
f 8660 8674 8661
f 8675 8668 8674
f 8674 8668 8661
f 8675 8676 8668
f 8668 8676 8659
f 8673 8660 8676
f 8676 8660 8659
f 8669 8672 8670
f 8670 8672 8671
f 8673 8676 8674
f 8674 8676 8675
f 8657 8541 8658
f 8658 8541 8555
f 8665 8658 8544
f 8544 8658 8555
f 8665 8544 8664
f 8664 8544 8542
f 8657 8664 8541
f 8541 8664 8542
f 8677 8678 8679
f 8679 8678 8680
f 8681 8682 8683
f 8683 8682 8684
f 8685 8686 8677
f 8677 8686 8678
f 8679 8680 8687
f 8687 8680 8688
f 8687 8688 8685
f 8685 8688 8686
f 8681 8683 8685
f 8685 8683 8687
f 8683 8684 8687
f 8687 8684 8679
f 8684 8682 8679
f 8679 8682 8677
f 8682 8681 8677
f 8677 8681 8685
f 8686 8688 8689
f 8688 8690 8689
f 8688 8680 8690
f 8680 8691 8690
f 8678 8691 8680
f 8692 8691 8678
f 8692 8678 8686
f 8692 8686 8689
f 8693 8694 8695
f 8693 8695 8696
f 8693 8696 8697
f 8693 8697 8698
f 8693 8698 8699
f 8693 8699 8700
f 8701 8696 8702
f 8702 8696 8703
f 8702 8703 8704
f 8704 8703 8705
f 8704 8705 8706
f 8706 8705 8695
f 8706 8695 8694
f 8707 8697 8708
f 8708 8697 8696
f 8708 8696 8701
f 8709 8700 8710
f 8710 8700 8699
f 8711 8712 8713
f 8713 8712 8707
f 8713 8707 8708
f 8691 8692 8710
f 8710 8692 8712
f 8692 8689 8712
f 8712 8689 8697
f 8712 8697 8707
f 8690 8698 8689
f 8689 8698 8697
f 8691 8710 8690
f 8690 8710 8699
f 8690 8699 8698
f 8714 8715 8716
f 8714 8716 8709
f 8714 8709 8710
f 8714 8710 8712
f 8714 8712 8711
f 8714 8711 8717
f 8718 8709 8719
f 8719 8709 8716
f 8720 8721 8557
f 8557 8721 8547
f 8694 8693 8722
f 8722 8693 8723
f 8722 8723 8724
f 8725 8726 8727
f 8727 8726 8728
f 8718 8719 8729
f 8729 8719 8730
f 8726 8729 8728
f 8728 8729 8730
f 8726 8725 8723
f 8726 8723 8693
f 8726 8693 8700
f 8726 8700 8729
f 8709 8718 8700
f 8700 8718 8729
f 8548 8719 8716
f 8719 8548 8730
f 8730 8548 8547
f 8730 8547 8728
f 8728 8547 8721
f 8728 8721 8727
f 8715 8549 8716
f 8716 8549 8548
f 8731 8724 8723
f 8731 8723 8721
f 8731 8721 8720
f 8731 8720 8732
f 8723 8725 8721
f 8721 8725 8727
f 8733 8734 8735
f 8736 8737 8738
f 8736 8738 8739
f 8736 8739 8740
f 8736 8740 8733
f 8736 8733 8735
f 8736 8735 8741
f 8736 8741 8164
f 8714 8717 8742
f 8714 8742 8743
f 8714 8743 8744
f 8714 8744 8745
f 8714 8745 8738
f 8714 8738 8550
f 8550 8738 8746
f 8550 8746 8747
f 8550 8747 8748
f 8550 8748 8168
f 8550 8168 8172
f 8550 8172 8171
f 8550 8171 8749
f 8550 8749 8750
f 8550 8750 8539
f 8741 8751 8752
f 8741 8752 8753
f 8741 8753 8754
f 8741 8754 8755
f 8741 8755 8756
f 8741 8756 8757
f 8741 8757 8758
f 8741 8758 8759
f 8741 8759 8760
f 8761 8762 8763
f 8761 8763 8764
f 8761 8764 8765
f 8761 8765 8766
f 8761 8766 8752
f 8761 8752 8751
f 8761 8751 8767
f 8761 8767 8702
f 8748 8768 8168
f 8168 8768 8169
f 8737 8769 8738
f 8738 8769 8770
f 8738 8770 8746
f 8740 8739 8743
f 8743 8739 8744
f 8742 8717 8733
f 8733 8717 8771
f 8733 8771 8734
f 8734 8771 8701
f 8734 8701 8767
f 8767 8701 8702
f 8755 8754 8765
f 8765 8754 8766
f 8757 8756 8763
f 8763 8756 8764
f 8762 8761 8758
f 8758 8761 8772
f 8758 8772 8759
f 8759 8772 8773
f 8774 8775 8760
f 8760 8775 8165
f 8760 8165 8741
f 8741 8165 8164
f 8776 8777 8778
f 8778 8777 8772
f 8778 8772 8761
f 8779 8739 8780
f 8780 8739 8738
f 8781 8780 8745
f 8745 8780 8738
f 8781 8745 8782
f 8782 8745 8744
f 8779 8782 8739
f 8739 8782 8744
f 8783 8733 8784
f 8784 8733 8740
f 8785 8784 8743
f 8743 8784 8740
f 8785 8743 8786
f 8786 8743 8742
f 8783 8786 8733
f 8733 8786 8742
f 8787 8754 8788
f 8788 8754 8753
f 8789 8788 8752
f 8752 8788 8753
f 8789 8752 8790
f 8790 8752 8766
f 8787 8790 8754
f 8754 8790 8766
f 8791 8756 8792
f 8792 8756 8755
f 8793 8792 8765
f 8765 8792 8755
f 8793 8765 8794
f 8794 8765 8764
f 8791 8794 8756
f 8756 8794 8764
f 8795 8758 8796
f 8796 8758 8757
f 8797 8796 8763
f 8763 8796 8757
f 8797 8763 8798
f 8798 8763 8762
f 8795 8798 8758
f 8758 8798 8762
f 8782 8779 8781
f 8781 8779 8780
f 8786 8783 8785
f 8785 8783 8784
f 8790 8787 8789
f 8789 8787 8788
f 8794 8791 8793
f 8793 8791 8792
f 8798 8795 8797
f 8797 8795 8796
f 8799 8800 8801
f 8802 8803 8804
f 8556 8540 8805
f 8556 8805 8806
f 8556 8806 4134
f 8556 4134 4137
f 8556 4137 4132
f 8556 4132 8799
f 8556 8799 8732
f 8732 8799 8807
f 8732 8807 8808
f 8732 8808 8809
f 8732 8809 8810
f 8732 8810 8811
f 8732 8811 8812
f 8732 8812 8731
f 8813 8814 8815
f 8813 8815 8816
f 8813 8816 8817
f 8813 8817 8818
f 8813 8818 8819
f 8813 8819 8820
f 8813 8820 8821
f 8822 4127 8823
f 8822 8823 8803
f 8822 8803 8802
f 8822 8802 8824
f 8822 8824 8825
f 8822 8825 8808
f 8822 8808 8826
f 8817 8704 8827
f 8817 8827 8828
f 8817 8828 8829
f 8817 8829 8830
f 8817 8830 8831
f 8817 8831 8832
f 8817 8832 8833
f 8817 8833 8818
f 8823 8834 8820
f 8823 8820 8819
f 8823 8819 8835
f 8823 8835 8836
f 8823 8836 8837
f 8823 8837 8838
f 8823 8838 8839
f 8823 8839 8829
f 8823 8829 8828
f 8808 8807 8826
f 8826 8807 8840
f 4131 8841 4132
f 4132 8841 8800
f 4132 8800 8799
f 8811 8810 8824
f 8824 8810 8825
f 8827 8704 8804
f 8804 8704 8706
f 8804 8706 8802
f 8802 8706 8842
f 8802 8842 8812
f 8812 8842 8731
f 8831 8830 8837
f 8837 8830 8838
f 8833 8832 8835
f 8835 8832 8836
f 8843 8844 4129
f 4129 8844 8834
f 4129 8834 4127
f 4127 8834 8823
f 8825 8845 8808
f 8808 8845 8846
f 8809 8808 8847
f 8847 8808 8846
f 8809 8847 8810
f 8810 8847 8848
f 8825 8810 8845
f 8845 8810 8848
f 8802 8849 8824
f 8824 8849 8850
f 8811 8824 8851
f 8851 8824 8850
f 8811 8851 8812
f 8812 8851 8852
f 8802 8812 8849
f 8849 8812 8852
f 8838 8853 8839
f 8839 8853 8854
f 8829 8839 8855
f 8855 8839 8854
f 8829 8855 8830
f 8830 8855 8856
f 8838 8830 8853
f 8853 8830 8856
f 8836 8857 8837
f 8837 8857 8858
f 8831 8837 8859
f 8859 8837 8858
f 8831 8859 8832
f 8832 8859 8860
f 8836 8832 8857
f 8857 8832 8860
f 8819 8861 8835
f 8835 8861 8862
f 8833 8835 8863
f 8863 8835 8862
f 8833 8863 8818
f 8818 8863 8864
f 8819 8818 8861
f 8861 8818 8864
f 8848 8847 8845
f 8845 8847 8846
f 8852 8851 8849
f 8849 8851 8850
f 8856 8855 8853
f 8853 8855 8854
f 8860 8859 8857
f 8857 8859 8858
f 8864 8863 8861
f 8861 8863 8862
f 8865 8159 8158
f 8865 8158 8866
f 8865 8866 8736
f 8865 8736 8867
f 8156 8162 8736
f 8156 8736 8164
f 8156 8164 8163
f 8156 8163 8151
f 8156 8151 8868
f 8156 8868 8157
f 8868 8151 8869
f 8869 8151 8152
f 8869 8152 8153
f 8153 8152 8180
f 8153 8180 8154
f 8867 8736 8161
f 8161 8736 8162
f 8866 8158 8870
f 8870 8158 8170
f 8870 8170 8768
f 8768 8170 8169
f 8751 8741 8871
f 8871 8741 8868
f 8871 8868 8869
f 8735 8734 8867
f 8867 8734 8872
f 8867 8872 8865
f 8741 8735 8867
f 8741 8867 8161
f 8741 8161 8157
f 8741 8157 8868
f 8160 8155 8161
f 8161 8155 8157
f 8153 8155 8160
f 8153 8160 8159
f 8153 8159 8871
f 8153 8871 8869
f 8873 8871 8872
f 8872 8871 8159
f 8872 8159 8865
f 8873 8872 8767
f 8767 8872 8734
f 8871 8873 8751
f 8751 8873 8767
f 4116 4115 8874
f 4116 8874 8875
f 4116 8875 8876
f 4116 8876 4130
f 4122 4121 8877
f 4122 8877 4124
f 4122 4124 4126
f 4122 4126 4127
f 4122 4127 8822
f 4122 8822 4118
f 8875 8874 8822
f 8822 8874 8878
f 8822 8878 4118
f 4118 8878 4117
f 4131 4130 8841
f 8841 4130 8876
f 4124 8877 4125
f 4125 8877 8879
f 4125 8879 8175
f 8175 8879 4119
f 8175 4119 4123
f 8823 8828 8877
f 8877 8828 8880
f 8877 8880 8879
f 8804 8803 8881
f 8881 8803 8878
f 8881 8878 8874
f 8803 8823 8877
f 8803 8877 4121
f 8803 4121 4117
f 8803 4117 8878
f 4117 4121 4114
f 4114 4121 4120
f 4119 8879 8880
f 4119 8880 4115
f 4119 4115 4114
f 4119 4114 4120
f 8874 4115 8881
f 8881 4115 8880
f 8881 8880 8882
f 8827 8804 8882
f 8882 8804 8881
f 8828 8827 8880
f 8880 8827 8882
f 8715 8714 8549
f 8549 8714 8550
f 8708 8701 8713
f 8713 8701 8771
f 8883 8884 8885
f 8883 8885 8747
f 8883 8747 8746
f 8883 8746 8886
f 8886 8746 8887
f 8887 8746 8770
f 8888 8889 8890
f 8890 8889 8769
f 8889 8887 8769
f 8769 8887 8770
f 8713 8771 8711
f 8711 8771 8717
f 8732 8720 8556
f 8556 8720 8557
f 8706 8694 8842
f 8842 8694 8722
f 8891 8892 8807
f 8807 8892 8840
f 8892 8893 8840
f 8840 8893 8894
f 8799 8895 8807
f 8807 8895 8891
f 8896 8897 8898
f 8898 8897 8801
f 8897 8895 8801
f 8801 8895 8799
f 8842 8722 8731
f 8731 8722 8724
f 8899 8900 8901
f 8901 8900 8695
f 8901 8695 8705
f 8901 8705 8902
f 8902 8705 8703
f 8903 8902 8904
f 8904 8902 8703
f 8904 8703 8696
f 8903 8905 8899
f 8899 8905 8906
f 8899 8906 8900
f 8905 8903 8907
f 8907 8903 8904
f 8907 8904 8908
f 8908 8904 8900
f 8908 8900 8906
f 8902 8903 8901
f 8901 8903 8899
f 8909 8908 8910
f 8910 8908 8906
f 8910 8906 8911
f 8911 8906 8905
f 8911 8905 8912
f 8912 8905 8907
f 8912 8907 8909
f 8909 8907 8908
f 8904 8696 8900
f 8900 8696 8695
f 8911 8912 8913
f 8911 8913 8914
f 8911 8914 8915
f 8911 8915 8916
f 8911 8916 8917
f 8911 8917 8910
f 8912 8909 8918
f 8912 8918 8919
f 8912 8919 8920
f 8912 8920 8913
f 8915 8920 8916
f 8916 8920 8919
f 8918 8909 8917
f 8917 8909 8910
f 8921 8922 8916
f 8916 8922 8917
f 8923 8918 8922
f 8922 8918 8917
f 8923 8924 8918
f 8918 8924 8919
f 8921 8916 8924
f 8924 8916 8919
f 8925 8926 8914
f 8914 8926 8915
f 8927 8920 8926
f 8926 8920 8915
f 8927 8928 8920
f 8920 8928 8913
f 8925 8914 8928
f 8928 8914 8913
f 8924 8923 8921
f 8921 8923 8922
f 8928 8927 8925
f 8925 8927 8926
f 8929 8930 8931
f 8929 8931 8932
f 8929 8932 8933
f 8929 8933 8934
f 8929 8934 8935
f 8936 8937 8938
f 8936 8938 8939
f 8936 8939 8940
f 8936 8940 8930
f 8930 8940 8941
f 8930 8941 8942
f 8930 8942 8931
f 8935 8934 8943
f 8935 8943 8944
f 8935 8944 8937
f 8935 8937 8936
f 8945 8941 8946
f 8945 8942 8941
f 8947 8937 8944
f 8947 8948 8937
f 8948 8938 8937
f 8949 8939 8938
f 8949 8938 8948
f 8950 8940 8939
f 8950 8939 8949
f 8946 8941 8940
f 8946 8940 8950
f 8947 8943 8951
f 8947 8944 8943
f 8945 8931 8942
f 8945 8952 8931
f 8952 8932 8931
f 8953 8933 8932
f 8953 8932 8952
f 8954 8934 8933
f 8954 8933 8953
f 8951 8943 8934
f 8951 8934 8954
f 8951 8954 8947
f 8947 8954 8953
f 8947 8953 8948
f 8948 8953 8952
f 8948 8952 8949
f 8949 8952 8945
f 8949 8945 8950
f 8950 8945 8946
f 8936 8930 8955
f 8955 8930 8956
f 8929 8935 8957
f 8957 8935 8958
f 8930 8929 8956
f 8956 8929 8957
f 8957 8958 8704
f 8957 8704 8817
f 8957 8817 8959
f 8957 8959 8960
f 8957 8960 8961
f 8957 8961 8956
f 8962 8761 8956
f 8956 8761 8702
f 8956 8702 8955
f 8955 8702 8704
f 8955 8704 8958
f 8962 8956 8963
f 8963 8956 8961
f 8963 8961 8964
f 8935 8936 8958
f 8958 8936 8955
f 8965 8966 8967
f 4103 4104 8968
f 4047 4052 8969
f 4047 8969 8965
f 4047 8965 8967
f 4047 8967 8970
f 4047 8970 8968
f 4047 8968 4104
f 4047 4104 8971
f 4047 8971 8972
f 8968 8970 8973
f 8968 8973 8974
f 8968 8974 8975
f 8968 8975 8976
f 8968 8976 8977
f 8968 8977 8978
f 8968 8978 8979
f 8979 8978 8980
f 8979 8980 8981
f 8979 8981 8982
f 8979 8982 8983
f 8979 8983 8969
f 8979 8969 4097
f 8979 4097 4098
f 8965 8984 8966
f 8966 8984 8985
f 8966 8985 8986
f 8986 8985 8987
f 8986 8987 8988
f 8988 8987 8978
f 8988 8978 8977
f 8969 4052 4097
f 4097 4052 8989
f 4097 8989 8990
f 8991 8977 8992
f 8991 8988 8977
f 8993 8974 8973
f 8993 8994 8974
f 8994 8975 8974
f 8995 8976 8975
f 8995 8975 8994
f 8992 8977 8976
f 8992 8976 8995
f 8993 8970 8996
f 8993 8973 8970
f 8991 8986 8988
f 8991 8997 8986
f 8997 8966 8986
f 8998 8967 8966
f 8998 8966 8997
f 8996 8970 8967
f 8996 8967 8998
f 8999 8991 8992
f 8999 8992 8995
f 8999 8995 8994
f 8999 8994 8993
f 8999 8993 8996
f 8999 8996 8998
f 8999 8998 8997
f 8999 8997 8991
f 9000 8965 9001
f 9000 8984 8965
f 9002 8982 8981
f 9002 9003 8982
f 9003 8983 8982
f 9004 8969 8983
f 9004 8983 9003
f 9001 8965 8969
f 9001 8969 9004
f 9002 8980 9005
f 9002 8981 8980
f 9000 8985 8984
f 9000 9006 8985
f 9006 8987 8985
f 9007 8978 8987
f 9007 8987 9006
f 9005 8980 8978
f 9005 8978 9007
f 9008 9000 9001
f 9008 9001 9004
f 9008 9004 9003
f 9008 9003 9002
f 9008 9002 9005
f 9008 9005 9007
f 9008 9007 9006
f 9008 9006 9000
f 8817 8816 8959
f 8959 8816 9009
f 8959 9009 8960
f 8963 9010 8962
f 8962 9010 8778
f 8962 8778 8761
f 9011 8961 9009
f 9009 8961 8960
f 9012 9013 9014
f 9014 9010 9015
f 9014 9015 9016
f 9014 9016 9017
f 8776 8778 9010
f 8776 9010 8208
f 8776 8208 8207
f 8776 8207 9018
f 9010 9014 9013
f 9010 9013 9019
f 9010 9019 9020
f 9010 9020 9021
f 9010 9021 8208
f 9010 8963 9015
f 9015 8963 8964
f 9022 8815 8256
f 9022 8256 9023
f 9022 9023 9024
f 8816 8815 9022
f 8816 9022 9025
f 8816 9025 9026
f 8816 9026 9027
f 8816 9027 9009
f 9027 9028 9029
f 9027 9029 9011
f 9027 9011 9009
f 8254 8256 9030
f 9030 8256 8815
f 9031 9024 8255
f 8255 9024 9023
f 8255 9023 8256
f 9032 9033 9027
f 9027 9033 9028
f 9034 9035 9029
f 9029 9035 9011
f 9027 9026 9032
f 9032 9026 9036
f 9032 9036 4025
f 4025 9036 4026
f 8968 9029 4103
f 4103 9029 9028
f 4103 9028 4027
f 4027 9028 9033
f 9033 9032 4027
f 4027 9032 4025
f 8815 8814 9030
f 9030 8814 9037
f 9038 9011 9035
f 9011 9038 8961
f 8961 9038 9015
f 8961 9015 8964
f 9034 9016 9039
f 9016 9034 8979
f 8979 9034 9029
f 8979 9029 8968
f 9020 9040 9021
f 9021 9040 8206
f 9021 8206 8208
f 9041 9042 9017
f 9017 9042 9014
f 9038 9039 9015
f 9015 9039 9016
f 9012 9014 9043
f 9043 9014 9042
f 9043 9042 4038
f 4038 9042 4039
f 9016 8979 9017
f 9017 8979 4098
f 9017 4098 9041
f 9041 4098 4040
f 9042 9041 4039
f 4039 9041 4040
f 9018 9044 8776
f 8776 9044 8777
f 9039 9038 9034
f 9034 9038 9035
f 8885 8748 8747
f 8748 8885 9045
f 9045 8885 8890
f 9045 8890 9046
f 9046 8890 8769
f 9046 8769 8737
f 8890 8885 8888
f 8888 8885 8884
f 8887 8889 8886
f 8886 8889 8883
f 8889 8888 8883
f 8883 8888 8884
f 8801 8800 8898
f 8898 8800 9047
f 8898 9047 8894
f 8894 9047 9048
f 8894 9048 8840
f 8840 9048 8826
f 8894 8893 8898
f 8898 8893 8896
f 8891 8895 8892
f 8892 8895 8897
f 8893 8892 8896
f 8896 8892 8897
f 9046 8737 5169
f 5169 8737 8736
f 5169 8736 5219
f 5219 8736 8866
f 8866 8870 5219
f 5219 8870 4155
f 5460 4155 8870
f 5460 8870 8768
f 5460 8768 8748
f 5460 8748 9045
f 9045 9046 5460
f 5460 9046 5169
f 1086 8875 1325
f 1325 8875 8822
f 1325 8822 9048
f 9048 8822 8826
f 8875 1086 8876
f 8876 1086 1091
f 8876 1091 8841
f 8841 1091 1290
f 8841 1290 8800
f 8800 1290 9047
f 9047 1290 9048
f 9048 1290 1325
f 9049 9050 9051
f 9052 9053 9054
f 9055 9056 9051
f 9055 9051 9050
f 9055 9050 4090
f 9055 4090 9054
f 9055 9054 9053
f 4090 9050 9057
f 9057 9050 9058
f 9059 9049 9060
f 9060 9049 9051
f 4105 4106 8203
f 8203 4106 9061
f 8203 9061 8204
f 8205 9062 9063
f 9044 9018 8207
f 9044 8207 8205
f 9044 8205 9063
f 9044 9063 9064
f 9044 9064 9065
f 9044 9065 9066
f 9044 9066 9067
f 9068 9065 9069
f 9069 9065 9053
f 9065 9064 9053
f 9053 9064 9055
f 9066 9065 9070
f 9070 9065 9071
f 9072 9073 8205
f 9072 8205 8204
f 9072 8204 9061
f 9072 9061 9074
f 8205 9073 9062
f 9062 9073 9075
f 9076 9077 9057
f 9076 9057 9058
f 9076 9058 9059
f 9076 9059 9078
f 9059 9060 9078
f 9078 9060 9079
f 9063 9062 9080
f 9080 9062 9075
f 9080 9075 9056
f 9056 9075 9079
f 9056 9079 9051
f 9051 9079 9060
f 4090 9057 9081
f 9081 9057 9077
f 9081 9077 9082
f 9082 9077 9074
f 9082 9074 4106
f 4106 9074 9061
f 9080 9056 9064
f 9064 9056 9055
f 9063 9080 9064
f 4090 4030 9054
f 9054 4030 8597
f 9054 8597 8149
f 8149 8597 8598
f 9083 9052 8148
f 8148 9052 9054
f 8148 9054 8149
f 8201 8200 4043
f 4043 8200 4033
f 8203 8202 4105
f 4105 8202 4042
f 9059 9058 9049
f 9049 9058 9050
f 9084 9085 8775
f 8775 9085 9083
f 9084 8775 9068
f 9068 8775 8774
f 9068 8774 9065
f 9065 8774 9071
f 9071 8774 8760
f 9071 8760 9070
f 9070 8760 8759
f 9070 8759 9066
f 9066 8759 8773
f 9066 8773 9067
f 9067 8773 8772
f 9044 9067 8777
f 8777 9067 8772
f 9053 9052 9069
f 9069 9052 9083
f 9069 9083 9085
f 8166 8165 8775
f 8166 8775 9083
f 8166 9083 8148
f 8166 8148 8147
f 9040 9086 8206
f 8206 9086 9087
f 8206 9087 4014
f 4014 9087 9043
f 4014 9043 4038
f 4090 9081 4091
f 4041 9082 4106
f 9068 9069 9084
f 9084 9069 9085
f 9088 9089 9090
f 9088 9090 9091
f 9088 9091 9092
f 9088 9092 9093
f 9094 9095 4023
f 4023 9095 9092
f 4023 9092 9091
f 9096 9097 4023
f 4023 9097 9094
f 9098 9099 9095
f 9095 9099 9092
f 9100 4065 8252
f 8252 4065 4064
f 8252 4064 8249
f 9101 9102 8253
f 9037 9103 9104
f 9037 9104 9105
f 9037 9105 9106
f 9037 9106 9101
f 9037 9101 8253
f 9037 8253 8254
f 9037 8254 9030
f 9107 9108 9105
f 9105 9108 9089
f 9105 9089 9106
f 9106 9089 9088
f 9104 9109 9105
f 9105 9109 9110
f 9111 9106 9093
f 9093 9106 9088
f 9106 9111 9101
f 8250 8249 4063
f 4063 8249 4064
f 8248 8251 4057
f 4057 8251 4082
f 9112 9096 4023
f 9096 9112 9113
f 9113 9112 9114
f 9113 9114 9115
f 9115 9114 4065
f 9115 4065 9100
f 9111 9102 9101
f 9102 9111 9116
f 9116 9111 9093
f 9116 9093 9117
f 9117 9093 9092
f 9117 9092 9099
f 8252 9115 9100
f 9118 9115 8252
f 9118 8252 8253
f 9118 8253 9119
f 9119 8253 9116
f 9116 8253 9102
f 9120 9121 9098
f 9098 9121 9117
f 9098 9117 9099
f 9096 9113 9097
f 9097 9113 9120
f 9097 9120 9098
f 9091 9090 9122
f 9091 9122 4112
f 9091 4112 4111
f 9091 4111 8592
f 9091 8592 8591
f 9091 8591 4066
f 9091 4066 4023
f 9097 9098 9094
f 9094 9098 9095
f 8843 9122 9123
f 9123 9122 9124
f 8844 8843 9105
f 9105 8843 9123
f 9105 9123 9107
f 8844 9105 8834
f 8834 9105 9110
f 8834 9110 8820
f 8820 9110 9109
f 8820 9109 8821
f 8821 9109 9104
f 8821 9104 8813
f 8813 9104 9103
f 8814 8813 9037
f 9037 8813 9103
f 9108 9124 9089
f 9089 9124 9122
f 9089 9122 9090
f 4128 4113 4112
f 4128 4112 9122
f 4128 9122 8843
f 4128 8843 4129
f 9125 4026 9126
f 4026 9036 9126
f 9031 8255 9125
f 9125 8255 4053
f 9125 4053 4026
f 4022 9112 4023
f 4065 9114 4062
f 9123 9124 9107
f 9107 9124 9108
f 4102 4101 8150
f 8150 4101 5459
f 8163 5430 8151
f 8151 5430 5439
f 8147 5425 8166
f 8166 5425 4150
f 4087 4110 1291
f 1291 4110 1292
f 4126 4124 1265
f 1265 4124 19
f 4113 4128 1269
f 1269 4128 1268
f 9076 9078 9127
f 9076 9127 9128
f 9076 9128 9129
f 9076 9129 9130
f 9076 9130 9131
f 9076 9131 9072
f 9072 9131 9132
f 9072 9132 9133
f 9072 9133 9134
f 9072 9134 9073
f 9132 9129 9133
f 9133 9129 9128
f 9127 9078 9134
f 9134 9078 9073
f 9135 9128 9136
f 9136 9128 9127
f 9137 9136 9134
f 9134 9136 9127
f 9138 9137 9133
f 9133 9137 9134
f 9135 9138 9128
f 9128 9138 9133
f 9139 9130 9140
f 9140 9130 9129
f 9141 9140 9132
f 9132 9140 9129
f 9142 9141 9131
f 9131 9141 9132
f 9139 9142 9130
f 9130 9142 9131
f 9138 9135 9137
f 9137 9135 9136
f 9142 9139 9141
f 9141 9139 9140
f 9073 9078 9075
f 9075 9078 9079
f 9076 9072 9077
f 9077 9072 9074
f 9120 9118 9143
f 9120 9143 9144
f 9120 9144 9145
f 9120 9145 9146
f 9120 9146 9147
f 9120 9147 9121
f 9118 9119 9148
f 9118 9148 9149
f 9118 9149 9150
f 9118 9150 9143
f 9150 9149 9145
f 9145 9149 9146
f 9147 9148 9121
f 9121 9148 9119
f 9151 9152 9146
f 9146 9152 9147
f 9153 9148 9152
f 9152 9148 9147
f 9153 9154 9148
f 9148 9154 9149
f 9151 9146 9154
f 9154 9146 9149
f 9155 9156 9144
f 9144 9156 9145
f 9157 9150 9156
f 9156 9150 9145
f 9157 9158 9150
f 9150 9158 9143
f 9155 9144 9158
f 9158 9144 9143
f 9154 9153 9151
f 9151 9153 9152
f 9158 9157 9155
f 9155 9157 9156
f 9119 9116 9121
f 9121 9116 9117
f 9120 9113 9118
f 9118 9113 9115
f 9081 9082 4091
f 4091 9082 4041
f 9112 4022 9114
f 9114 4022 4062
f 9159 9020 9019
f 9020 9159 9040
f 9040 9159 9160
f 9040 9160 9086
f 9161 9043 9087
f 9043 9161 9012
f 9012 9161 9162
f 9012 9162 9013
f 9163 9019 9164
f 9164 9019 9013
f 9086 9165 9087
f 9087 9165 9166
f 9167 9161 9168
f 9168 9161 9087
f 9168 9087 9166
f 9169 9165 9170
f 9170 9165 9086
f 9170 9086 9160
f 9170 9160 9171
f 9171 9160 9159
f 9171 9159 9172
f 9172 9159 9019
f 9172 9019 9163
f 9173 9164 9174
f 9174 9164 9013
f 9174 9013 9162
f 9162 9161 9174
f 9174 9161 9167
f 9168 9169 9167
f 9167 9169 9170
f 9167 9170 9174
f 9174 9170 9171
f 9174 9171 9173
f 9173 9171 9172
f 9169 9168 9165
f 9165 9168 9166
f 9173 9172 9164
f 9164 9172 9163
f 9175 9026 9025
f 9026 9175 9036
f 9036 9175 9176
f 9036 9176 9126
f 9177 9031 9125
f 9031 9177 9024
f 9024 9177 9178
f 9024 9178 9022
f 9126 9179 9125
f 9125 9179 9180
f 9181 9025 9182
f 9182 9025 9022
f 9179 9126 9183
f 9183 9126 9176
f 9183 9176 9184
f 9177 9125 9185
f 9185 9125 9180
f 9185 9180 9186
f 9185 9187 9177
f 9177 9187 9178
f 9182 9022 9188
f 9188 9022 9178
f 9188 9178 9187
f 9175 9025 9189
f 9189 9025 9181
f 9189 9181 9190
f 9175 9189 9176
f 9176 9189 9184
f 9186 9183 9185
f 9185 9183 9184
f 9185 9184 9187
f 9187 9184 9189
f 9187 9189 9188
f 9188 9189 9190
f 9183 9186 9179
f 9179 9186 9180
f 9188 9190 9182
f 9182 9190 9181
f 9191 9192 9193
f 9193 9192 9194
f 9195 9196 9197
f 9197 9196 9198
f 9199 9200 9201
f 9201 9200 9202
f 9203 9204 9205
f 9205 9204 9206
f 9198 9196 9206
f 9206 9196 9205
f 9207 9208 9209
f 9207 9209 9210
f 9207 9210 9211
f 9207 9211 9212
f 9207 9212 9205
f 9207 9205 9201
f 9192 9191 9199
f 9192 9199 9201
f 9192 9201 9205
f 9192 9205 9196
f 9192 9196 9213
f 9192 9213 9214
f 9214 9213 9215
f 9214 9215 9216
f 9214 9216 9217
f 9214 9217 9218
f 9205 9212 9219
f 9205 9219 9220
f 9205 9220 9221
f 9205 9221 9222
f 9205 9222 9203
f 9196 9195 9223
f 9196 9223 9224
f 9196 9224 9225
f 9196 9225 9226
f 9196 9226 9213
f 9209 9208 9222
f 9222 9208 9227
f 9222 9227 9203
f 9203 9227 9228
f 9195 9229 9223
f 9223 9229 9230
f 9223 9230 9217
f 9217 9230 9218
f 9231 9232 9233
f 9231 9233 9234
f 9231 9234 9235
f 9231 9235 9236
f 9206 9204 9237
f 9206 9237 9238
f 9206 9238 9239
f 9206 9239 9240
f 9206 9240 9241
f 9206 9241 9242
f 9206 9242 9243
f 9206 9243 9198
f 9244 9202 9242
f 9244 9242 9241
f 9244 9241 9245
f 9244 9245 9246
f 9244 9246 9247
f 9244 9247 9248
f 9198 9236 9249
f 9198 9249 9250
f 9198 9250 9251
f 9198 9251 9252
f 9198 9252 9197
f 9194 9253 9193
f 9193 9253 9254
f 9193 9254 9200
f 9200 9254 9242
f 9200 9242 9202
f 9247 9237 9248
f 9248 9237 9255
f 9237 9204 9255
f 9255 9204 9256
f 9253 9194 9243
f 9243 9194 9198
f 9194 9231 9198
f 9198 9231 9236
f 9197 9252 9257
f 9257 9252 9258
f 9252 9233 9258
f 9258 9233 9232
f 9199 9191 9200
f 9200 9191 9193
f 9242 9259 9243
f 9243 9259 9260
f 9253 9261 9254
f 9254 9261 9262
f 9242 9254 9259
f 9259 9254 9262
f 9259 9262 4073
f 4073 9262 4074
f 9222 9247 9209
f 9209 9247 9246
f 9209 9246 9210
f 9247 9222 9237
f 9237 9222 9221
f 9237 9221 9238
f 9238 9221 9220
f 9238 9220 9239
f 9212 9240 9219
f 9219 9240 9239
f 9219 9239 9220
f 9240 9212 9241
f 9241 9212 9211
f 9241 9211 9245
f 9245 9211 9210
f 9245 9210 9246
f 9201 9202 9207
f 9207 9202 9244
f 9207 9244 9208
f 9208 9244 9248
f 9208 9248 9227
f 9227 9248 9255
f 9227 9255 9228
f 9228 9255 9256
f 9228 9256 9203
f 9203 9256 9204
f 9253 9243 9261
f 9261 9243 9260
f 9261 9260 4095
f 4095 9260 4107
f 9252 9217 9233
f 9233 9217 9216
f 9233 9216 9234
f 9217 9252 9223
f 9223 9252 9251
f 9223 9251 9224
f 9224 9251 9250
f 9224 9250 9225
f 9236 9226 9249
f 9249 9226 9225
f 9249 9225 9250
f 9226 9236 9213
f 9213 9236 9235
f 9213 9235 9215
f 9215 9235 9234
f 9215 9234 9216
f 9192 9214 9194
f 9194 9214 9231
f 9231 9214 9232
f 9232 9214 9218
f 9232 9218 9258
f 9258 9218 9230
f 9258 9230 9257
f 9257 9230 9229
f 9257 9229 9197
f 9197 9229 9195
f 4107 9260 4073
f 4073 9260 9259
f 4074 9262 4095
f 4095 9262 9261
f 9263 9264 9265
f 9265 9264 9266
f 9265 9266 9267
f 9267 9266 9268
f 9267 9268 9269
f 9269 9268 9270
f 9269 9270 9271
f 9271 9270 9272
f 9271 9272 9273
f 9273 9272 9274
f 9273 9274 9275
f 9275 9274 9276
f 9270 9268 9277
f 9270 9277 9278
f 9270 9278 9279
f 9270 9279 9280
f 9270 9280 9281
f 9270 9281 9272
f 9272 9281 9274
f 9274 9281 9282
f 9274 9282 9276
f 9276 9282 9283
f 9277 9268 9284
f 9284 9268 9266
f 9284 9266 9285
f 9285 9266 9264
f 9278 9277 9286
f 9286 9277 9284
f 9286 9284 9287
f 9287 9284 9285
f 9279 9278 9288
f 9288 9278 9286
f 9288 9286 9289
f 9289 9286 9287
f 9280 9279 9290
f 9290 9279 9288
f 9290 9288 9291
f 9291 9288 9289
f 9281 9280 9282
f 9282 9280 9290
f 9282 9290 9283
f 9283 9290 9291
f 9269 9271 9292
f 9269 9292 9293
f 9269 9293 9294
f 9269 9294 9295
f 9269 9295 9296
f 9269 9296 9267
f 9267 9296 9265
f 9265 9296 9297
f 9265 9297 9263
f 9263 9297 9298
f 9292 9271 9299
f 9299 9271 9273
f 9299 9273 9300
f 9300 9273 9275
f 9293 9292 9301
f 9301 9292 9299
f 9301 9299 9302
f 9302 9299 9300
f 9294 9293 9303
f 9303 9293 9301
f 9303 9301 9304
f 9304 9301 9302
f 9295 9294 9305
f 9305 9294 9303
f 9305 9303 9306
f 9306 9303 9304
f 9296 9295 9297
f 9297 9295 9305
f 9297 9305 9298
f 9298 9305 9306
f 9307 9308 9309
f 9309 9308 9310
f 9309 9310 9311
f 9311 9310 9312
f 9311 9312 9313
f 9313 9312 9314
f 9313 9314 9315
f 9315 9314 9316
f 9315 9316 9317
f 9317 9316 9318
f 9317 9318 9319
f 9319 9318 9320
f 9275 9276 9321
f 9275 9321 9322
f 9275 9322 9323
f 9275 9323 9308
f 9275 9308 9300
f 9324 9325 9276
f 9324 9276 9283
f 9324 9283 9326
f 9327 9328 9329
f 9327 9329 9330
f 9327 9330 9331
f 9264 9332 9333
f 9264 9333 9334
f 9264 9334 9335
f 9264 9335 9326
f 9276 9325 9336
f 9276 9336 9337
f 9276 9337 9321
f 9338 9322 9321
f 9338 9321 9339
f 9338 9339 9340
f 9338 9340 9341
f 9338 9341 9342
f 9338 9342 9343
f 9327 9344 9345
f 9327 9345 9346
f 9327 9346 9319
f 9327 9319 9320
f 9327 9320 9347
f 9343 9327 9347
f 9343 9347 9348
f 9343 9348 9338
f 9326 9283 9291
f 9326 9291 9289
f 9326 9289 9287
f 9326 9287 9285
f 9326 9285 9264
f 9332 9264 9331
f 9331 9264 9263
f 9331 9263 9327
f 9327 9263 9344
f 9300 9308 9302
f 9302 9308 9307
f 9302 9307 9304
f 9304 9307 9306
f 9306 9307 9349
f 9306 9349 9298
f 9298 9349 9350
f 9298 9350 9263
f 9263 9350 9344
f 9313 9315 9351
f 9313 9351 9352
f 9313 9352 9353
f 9313 9353 9354
f 9313 9354 9355
f 9313 9355 9311
f 9311 9355 9309
f 9309 9355 9356
f 9309 9356 9307
f 9307 9356 9349
f 9351 9315 9357
f 9357 9315 9317
f 9357 9317 9346
f 9346 9317 9319
f 9352 9351 9358
f 9358 9351 9357
f 9358 9357 9345
f 9345 9357 9346
f 9353 9352 9359
f 9359 9352 9358
f 9359 9358 9344
f 9344 9358 9345
f 9354 9353 9360
f 9360 9353 9359
f 9360 9359 9350
f 9350 9359 9344
f 9355 9354 9356
f 9356 9354 9360
f 9356 9360 9349
f 9349 9360 9350
f 9314 9312 9361
f 9314 9361 9362
f 9314 9362 9363
f 9314 9363 9364
f 9314 9364 9365
f 9314 9365 9316
f 9316 9365 9318
f 9318 9365 9366
f 9318 9366 9320
f 9320 9366 9347
f 9361 9312 9367
f 9367 9312 9310
f 9367 9310 9323
f 9323 9310 9308
f 9362 9361 9368
f 9368 9361 9367
f 9368 9367 9322
f 9322 9367 9323
f 9363 9362 9369
f 9369 9362 9368
f 9369 9368 9338
f 9338 9368 9322
f 9364 9363 9370
f 9370 9363 9369
f 9370 9369 9348
f 9348 9369 9338
f 9365 9364 9366
f 9366 9364 9370
f 9366 9370 9347
f 9347 9370 9348
f 4050 4018 9371
f 4050 9371 9372
f 4050 9372 9373
f 4050 9373 9374
f 4050 9374 9375
f 4050 9375 9376
f 4051 9377 9378
f 4051 9378 9379
f 4051 9379 9380
f 4051 9380 4080
f 9381 4080 9382
f 9382 4080 9380
f 9380 9373 9382
f 9382 9373 9372
f 9381 9371 4080
f 4080 9371 4018
f 9372 9371 9382
f 9382 9371 9381
f 9378 9375 9379
f 9379 9375 9374
f 9376 9377 4050
f 4050 9377 4051
f 9378 9377 9375
f 9375 9377 9376
f 9379 9383 9384
f 9379 9384 9385
f 9379 9385 9386
f 9379 9386 9387
f 9379 9387 9388
f 9379 9388 9380
f 9380 9388 9389
f 9389 9388 9390
f 9388 9391 9390
f 9390 9391 9392
f 9393 9394 9374
f 9393 9374 9373
f 9393 9373 9395
f 9393 9395 9396
f 9393 9396 9397
f 9393 9397 9398
f 9374 9394 9399
f 9374 9399 9400
f 9374 9400 9401
f 9374 9401 9402
f 9339 9321 9395
f 9339 9395 9373
f 9339 9373 9380
f 9339 9380 9389
f 9332 9331 9383
f 9332 9383 9379
f 9332 9379 9374
f 9332 9374 9402
f 9395 9321 9396
f 9396 9321 9337
f 9396 9337 9397
f 9397 9337 9336
f 9397 9336 9398
f 9398 9336 9325
f 9398 9325 9393
f 9393 9325 9324
f 9326 9394 9324
f 9324 9394 9393
f 9394 9326 9399
f 9399 9326 9335
f 9399 9335 9400
f 9400 9335 9334
f 9400 9334 9401
f 9401 9334 9333
f 9401 9333 9402
f 9402 9333 9332
f 9383 9331 9384
f 9384 9331 9330
f 9384 9330 9385
f 9385 9330 9329
f 9385 9329 9386
f 9386 9329 9328
f 9386 9328 9387
f 9387 9328 9327
f 9343 9388 9327
f 9327 9388 9387
f 9388 9343 9391
f 9391 9343 9342
f 9391 9342 9392
f 9392 9342 9341
f 9392 9341 9390
f 9390 9341 9340
f 9390 9340 9389
f 9389 9340 9339
f 9403 9404 9405
f 9406 9405 9404
f 9407 9408 9409
f 9407 9409 9410
f 9407 9410 9411
f 9407 9411 9412
f 9408 9413 9414
f 9408 9414 9415
f 9408 9415 9416
f 9408 9416 9403
f 9408 9403 9405
f 9408 9405 9417
f 9408 9417 9409
f 9413 9418 9419
f 9413 9419 9405
f 9413 9405 9406
f 9413 9406 9420
f 9413 9420 9421
f 9413 9421 9414
f 9412 9411 9422
f 9412 9422 9418
f 9412 9418 9413
f 9423 9416 9424
f 9424 9416 9415
f 9424 9415 9425
f 9425 9415 9414
f 9425 9414 9426
f 9426 9414 9421
f 9426 9421 9427
f 9427 9421 9420
f 9427 9420 9428
f 9428 9420 9406
f 9428 9406 9429
f 9429 9406 9404
f 9429 9404 9430
f 9430 9404 9403
f 9430 9403 9423
f 9423 9403 9416
f 9431 9409 9432
f 9432 9409 9417
f 9432 9417 9433
f 9433 9417 9405
f 9433 9405 9434
f 9434 9405 9419
f 9434 9419 9435
f 9435 9419 9418
f 9435 9418 9436
f 9436 9418 9422
f 9436 9422 9437
f 9437 9422 9411
f 9437 9411 9438
f 9438 9411 9410
f 9438 9410 9431
f 9431 9410 9409
f 9429 9430 9428
f 9425 9426 9424
f 9424 9426 9427
f 9424 9427 9423
f 9423 9427 9428
f 9423 9428 9430
f 9437 9438 9436
f 9433 9434 9432
f 9432 9434 9435
f 9432 9435 9431
f 9431 9435 9436
f 9431 9436 9438
f 9439 9440 9441
f 9442 9441 9440
f 9443 9444 9445
f 9443 9445 9446
f 9443 9446 9447
f 9443 9447 9448
f 9444 9449 9450
f 9444 9450 9451
f 9444 9451 9452
f 9444 9452 9439
f 9444 9439 9441
f 9444 9441 9453
f 9444 9453 9445
f 9449 9454 9455
f 9449 9455 9441
f 9449 9441 9442
f 9449 9442 9456
f 9449 9456 9457
f 9449 9457 9450
f 9448 9447 9458
f 9448 9458 9454
f 9448 9454 9449
f 9456 9459 9457
f 9457 9459 9460
f 9457 9460 9450
f 9450 9460 9461
f 9450 9461 9451
f 9451 9461 9462
f 9451 9462 9452
f 9452 9462 9463
f 9452 9463 9439
f 9439 9463 9464
f 9439 9464 9440
f 9440 9464 9465
f 9440 9465 9442
f 9442 9465 9466
f 9442 9466 9456
f 9456 9466 9459
f 9454 9467 9455
f 9455 9467 9468
f 9455 9468 9441
f 9441 9468 9469
f 9441 9469 9453
f 9453 9469 9470
f 9453 9470 9445
f 9445 9470 9471
f 9445 9471 9446
f 9446 9471 9472
f 9446 9472 9447
f 9447 9472 9473
f 9447 9473 9458
f 9458 9473 9474
f 9458 9474 9454
f 9454 9474 9467
f 9465 9464 9466
f 9461 9460 9462
f 9462 9460 9459
f 9462 9459 9463
f 9463 9459 9466
f 9463 9466 9464
f 9473 9472 9474
f 9469 9468 9470
f 9470 9468 9467
f 9470 9467 9471
f 9471 9467 9474
f 9471 9474 9472
f 9407 9412 4032
f 4032 9412 4077
f 9408 9407 4031
f 4031 9407 4032
f 9413 9408 4078
f 4078 9408 4031
f 9412 9413 4077
f 4077 9413 4078
f 9443 9448 4094
f 4094 9448 4068
f 9449 4024 9448
f 9448 4024 4068
f 9449 9444 4024
f 4024 9444 4093
f 9443 4094 9444
f 9444 4094 4093
f 8990 9475 4097
f 4097 9475 4096
f 9476 8989 4079
f 4079 8989 4052
f 8202 8201 4042
f 4042 8201 4043
f 9475 9476 4096
f 4096 9476 4079
f 9477 9478 4021
f 4021 9478 4019
f 9479 9477 4076
f 4076 9477 4021
f 9480 9479 4081
f 4081 9479 4076
f 9478 9480 4019
f 4019 9480 4081
f 8990 8989 9475
f 9475 8989 9476
f 9477 9479 9478
f 9478 9479 9480
f 8971 4104 9481
f 9481 4104 4092
f 9482 4048 8972
f 8972 4048 4047
f 8250 4063 8251
f 8251 4063 4082
f 9482 9481 4048
f 4048 9481 4092
f 9483 4067 9484
f 9484 4067 4017
f 9485 4049 9483
f 9483 4049 4067
f 9486 4016 9485
f 9485 4016 4049
f 9484 4017 9486
f 9486 4017 4016
f 8972 8971 9482
f 9482 8971 9481
f 9486 9485 9484
f 9484 9485 9483
f 9487 8467 8468
f 9487 8468 8539
f 9487 8539 8750
f 9487 8750 9488
f 9487 9488 9489
f 9490 9489 9491
f 9491 9489 9488
f 9491 9488 9492
f 8171 8174 9490
f 8171 9490 9491
f 8171 9491 9492
f 8171 9492 8749
f 9487 9489 6036
f 6036 9489 9490
f 6036 9490 5931
f 5931 9490 8174
f 9487 6036 8467
f 8467 6036 6040
f 9493 9494 9495
f 9493 9495 8805
f 9493 8805 8540
f 9493 8540 8471
f 9493 8471 8470
f 9496 9495 9497
f 9497 9495 9494
f 9497 9494 9498
f 4134 9496 4135
f 4134 8806 9496
f 9497 4135 9496
f 9497 9498 4135
f 9493 1919 9494
f 9494 1919 9498
f 1919 1929 9498
f 9498 1929 4135
f 9493 8470 1919
f 1919 8470 1908
f 8181 8576 5411
f 5411 8576 5410
f 8182 8577 8181
f 8181 8577 8576
f 8182 4158 8577
f 8577 4158 5412
f 9499 5443 8573
f 8573 5443 5442
f 9500 8569 6047
f 6047 8569 6123
f 8569 9500 8173
f 8569 8173 8167
f 8569 8167 9499
f 8569 9499 8573
f 8168 8167 8172
f 8172 8167 8173
f 8183 8574 5444
f 5444 8574 5441
f 8184 8575 8183
f 8183 8575 8574
f 8184 5407 8575
f 8575 5407 5406
f 5441 8574 5442
f 5442 8574 8573
f 5410 8576 5406
f 5406 8576 8575
f 8158 5391 8170
f 8170 5391 4156
f 8156 5160 8162
f 8162 5160 5159
f 8180 5369 8154
f 8154 5369 5387
f 8167 5392 9499
f 9499 5392 5443
f 9500 6047 8173
f 8173 6047 6046
f 8564 8176 1274
f 1274 8176 1273
f 8177 8176 8563
f 8563 8176 8564
f 8177 8563 1270
f 1270 8563 1271
f 9501 8567 40
f 40 8567 41
f 8559 9502 1995
f 1995 9502 1946
f 8559 8567 9501
f 8559 9501 4133
f 8559 4133 4136
f 8559 4136 9502
f 4132 4137 4133
f 4133 4137 4136
f 8178 1281 8566
f 8566 1281 1317
f 8179 8178 8565
f 8565 8178 8566
f 8565 1275 8179
f 8179 1275 1280
f 1317 41 8566
f 8566 41 8567
f 1274 1275 8564
f 8564 1275 8565
f 4116 4130 1314
f 1314 4130 1090
f 4122 4118 1310
f 1310 4118 22
f 8175 4123 1239
f 1239 4123 1240
f 4133 9501 1282
f 1282 9501 40
f 9502 4136 1946
f 1946 4136 1947
f 9503 9504 9505
f 9503 9505 9506
f 9503 9506 9507
f 9503 9507 9508
f 9503 9508 9509
f 9503 9509 9510
f 9504 9511 9512
f 9504 9512 9513
f 9504 9513 9514
f 9504 9514 9505
f 9514 9513 9507
f 9507 9513 9508
f 9509 9512 9510
f 9510 9512 9511
f 9515 9516 9508
f 9508 9516 9509
f 9517 9512 9516
f 9516 9512 9509
f 9517 9518 9512
f 9512 9518 9513
f 9515 9508 9518
f 9518 9508 9513
f 9519 9520 9506
f 9506 9520 9507
f 9521 9514 9520
f 9520 9514 9507
f 9521 9522 9514
f 9514 9522 9505
f 9519 9506 9522
f 9522 9506 9505
f 9518 9517 9515
f 9515 9517 9516
f 9522 9521 9519
f 9519 9521 9520
f 9503 9510 8475
f 8475 9510 8500
f 9511 8493 9510
f 9510 8493 8500
f 9511 9504 8493
f 8493 9504 8474
f 9503 8475 9504
f 9504 8475 8474
f 9523 9524 9525
f 9525 9524 9526
f 9525 9526 9527
f 9527 9526 9528
f 9527 9528 9529
f 9529 9528 9530
f 9524 9523 9531
f 9531 9523 9532
f 9533 9534 9535
f 9533 9535 9531
f 9533 9531 9532
f 9533 9532 9536
f 9535 9534 9526
f 9526 9534 9528
f 9528 9534 9537
f 9528 9537 9538
f 9526 9524 9535
f 9535 9524 9531
f 9539 9527 9540
f 9527 9539 9525
f 9525 9539 9533
f 9525 9533 9536
f 9536 9532 9525
f 9525 9532 9523
f 9530 9541 9529
f 9529 9541 9542
f 9539 9540 9542
f 9539 9542 9541
f 9539 9541 9538
f 9539 9538 9537
f 9540 9527 9542
f 9542 9527 9529
f 9528 9538 9530
f 9530 9538 9541
f 9543 9544 9545
f 9546 9547 9548
f 9546 9548 9549
f 9546 9549 9550
f 9546 9550 9551
f 9546 9551 9552
f 9545 9544 9553
f 9553 9544 9554
f 9544 9555 9554
f 9554 9555 9556
f 9544 9557 9555
f 9555 9557 9548
f 9555 9548 9547
f 9550 9558 9559
f 9559 9558 9560
f 9559 9560 9561
f 9561 9560 9543
f 9561 9543 9545
f 9551 9550 9562
f 9562 9550 9559
f 9563 9560 9564
f 9564 9560 9558
f 9564 9558 9565
f 9565 9558 9550
f 9565 9550 9566
f 9566 9550 9549
f 9566 9549 9567
f 9567 9549 9548
f 9567 9548 9568
f 9568 9548 9557
f 9568 9557 9569
f 9569 9557 9544
f 9569 9544 9570
f 9570 9544 9543
f 9570 9543 9563
f 9563 9543 9560
f 9571 9572 9573
f 9572 9571 9574
f 9574 9571 9575
f 9574 9575 9576
f 9576 9575 9577
f 9576 9577 9578
f 9578 9577 9579
f 9578 9579 9580
f 9580 9579 9581
f 9580 9581 9582
f 9547 9577 9555
f 9555 9577 9575
f 9555 9575 9556
f 9556 9575 9571
f 9556 9571 9554
f 9554 9571 9573
f 9554 9573 9553
f 9553 9573 9572
f 9553 9572 9545
f 9545 9572 9574
f 9545 9574 9561
f 9561 9574 9576
f 9561 9576 9559
f 9559 9576 9578
f 9559 9578 9562
f 9562 9578 9580
f 9562 9580 9551
f 9551 9580 9582
f 9551 9582 9552
f 9552 9582 9581
f 9552 9581 9546
f 9546 9581 9579
f 9546 9579 9547
f 9547 9579 9577
f 9583 9584 9585
f 9583 9585 9565
f 9583 9565 9566
f 9583 9566 9567
f 9583 9567 9586
f 9587 9588 9569
f 9569 9588 9589
f 9569 9589 9590
f 9590 9589 9591
f 9569 9590 9568
f 9568 9590 9586
f 9568 9586 9567
f 9587 9569 9592
f 9592 9569 9570
f 9592 9570 9563
f 9592 9563 9593
f 9593 9563 9564
f 9593 9564 9565
f 9585 9594 9565
f 9565 9594 9593
f 9595 9596 9597
f 9595 9597 9598
f 9595 9598 9599
f 9595 9599 9600
f 9595 9600 9601
f 9602 9603 9604
f 9604 9603 9605
f 9603 9606 9605
f 9605 9606 9607
f 9597 9596 9608
f 9608 9596 9606
f 9608 9606 9603
f 9609 9610 9611
f 9611 9610 9603
f 9611 9603 9602
f 9599 9612 9613
f 9613 9612 9609
f 9613 9609 9611
f 9600 9599 9614
f 9614 9599 9613
f 9615 9609 9616
f 9616 9609 9612
f 9616 9612 9617
f 9617 9612 9599
f 9617 9599 9618
f 9618 9599 9598
f 9618 9598 9619
f 9619 9598 9597
f 9619 9597 9620
f 9620 9597 9608
f 9620 9608 9621
f 9621 9608 9603
f 9621 9603 9622
f 9622 9603 9610
f 9622 9610 9615
f 9615 9610 9609
f 9611 9592 9613
f 9613 9592 9593
f 9613 9593 9614
f 9614 9593 9594
f 9614 9594 9600
f 9600 9594 9585
f 9600 9585 9601
f 9601 9585 9584
f 9601 9584 9595
f 9595 9584 9583
f 9595 9583 9596
f 9596 9583 9586
f 9596 9586 9606
f 9606 9586 9590
f 9606 9590 9607
f 9607 9590 9591
f 9607 9591 9605
f 9605 9591 9589
f 9605 9589 9604
f 9604 9589 9588
f 9604 9588 9602
f 9602 9588 9587
f 9602 9587 9611
f 9611 9587 9592
f 9623 9624 9615
f 9623 9615 9616
f 9623 9616 9617
f 9623 9617 9618
f 9623 9618 9625
f 9626 9627 9624
f 9624 9627 9615
f 9628 9629 9619
f 9619 9629 9630
f 9619 9630 9631
f 9631 9630 9632
f 9625 9618 9631
f 9631 9618 9619
f 9628 9619 9633
f 9633 9619 9620
f 9633 9620 9634
f 9634 9620 9621
f 9634 9621 9622
f 9634 9622 9635
f 9635 9622 9615
f 9635 9615 9636
f 9636 9615 9627
f 9633 9637 9628
f 9628 9637 9638
f 9628 9638 9629
f 9629 9638 9639
f 9629 9639 9630
f 9637 9633 9640
f 9640 9633 9634
f 9640 9634 9641
f 9641 9634 9635
f 9641 9635 9642
f 9642 9635 9636
f 9642 9636 9643
f 9643 9636 9627
f 9643 9627 9644
f 9623 9645 9624
f 9624 9645 9646
f 9624 9646 9626
f 9626 9646 9644
f 9626 9644 9627
f 9645 9623 9647
f 9647 9623 9625
f 9647 9625 9648
f 9648 9625 9631
f 9648 9631 9649
f 9649 9631 9632
f 9649 9632 9650
f 9650 9632 9630
f 9650 9630 9639
f 8473 9651 8505
f 8505 9651 9652
f 8505 9652 8506
f 8506 9652 9653
f 8506 9653 8507
f 8507 9653 9654
f 8507 9654 8487
f 8487 9654 9655
f 8487 9655 8488
f 8488 9655 9656
f 8488 9656 8489
f 8489 9656 9657
f 8489 9657 8490
f 8490 9657 9658
f 8490 9658 8491
f 8491 9658 9659
f 8491 9659 8534
f 8534 9659 9660
f 8534 9660 8535
f 8535 9660 9661
f 8535 9661 8536
f 8536 9661 9662
f 8536 9662 8530
f 8530 9662 9663
f 8530 9663 8531
f 8531 9663 9664
f 8531 9664 8532
f 8532 9664 9665
f 8532 9665 8533
f 8533 9665 9666
f 8533 9666 8473
f 8473 9666 9651
f 9662 9661 9640
f 9649 9657 9648
f 9657 9656 9648
f 9648 9656 9655
f 9648 9655 9647
f 9647 9655 9654
f 9647 9654 9653
f 9642 9665 9641
f 9641 9665 9664
f 9641 9664 9640
f 9640 9664 9663
f 9640 9663 9662
f 9657 9649 9658
f 9658 9649 9650
f 9658 9650 9659
f 9659 9650 9639
f 9659 9639 9660
f 9660 9639 9638
f 9660 9638 9661
f 9661 9638 9637
f 9661 9637 9640
f 9665 9642 9666
f 9666 9642 9643
f 9666 9643 9651
f 9651 9643 9644
f 9651 9644 9652
f 9652 9644 9646
f 9652 9646 9653
f 9653 9646 9645
f 9653 9645 9647
f 9667 9668 9669
f 9670 9667 9669
f 9670 9669 9671
f 9670 9671 9672
f 9673 9670 9674
f 9674 9670 9672
f 9674 9672 9675
f 9675 9672 9676
f 9675 9676 9677
f 9678 9679 9680
f 9680 9679 9681
f 9679 9682 9681
f 9681 9682 9683
f 9682 9679 9684
f 9684 9679 9668
f 9684 9668 9667
f 9685 9686 9687
f 9687 9686 9679
f 9687 9679 9678
f 9672 9688 9676
f 9676 9688 9685
f 9676 9685 9687
f 9689 9690 9691
f 9692 9689 9691
f 9692 9691 9693
f 9692 9693 9694
f 9695 9692 9696
f 9696 9692 9694
f 9696 9694 9697
f 9697 9694 9698
f 9697 9698 9699
f 9700 9701 9702
f 9702 9701 9703
f 9701 9704 9703
f 9703 9704 9705
f 9704 9701 9706
f 9706 9701 9690
f 9706 9690 9689
f 9707 9708 9709
f 9709 9708 9701
f 9709 9701 9700
f 9694 9710 9698
f 9698 9710 9707
f 9698 9707 9709
f 9711 9685 9712
f 9712 9685 9688
f 9712 9688 9713
f 9713 9688 9672
f 9713 9672 9714
f 9714 9672 9671
f 9714 9671 9715
f 9715 9671 9669
f 9715 9669 9716
f 9716 9669 9668
f 9716 9668 9717
f 9717 9668 9679
f 9717 9679 9718
f 9718 9679 9686
f 9718 9686 9711
f 9711 9686 9685
f 9719 9707 9720
f 9720 9707 9710
f 9720 9710 9721
f 9721 9710 9694
f 9721 9694 9722
f 9722 9694 9693
f 9722 9693 9723
f 9723 9693 9691
f 9723 9691 9724
f 9724 9691 9690
f 9724 9690 9725
f 9725 9690 9701
f 9725 9701 9726
f 9726 9701 9708
f 9726 9708 9719
f 9719 9708 9707
f 9727 9728 9729
f 9729 9728 9730
f 9729 9730 9731
f 9731 9730 9732
f 9731 9732 9733
f 9733 9732 9734
f 9733 9734 9735
f 9735 9734 9736
f 9735 9736 9737
f 9737 9736 9738
f 9737 9738 9739
f 9739 9738 9740
f 9687 9733 9676
f 9676 9733 9735
f 9676 9735 9677
f 9677 9735 9737
f 9677 9737 9675
f 9675 9737 9739
f 9675 9739 9674
f 9674 9739 9740
f 9674 9740 9673
f 9673 9740 9738
f 9673 9738 9670
f 9670 9738 9736
f 9670 9736 9667
f 9667 9736 9734
f 9667 9734 9684
f 9684 9734 9732
f 9684 9732 9682
f 9682 9732 9730
f 9682 9730 9683
f 9683 9730 9728
f 9683 9728 9681
f 9681 9728 9727
f 9681 9727 9680
f 9680 9727 9729
f 9680 9729 9678
f 9678 9729 9731
f 9678 9731 9687
f 9687 9731 9733
f 9741 9742 9743
f 9743 9742 9744
f 9743 9744 9745
f 9745 9744 9746
f 9745 9746 9747
f 9747 9746 9748
f 9747 9748 9749
f 9749 9748 9750
f 9749 9750 9751
f 9751 9750 9752
f 9751 9752 9753
f 9753 9752 9754
f 9709 9747 9698
f 9698 9747 9749
f 9698 9749 9699
f 9699 9749 9751
f 9699 9751 9697
f 9697 9751 9753
f 9697 9753 9696
f 9696 9753 9754
f 9696 9754 9695
f 9695 9754 9752
f 9695 9752 9692
f 9692 9752 9750
f 9692 9750 9689
f 9689 9750 9748
f 9689 9748 9706
f 9706 9748 9746
f 9706 9746 9704
f 9704 9746 9744
f 9704 9744 9705
f 9705 9744 9742
f 9705 9742 9703
f 9703 9742 9741
f 9703 9741 9702
f 9702 9741 9743
f 9702 9743 9700
f 9700 9743 9745
f 9700 9745 9709
f 9709 9745 9747
f 9723 9724 9755
f 9756 9757 9758
f 9759 9720 9721
f 9760 9757 9756
f 9760 9756 9721
f 9760 9721 9722
f 9760 9722 9723
f 9760 9723 9755
f 9725 9726 9761
f 9725 9761 9762
f 9725 9762 9763
f 9725 9763 9764
f 9725 9764 9765
f 9725 9765 9766
f 9725 9766 9767
f 9725 9767 9768
f 9725 9768 9755
f 9725 9755 9724
f 9756 9769 9770
f 9756 9770 9759
f 9756 9759 9721
f 9720 9759 9719
f 9719 9759 9761
f 9719 9761 9726
f 9715 9716 9771
f 9772 9773 9774
f 9775 9712 9713
f 9776 9773 9772
f 9776 9772 9713
f 9776 9713 9714
f 9776 9714 9715
f 9776 9715 9771
f 9717 9718 9777
f 9717 9777 9778
f 9717 9778 9779
f 9717 9779 9780
f 9717 9780 9781
f 9717 9781 9782
f 9717 9782 9783
f 9717 9783 9784
f 9717 9784 9771
f 9717 9771 9716
f 9772 9785 9786
f 9772 9786 9775
f 9772 9775 9713
f 9712 9775 9711
f 9711 9775 9777
f 9711 9777 9718
f 9787 9788 9789
f 9790 9791 9792
f 9793 9794 9795
f 9796 9787 9789
f 9796 9789 9797
f 9796 9797 9793
f 9796 9793 9792
f 9796 9792 9791
f 9798 9788 9787
f 9798 9787 9799
f 9798 9799 9800
f 9798 9800 9801
f 9798 9801 9802
f 9798 9802 9803
f 9798 9803 9804
f 9798 9804 9805
f 9798 9805 9806
f 9798 9806 9807
f 9792 9793 9795
f 9792 9795 9808
f 9792 9808 9809
f 9807 9806 9810
f 9810 9806 9795
f 9810 9795 9794
f 9811 9812 9813
f 9814 9815 9816
f 9817 9818 9819
f 9820 9811 9813
f 9820 9813 9821
f 9820 9821 9817
f 9820 9817 9816
f 9820 9816 9815
f 9822 9812 9811
f 9822 9811 9823
f 9822 9823 9824
f 9822 9824 9825
f 9822 9825 9826
f 9822 9826 9827
f 9822 9827 9828
f 9822 9828 9829
f 9822 9829 9830
f 9822 9830 9831
f 9816 9817 9819
f 9816 9819 9832
f 9816 9832 9833
f 9831 9830 9834
f 9834 9830 9819
f 9834 9819 9818
f 9835 9810 9836
f 9836 9810 9794
f 9836 9794 9837
f 9837 9794 9793
f 9837 9793 9838
f 9838 9793 9797
f 9838 9797 9839
f 9839 9797 9789
f 9839 9789 9840
f 9840 9789 9788
f 9840 9788 9841
f 9841 9788 9798
f 9841 9798 9842
f 9842 9798 9807
f 9842 9807 9835
f 9835 9807 9810
f 9843 9834 9844
f 9844 9834 9818
f 9844 9818 9845
f 9845 9818 9817
f 9845 9817 9846
f 9846 9817 9821
f 9846 9821 9847
f 9847 9821 9813
f 9847 9813 9848
f 9848 9813 9812
f 9848 9812 9849
f 9849 9812 9822
f 9849 9822 9850
f 9850 9822 9831
f 9850 9831 9843
f 9843 9831 9834
f 9806 9777 9795
f 9795 9777 9775
f 9795 9775 9808
f 9808 9775 9786
f 9808 9786 9809
f 9809 9786 9785
f 9809 9785 9792
f 9792 9785 9772
f 9792 9772 9790
f 9790 9772 9774
f 9790 9774 9791
f 9791 9774 9773
f 9791 9773 9796
f 9796 9773 9776
f 9796 9776 9787
f 9787 9776 9771
f 9787 9771 9799
f 9799 9771 9784
f 9799 9784 9800
f 9800 9784 9783
f 9800 9783 9801
f 9801 9783 9782
f 9801 9782 9802
f 9802 9782 9781
f 9802 9781 9803
f 9803 9781 9780
f 9803 9780 9804
f 9804 9780 9779
f 9804 9779 9805
f 9805 9779 9778
f 9805 9778 9806
f 9806 9778 9777
f 9830 9761 9819
f 9819 9761 9759
f 9819 9759 9832
f 9832 9759 9770
f 9832 9770 9833
f 9833 9770 9769
f 9833 9769 9816
f 9816 9769 9756
f 9816 9756 9814
f 9814 9756 9758
f 9814 9758 9815
f 9815 9758 9757
f 9815 9757 9820
f 9820 9757 9760
f 9820 9760 9811
f 9811 9760 9755
f 9811 9755 9823
f 9823 9755 9768
f 9823 9768 9824
f 9824 9768 9767
f 9824 9767 9825
f 9825 9767 9766
f 9825 9766 9826
f 9826 9766 9765
f 9826 9765 9827
f 9827 9765 9764
f 9827 9764 9828
f 9828 9764 9763
f 9828 9763 9829
f 9829 9763 9762
f 9829 9762 9830
f 9830 9762 9761
f 9846 9851 9845
f 9847 9848 9852
f 9847 9852 9853
f 9847 9853 9854
f 9847 9854 9855
f 9847 9855 9856
f 9847 9856 9857
f 9847 9857 9858
f 9847 9858 9859
f 9847 9859 9860
f 9847 9860 9861
f 9847 9861 9851
f 9847 9851 9846
f 9862 9863 9864
f 9862 9864 9865
f 9862 9865 9866
f 9862 9867 9868
f 9862 9868 9869
f 9862 9869 9870
f 9845 9851 9844
f 9844 9851 9863
f 9844 9863 9843
f 9843 9863 9862
f 9843 9862 9850
f 9850 9862 9870
f 9850 9870 9849
f 9849 9870 9852
f 9849 9852 9848
f 9838 9871 9837
f 9839 9840 9872
f 9839 9872 9873
f 9839 9873 9874
f 9839 9874 9875
f 9839 9875 9876
f 9839 9876 9877
f 9839 9877 9878
f 9839 9878 9879
f 9839 9879 9880
f 9839 9880 9881
f 9839 9881 9871
f 9839 9871 9838
f 9882 9883 9884
f 9882 9884 9885
f 9882 9885 9886
f 9882 9887 9888
f 9882 9888 9889
f 9882 9889 9890
f 9837 9871 9836
f 9836 9871 9883
f 9836 9883 9835
f 9835 9883 9882
f 9835 9882 9842
f 9842 9882 9890
f 9842 9890 9841
f 9841 9890 9872
f 9841 9872 9840
f 9872 9891 9873
f 9873 9891 9892
f 9873 9892 9874
f 9874 9892 9893
f 9874 9893 9875
f 9875 9893 9894
f 9875 9894 9876
f 9876 9894 9895
f 9876 9895 9877
f 9891 9872 9896
f 9896 9872 9890
f 9896 9890 9897
f 9897 9890 9889
f 9897 9889 9898
f 9898 9889 9888
f 9898 9888 9899
f 9899 9888 9887
f 9899 9887 9900
f 9900 9887 9882
f 9900 9882 9901
f 9871 9902 9883
f 9883 9902 9903
f 9883 9903 9884
f 9884 9903 9904
f 9884 9904 9885
f 9885 9904 9905
f 9885 9905 9886
f 9886 9905 9901
f 9886 9901 9882
f 9902 9871 9906
f 9906 9871 9881
f 9906 9881 9907
f 9907 9881 9880
f 9907 9880 9908
f 9908 9880 9879
f 9908 9879 9909
f 9909 9879 9878
f 9909 9878 9910
f 9910 9878 9877
f 9910 9877 9895
f 8509 9911 8510
f 8510 9911 9912
f 8510 9912 8511
f 8511 9912 9913
f 8511 9913 8512
f 8512 9913 9914
f 8512 9914 8513
f 8513 9914 9915
f 8513 9915 8514
f 8514 9915 9916
f 8514 9916 8515
f 8515 9916 9917
f 8515 9917 8477
f 8477 9917 9918
f 8477 9918 8478
f 8478 9918 9919
f 8478 9919 8479
f 8479 9919 9920
f 8479 9920 8480
f 8480 9920 9921
f 8480 9921 8481
f 8481 9921 9922
f 8481 9922 8482
f 8482 9922 9923
f 8482 9923 8483
f 8483 9923 9924
f 8483 9924 8525
f 8525 9924 9925
f 8525 9925 8520
f 8520 9925 9926
f 8520 9926 8521
f 8521 9926 9927
f 8521 9927 8522
f 8522 9927 9928
f 8522 9928 8523
f 8523 9928 9929
f 8523 9929 8524
f 8524 9929 9930
f 8524 9930 8509
f 8509 9930 9911
f 9852 9931 9853
f 9853 9931 9932
f 9853 9932 9854
f 9854 9932 9933
f 9854 9933 9855
f 9855 9933 9934
f 9855 9934 9856
f 9856 9934 9935
f 9856 9935 9857
f 9931 9852 9936
f 9936 9852 9870
f 9936 9870 9937
f 9937 9870 9869
f 9937 9869 9938
f 9938 9869 9868
f 9938 9868 9939
f 9939 9868 9867
f 9939 9867 9940
f 9940 9867 9862
f 9940 9862 9941
f 9851 9942 9863
f 9863 9942 9943
f 9863 9943 9864
f 9864 9943 9944
f 9864 9944 9865
f 9865 9944 9945
f 9865 9945 9866
f 9866 9945 9941
f 9866 9941 9862
f 9942 9851 9946
f 9946 9851 9861
f 9946 9861 9947
f 9947 9861 9860
f 9947 9860 9948
f 9948 9860 9859
f 9948 9859 9949
f 9949 9859 9858
f 9949 9858 9950
f 9950 9858 9857
f 9950 9857 9935
f 8476 9951 8516
f 8516 9951 9952
f 8516 9952 8517
f 8517 9952 9953
f 8517 9953 8518
f 8518 9953 9954
f 8518 9954 8519
f 8519 9954 9955
f 8519 9955 8486
f 8486 9955 9956
f 8486 9956 8494
f 8494 9956 9957
f 8494 9957 8495
f 8495 9957 9958
f 8495 9958 8496
f 8496 9958 9959
f 8496 9959 8497
f 8497 9959 9960
f 8497 9960 8498
f 8498 9960 9961
f 8498 9961 8499
f 8499 9961 9962
f 8499 9962 8501
f 8501 9962 9963
f 8501 9963 8502
f 8502 9963 9964
f 8502 9964 8503
f 8503 9964 9965
f 8503 9965 8504
f 8504 9965 9966
f 8504 9966 8528
f 8528 9966 9967
f 8528 9967 8529
f 8529 9967 9968
f 8529 9968 8526
f 8526 9968 9969
f 8526 9969 8527
f 8527 9969 9970
f 8527 9970 8476
f 8476 9970 9951
f 9924 9891 9896
f 9898 9899 9929
f 9925 9924 9926
f 9926 9924 9896
f 9926 9896 9927
f 9927 9896 9928
f 9891 9924 9892
f 9892 9924 9923
f 9892 9923 9893
f 9893 9923 9894
f 9894 9923 9922
f 9894 9922 9895
f 9895 9922 9921
f 9895 9921 9910
f 9910 9921 9920
f 9910 9920 9909
f 9909 9920 9919
f 9909 9919 9908
f 9908 9919 9918
f 9908 9918 9907
f 9907 9918 9906
f 9906 9918 9917
f 9906 9917 9916
f 9898 9929 9897
f 9897 9929 9928
f 9897 9928 9896
f 9929 9899 9930
f 9930 9899 9900
f 9930 9900 9911
f 9911 9900 9901
f 9911 9901 9912
f 9912 9901 9905
f 9912 9905 9913
f 9913 9905 9904
f 9913 9904 9914
f 9914 9904 9903
f 9914 9903 9902
f 9914 9902 9915
f 9915 9902 9906
f 9915 9906 9916
f 9964 9931 9936
f 9938 9939 9969
f 9965 9964 9966
f 9966 9964 9936
f 9966 9936 9967
f 9967 9936 9968
f 9931 9964 9932
f 9932 9964 9963
f 9932 9963 9933
f 9933 9963 9934
f 9934 9963 9962
f 9934 9962 9935
f 9935 9962 9961
f 9935 9961 9950
f 9950 9961 9960
f 9950 9960 9949
f 9949 9960 9959
f 9949 9959 9948
f 9948 9959 9958
f 9948 9958 9947
f 9947 9958 9946
f 9946 9958 9957
f 9946 9957 9956
f 9938 9969 9937
f 9937 9969 9968
f 9937 9968 9936
f 9969 9939 9970
f 9970 9939 9940
f 9970 9940 9951
f 9951 9940 9941
f 9951 9941 9952
f 9952 9941 9945
f 9952 9945 9953
f 9953 9945 9944
f 9953 9944 9954
f 9954 9944 9943
f 9954 9943 9942
f 9954 9942 9955
f 9955 9942 9946
f 9955 9946 9956
f 8461 8322 8441
f 8441 8322 8320
f 8318 8317 8444
f 8444 8317 8464
f 8464 8463 8444
f 8444 8463 8443
f 8463 8462 8443
f 8443 8462 8442
f 8442 8462 8435
f 8435 8462 8459
f 8435 8459 8437
f 8437 8459 8457
f 8437 8457 8439
f 8439 8457 8455
f 8439 8455 8445
f 8445 8455 8465
f 8445 8465 8446
f 8446 8465 8466
f 8446 8466 8440
f 8440 8466 8454
f 8440 8454 8429
f 8429 8454 8447
f 8429 8447 8430
f 8430 8447 8450
f 8428 8456 8438
f 8438 8456 8458
f 8438 8458 8436
f 8436 8458 8460
f 8436 8460 8434
f 8434 8460 8461
f 8434 8461 8441
f 8456 8428 8448
f 8448 8428 8427
f 8448 8427 8449
f 8449 8427 8433
f 8449 8433 8451
f 8451 8433 8432
f 8451 8432 8452
f 8452 8432 8431
f 8452 8431 8453
f 9539 9537 8328
f 9539 8328 8330
f 9539 8330 8635
f 9539 8635 8636
f 9539 8636 8339
f 9539 8339 9533
f 8339 8338 9533
f 9533 8338 9534
f 8338 8328 9534
f 9534 8328 9537
f 8750 8749 9488
f 9488 8749 9492
f 8805 9495 8806
f 8806 9495 9496

